{"519.lbm_r": [[1469.0, 2319.0, 1.1530695488686407]], "505.mcf_r": [[1493.0, 2334.0, 1.098817938144324]], "baseline": [[1599.0, 2507.0, 2.5714323570902016]]}
{"519.lbm_r": [[1463.0, 2322.0, 1.1609694286118537]], "505.mcf_r": [[1551.0, 2444.0, 2.784783160606346]], "baseline": [[1616.0, 2476.0, 2.573773275813082]]}
{"519.lbm_r": [[1540.0, 2439.0, 2.8521370923678675]], "505.mcf_r": [[1615.0, 2552.0, 2.4248569326520797]], "baseline": [[1580.0, 2462.0, 2.7007491205018144]]}
