{"519.lbm_r": [[1485.0, 2351.0, 1.0880966159004157]], "505.mcf_r": [[1539.0, 2488.0, 2.7682744275506748]], "baseline": [[1561.0, 2435.0, 2.8064538588331307]]}
{"519.lbm_r": [[1481.0, 2340.0, 1.1116420200655766]], "505.mcf_r": [[1601.0, 2529.0, 2.501466825576969]], "baseline": [[1612.0, 2510.0, 2.5254475787286843]]}
{"519.lbm_r": [[1585.0, 2494.0, 2.6254057943118836]], "505.mcf_r": [[1505.0, 2414.0, 2.985711735210568]], "baseline": [[1580.0, 2485.0, 2.666118654659952]]}
