{"519.lbm_r": [[1588.0, 2543.0, 2.5471669537071495]], "505.mcf_r": [[1543.0, 2485.0, 2.7626013268543756]], "baseline": [[1688.0, 2639.0, 2.1217627089049493]]}
{"519.lbm_r": [[1509.0, 2382.0, 1.010421412247531]], "505.mcf_r": [[1491.0, 2390.0, 1.0338863369456954]], "baseline": [[1599.0, 2462.0, 2.642386606215169]]}
{"519.lbm_r": [[1497.0, 2350.0, 1.068560395576805]], "505.mcf_r": [[1480.0, 2356.0, 1.0856272090332073]], "baseline": [[1625.0, 2542.0, 2.441835339471454]]}
