{"519.lbm_r": [[1579.0, 2475.0, 2.6622684387971]], "505.mcf_r": [[1572.0, 2497.0, 2.6464439543361413]], "baseline": [[1570.0, 2466.0, 2.7534350667954013]]}
{"519.lbm_r": [[1477.0, 2345.0, 1.1052181939156454]], "505.mcf_r": [[1524.0, 2431.0, 2.9058609293855806]], "baseline": [[1585.0, 2455.0, 2.7346535288989853]]}
{"519.lbm_r": [[1550.0, 2437.0, 2.8072670973834635]], "505.mcf_r": [[1528.0, 2415.0, 2.927213742549963]], "baseline": [[1588.0, 2434.0, 2.740012316069695]]}
