{"519.lbm_r": [[456.375, 1.1658495459750144], [2742.25, 0.6140534090909076]], "baseline": [[313.625, 1.3025420466937445], [2758.5, 0.5371305555555564]]}
{"519.lbm_r": [[432.25, 1.1713926589246442], [2728.5, 0.6695134004884025]], "baseline": [[296.875, 1.3156845575678966], [2757.0, 0.6933899350649343]]}
{"519.lbm_r": [[431.625, 1.1739665704260078], [2734.5, 0.4478358974358951]], "baseline": [[297.125, 1.3172802122055456], [2765.5, 0.7593285714285709]]}
{"519.lbm_r": [[458.25, 1.1607055871590801], [2731.5, 0.6498088189588206]], "baseline": [[335.375, 1.2628094998312582], [2745.5, 0.570675090187589]]}
{"519.lbm_r": [[451.375, 1.164087251950187], [2735.5, 0.6219727272727261]], "baseline": [[315.25, 1.276763820406986], [2749.5, 0.7572263888888866]]}
