{"519.lbm_r": [[409.5, 1.185227816589815], [2907.0, 0.8307805555555463]], "baseline": [[227.0, 1.4533588087634373], [2978.75, 1.2123880952380977]]}
{"519.lbm_r": [[361.5, 1.2216019910412688], [2971.0, 1.3607889194139218]], "baseline": [[309.625, 1.2731876389933694], [2978.75, 1.3574319805194819]]}
{"519.lbm_r": [[434.625, 1.1731309172366988], [2972.75, 1.2967476190476206]], "baseline": [[280.75, 1.3189506295309135], [2969.75, 1.0754059523809578]]}
{"519.lbm_r": [[396.0, 1.201025867260607], [2962.0, 1.2875619047619078]], "baseline": [[270.5, 1.3658040682248562], [2975.75, 1.2173712662337697]]}
{"519.lbm_r": [[374.125, 1.2072839516999603], [2953.0, 0.9726624999999984]], "baseline": [[275.0, 1.3886274402955248], [2947.0, 1.0199994047619003]]}
