{"519.lbm_r": [[202.875, 1.4704556242626654], [2712.75, 0.6854193910256414]], "baseline": [[133.5, 1.0885170543603642], [2754.5, 0.5165901515151532]]}
{"519.lbm_r": [[240.75, 1.3744324974048083], [2726.25, 0.7489011904761874]], "baseline": [[140.875, 0.7643508048343794], [2739.75, 0.5993304487179456]]}
{"519.lbm_r": [[212.875, 1.457383302239879], [2727.0, 0.5177416666666611]], "baseline": [[150.0, 0.9450285422381611], [2735.25, 0.6532634809634794]]}
{"519.lbm_r": [[226.0, 1.4141630718093987], [2743.25, 0.37403059163058927]], "baseline": [[114.875, 0.6238340336134454], [2729.75, 0.5440755952380893]]}
{"519.lbm_r": [[229.375, 1.3941338515092885], [2746.75, 0.5820146645021653]], "baseline": [[108.5, 0.4200503018108652], [2755.25, 0.5268989538239539]]}
