{"519.lbm_r": [[393.0, 1.196854212737644], [2815.5, 0.824618997669002]], "baseline": [[285.875, 1.3091538054631189], [2823.5, 0.7737830808080863]]}
{"519.lbm_r": [[392.125, 1.1970598272845807], [2827.5, 0.6442901515151547]], "baseline": [[338.875, 1.2589565106118028], [2828.0, 0.7641487373737437]]}
{"519.lbm_r": [[404.25, 1.233002660506988], [2813.75, 0.7210637987013042]], "baseline": [[291.125, 1.3134589722013], [2828.25, 0.8817920454545503]]}
{"519.lbm_r": [[359.0, 1.2571689223398455], [2824.0, 0.7743738636363666]], "baseline": [[307.25, 1.302871866236632], [2818.5, 0.8482045454545522]]}
{"519.lbm_r": [[392.125, 1.1934801380376585], [2829.0, 0.750603282828286]], "baseline": [[249.5, 0.9759532598713674], [2827.25, 0.7864795454545502]]}
