{"519.lbm_r": [[380.0, 1.207917009081795], [2959.5, 1.1910279761904778]], "baseline": [[251.0, 1.1551581041647305], [2966.25, 1.3176833333333395]]}
{"519.lbm_r": [[443.625, 1.1682030683297617], [2957.5, 1.1086309523809523]], "baseline": [[222.625, 1.0012089595788474], [2954.5, 1.041858928571427]]}
{"519.lbm_r": [[386.25, 1.2064253232074322], [2961.5, 1.1830232142857173]], "baseline": [[272.125, 1.326712911529076], [2965.5, 1.3047648809523849]]}
{"519.lbm_r": [[347.625, 1.239534928280011], [2988.25, 1.235984798534797]], "baseline": [[261.875, 0.973334544850615], [2985.5, 1.356921153846152]]}
{"519.lbm_r": [[384.625, 1.2210269039419646], [2976.5, 1.4666887362637366]], "baseline": [[284.75, 1.3178788186004533], [2985.25, 1.3821615384615369]]}
