{"519.lbm_r": [[449.75, 1.1642566465461381], [2820.0, 0.8215815559440617]], "baseline": [[358.875, 1.2288806925093803], [2817.75, 0.7783181818181886]]}
{"519.lbm_r": [[447.25, 1.1650806137646248], [2804.25, 0.785087133699641]], "baseline": [[334.375, 1.2551751219443805], [2819.75, 0.6221701631701699]]}
{"519.lbm_r": [[439.625, 1.1727075633746564], [2819.25, 0.8168598484848553]], "baseline": [[364.375, 1.2316035649226598], [2801.0, 0.6150977564102609]]}
{"519.lbm_r": [[424.125, 1.176037650302948], [2812.5, 0.6524463453213498]], "baseline": [[304.25, 1.1036852517270188], [2819.0, 0.6732396464646528]]}
{"519.lbm_r": [[437.625, 1.1703396882960957], [2822.0, 0.5701250000000052]], "baseline": [[291.125, 1.3717661417591704], [2837.0, 0.9415196969696923]]}
