{"519.lbm_r": [[270.75, 0.9430049746280864], [2775.75, 0.5084546717171794]], "baseline": [[302.75, 1.3003136007096283], [2823.5, 0.7461979797979814]]}
{"519.lbm_r": [[276.875, 1.3402578518836146], [2769.0, 0.6137299568965596]], "baseline": [[317.375, 1.1119353914152503], [2778.25, 0.5181016335960275]]}
