{"519.lbm_r": [[185.125, 1.3183610932702199], [2907.0, 0.7739931818181743]], "baseline": [[132.125, 0.7599071373766397], [2868.0, 0.7283279761904736]]}
{"519.lbm_r": [[215.5, 1.2380150919103947], [2758.75, 0.6427050505050509]], "baseline": [[137.25, 1.0645016561263303], [2770.75, 0.5563079059829068]]}
{"519.lbm_r": [[211.0, 1.4531990269196862], [2757.0, 0.6543424242424241]], "baseline": [[110.75, 0.3805727166471865], [2785.0, 0.5384944444444479]]}
{"519.lbm_r": [[217.375, 1.442501238947361], [2890.25, 0.7860988095238028]], "baseline": [[111.875, 0.8738453442434606], [2907.0, 1.0867087121212051]]}
{"519.lbm_r": [[174.5, 1.355830379607592], [2906.25, 0.8478549242424169]], "baseline": [[127.625, 1.107263745030341], [2820.5, 0.5010078463203517]]}
