{"519.lbm_r": [[249.375, 1.4319052473371805], [2827.75, 0.9091851010100974]], "baseline": [[297.0, 1.3117419031223072], [2792.25, 0.6146891339869318]]}
{"519.lbm_r": [[282.5, 1.316772932587113], [2827.25, 0.6761462121212073]], "baseline": [[316.25, 1.2797883402442627], [2798.25, 0.7607170329670397]]}
{"519.lbm_r": [[305.625, 1.274221007323427], [2832.75, 0.7310026515151491]], "baseline": [[255.125, 1.1497713127084142], [2832.5, 0.6271739898989868]]}
{"519.lbm_r": [[255.375, 1.1963991091145716], [2819.5, 0.6477678030303091]], "baseline": [[218.25, 0.9961112753514756], [2844.0, 0.6582013888888859]]}
{"519.lbm_r": [[373.375, 1.2109082604703691], [2826.75, 0.7379416666666666]], "baseline": [[320.125, 1.295322884541494], [2824.25, 0.8213200258075246]]}
