{"519.lbm_r": [[403.5, 1.1874033654244482], [2967.25, 1.1392027056277085]], "baseline": [[325.75, 1.25554113409674], [2942.0, 0.9561910714285669]]}
{"519.lbm_r": [[436.625, 1.1730137202886326], [2965.75, 1.137816071428576]], "baseline": [[317.25, 1.2657805412610406], [2935.75, 1.0210440476190437]]}
{"519.lbm_r": [[450.625, 1.166863404494993], [2976.25, 1.303161904761907]], "baseline": [[274.625, 1.1450186007169172], [2858.5, 0.8146593253968295]]}
{"519.lbm_r": [[428.625, 1.1755215538159256], [2964.25, 1.2776071428571467]], "baseline": [[351.25, 1.245305898490352], [2962.25, 1.1757750000000016]]}
{"519.lbm_r": [[441.25, 1.1705589641500007], [2968.25, 1.2961918040293032]], "baseline": [[295.875, 1.3266694226288984], [2981.0, 1.4030194597069592]]}
