{"519.lbm_r": [[405.125, 1.188729215731237], [2821.25, 0.6356988636363673]], "baseline": [[265.5, 1.3635888940945902], [2818.25, 0.5316910256410303]]}
{"519.lbm_r": [[436.75, 1.1686374999050582], [2818.75, 0.5877236013986057]], "baseline": [[311.0, 1.3212084668864439], [2833.75, 0.6833684343434375]]}
{"519.lbm_r": [[405.875, 1.1868378270108055], [2820.0, 0.5202775058275102]], "baseline": [[242.625, 1.4958289334345307], [2788.75, 0.7646198412698423]]}
{"519.lbm_r": [[433.875, 1.1727229004995436], [2825.0, 0.5848678030303079]], "baseline": [[253.375, 0.7656370619123312], [2827.5, 0.6463261363636413]]}
{"519.lbm_r": [[377.875, 1.2027574477238114], [2779.0, 0.48336666666666644]], "baseline": [[265.375, 1.3838279547093613], [2825.75, 0.6316882575757615]]}
