{"519.lbm_r": [[389.25, 1.2077557822151008], [2976.0, 1.3299476190476214]], "baseline": [[238.0, 1.2078170968386142], [2966.5, 1.162651785714288]]}
{"519.lbm_r": [[435.75, 1.1722588228774073], [2972.25, 1.0794866341991387]], "baseline": [[278.0, 1.1409201491164154], [2980.5, 1.501686417748917]]}
{"519.lbm_r": [[392.375, 1.2021964083792227], [2976.5, 1.2110130411255444]], "baseline": [[319.25, 1.1132874957973997], [2971.75, 1.1770467532467568]]}
{"519.lbm_r": [[409.875, 1.1902438867216603], [2971.25, 1.1167904761904826]], "baseline": [[286.5, 1.310996575587309], [2995.75, 1.2329352564102551]]}
{"519.lbm_r": [[405.625, 1.187649072113972], [2966.0, 1.013752380952384]], "baseline": [[244.75, 1.1886070212053617], [3005.25, 1.5883951923076922]]}
