{"519.lbm_r": [[502.625, 1.142552101403941], [2822.5, 0.8209138888888905]], "baseline": [[348.125, 1.2562243739763586], [2832.0, 0.7080250000000063]]}
{"519.lbm_r": [[453.0, 1.1636800871501651], [2826.0, 0.7803944444444502]], "baseline": [[352.375, 1.3003106086584517], [2829.75, 0.930678282828285]]}
{"519.lbm_r": [[494.125, 1.1492935290549213], [2830.75, 0.6465402777777836]], "baseline": [[402.625, 1.2009282034395632], [2814.0, 0.9129332459207533]]}
{"519.lbm_r": [[498.375, 1.1453082586837517], [2825.25, 0.7418897727272796]], "baseline": [[350.625, 1.2727148547048484], [2827.75, 0.6358305555555587]]}
{"519.lbm_r": [[477.5, 1.158263746975469], [2830.5, 0.7330405303030313]], "baseline": [[389.5, 1.2581708874492863], [2829.25, 0.8238954545454599]]}
