{"519.lbm_r": [[188.125, 1.2997873202955368], [2818.75, 0.7706689393939473]], "baseline": [[122.875, 0.838455815018315], [2821.0, 0.7717313131313186]]}
{"519.lbm_r": [[186.125, 1.297112928719655], [2820.25, 0.8891979797979878]], "baseline": [[96.75, 0.1965725806451613], [2826.25, 0.6490304292929354]]}
{"519.lbm_r": [[209.0, 1.4778273578505112], [2811.75, 0.635930681818188]], "baseline": [[115.0, 0.6060388981833936], [2825.5, 0.6889329545454603]]}
{"519.lbm_r": [[219.625, 1.4259730620851852], [2812.75, 0.4727465909090959]], "baseline": [[133.0, 0.7838844801779453], [2821.25, 0.8739253787878861]]}
{"519.lbm_r": [[224.5, 1.4200972744466984], [2809.75, 0.7676465617715685]], "baseline": [[98.125, 0.2222222222222222], [2790.75, 0.742367460317468]]}
