{"519.lbm_r": [[1046.125, 1.063270260153043], [60967.0, 4.899994475537916]], "baseline": [[1010.25, 1.065401936895934], [62131.0, 3.826544907266852]]}
{"519.lbm_r": [[997.0, 1.0638179573852238], [61975.0, 3.762461406542124]], "baseline": [[920.875, 1.0751533977723822], [35787.0, 3.4640930449511034]]}
{"519.lbm_r": [[1037.5, 1.0629378464715025], [107063.0, 5.651010103834815]], "baseline": [[921.625, 1.073755213063981], [72783.0, 4.488101213396518]]}
