{"519.lbm_r": [[279.25, 1.317166314034355], [2970.5, 1.1639360389610416]], "baseline": [[228.125, 1.4223419526561463], [2989.75, 1.2115613053613037]]}
{"519.lbm_r": [[257.75, 1.3369160722529374], [2982.75, 1.2683897727272742]], "baseline": [[271.625, 1.343642780973722], [2993.5, 1.1876838869463855]]}
{"519.lbm_r": [[283.0, 1.317245326922347], [2946.25, 1.077098809523805]], "baseline": [[161.0, 0.9498199981432728], [2984.5, 1.354351767676768]]}
{"519.lbm_r": [[260.625, 1.3492412053743874], [3002.75, 1.2325289044289036]], "baseline": [[233.625, 1.3990818333918518], [2995.0, 1.2793003496503483]]}
{"519.lbm_r": [[237.75, 1.2056110219874006], [2980.25, 1.324725757575758]], "baseline": [[188.625, 1.081870532884433], [2934.0, 1.041257142857138]]}
