{"519.lbm_r": [[300.75, 1.3162772197570984], [2835.75, 0.6933709595959596]], "baseline": [[299.75, 1.3207803747971434], [2844.25, 0.6322930555555536]]}
{"519.lbm_r": [[295.375, 1.3107176395799605], [2818.25, 0.4625562604062636]], "baseline": [[239.75, 1.4046378725870432], [2824.75, 0.749440782828289]]}
{"519.lbm_r": [[244.5, 1.4691689887436727], [2837.0, 0.9850565170940169]], "baseline": [[270.875, 1.3981345701543118], [2827.25, 0.5843378302253364]]}
{"519.lbm_r": [[269.5, 1.139920365297319], [2813.75, 0.5938523809523857]], "baseline": [[243.375, 1.3753932352210723], [2823.5, 0.7373647047397099]]}
{"519.lbm_r": [[269.375, 1.1545268641393083], [2827.5, 0.6700479797979866]], "baseline": [[292.0, 1.3200186471508364], [2816.25, 0.8155585081585065]]}
