{"519.lbm_r": [[513.5, 1.1393597982153594], [2804.5, 0.712402768065273]], "baseline": [[362.5, 1.2653929719667205], [2805.5, 0.6956414044289094]]}
{"519.lbm_r": [[487.5, 1.147567736971979], [2782.0, 0.8704071428571508]], "baseline": [[365.75, 1.2276813232022306], [2789.5, 0.7847459706959738]]}
{"519.lbm_r": [[492.25, 1.1456538160831302], [2810.25, 0.761994696969697]], "baseline": [[352.75, 1.2553228388017743], [2796.25, 0.6067472527472573]]}
{"519.lbm_r": [[514.125, 1.1399646685921137], [2799.75, 0.7761480769230825]], "baseline": [[362.625, 1.2301789436518051], [2805.0, 0.5968086538461572]]}
{"519.lbm_r": [[516.875, 1.1415878220217741], [2794.0, 0.8515569638694677]], "baseline": [[337.125, 1.3345300502870368], [2801.0, 0.7517973484848522]]}
