{"519.lbm_r": [[196.25, 1.4849683116583479], [2974.25, 1.44601904761905]], "baseline": [[105.0, 0.6542017790262172], [2980.0, 1.5029715909090902]]}
{"519.lbm_r": [[171.75, 1.6191564937379452], [2978.0, 1.3573015151515175]], "baseline": [[87.625, 0.19140625], [2967.5, 1.167205952380957]]}
{"519.lbm_r": [[210.5, 1.4525229265124957], [2972.75, 1.2315535714285757]], "baseline": [[157.875, 0.9412426204112885], [2973.75, 1.2062559523809566]]}
{"519.lbm_r": [[242.75, 1.3735167652629858], [2987.0, 1.3152544871794856]], "baseline": [[117.625, 0.8605509831690733], [2970.0, 1.151760714285719]]}
{"519.lbm_r": [[184.25, 1.3088382383469679], [2984.25, 1.3242648809523803]], "baseline": [[114.875, 0.6064570292123109], [2966.0, 1.0598833333333366]]}
