{"519.lbm_r": [[421.625, 1.182862343321537], [2956.25, 0.9111204365079357]], "baseline": [[372.125, 1.217208891888948], [2902.25, 0.8140083333333288]]}
{"519.lbm_r": [[481.25, 1.1514246977225664], [2967.25, 1.0901970238095284]], "baseline": [[416.625, 1.1916397572743356], [2945.0, 1.286201190476185]]}
{"519.lbm_r": [[549.5, 1.1306916735675427], [2962.25, 1.164704166666669]], "baseline": [[348.25, 1.2637660293739739], [2901.25, 0.7702708333333257]]}
{"519.lbm_r": [[498.75, 1.1511182637039337], [2973.75, 1.343798351648354]], "baseline": [[315.5, 1.0921451714656016], [2963.0, 1.1698783730158762]]}
{"519.lbm_r": [[469.5, 1.1591914229498423], [2963.5, 1.2430089285714325]], "baseline": [[377.375, 1.2153047371881238], [2974.0, 1.2781750457875491]]}
