{"519.lbm_r": [[436.125, 1.1733884838936521], [2825.75, 0.749391540404045]], "baseline": [[347.0, 1.228215531018943], [2787.5, 0.622681944444446]]}
{"519.lbm_r": [[464.0, 1.1884795154498817], [2812.75, 0.8914458333333386]], "baseline": [[393.75, 1.2505598102236117], [2824.25, 0.7022553030303086]]}
{"519.lbm_r": [[478.0, 1.1514471151337375], [2821.0, 0.5737670454545492]], "baseline": [[350.875, 1.2372910658302894], [2821.75, 0.6345049117549163]]}
{"519.lbm_r": [[568.0, 1.1355339641012594], [2819.0, 0.7293208333333373]], "baseline": [[369.75, 1.2349314968305443], [2795.25, 0.5650267857142889]]}
{"519.lbm_r": [[456.625, 1.1643450696648387], [2823.0, 0.5664483225108262]], "baseline": [[364.0, 1.2281417639255063], [2807.75, 0.7386985389610438]]}
