{"519.lbm_r": [[112.75, 0.6344852100060433], [2983.0, 1.3376760822510825]], "baseline": [[101.75, 0.43250636132315523], [2981.25, 1.255294534632034]]}
