{"519.lbm_r": [[403.75, 1.1909830569432813], [2819.0, 0.8185954545454577]], "baseline": [[298.75, 1.2904446627721227], [2823.25, 0.7579809343434385]]}
{"519.lbm_r": [[387.5, 1.1998926435610109], [2795.5, 0.7455604166666698]], "baseline": [[231.0, 1.1992750244343506], [2818.0, 0.6653932595182662]]}
{"519.lbm_r": [[334.875, 1.2683021809821144], [2815.75, 0.6887291666666704]], "baseline": [[267.75, 1.3730469278612447], [2828.25, 0.9119277777777746]]}
{"519.lbm_r": [[431.125, 1.1735089902729146], [2803.5, 0.8538585872460934]], "baseline": [[206.75, 1.2512672828048168], [2821.0, 0.7281287878787946]]}
{"519.lbm_r": [[388.0, 1.2047146610907817], [2823.25, 0.8596032828282892]], "baseline": [[280.625, 1.3340090349012301], [2819.75, 0.5359829545454583]]}
