{"519.lbm_r": [[466.875, 1.160412216407672], [2809.5, 0.4866452380952433]], "baseline": [[302.25, 1.0985246681594505], [2813.0, 0.6927198593073629]]}
{"519.lbm_r": [[366.125, 1.2149750449973087], [2765.75, 0.49905164141414343]], "baseline": [[332.5, 1.273541899681963], [2756.0, 0.31098535353535534]]}
{"519.lbm_r": [[423.125, 1.1815598363605866], [2874.75, 0.9450148809523792]], "baseline": [[307.625, 1.2992960836658893], [2810.0, 0.5951649891774939]]}
{"519.lbm_r": [[441.5, 1.169842042770259], [2751.0, 0.5167050213675204]], "baseline": [[288.75, 1.3256265564561205], [2864.75, 0.6575753968254002]]}
{"519.lbm_r": [[448.875, 1.1675523472804303], [2757.5, 0.5553047979798014]], "baseline": [[334.0, 1.2555396992500245], [2756.25, 0.7290847222222209]]}
