{"519.lbm_r": [[366.25, 1.2135430437997852], [2864.75, 0.8978777777777768]], "baseline": [[192.5, 1.1219341725584338], [2868.25, 0.8588880952380918]]}
{"519.lbm_r": [[350.5, 1.2290683686950792], [2755.5, 0.4870529040404064]], "baseline": [[194.125, 1.3045772798375455], [2755.5, 0.44079532828283047]]}
{"519.lbm_r": [[341.375, 1.2386615251618316], [2893.75, 0.8599763347763283]], "baseline": [[281.25, 1.3575911088235877], [2759.0, 0.7934617424242438]]}
{"519.lbm_r": [[388.0, 1.2001438533314583], [2783.0, 0.6104517857142887]], "baseline": [[217.75, 1.1099529257310996], [2753.5, 0.3580771825396869]]}
{"519.lbm_r": [[371.625, 1.2135254059955616], [2802.75, 0.8408513965201513]], "baseline": [[275.75, 1.3125226577203704], [2752.5, 0.6621791666666654]]}
