{"519.lbm_r": [[367.0, 1.2185280830185556], [2940.25, 1.0898499999999949]], "baseline": [[208.875, 1.2915829558295924], [2977.25, 1.437213003663004]]}
{"519.lbm_r": [[382.625, 1.2041953176440654], [2979.25, 1.4648000000000003]], "baseline": [[224.5, 1.522970549824818], [2956.0, 1.0292999999999992]]}
{"519.lbm_r": [[366.25, 1.2157888674462196], [2945.75, 1.094326785714281]], "baseline": [[201.75, 0.8687360936309854], [2957.5, 0.9510851190476175]]}
{"519.lbm_r": [[327.5, 1.2458414983295327], [2974.25, 1.1957574633699666]], "baseline": [[231.875, 1.4002970675232334], [2960.0, 1.1166232142857158]]}
{"519.lbm_r": [[399.25, 1.1924409777053717], [2965.5, 1.304200595238099]], "baseline": [[227.5, 1.21161511272659], [2985.0, 1.3905749999999983]]}
