{"519.lbm_r": [[381.75, 1.2030378150024679], [2977.25, 1.3446322802197814]], "baseline": [[213.75, 1.470779241737048], [2976.75, 1.3120904761904784]]}
{"519.lbm_r": [[326.375, 1.247939952124038], [2883.25, 0.7381339285714288]], "baseline": [[237.25, 1.2525576029436534], [2956.25, 1.1456535714285698]]}
{"519.lbm_r": [[335.125, 1.2453951364599292], [2961.0, 0.9157303571428587]], "baseline": [[275.75, 1.3505256405065196], [2963.0, 1.297353021978024]]}
{"519.lbm_r": [[382.125, 1.2203066614547997], [2968.0, 1.0593190476190506]], "baseline": [[260.125, 1.1490035427483254], [2966.0, 1.105360119047623]]}
{"519.lbm_r": [[389.0, 1.1968991565840414], [2938.25, 1.045361904761902]], "baseline": [[178.375, 0.9206529630001246], [2853.25, 0.7198250000000052]]}
