{"519.lbm_r": [[467.375, 1.1665929658459147], [2759.0, 0.7226980880230915]], "baseline": [[378.375, 1.2099310517161863], [2772.25, 0.5749807539682552]]}
{"519.lbm_r": [[981.125, 1.2456073295475816], [2883.75, 0.9496175319370133]], "baseline": [[449.625, 1.1882773670789093], [2757.5, 0.5519329545454573]]}
{"519.lbm_r": [[501.125, 1.1479099575319964], [2776.0, 0.6587791666666716]], "baseline": [[385.25, 1.207934748135013], [2768.75, 0.6904291666666693]]}
{"519.lbm_r": [[519.625, 1.1399142272201115], [2761.5, 0.6802750000000014]], "baseline": [[435.125, 1.1744432734549575], [2832.25, 0.6918156565656611]]}
{"519.lbm_r": [[440.75, 1.1737075362502711], [2754.0, 0.6770623737373743]], "baseline": [[315.75, 1.0998808084405987], [2918.75, 0.9380638888888857]]}
