{"519.lbm_r": [[925.0, 1.0762113183672046], [49699.0, 3.789893270449597]], "baseline": [[909.75, 1.073392517736595], [70743.0, 5.666199609227293]]}
{"519.lbm_r": [[889.25, 1.0733332333004797], [51799.0, 4.928489805969632]], "baseline": [[983.0, 1.0670897124963146], [85399.0, 9.815794897950854]]}
{"519.lbm_r": [[819.75, 1.0817025254616282], [70047.0, 6.58096486189541]], "baseline": [[787.375, 1.084657725284395], [59831.0, 5.127979336806396]]}
