{"519.lbm_r": [[201.875, 1.49314917425104], [2952.0, 1.229641071428569]], "baseline": [[108.25, 0.6304945868886287], [2967.75, 1.113454761904765]]}
{"519.lbm_r": [[206.625, 1.2559557431310122], [2987.75, 1.2423950549450533]], "baseline": [[110.875, 0.397590995160951], [2948.25, 1.0940446428571389]]}
{"519.lbm_r": [[242.25, 1.373520499007831], [2941.0, 0.9892795634920584]], "baseline": [[126.0, 1.3363601294675458], [2982.5, 1.4715044871794856]]}
{"519.lbm_r": [[190.875, 1.2767583751940002], [2949.5, 1.012481547619043]], "baseline": [[157.5, 1.2213537587531438], [2956.25, 1.1595982142857142]]}
{"519.lbm_r": [[186.875, 1.2962672935652215], [2949.25, 0.9723928571428532]], "baseline": [[105.875, 0.9477733672339836], [2972.25, 1.2451467490842516]]}
