{"519.lbm_r": [[289.125, 1.300581820460264], [2833.25, 0.8338960858585864]], "baseline": [[275.0, 1.3272579744999677], [2840.75, 0.9246944444444415]]}
{"519.lbm_r": [[226.875, 1.2652021445323058], [2839.25, 0.8877996212121194]], "baseline": [[276.75, 1.3561610936117061], [2802.5, 0.7271558756194829]]}
{"519.lbm_r": [[278.0, 1.1185041353700678], [2840.75, 0.9124208333333316]], "baseline": [[217.5, 0.6180699222638123], [2852.25, 0.9848416666666622]]}
{"519.lbm_r": [[255.5, 1.164079764547276], [2835.0, 0.7350433080808129]], "baseline": [[271.125, 1.3761262484533434], [2832.75, 0.6587712121212089]]}
{"519.lbm_r": [[287.0, 1.1261330105780625], [2834.0, 0.495524747474752]], "baseline": [[290.125, 1.307478171961857], [2840.75, 0.8927624999999992]]}
