{"519.lbm_r": [[286.75, 1.3058033521984844], [2731.25, 0.48877383449883216]], "baseline": [[319.25, 1.302687583568548], [2746.25, 0.46503250777000943]]}
{"519.lbm_r": [[318.875, 1.317405889161693], [2775.75, 0.594930357142862]], "baseline": [[232.75, 1.479194700946601], [2736.0, 0.4945066697191698]]}
{"519.lbm_r": [[234.25, 0.9859061142267813], [2784.5, 0.8098373376623448]], "baseline": [[325.625, 1.2868481289764482], [2764.25, 0.6362932539682538]]}
{"519.lbm_r": [[251.75, 1.2119892298265542], [2709.25, 0.6675316919191888]], "baseline": [[325.875, 1.2804495430144605], [2751.5, 0.7187625541125555]]}
{"519.lbm_r": [[252.625, 0.9864370202660739], [2777.25, 0.44805714285714565]], "baseline": [[270.875, 1.3515140740820226], [2684.5, 0.7285305555555526]]}
