{"519.lbm_r": [[380.75, 1.200671476541323], [2976.25, 1.1143701007326041]], "baseline": [[325.25, 1.2887009855095954], [2950.5, 1.0435392857142824]]}
{"519.lbm_r": [[428.875, 1.17565063874073], [2945.75, 0.8676928571428528]], "baseline": [[310.375, 1.0962662047437468], [2953.75, 1.3113839285714286]]}
{"519.lbm_r": [[435.875, 1.170772892488427], [2973.0, 1.473409752747254]], "baseline": [[298.0, 1.1194501401179267], [2945.5, 0.9631946428571365]]}
{"519.lbm_r": [[448.625, 1.1652529175086213], [2964.0, 1.304110714285719]], "baseline": [[294.125, 1.3342665839300896], [2971.5, 1.3487164835164869]]}
{"519.lbm_r": [[454.875, 1.1627170890825766], [2949.0, 1.0248482142857103]], "baseline": [[279.875, 1.3053249154338673], [2950.0, 0.9578839285714247]]}
