{"519.lbm_r": [[214.375, 1.0155917192505532], [2963.5, 1.2480375000000024]], "baseline": [[192.0, 1.52160527319935], [2949.75, 0.9478392857142818]]}
{"519.lbm_r": [[245.0, 1.4280766268120928], [2958.0, 1.124717857142858]], "baseline": [[241.75, 1.4043253649465488], [2950.75, 1.1486297619047603]]}
{"519.lbm_r": [[245.125, 1.4627931722582628], [2998.75, 1.4054674242424234]], "baseline": [[271.625, 1.3546888433308844], [2952.75, 1.1891803571428556]]}
{"519.lbm_r": [[272.75, 1.1534832755758222], [2970.5, 1.3537541666666704]], "baseline": [[182.375, 1.1028848263559607], [2988.75, 1.2247096153846138]]}
{"519.lbm_r": [[249.625, 1.3874192755102777], [2953.75, 0.9729105158730142]], "baseline": [[216.0, 1.2486509202162608], [2956.0, 1.1515035714285722]]}
