{"519.lbm_r": [[183.75, 1.55599803082114], [2821.75, 0.5304829254079297]], "baseline": [[143.375, 1.237374672809862], [2824.75, 0.8522623737373785]]}
{"519.lbm_r": [[191.125, 1.5151414084688553], [2822.0, 0.6381299242424315]], "baseline": [[104.125, 0.4020067083044182], [2824.5, 0.7437957070707126]]}
{"519.lbm_r": [[169.625, 1.3957316479200488], [2819.5, 0.8110409090909134]], "baseline": [[100.0, 0.40824915824915825], [2822.5, 0.858000252525258]]}
{"519.lbm_r": [[217.75, 1.426416969826807], [2829.25, 0.7360616161616146]], "baseline": [[101.375, 0.4209081102284986], [2823.75, 0.5899871212121292]]}
{"519.lbm_r": [[217.0, 1.441176580456703], [2823.5, 0.7368724747474815]], "baseline": [[115.25, 0.6154529335502568], [2821.75, 0.8597295454545518]]}
