{"519.lbm_r": [[507.125, 1.140959916490449], [2809.25, 0.5676308732933782]], "baseline": [[360.375, 1.2557452703271292], [2804.75, 0.5620461538461582]]}
{"519.lbm_r": [[490.625, 1.1488649107326736], [2825.0, 0.501692297979803]], "baseline": [[379.5, 1.2236433655298458], [2819.25, 0.8530969696969729]]}
{"519.lbm_r": [[483.625, 1.1502240137230313], [2792.5, 0.8387384920634968]], "baseline": [[352.875, 1.2293942917316223], [2815.75, 0.7732916375291449]]}
{"519.lbm_r": [[507.125, 1.1418093958689206], [2805.75, 0.6843058649683699]], "baseline": [[354.875, 1.2262968833635297], [2811.25, 0.7184408799533861]]}
{"519.lbm_r": [[516.0, 1.142679167327714], [2814.0, 0.8396235431235499]], "baseline": [[361.375, 1.2877450076778627], [2822.75, 0.6599681818181897]]}
