{"519.lbm_r": [[455.625, 1.1647598612531804], [2970.0, 1.1546470238095294]], "baseline": [[362.75, 1.0545998785310426], [2968.5, 1.1061940476190524]]}
{"519.lbm_r": [[416.625, 1.1835912439326768], [2967.25, 1.2152646645021674]], "baseline": [[289.5, 1.3554007985504393], [2941.75, 1.0290053571428532]]}
{"519.lbm_r": [[426.75, 1.2046163942447472], [2977.0, 1.3012679653679677]], "baseline": [[312.0, 1.2946702789194555], [2977.0, 1.409109469696971]]}
{"519.lbm_r": [[414.625, 1.1874587413115667], [2969.5, 1.1501827380952436]], "baseline": [[275.875, 1.3472325045671765], [2974.75, 1.1889399350649394]]}
{"519.lbm_r": [[439.875, 1.1695618653974633], [2978.75, 1.6137320512820497]], "baseline": [[343.0, 1.2536002161754942], [2969.0, 1.3124750000000045]]}
