{"519.lbm_r": [[490.375, 1.146799797676182], [2755.0, 0.6886207070707107]], "baseline": [[362.625, 1.217429968706721], [2762.75, 0.7434043650793639]]}
{"519.lbm_r": [[482.25, 1.1516419592973397], [2750.25, 0.543425288600291]], "baseline": [[378.125, 1.2323022428309816], [2759.25, 0.5799779761904754]]}
{"519.lbm_r": [[496.0, 1.1498953195583415], [2732.5, 0.5783693181818175]], "baseline": [[362.75, 1.2693655573139824], [2731.75, 0.6639416666666608]]}
{"519.lbm_r": [[490.375, 1.147529990113067], [2760.25, 0.40368241341991346]], "baseline": [[352.75, 1.0554859948107098], [2774.5, 0.6586948412698449]]}
{"519.lbm_r": [[477.5, 1.1589248077705403], [2769.75, 0.4741443181818168]], "baseline": [[343.25, 1.241036807464451], [2751.75, 0.6572625000000016]]}
