{"519.lbm_r": [[1150.125, 1.052796327537122], [99431.0, 6.402225383518184]], "baseline": [[1038.5, 1.0669626965439756], [89487.0, 5.233658853447937]]}
{"519.lbm_r": [[1092.875, 1.0584487482787708], [75119.0, 5.250560146823416]], "baseline": [[946.75, 1.0704256196574962], [34711.0, 3.9078541390293897]]}
{"519.lbm_r": [[980.125, 1.0661444555849837], [45783.0, 5.071081439781178]], "baseline": [[925.625, 1.0719188277330152], [85111.0, 6.956361225158395]]}
