{"519.lbm_r": [[194.5, 1.0760208306769965], [2942.25, 1.2488295093795083]], "baseline": [[271.75, 1.3300690452298833], [2955.25, 1.1259579365079373]]}
{"519.lbm_r": [[308.25, 1.2686336188371787], [2769.25, 0.5308156746031762]], "baseline": [[243.375, 1.1522627866224169], [2951.5, 1.349048214285715]]}
