{"519.lbm_r": [[371.25, 1.2138436058135929], [2821.25, 0.6879244949495005]], "baseline": [[285.375, 1.342673104834842], [2818.25, 0.6558015151515231]]}
{"519.lbm_r": [[339.375, 1.2418074600104445], [2820.5, 0.6482045454545522]], "baseline": [[223.125, 1.2368106668844425], [2821.0, 0.7017712121212153]]}
{"519.lbm_r": [[394.875, 1.2087372971883412], [2809.5, 0.6899446969697025]], "baseline": [[237.125, 1.181945635440864], [2810.5, 0.6338434940059974]]}
{"519.lbm_r": [[351.625, 1.222725587033822], [2812.5, 0.6775117507492548]], "baseline": [[233.75, 1.2196791088870724], [2800.75, 0.7077195512820551]]}
{"519.lbm_r": [[323.125, 1.2585949589274334], [2800.0, 0.7089787087912125]], "baseline": [[227.875, 1.4931990143735103], [2815.25, 0.7419545454545522]]}
