{"519.lbm_r": [[400.25, 1.189502180835477], [2976.0, 1.3350206709956733]], "baseline": [[257.0, 1.367225167439941], [2977.75, 1.0362164835164869]]}
{"519.lbm_r": [[364.375, 1.2179786358095603], [2967.75, 1.1136345238095284]], "baseline": [[237.5, 1.1850165333492746], [2971.75, 1.276106547619053]]}
{"519.lbm_r": [[323.25, 1.2554874773374043], [2971.75, 1.2414116883116928]], "baseline": [[222.25, 1.0145062710011135], [2973.25, 1.274234848484853]]}
{"519.lbm_r": [[369.0, 1.2088523535268478], [2978.25, 1.3121803571428585]], "baseline": [[258.0, 1.3806643421167786], [2978.5, 1.2815599358974372]]}
{"519.lbm_r": [[375.375, 1.2102125227462885], [2976.75, 1.3246040043290066]], "baseline": [[247.25, 1.4278969354811333], [2977.5, 1.3940255952380967]]}
