{"519.lbm_r": [[248.25, 1.1726174786150991], [2982.5, 1.274932575757576]], "baseline": [[278.125, 1.1466030557453835], [2911.5, 0.8141305555555496]]}
{"519.lbm_r": [[237.375, 1.3962180815911758], [2985.0, 1.3128683441558446]], "baseline": [[270.125, 1.3598116241192177], [2879.0, 0.9102785714285704]]}
{"519.lbm_r": [[262.5, 1.14421535953502], [2984.5, 1.2915840201465194]], "baseline": [[228.875, 1.2149367207815596], [2838.75, 0.5420438131313169]]}
{"519.lbm_r": [[261.375, 1.3439525496163232], [2989.5, 1.2034756410256393]], "baseline": [[232.125, 1.4402320794622543], [2899.25, 0.6166666666666596]]}
{"519.lbm_r": [[282.0, 1.3210511144955772], [2939.75, 0.7025698412698377]], "baseline": [[274.125, 1.334573061057735], [2989.0, 1.220359798534797]]}
