{"519.lbm_r": [[452.875, 1.165425092739839], [2806.5, 0.6921319597069661]], "baseline": [[318.5, 1.3149019170452556], [2827.25, 0.5987863636363652]]}
{"519.lbm_r": [[475.125, 1.1603281330524242], [2829.5, 0.6879000000000047]], "baseline": [[361.75, 1.2310739915458664], [2828.25, 0.6269113636363652]]}
{"519.lbm_r": [[395.125, 1.196467186814402], [2830.75, 0.7550502525252525]], "baseline": [[337.0, 1.2561210563696217], [2827.0, 0.718343181818185]]}
{"519.lbm_r": [[424.875, 1.1786967790128267], [2818.25, 0.6606988636363673]], "baseline": [[316.5, 1.289846414259629], [2825.25, 0.6941325757575825]]}
{"519.lbm_r": [[479.75, 1.1521499306437066], [2827.0, 0.6425401515151563]], "baseline": [[299.625, 1.3602647490468565], [2831.5, 0.697334343434345]]}
