{"519.lbm_r": [[318.5, 1.274977277580882], [2786.0, 0.61943845390721]], "baseline": [[271.125, 1.3433870723628873], [2831.25, 0.740799999999998]]}
