{"519.lbm_r": [[395.875, 1.1982584713586788], [2788.25, 0.5920575549450595]], "baseline": [[208.875, 0.8363247111142055], [2816.5, 0.7408356060606108]]}
{"519.lbm_r": [[314.875, 1.2762814384377705], [2794.5, 0.8158357142857174]], "baseline": [[260.75, 1.376410542963449], [2784.75, 0.6658777777777778]]}
{"519.lbm_r": [[385.375, 1.2057231906130628], [2786.25, 0.6621199633699691]], "baseline": [[217.125, 1.0195770151580723], [2796.5, 0.6509656343656384]]}
{"519.lbm_r": [[405.375, 1.195586747474636], [2786.25, 0.6966868055555617]], "baseline": [[211.25, 1.2547691958306901], [2815.0, 0.5170068181818226]]}
{"519.lbm_r": [[387.875, 1.2055436244004858], [2820.5, 0.7790818181818134]], "baseline": [[228.25, 1.2217316649673806], [2809.5, 0.6898132575757637]]}
