{"519.lbm_r": [[209.5, 1.2484708230876893], [3013.5, 1.6718069444444452]], "baseline": [[139.0, 0.5608721048051593], [2992.25, 1.2322278846153831]]}
{"519.lbm_r": [[217.625, 1.4861433615217212], [2974.75, 1.3485719696969722]], "baseline": [[159.5, 0.5088977970632758], [3016.0, 1.5490638888888895]]}
