{"519.lbm_r": [[218.375, 1.2287279067220718], [2746.5, 0.5984321428571407]], "baseline": [[228.375, 1.1990683315197574], [2718.75, 0.4373776515151512]]}
{"519.lbm_r": [[246.25, 1.396747471073919], [2631.0, 0.4330086996336998]], "baseline": [[204.75, 1.507730919095036], [2787.75, 0.8111586920024487]]}
