{"519.lbm_r": [[210.375, 1.237302823807181], [2781.25, 0.6609043650793679]], "baseline": [[130.875, 1.0541779669850557], [2798.75, 0.5454602564102595]]}
{"519.lbm_r": [[174.75, 1.3611420955880762], [2808.5, 0.893775000000008]], "baseline": [[116.75, 0.616562068668047], [2780.5, 0.5484097222222254]]}
{"519.lbm_r": [[205.875, 1.2331942345666822], [2794.0, 0.590784890109894]], "baseline": [[121.625, 0.8913588010977569], [2799.25, 0.7410211580086621]]}
{"519.lbm_r": [[218.125, 1.4224190210349459], [2777.75, 0.6054053571428609]], "baseline": [[120.75, 0.8304231169566768], [2778.75, 0.6035500000000038]]}
{"519.lbm_r": [[216.0, 1.4348248299668196], [2794.25, 0.8548054778554821]], "baseline": [[138.5, 1.535673003444626], [2785.5, 0.5786119047619082]]}
