{"519.lbm_r": [[364.5, 1.2209529845497062], [2719.0, 0.6268311813186801]], "baseline": [[226.625, 1.228215742054786], [2751.0, 0.6028266414141423]]}
{"519.lbm_r": [[372.625, 1.2114504050507533], [2747.5, 0.6257853174603167]], "baseline": [[275.125, 1.1387398084557647], [2757.5, 0.6514371031746016]]}
{"519.lbm_r": [[367.125, 1.2189326846840598], [2726.75, 0.5309886752136737]], "baseline": [[277.75, 1.3559390142186152], [2758.25, 0.6458937229437245]]}
{"519.lbm_r": [[356.375, 1.2253992409480772], [2756.0, 0.4215660714285739]], "baseline": [[226.0, 1.4697073979093231], [2768.5, 0.758158928571431]]}
{"519.lbm_r": [[330.0, 1.2422476280528567], [2741.0, 0.7587651709401718]], "baseline": [[237.75, 1.4037003211811547], [2763.5, 0.602549206349206]]}
