{"519.lbm_r": [[426.5, 1.17801566899074], [2808.5, 0.9003943958819032]], "baseline": [[252.625, 1.4224510624970632], [2780.5, 0.7218519841269891]]}
{"519.lbm_r": [[384.75, 1.2019440509768946], [2780.25, 0.7300767857142932]], "baseline": [[260.0, 1.0022375680183344], [2792.25, 0.6758783008658084]]}
{"519.lbm_r": [[420.25, 1.177595818404614], [2811.25, 0.6952896464646509]], "baseline": [[251.75, 1.3887713593064113], [2803.75, 0.6940579448329504]]}
{"519.lbm_r": [[404.0, 1.1904916986117489], [2781.75, 0.7026035714285764]], "baseline": [[261.375, 1.4501927897283926], [2804.5, 0.6932011363636413]]}
{"519.lbm_r": [[369.125, 1.2221358487129033], [2811.0, 0.6021130050505088]], "baseline": [[268.5, 1.359225534283364], [2817.25, 0.7887068181818245]]}
