{"519.lbm_r": [[379.75, 1.205157139843446], [2819.75, 0.8173507575757624]], "baseline": [[249.375, 1.3953542398596395], [2828.5, 0.6351943181818256]]}
{"519.lbm_r": [[396.625, 1.193902194545904], [2820.5, 0.6266473776223808]], "baseline": [[227.5, 1.200472477292118], [2829.25, 0.6976943181818256]]}
{"519.lbm_r": [[394.125, 1.196908644622903], [2811.75, 0.9186236305361355]], "baseline": [[260.75, 1.1531600196692653], [2833.5, 0.6447054292929283]]}
{"519.lbm_r": [[351.625, 1.2252983104342556], [2828.75, 0.6331880050505108]], "baseline": [[227.75, 1.0254126731697417], [2819.25, 0.9491196969697002]]}
{"519.lbm_r": [[345.25, 1.2338621406469414], [2817.25, 0.6279337121212158]], "baseline": [[225.625, 1.2423695191893867], [2833.5, 0.8362213383838384]]}
