{"519.lbm_r": [[254.5, 1.1827123018347814], [2761.75, 0.6969910353535366]], "baseline": [[203.0, 0.8424509760810576], [2755.25, 0.7349133116883118]]}
