{"519.lbm_r": [[203.5, 1.4579048652887765], [2819.5, 0.6671164044289082]], "baseline": [[129.0, 1.0516314373130307], [2816.75, 0.7381713578088618]]}
{"519.lbm_r": [[229.875, 1.412269939848204], [2819.0, 0.7157688394938452]], "baseline": [[112.0, 0.37100794516279795], [2820.0, 0.6347303613053644]]}
{"519.lbm_r": [[219.625, 1.4117023790661074], [2803.5, 0.7922329670329712]], "baseline": [[127.0, 0.5582680989657733], [2760.5, 0.5166101010101012]]}
{"519.lbm_r": [[213.0, 1.4376257141853697], [2826.5, 0.6234674242424298]], "baseline": [[120.25, 0.6278138386222571], [2814.75, 0.708417424242429]]}
{"519.lbm_r": [[244.375, 1.3652338114411844], [2817.25, 0.7618893065268104]], "baseline": [[114.0, 0.6120757918552036], [2821.5, 0.7178257575757621]]}
