{"519.lbm_r": [[449.5, 1.1680987761009975], [2811.25, 0.7146958333333384]], "baseline": [[316.625, 1.3032240300055329], [2813.5, 0.7429720779220859]]}
{"519.lbm_r": [[456.125, 1.1635598274821972], [2817.25, 0.808442045454551]], "baseline": [[253.125, 1.1556350861195221], [2810.25, 0.7596141233766287]]}
{"519.lbm_r": [[398.875, 1.1894925763877175], [2808.0, 0.6901863220113263]], "baseline": [[328.875, 1.2764225141847731], [2810.0, 0.5223305735930808]]}
{"519.lbm_r": [[403.5, 1.1947383367827944], [2810.5, 0.694338419913426]], "baseline": [[302.0, 1.280970806193841], [2824.75, 0.7576462121212185]]}
{"519.lbm_r": [[432.375, 1.1703488630869454], [2763.25, 0.6799279040404037]], "baseline": [[355.0, 1.2354214894452646], [2830.0, 0.7385821969697031]]}
