{"519.lbm_r": [[339.75, 1.23272333412326], [2825.75, 0.7007401515151571]], "baseline": [[222.125, 1.4356883544760646], [2807.25, 0.7232392857142901]]}
{"519.lbm_r": [[365.25, 1.2204648122386208], [2793.5, 0.5370351190476197]], "baseline": [[287.375, 1.2972250450406453], [2816.5, 0.7279003787878827]]}
{"519.lbm_r": [[342.875, 1.2360098941540834], [2815.25, 0.7862867965368027]], "baseline": [[244.75, 1.217756605909616], [2825.25, 0.47231613247863585]]}
{"519.lbm_r": [[369.125, 1.2118937576777122], [2801.25, 0.6825857142857189]], "baseline": [[285.5, 1.105637366403708], [2799.0, 0.6748375000000024]]}
{"519.lbm_r": [[379.125, 1.2060276243543124], [2805.0, 0.5901571428571485]], "baseline": [[266.0, 1.3426571937917609], [2793.75, 0.7902553571428608]]}
