{"519.lbm_r": [[968.625, 1.0664129091331522], [88631.0, 5.077409555654246]], "baseline": [[834.75, 1.0789053091054694], [60739.0, 4.5551498196384985]]}
{"519.lbm_r": [[933.0, 1.0724206084865118], [38007.0, 3.9884187421022617]], "baseline": [[900.625, 1.0734389799914459], [165727.0, 22.549264049354868]]}
{"519.lbm_r": [[1001.0, 1.0695963822571428], [105879.0, 8.76681813149326]], "baseline": [[838.5, 1.0775863370127001], [136559.0, 15.192363638540996]]}
