{"519.lbm_r": [[184.75, 1.0741237351508919], [2971.0, 1.2074252289377325]], "baseline": [[109.5, 0.6620273543660641], [2963.0, 0.9816684523809547]]}
{"519.lbm_r": [[213.625, 1.462176272578236], [2938.25, 1.0324559523809478]], "baseline": [[103.375, 0.4080501450476585], [2963.25, 1.0237071428571451]]}
{"519.lbm_r": [[201.75, 1.469648336924951], [2978.25, 1.1542379120879145]], "baseline": [[106.875, 0.38534615384615384], [2967.75, 1.1233071428571457]]}
{"519.lbm_r": [[202.125, 1.252988096983859], [2937.75, 1.0039773809523775]], "baseline": [[110.125, 0.6490012499399067], [2971.0, 1.2846630952380989]]}
{"519.lbm_r": [[211.625, 1.449214065882854], [2821.25, 0.6079795995671031]], "baseline": [[135.5, 1.3012754775292072], [2930.75, 1.064728769841266]]}
