{"519.lbm_r": [[363.0, 1.2290475373550944], [2817.5, 0.5944098484848525]], "baseline": [[258.0, 1.003394426118476], [2763.5, 0.7199199494949511]]}
{"519.lbm_r": [[434.75, 1.183116797797691], [2807.75, 0.811969372294378]], "baseline": [[272.375, 1.3986196041930479], [2835.25, 0.4876805555555601]]}
{"519.lbm_r": [[404.0, 1.1917726877538883], [2786.75, 0.7034700396825405]], "baseline": [[260.0, 1.1624547149274742], [2785.0, 0.4936277777777792]]}
{"519.lbm_r": [[355.25, 1.2305131939712957], [2748.5, 0.5544196969696988]], "baseline": [[269.0, 1.3377648955678252], [2757.25, 0.5966766594516603]]}
{"519.lbm_r": [[403.875, 1.1905244432118323], [2776.5, 0.6229625000000002]], "baseline": [[334.875, 1.249912140679993], [2784.25, 0.5975696428571419]]}
