{"519.lbm_r": [[403.875, 1.1959818857885072], [2753.75, 0.5779954545454532]], "baseline": [[276.5, 1.3334504909179994], [2749.25, 0.44354722222222387]]}
{"519.lbm_r": [[381.875, 1.2014889139207239], [2735.5, 0.627608712121209]], "baseline": [[320.5, 1.315117679047141], [2763.25, 0.590662301587302]]}
{"519.lbm_r": [[406.5, 1.1937218256136974], [2739.75, 0.7185779040404049]], "baseline": [[253.125, 1.1666665355336512], [2724.5, 0.9089152597402558]]}
{"519.lbm_r": [[391.25, 1.2167075211417477], [2757.5, 0.7895548881673884]], "baseline": [[269.625, 1.3105650793093024], [2724.0, 0.6568219155844125]]}
{"519.lbm_r": [[390.125, 1.1999545228132225], [2775.5, 0.6433571428571471]], "baseline": [[196.375, 1.2673551002331258], [2748.0, 0.7021062049062058]]}
