{"519.lbm_r": [[470.5, 1.1564002989345434], [2812.75, 0.5597943181818243]], "baseline": [[294.625, 1.292131529602702], [2812.25, 0.5384875000000061]]}
{"519.lbm_r": [[463.375, 1.1602722632346971], [2809.75, 0.8804066919191981]], "baseline": [[344.125, 1.2691202497249272], [2805.0, 0.7454950757575819]]}
{"519.lbm_r": [[433.625, 1.1740617419360784], [2819.25, 0.7441097222222279]], "baseline": [[311.375, 1.278630766116705], [2783.25, 0.7432854395604449]]}
{"519.lbm_r": [[472.375, 1.1576658428986808], [2807.5, 0.44471660839161276]], "baseline": [[346.0, 1.2772710066168385], [2800.5, 0.7852907634032691]]}
{"519.lbm_r": [[460.875, 1.1647879189101105], [2796.75, 0.6838868131868175]], "baseline": [[301.625, 1.2957943551804882], [2803.0, 0.6890251831501899]]}
