{"masstree": {"blackscholes": {"95th_latency": 828.0, "99th_latency": 1794.0, "violate_rate": 0.004597599156271972, "throughput": 2500}, "bodytrack": {"95th_latency": 836.0, "99th_latency": 1866.0, "violate_rate": 0.004224305602409316, "throughput": 2500}, "facesim": {"95th_latency": 922.0, "99th_latency": 2086.0, "violate_rate": 1.8713264239702598, "throughput": 2500}, "ferret": {"95th_latency": 1016.9999999999999, "99th_latency": 2459.0, "violate_rate": 1.454737894672798, "throughput": 2500}, "fluidanimate": {"95th_latency": 926.0, "99th_latency": 2115.0, "violate_rate": 1.832521138203811, "throughput": 2500}, "freqmine": {"95th_latency": 859.0, "99th_latency": 1923.0, "violate_rate": 0.0021685952600810354, "throughput": 2500}, "raytrace": {"95th_latency": 816.0, "99th_latency": 1694.0, "violate_rate": 0.008922455797178595, "throughput": 2500}, "swaptions": {"95th_latency": 822.0, "99th_latency": 1839.0, "violate_rate": 0.004310024698469719, "throughput": 2500}, "vips": {"95th_latency": 828.0, "99th_latency": 1828.0, "violate_rate": 0.0043533050107079675, "throughput": 2500}, "x264": {"95th_latency": 825.0, "99th_latency": 1765.0, "violate_rate": 0.006675510417740143, "throughput": 2500}, "baseline": {"95th_latency": 833.0, "99th_latency": 1758.0, "violate_rate": 0.008950073900423903, "throughput": 2500}}}
{"masstree": {"blackscholes": {"95th_latency": 838.0, "99th_latency": 1806.0, "violate_rate": 0.005495435267073061, "throughput": 2500}, "bodytrack": {"95th_latency": 844.0, "99th_latency": 1807.0, "violate_rate": 0.005708508574454482, "throughput": 2500}, "facesim": {"95th_latency": 924.0, "99th_latency": 2150.0, "violate_rate": 1.7957913199987845, "throughput": 2500}, "ferret": {"95th_latency": 1035.0, "99th_latency": 2510.0, "violate_rate": 1.4193209811557923, "throughput": 2500}, "fluidanimate": {"95th_latency": 924.0, "99th_latency": 2059.0, "violate_rate": 1.9074944136762324, "throughput": 2500}, "freqmine": {"95th_latency": 868.0, "99th_latency": 2000.0, "violate_rate": 1.7194965138854158e-06, "throughput": 2500}, "raytrace": {"95th_latency": 837.0, "99th_latency": 1811.0, "violate_rate": 0.005788243225708725, "throughput": 2500}, "swaptions": {"95th_latency": 831.0, "99th_latency": 1803.0, "violate_rate": 0.005718294512698675, "throughput": 2500}, "vips": {"95th_latency": 816.0, "99th_latency": 1824.0, "violate_rate": 0.004253242323931939, "throughput": 2500}, "x264": {"95th_latency": 821.0, "99th_latency": 1876.0, "violate_rate": 0.0037458111656727237, "throughput": 2500}, "baseline": {"95th_latency": 817.0, "99th_latency": 1755.0, "violate_rate": 0.006833195280329809, "throughput": 2500}}}
{"masstree": {"blackscholes": {"95th_latency": 827.0, "99th_latency": 1891.0, "violate_rate": 0.0026782269352860805, "throughput": 2500}, "bodytrack": {"95th_latency": 847.0, "99th_latency": 1874.0, "violate_rate": 0.003397917904129588, "throughput": 2500}, "facesim": {"95th_latency": 933.0, "99th_latency": 2158.0, "violate_rate": 1.7773160448370164, "throughput": 2500}, "ferret": {"95th_latency": 1035.0, "99th_latency": 2434.0, "violate_rate": 1.4540214205663466, "throughput": 2500}, "fluidanimate": {"95th_latency": 922.0, "99th_latency": 2031.0000000000002, "violate_rate": 1.9510884083851554, "throughput": 2500}, "freqmine": {"95th_latency": 863.0, "99th_latency": 1883.0, "violate_rate": 0.003269351265529532, "throughput": 2500}, "raytrace": {"95th_latency": 842.0, "99th_latency": 1849.0, "violate_rate": 0.0037744456272970936, "throughput": 2500}, "swaptions": {"95th_latency": 837.0, "99th_latency": 1832.0, "violate_rate": 0.005017157253188362, "throughput": 2500}, "vips": {"95th_latency": 842.0, "99th_latency": 1851.0, "violate_rate": 0.003853737386697129, "throughput": 2500}, "x264": {"95th_latency": 842.0, "99th_latency": 1796.0, "violate_rate": 0.006107553249828393, "throughput": 2500}, "baseline": {"95th_latency": 830.0, "99th_latency": 1869.0, "violate_rate": 0.0038068016915343943, "throughput": 2500}}}
{"masstree": {"blackscholes": {"95th_latency": 860.0, "99th_latency": 1896.0, "violate_rate": 0.0032707344630270316, "throughput": 2500}, "bodytrack": {"95th_latency": 869.0, "99th_latency": 1918.0, "violate_rate": 0.00223127694517069, "throughput": 2500}, "facesim": {"95th_latency": 908.0, "99th_latency": 2078.0, "violate_rate": 1.8865640503181123, "throughput": 2500}, "ferret": {"95th_latency": 1045.0, "99th_latency": 2450.0, "violate_rate": 1.4456791100735866, "throughput": 2500}, "fluidanimate": {"95th_latency": 942.0, "99th_latency": 2306.0, "violate_rate": 1.6260365668572965, "throughput": 2500}, "freqmine": {"95th_latency": 872.0, "99th_latency": 1898.0, "violate_rate": 0.005011471031738646, "throughput": 2500}, "raytrace": {"95th_latency": 853.0, "99th_latency": 1831.0, "violate_rate": 0.007869406517849405, "throughput": 2500}, "swaptions": {"95th_latency": 849.0, "99th_latency": 1865.0, "violate_rate": 0.003521777964583476, "throughput": 2500}, "vips": {"95th_latency": 835.0, "99th_latency": 1827.0, "violate_rate": 0.0044294001624110195, "throughput": 2500}, "x264": {"95th_latency": 825.0, "99th_latency": 1811.0, "violate_rate": 0.005311091557925355, "throughput": 2500}, "baseline": {"95th_latency": 828.0, "99th_latency": 1811.0, "violate_rate": 0.005050738417451294, "throughput": 2500}}}
{"masstree": {"blackscholes": {"95th_latency": 853.0, "99th_latency": 1934.0, "violate_rate": 0.0016932408865114393, "throughput": 2500}, "bodytrack": {"95th_latency": 874.0, "99th_latency": 1940.0, "violate_rate": 0.001324721247962158, "throughput": 2500}, "facesim": {"95th_latency": 904.0, "99th_latency": 1983.0, "violate_rate": 0.0004929904294067766, "throughput": 2500}, "ferret": {"95th_latency": 1044.0, "99th_latency": 2593.0, "violate_rate": 1.3681092648882334, "throughput": 2500}, "fluidanimate": {"95th_latency": 929.0, "99th_latency": 2045.9999999999998, "violate_rate": 1.9275063703412127, "throughput": 2500}, "freqmine": {"95th_latency": 887.0, "99th_latency": 1971.0, "violate_rate": 0.0006762195097601078, "throughput": 2500}, "raytrace": {"95th_latency": 869.0, "99th_latency": 1972.0, "violate_rate": 0.0005936713928543816, "throughput": 2500}, "swaptions": {"95th_latency": 872.0, "99th_latency": 1872.0, "violate_rate": 0.007219335222779323, "throughput": 2500}, "vips": {"95th_latency": 871.0, "99th_latency": 1881.0, "violate_rate": 0.0034210895301096953, "throughput": 2500}, "x264": {"95th_latency": 866.0, "99th_latency": 1836.0, "violate_rate": 0.006407253749306756, "throughput": 2500}, "baseline": {"95th_latency": 863.0, "99th_latency": 1821.0, "violate_rate": 0.0055525486891369056, "throughput": 2500}}}
