{"masstree": {"blackscholes": {"95th_latency": 4275.0, "99th_latency": 14653.0, "violate_rate": 14.163069757707317, "throughput": 4000}, "bodytrack": {"95th_latency": 4390.0, "99th_latency": 14465.0, "violate_rate": 14.346522952477343, "throughput": 4000}, "facesim": {"95th_latency": 6010.0, "99th_latency": 18687.0, "violate_rate": 21.464438968712894, "throughput": 4000}, "ferret": {"95th_latency": 7164.0, "99th_latency": 26141.0, "violate_rate": 29.928655214194087, "throughput": 4000}, "fluidanimate": {"95th_latency": 6641.0, "99th_latency": 21690.0, "violate_rate": 25.97659135101773, "throughput": 4000}, "freqmine": {"95th_latency": 4357.0, "99th_latency": 14561.0, "violate_rate": 15.144448893563267, "throughput": 4000}, "raytrace": {"95th_latency": 4081.0000000000005, "99th_latency": 13887.0, "violate_rate": 14.405619357650252, "throughput": 4000}, "swaptions": {"95th_latency": 4402.0, "99th_latency": 14635.0, "violate_rate": 14.373389295543106, "throughput": 4000}, "vips": {"95th_latency": 4167.0, "99th_latency": 14010.0, "violate_rate": 15.992728290747504, "throughput": 4000}, "x264": {"95th_latency": 4196.0, "99th_latency": 14284.0, "violate_rate": 15.998180061607925, "throughput": 4000}, "baseline": {"95th_latency": 4257.0, "99th_latency": 13732.0, "violate_rate": 14.145124698039085, "throughput": 4000}}}
{"masstree": {"blackscholes": {"95th_latency": 4591.0, "99th_latency": 15086.0, "violate_rate": 16.817962675377444, "throughput": 4000}, "bodytrack": {"95th_latency": 4436.0, "99th_latency": 15057.0, "violate_rate": 15.064101105312206, "throughput": 4000}, "facesim": {"95th_latency": 5603.0, "99th_latency": 17403.0, "violate_rate": 21.079259373473096, "throughput": 4000}, "ferret": {"95th_latency": 7716.0, "99th_latency": 25578.0, "violate_rate": 30.08533779254296, "throughput": 4000}, "fluidanimate": {"95th_latency": 6567.0, "99th_latency": 20729.0, "violate_rate": 25.81621074945736, "throughput": 4000}, "freqmine": {"95th_latency": 4428.0, "99th_latency": 15124.0, "violate_rate": 15.119961652660848, "throughput": 4000}, "raytrace": {"95th_latency": 4409.0, "99th_latency": 14434.0, "violate_rate": 15.312402185018485, "throughput": 4000}, "swaptions": {"95th_latency": 4297.0, "99th_latency": 14476.0, "violate_rate": 15.514458643933427, "throughput": 4000}, "vips": {"95th_latency": 4699.0, "99th_latency": 15082.0, "violate_rate": 15.152779984766099, "throughput": 4000}, "x264": {"95th_latency": 4202.0, "99th_latency": 14132.0, "violate_rate": 15.674470842403881, "throughput": 4000}, "baseline": {"95th_latency": 4593.0, "99th_latency": 15143.0, "violate_rate": 15.531969842578189, "throughput": 4000}}}
{"masstree": {"blackscholes": {"95th_latency": 4748.0, "99th_latency": 15390.0, "violate_rate": 15.765346933557451, "throughput": 4000}, "bodytrack": {"95th_latency": 4150.0, "99th_latency": 14492.0, "violate_rate": 15.369664700148306, "throughput": 4000}, "facesim": {"95th_latency": 5376.0, "99th_latency": 17372.0, "violate_rate": 21.86339050949722, "throughput": 4000}, "ferret": {"95th_latency": 7327.0, "99th_latency": 24029.0, "violate_rate": 29.66025316384568, "throughput": 4000}, "fluidanimate": {"95th_latency": 6489.0, "99th_latency": 20688.0, "violate_rate": 25.10959133910186, "throughput": 4000}, "freqmine": {"95th_latency": 4573.0, "99th_latency": 14987.0, "violate_rate": 16.874538700070616, "throughput": 4000}, "raytrace": {"95th_latency": 4333.0, "99th_latency": 14913.0, "violate_rate": 14.35120036559134, "throughput": 4000}, "swaptions": {"95th_latency": 4231.0, "99th_latency": 14664.0, "violate_rate": 14.088999757637115, "throughput": 4000}, "vips": {"95th_latency": 4235.0, "99th_latency": 14414.0, "violate_rate": 14.0704717026061, "throughput": 4000}, "x264": {"95th_latency": 4313.0, "99th_latency": 14259.0, "violate_rate": 14.264858205590487, "throughput": 4000}, "baseline": {"95th_latency": 4348.0, "99th_latency": 14667.0, "violate_rate": 15.816437360636765, "throughput": 4000}}}
{"masstree": {"blackscholes": {"95th_latency": 4713.0, "99th_latency": 15510.0, "violate_rate": 16.994846458788132, "throughput": 4000}, "bodytrack": {"95th_latency": 4306.0, "99th_latency": 14658.0, "violate_rate": 16.81123725887124, "throughput": 4000}, "facesim": {"95th_latency": 5736.0, "99th_latency": 18363.0, "violate_rate": 21.85664522051037, "throughput": 4000}, "ferret": {"95th_latency": 7760.0, "99th_latency": 28225.0, "violate_rate": 30.192652894439135, "throughput": 4000}, "fluidanimate": {"95th_latency": 7000.0, "99th_latency": 21853.0, "violate_rate": 26.476716866924644, "throughput": 4000}, "freqmine": {"95th_latency": 4944.0, "99th_latency": 16636.0, "violate_rate": 17.925165534331196, "throughput": 4000}, "raytrace": {"95th_latency": 4650.0, "99th_latency": 15600.0, "violate_rate": 16.64209293100515, "throughput": 4000}, "swaptions": {"95th_latency": 4197.0, "99th_latency": 14492.0, "violate_rate": 15.60534214603571, "throughput": 4000}, "vips": {"95th_latency": 4444.0, "99th_latency": 15387.0, "violate_rate": 15.881242690657459, "throughput": 4000}, "x264": {"95th_latency": 4460.0, "99th_latency": 14513.0, "violate_rate": 15.185333850630071, "throughput": 4000}, "baseline": {"95th_latency": 4221.0, "99th_latency": 14505.0, "violate_rate": 15.956606112256903, "throughput": 4000}}}
