{"masstree": {"blackscholes": {"95th_latency": 45826203.0, "99th_latency": 47671076.0, "violate_rate": 99.00366273466445, "throughput": 7000}, "bodytrack": {"95th_latency": 46639697.0, "99th_latency": 48580475.0, "violate_rate": 99.00357490719357, "throughput": 7000}, "facesim": {"95th_latency": 50156435.0, "99th_latency": 52293318.0, "violate_rate": 99.0031375912346, "throughput": 7000}, "ferret": {"95th_latency": 51136658.0, "99th_latency": 53056188.0, "violate_rate": 99.00288407655627, "throughput": 7000}, "fluidanimate": {"95th_latency": 52391297.0, "99th_latency": 54618337.0, "violate_rate": 99.00334305759314, "throughput": 7000}, "freqmine": {"95th_latency": 46311303.0, "99th_latency": 48230251.0, "violate_rate": 99.00339192001243, "throughput": 7000}, "raytrace": {"95th_latency": 46406389.0, "99th_latency": 48430284.0, "violate_rate": 99.00364397476264, "throughput": 7000}, "swaptions": {"95th_latency": 46282037.0, "99th_latency": 48217981.0, "violate_rate": 99.00370881005222, "throughput": 7000}, "vips": {"95th_latency": 46499796.0, "99th_latency": 48404442.0, "violate_rate": 99.00361331323303, "throughput": 7000}, "x264": {"95th_latency": 46684488.0, "99th_latency": 48606596.0, "violate_rate": 99.00341643355382, "throughput": 7000}, "baseline": {"95th_latency": 46589411.0, "99th_latency": 48511986.0, "violate_rate": 99.00375750252577, "throughput": 7000}}}
