{"masstree": {"blackscholes": {"95th_latency": 4771.0, "99th_latency": 16169.0, "violate_rate": 17.716653698451346, "throughput": 4000}, "bodytrack": {"95th_latency": 4761.0, "99th_latency": 15693.0, "violate_rate": 15.001670595829964, "throughput": 4000}, "facesim": {"95th_latency": 5511.0, "99th_latency": 17685.0, "violate_rate": 21.63427842877229, "throughput": 4000}, "ferret": {"95th_latency": 7582.0, "99th_latency": 25633.0, "violate_rate": 31.069188121713402, "throughput": 4000}, "fluidanimate": {"95th_latency": 5576.0, "99th_latency": 17884.0, "violate_rate": 21.698613039233013, "throughput": 4000}, "freqmine": {"95th_latency": 4843.0, "99th_latency": 15121.0, "violate_rate": 17.44650197987177, "throughput": 4000}, "raytrace": {"95th_latency": 4285.0, "99th_latency": 14509.0, "violate_rate": 15.75555022304793, "throughput": 4000}, "swaptions": {"95th_latency": 4343.0, "99th_latency": 14415.0, "violate_rate": 15.65643777218354, "throughput": 4000}, "vips": {"95th_latency": 4307.0, "99th_latency": 14126.0, "violate_rate": 15.94292451539542, "throughput": 4000}, "x264": {"95th_latency": 4435.0, "99th_latency": 15083.0, "violate_rate": 15.199820178378841, "throughput": 4000}, "baseline": {"95th_latency": 4210.0, "99th_latency": 14455.0, "violate_rate": 15.629632365073515, "throughput": 4000}}}
{"masstree": {"blackscholes": {"95th_latency": 4453.0, "99th_latency": 15330.0, "violate_rate": 15.678760845300761, "throughput": 4000}, "bodytrack": {"95th_latency": 4560.0, "99th_latency": 14356.0, "violate_rate": 15.199187075328892, "throughput": 4000}, "facesim": {"95th_latency": 5102.0, "99th_latency": 16170.000000000002, "violate_rate": 20.62667014916323, "throughput": 4000}, "ferret": {"95th_latency": 7453.0, "99th_latency": 27706.0, "violate_rate": 33.59214302168426, "throughput": 4000}, "fluidanimate": {"95th_latency": 5486.0, "99th_latency": 18786.0, "violate_rate": 20.043934554111043, "throughput": 4000}, "freqmine": {"95th_latency": 5168.0, "99th_latency": 17595.0, "violate_rate": 18.464881960476948, "throughput": 4000}, "raytrace": {"95th_latency": 4301.0, "99th_latency": 14479.0, "violate_rate": 14.150906834965026, "throughput": 4000}, "swaptions": {"95th_latency": 4417.0, "99th_latency": 15225.0, "violate_rate": 15.73856336308343, "throughput": 4000}, "vips": {"95th_latency": 4402.0, "99th_latency": 14539.0, "violate_rate": 15.618046829870083, "throughput": 4000}, "x264": {"95th_latency": 4349.0, "99th_latency": 14786.0, "violate_rate": 15.580627538075706, "throughput": 4000}, "baseline": {"95th_latency": 4221.0, "99th_latency": 14615.0, "violate_rate": 15.899827287871503, "throughput": 4000}}}
{"masstree": {"blackscholes": {"95th_latency": 4435.0, "99th_latency": 14900.0, "violate_rate": 15.146844077596528, "throughput": 4000}, "bodytrack": {"95th_latency": 4375.0, "99th_latency": 14415.0, "violate_rate": 15.233167533230969, "throughput": 4000}, "facesim": {"95th_latency": 5264.0, "99th_latency": 17533.0, "violate_rate": 20.3651139515672, "throughput": 4000}, "ferret": {"95th_latency": 7914.0, "99th_latency": 26287.0, "violate_rate": 32.24337259638447, "throughput": 4000}, "fluidanimate": {"95th_latency": 5414.0, "99th_latency": 18137.0, "violate_rate": 20.58976888605173, "throughput": 4000}, "freqmine": {"95th_latency": 4712.0, "99th_latency": 16456.0, "violate_rate": 17.50903314004434, "throughput": 4000}, "raytrace": {"95th_latency": 4382.0, "99th_latency": 14374.0, "violate_rate": 14.083217609286448, "throughput": 4000}, "swaptions": {"95th_latency": 4245.0, "99th_latency": 14505.0, "violate_rate": 15.564398540717765, "throughput": 4000}, "vips": {"95th_latency": 4236.0, "99th_latency": 14295.0, "violate_rate": 15.864366220917303, "throughput": 4000}, "x264": {"95th_latency": 4343.0, "99th_latency": 14811.0, "violate_rate": 15.287022702495802, "throughput": 4000}, "baseline": {"95th_latency": 4399.0, "99th_latency": 14110.0, "violate_rate": 15.76945726076025, "throughput": 4000}}}
{"masstree": {"blackscholes": {"95th_latency": 4615.0, "99th_latency": 15947.0, "violate_rate": 16.650332388519576, "throughput": 4000}, "bodytrack": {"95th_latency": 4415.0, "99th_latency": 14736.0, "violate_rate": 16.780248485951184, "throughput": 4000}, "facesim": {"95th_latency": 5385.0, "99th_latency": 17881.0, "violate_rate": 21.12217877483404, "throughput": 4000}, "ferret": {"95th_latency": 8188.000000000001, "99th_latency": 28977.0, "violate_rate": 32.079780869415806, "throughput": 4000}, "fluidanimate": {"95th_latency": 5436.0, "99th_latency": 18022.0, "violate_rate": 21.838365740918103, "throughput": 4000}, "freqmine": {"95th_latency": 4775.0, "99th_latency": 15646.0, "violate_rate": 17.46985608446342, "throughput": 4000}, "raytrace": {"95th_latency": 4810.0, "99th_latency": 15484.0, "violate_rate": 16.820070037807724, "throughput": 4000}, "swaptions": {"95th_latency": 4538.0, "99th_latency": 14648.0, "violate_rate": 16.742071536530503, "throughput": 4000}, "vips": {"95th_latency": 4452.0, "99th_latency": 14534.0, "violate_rate": 15.131695930342918, "throughput": 4000}, "x264": {"95th_latency": 4402.0, "99th_latency": 14460.0, "violate_rate": 15.48969076336925, "throughput": 4000}, "baseline": {"95th_latency": 4501.0, "99th_latency": 15059.0, "violate_rate": 15.436746309240093, "throughput": 4000}}}
{"masstree": {"blackscholes": {"95th_latency": 4674.0, "99th_latency": 15022.0, "violate_rate": 16.968201693119617, "throughput": 4000}, "bodytrack": {"95th_latency": 4334.0, "99th_latency": 14505.0, "violate_rate": 16.737074456081018, "throughput": 4000}, "facesim": {"95th_latency": 5508.0, "99th_latency": 17650.0, "violate_rate": 21.698903798004537, "throughput": 4000}, "ferret": {"95th_latency": 8398.0, "99th_latency": 28196.0, "violate_rate": 33.423540118529, "throughput": 4000}, "fluidanimate": {"95th_latency": 6070.0, "99th_latency": 18314.0, "violate_rate": 21.34013219670499, "throughput": 4000}, "freqmine": {"95th_latency": 4714.0, "99th_latency": 15664.0, "violate_rate": 17.488147306555497, "throughput": 4000}, "raytrace": {"95th_latency": 4313.0, "99th_latency": 15190.0, "violate_rate": 14.090493660307574, "throughput": 4000}, "swaptions": {"95th_latency": 4268.0, "99th_latency": 14365.0, "violate_rate": 15.799541158900626, "throughput": 4000}, "vips": {"95th_latency": 4452.0, "99th_latency": 14933.0, "violate_rate": 16.740379612432143, "throughput": 4000}, "x264": {"95th_latency": 4430.0, "99th_latency": 14590.0, "violate_rate": 15.69838106351558, "throughput": 4000}, "baseline": {"95th_latency": 4482.0, "99th_latency": 13929.0, "violate_rate": 15.779012316520767, "throughput": 4000}}}
