{"masstree": {"blackscholes": {"95th_latency": 1226.0, "99th_latency": 3963.0, "violate_rate": 2.587100411303425, "throughput": 3000}, "bodytrack": {"95th_latency": 1242.0, "99th_latency": 3820.0, "violate_rate": 2.571709841616197, "throughput": 3000}, "facesim": {"95th_latency": 1442.0, "99th_latency": 4937.0, "violate_rate": 3.9936813784349146, "throughput": 3000}, "ferret": {"95th_latency": 1640.0, "99th_latency": 5707.0, "violate_rate": 3.269189373776964, "throughput": 3000}, "fluidanimate": {"95th_latency": 1662.0, "99th_latency": 5761.0, "violate_rate": 3.1802281625722095, "throughput": 3000}, "freqmine": {"95th_latency": 1256.0, "99th_latency": 3782.0, "violate_rate": 2.5809416337756246, "throughput": 3000}, "raytrace": {"95th_latency": 1185.0, "99th_latency": 3877.0, "violate_rate": 2.7322204425273227, "throughput": 3000}, "swaptions": {"95th_latency": 1195.0, "99th_latency": 3709.0, "violate_rate": 2.781275303208831, "throughput": 3000}, "vips": {"95th_latency": 1236.0, "99th_latency": 3551.0, "violate_rate": 2.6872774842567693, "throughput": 3000}, "x264": {"95th_latency": 1222.0, "99th_latency": 3844.0, "violate_rate": 2.607352796673173, "throughput": 3000}, "baseline": {"95th_latency": 1233.0, "99th_latency": 3625.0, "violate_rate": 2.711488329344847, "throughput": 3000}}}
{"masstree": {"blackscholes": {"95th_latency": 1234.0, "99th_latency": 3543.0, "violate_rate": 2.7031913876459295, "throughput": 3000}, "bodytrack": {"95th_latency": 1239.0, "99th_latency": 3532.0, "violate_rate": 2.668476010173014, "throughput": 3000}, "facesim": {"95th_latency": 1440.0, "99th_latency": 4759.0, "violate_rate": 2.0227749813084297, "throughput": 3000}, "ferret": {"95th_latency": 1656.0, "99th_latency": 5412.0, "violate_rate": 3.196490676562164, "throughput": 3000}, "fluidanimate": {"95th_latency": 1645.0, "99th_latency": 5386.0, "violate_rate": 3.278874813710882, "throughput": 3000}, "freqmine": {"95th_latency": 1269.0, "99th_latency": 3960.0, "violate_rate": 2.48098266983437, "throughput": 3000}, "raytrace": {"95th_latency": 1233.0, "99th_latency": 3854.0, "violate_rate": 2.6403791399422456, "throughput": 3000}, "swaptions": {"95th_latency": 1239.0, "99th_latency": 3987.0, "violate_rate": 2.5734715033824838, "throughput": 3000}, "vips": {"95th_latency": 1238.0, "99th_latency": 3963.0, "violate_rate": 2.5955319314246825, "throughput": 3000}, "x264": {"95th_latency": 1240.0, "99th_latency": 3816.0, "violate_rate": 2.6177053890786524, "throughput": 3000}, "baseline": {"95th_latency": 1247.0, "99th_latency": 3902.0, "violate_rate": 2.580124216575152, "throughput": 3000}}}
{"masstree": {"blackscholes": {"95th_latency": 1225.0, "99th_latency": 3821.0, "violate_rate": 2.6612254913084903, "throughput": 3000}, "bodytrack": {"95th_latency": 1280.0, "99th_latency": 4083.0, "violate_rate": 2.438010859322858, "throughput": 3000}, "facesim": {"95th_latency": 1447.0, "99th_latency": 5378.0, "violate_rate": 3.912209706507226, "throughput": 3000}, "ferret": {"95th_latency": 1667.0, "99th_latency": 5774.0, "violate_rate": 3.147760154980005, "throughput": 3000}, "fluidanimate": {"95th_latency": 1675.0, "99th_latency": 5773.0, "violate_rate": 3.108826074357215, "throughput": 3000}, "freqmine": {"95th_latency": 1272.0, "99th_latency": 3854.0, "violate_rate": 2.540873254788337, "throughput": 3000}, "raytrace": {"95th_latency": 1243.0, "99th_latency": 3741.0, "violate_rate": 2.5628663885873144, "throughput": 3000}, "swaptions": {"95th_latency": 1247.0, "99th_latency": 3946.0, "violate_rate": 2.544441188774594, "throughput": 3000}, "vips": {"95th_latency": 1219.0, "99th_latency": 3518.0, "violate_rate": 2.7753073438256837, "throughput": 3000}, "x264": {"95th_latency": 1255.0, "99th_latency": 3788.0, "violate_rate": 2.607036632451217, "throughput": 3000}, "baseline": {"95th_latency": 1233.0, "99th_latency": 3551.0, "violate_rate": 2.679244420393767, "throughput": 3000}}}
{"masstree": {"blackscholes": {"95th_latency": 1268.0, "99th_latency": 4017.0000000000005, "violate_rate": 2.4375439022043635, "throughput": 3000}, "bodytrack": {"95th_latency": 1271.0, "99th_latency": 3893.0, "violate_rate": 2.481554021947629, "throughput": 3000}, "facesim": {"95th_latency": 1480.0, "99th_latency": 4667.0, "violate_rate": 3.8710346984351953, "throughput": 3000}, "ferret": {"95th_latency": 1685.0, "99th_latency": 5508.0, "violate_rate": 3.1508160892715056, "throughput": 3000}, "fluidanimate": {"95th_latency": 1565.0, "99th_latency": 5095.0, "violate_rate": 3.5606821842150995, "throughput": 3000}, "freqmine": {"95th_latency": 1269.0, "99th_latency": 3662.0, "violate_rate": 2.572365330489434, "throughput": 3000}, "raytrace": {"95th_latency": 1252.0, "99th_latency": 3534.0, "violate_rate": 2.6515559263949107, "throughput": 3000}, "swaptions": {"95th_latency": 1267.0, "99th_latency": 3655.0, "violate_rate": 2.598145617225583, "throughput": 3000}, "vips": {"95th_latency": 1225.0, "99th_latency": 3698.0, "violate_rate": 2.6547793133439885, "throughput": 3000}, "x264": {"95th_latency": 1244.0, "99th_latency": 3951.0, "violate_rate": 2.506590391470093, "throughput": 3000}, "baseline": {"95th_latency": 1245.0, "99th_latency": 3925.0, "violate_rate": 2.570585950813198, "throughput": 3000}}}
{"masstree": {"blackscholes": {"95th_latency": 1245.0, "99th_latency": 3933.0, "violate_rate": 2.6064384809542336, "throughput": 3000}, "bodytrack": {"95th_latency": 1264.0, "99th_latency": 3965.0, "violate_rate": 2.544651696078858, "throughput": 3000}, "facesim": {"95th_latency": 1469.0, "99th_latency": 4624.0, "violate_rate": 3.9459248026973346, "throughput": 3000}, "ferret": {"95th_latency": 1704.0, "99th_latency": 5783.0, "violate_rate": 3.0714981737004514, "throughput": 3000}, "fluidanimate": {"95th_latency": 1607.0, "99th_latency": 5315.0, "violate_rate": 3.4184452711095337, "throughput": 3000}, "freqmine": {"95th_latency": 1323.0, "99th_latency": 4152.0, "violate_rate": 2.3545529794534397, "throughput": 3000}, "raytrace": {"95th_latency": 1275.0, "99th_latency": 4050.0, "violate_rate": 2.4258046515152554, "throughput": 3000}, "swaptions": {"95th_latency": 1281.0, "99th_latency": 4158.0, "violate_rate": 2.4449032024450177, "throughput": 3000}, "vips": {"95th_latency": 1243.0, "99th_latency": 3780.0, "violate_rate": 2.589010334521726, "throughput": 3000}, "x264": {"95th_latency": 1255.0, "99th_latency": 3759.0, "violate_rate": 2.5427402919101643, "throughput": 3000}, "baseline": {"95th_latency": 1233.0, "99th_latency": 3637.0, "violate_rate": 2.696805693875921, "throughput": 3000}}}
