{"masstree": {"519.lbm_r": {"95th_latency": 1277198.0, "99th_latency": 1317533.0, "violate_rate": 99.12812584603782, "throughput": 4000}, "544.nab_r": {"95th_latency": 11634.0, "99th_latency": 42219.0, "violate_rate": 35.98519798683561, "throughput": 4000}, "baseline": {"95th_latency": 11474.0, "99th_latency": 43804.0, "violate_rate": 33.60023217528482, "throughput": 4000}}}
{"masstree": {"519.lbm_r": {"95th_latency": 1366748.0, "99th_latency": 1438753.0, "violate_rate": 99.08327846201105, "throughput": 4000}, "544.nab_r": {"95th_latency": 11788.0, "99th_latency": 41551.0, "violate_rate": 34.486683114408095, "throughput": 4000}, "baseline": {"95th_latency": 11286.0, "99th_latency": 37494.0, "violate_rate": 33.476970585620805, "throughput": 4000}}}
{"masstree": {"519.lbm_r": {"95th_latency": 1564145.0, "99th_latency": 1604732.0, "violate_rate": 99.08257245695783, "throughput": 4000}, "544.nab_r": {"95th_latency": 11933.0, "99th_latency": 49397.0, "violate_rate": 36.57202370493599, "throughput": 4000}, "baseline": {"95th_latency": 11616.0, "99th_latency": 37290.0, "violate_rate": 33.88815827706355, "throughput": 4000}}}
