{"519.lbm_r": [[32621532.0, 34552312.0, 100.0]], "baseline": [[1167.0, 584882.0, 1.0000410400602173]]}
{"519.lbm_r": [[1068.0, 81386.0, 1.0054751521743537]], "baseline": [[1080.0, 1756.0, 0.0003186079772942895]]}
{"519.lbm_r": [[1084.0, 490734.0, 1.0006674439552508]], "baseline": [[1057.0, 1661.0, 0.0005215322765396112]]}
{"519.lbm_r": [[33363807.999999996, 34595375.0, 100.0]], "baseline": [[1096.0, 2577.0, 1.434406110516259]]}
{"519.lbm_r": [[1063.0, 155347.0, 1.0028350778373298]], "baseline": [[1137.0, 498089.0, 1.0005284832011336]]}
{"519.lbm_r": [[1080.0, 54373.0, 1.0080737667194728]], "baseline": [[1082.0, 1803.0, 0.00019485197196110804]]}
{"519.lbm_r": [[1044.0, 1688.0, 0.0004192771031604987]], "baseline": [[1065.0, 1679.0, 0.00033771629286840027]]}
{"519.lbm_r": [[1095.0, 372857.0, 1.0009522249894482]], "baseline": [[1082.0, 1759.0, 0.00024300417937853994]]}
{"519.lbm_r": [[1062.0, 1931.0, 7.888991534011026e-05]], "baseline": [[1114.0, 2979.0, 1.3076221922273579]]}
{"519.lbm_r": [[1088.0, 151886.0, 1.0027008427470787]], "baseline": [[1047.0, 1651.0, 0.00045257634866770755]]}
{"519.lbm_r": [[1075.0, 72290.0, 1.006159576080163]], "baseline": [[1075.0, 1753.0, 0.00028102510679975124]]}
{"519.lbm_r": [[27356989.0, 28171742.0, 100.0]], "baseline": [[1130.0, 134353.0, 1.0028407812997788]]}
{"519.lbm_r": [[26196545.0, 27014279.0, 100.0]], "baseline": [[1079.0, 1729.0, 0.00025928590066406817]]}
{"519.lbm_r": [[21144042.0, 21942573.0, 100.0]], "baseline": [[1065.0, 1682.0, 0.0005500807895820333]]}
{"519.lbm_r": [[34459710.0, 35905048.0, 100.0]], "baseline": [[1068.0, 1666.0, 0.0005801894540168246]]}
{"519.lbm_r": [[1042.0, 1695.0, 0.00037530789514056976]], "baseline": [[1096.0, 1972.0, 2.3241192864529868e-05]]}
{"519.lbm_r": [[1083.0, 128887.0, 1.0032164926102058]], "baseline": [[1116.0, 154938.0, 1.002581326580659]]}
{"519.lbm_r": [[1103.0, 594540.0, 1.0004281013505958]], "baseline": [[1112.0, 341460.0, 1.0010898864232871]]}
{"519.lbm_r": [[1109.0, 478275.0, 1.0006659515594236]], "baseline": [[1110.0, 3436.0, 1.232869572081978]]}
{"519.lbm_r": [[1069.0, 2115.0, 1.8071948254867833]], "baseline": [[1115.0, 159858.0, 1.0025088663230572]]}
{"519.lbm_r": [[20979270.0, 22490527.0, 100.0]], "baseline": [[1169.0, 607910.0, 1.000308302219076]]}
{"519.lbm_r": [[1091.0, 148030.0, 1.0027740341123965]], "baseline": [[1120.0, 175366.0, 1.002116730694241]]}
{"519.lbm_r": [[33414227.0, 35132569.0, 100.0]], "baseline": [[1180.0, 755623.0, 1.0001278669961522]]}
{"519.lbm_r": [[1071.0, 2626.0, 1.4183129375477814]], "baseline": [[1094.0, 57043.0, 1.0077139852796109]]}
{"519.lbm_r": [[1084.0, 265221.0, 1.0014260159589257]], "baseline": [[1110.0, 232611.0, 1.0015969570404066]]}
{"519.lbm_r": [[1084.0, 10186.0, 1.04960091977881]], "baseline": [[1116.0, 56154.0, 1.0076296063198067]]}
