{"519.lbm_r": [[1071.0, 187620.0, 1.002116505412883]], "baseline": [[1087.0, 1813.0, 0.00017044987086278174]]}
{"519.lbm_r": [[1033.0, 1653.0, 0.0005334134892671364]], "baseline": [[19856846.0, 20154330.0, 100.0]]}
{"519.lbm_r": [[26318980.0, 27003968.0, 100.0]], "baseline": [[1127.0, 391764.0, 1.0007737689633072]]}
{"519.lbm_r": [[1020.0, 1647.0, 0.00044805546036601863]], "baseline": [[1096.0, 2264.0, 1.6296576221236339]]}
{"519.lbm_r": [[21368441.0, 22492007.0, 100.0]], "baseline": [[1096.0, 3203.0, 1.265663335841053]]}
{"519.lbm_r": [[1060.0, 1973.0, 2.9478317274358137e-05]], "baseline": [[5486674.0, 5536904.0, 100.0]]}
{"519.lbm_r": [[1065.0, 2123.0, 1.7976461164182171]], "baseline": [[1064.0, 1690.0, 0.00040560290896797074]]}
{"519.lbm_r": [[1113.0, 396890.0, 1.0007752426269878]], "baseline": [[1070.0, 1725.0, 0.00025501342876758053]]}
{"519.lbm_r": [[1049.0, 2105.0, 1.8274825381857203]], "baseline": [[1078.0, 1931.0, 7.480766638348633e-05]]}
{"519.lbm_r": [[1080.0, 2188.0, 1.7150610227977163]], "baseline": [[1132.0, 403534.0, 1.000727901044539]]}
{"519.lbm_r": [[1059.0, 181183.0, 1.002509226060504]], "baseline": [[1142.0, 480410.0, 1.0005512910040117]]}
{"519.lbm_r": [[1064.0, 2934.0, 1.3395675124643867]], "baseline": [[1074.0, 1698.0, 0.0003673530959320987]]}
{"519.lbm_r": [[1114.0, 598370.0, 1.0003871530684076]], "baseline": [[1156.0, 584052.0, 1.0003709449385574]]}
{"519.lbm_r": [[1088.0, 456517.0, 1.0007543944410622]], "baseline": [[1113.0, 2345.0, 1.5581004328059147]]}
{"519.lbm_r": [[1123.0, 488314.0, 1.000499080615761]], "baseline": [[1067.0, 1699.0, 0.0003577487426934521]]}
{"519.lbm_r": [[1111.0, 528629.0, 1.000468147814778]], "baseline": [[1065.0, 1673.0, 0.0005037302078016008]]}
{"519.lbm_r": [[1101.0, 567596.0, 1.0004571934749342]], "baseline": [[1126.0, 274549.0, 1.0012678924393839]]}
{"519.lbm_r": [[1050.0, 22788.0, 1.0226974798592166]], "baseline": [[1138.0, 311606.0, 1.0009845932064794]]}
{"519.lbm_r": [[1131.0, 727273.0, 1.0001656325648212]], "baseline": [[1116.0, 65125.0, 1.0065718989803145]]}
{"519.lbm_r": [[1115.0, 468373.0, 1.0005354996911218]], "baseline": [[1095.0, 1872.0, 0.00010924108246503731]]}
{"519.lbm_r": [[1074.0, 158154.0, 1.0026567599427185]], "baseline": [[1066.0, 1715.0, 0.00024255791637148365]]}
{"519.lbm_r": [[1087.0, 286012.0, 1.0013851758319596]], "baseline": [[17979548.0, 19072639.0, 100.0]]}
{"519.lbm_r": [[1087.0, 92220.0, 1.0046692569918183]], "baseline": [[1085.0, 1862.0, 0.00011006680811600654]]}
{"519.lbm_r": [[25623225.0, 27162333.0, 100.0]], "baseline": [[1134.0, 496065.0, 1.0005518045370836]]}
{"519.lbm_r": [[26293668.0, 26699379.0, 100.0]], "baseline": [[1107.0, 2643.0, 1.40948366289397]]}
{"519.lbm_r": [[1078.0, 188387.0, 1.0021387031455042]], "baseline": [[1116.0, 4392.0, 1.1484474067658468]]}
{"519.lbm_r": [[22578816.0, 23589819.0, 100.0]], "baseline": [[1054.0, 1624.0, 0.0007049666922397837]]}
{"519.lbm_r": [[1016.9999999999999, 1664.0, 0.00031264709255446224]], "baseline": [[1098.0, 168285.0, 1.0025568610418565]]}
{"519.lbm_r": [[1092.0, 168357.0, 1.0023911663501759]], "baseline": [[1120.0, 32076.0, 1.0133021389684407]]}
{"519.lbm_r": [[1103.0, 251582.0, 1.0012985701561705]], "baseline": [[1123.0, 279512.0, 1.0012871082559154]]}
{"519.lbm_r": [[1083.0, 143874.0, 1.003063293860446]], "baseline": [[1148.0, 328657.0, 1.0008770975959709]]}
{"519.lbm_r": [[1032.0, 1631.0, 0.0005679407465897252]], "baseline": [[1073.0, 1708.0, 0.00033132024303377325]]}
{"519.lbm_r": [[1016.9999999999999, 1657.0, 0.0003507675062178804]], "baseline": [[1075.0, 1688.0, 0.0003110246708343158]]}
{"519.lbm_r": [[34397261.0, 34839623.0, 100.0]], "baseline": [[1220.0, 3346170.0, 2.1175522747837046]]}
{"519.lbm_r": [[1098.0, 468829.0, 1.0006234426323268]], "baseline": [[1136.0, 313274.0, 1.001029685313484]]}
{"519.lbm_r": [[1081.0, 193296.0, 1.00205477063678]], "baseline": [[1090.0, 1855.0, 0.0001228459896197456]]}
{"519.lbm_r": [[32506227.0, 33400224.000000004, 100.0]], "baseline": [[1172.0, 871816.0, 2.9980453510824834]]}
