{"519.lbm_r": [[440085.0, 12.001420534578306]]}
{"519.lbm_r": [[1416.0, 0.1556951017857669]]}
{"519.lbm_r": [[1455.0, 0.08319469531291526]]}
{"519.lbm_r": [[1423.0, 0.00086212240834783]]}
{"519.lbm_r": [[1507.0, 0.000720227267274954]]}
{"519.lbm_r": [[1513.0, 0.001152344958040382]]}
{"519.lbm_r": [[1440.0, 0.0006888308663539175]]}
{"519.lbm_r": [[1470.0, 0.0008883865284231269]]}
{"519.lbm_r": [[1517.0, 0.0069287039288619574]]}
{"519.lbm_r": [[1544.0, 0.0006207097991206268]]}
{"519.lbm_r": [[1367.0, 0.050337902930927145]]}
{"519.lbm_r": [[10085099.0, 100.0]]}
{"519.lbm_r": [[1796329.0, 38.00325590615386]]}
{"519.lbm_r": [[1480.0, 0.0006761097948884333]]}
{"519.lbm_r": [[1442.0, 0.0008998180638199598]]}
{"519.lbm_r": [[1433.0, 0.13980302768563738]]}
{"519.lbm_r": [[1522.0, 0.002767997163088225]]}
{"519.lbm_r": [[1416.0, 0.0026293918370658216]]}
{"519.lbm_r": [[1479.0, 0.00367598802122764]]}
{"519.lbm_r": [[8732845.0, 100.0]]}
{"519.lbm_r": [[1486.0, 0.004479425564991644]]}
{"519.lbm_r": [[1520.0, 0.0008763778198510231]]}
{"519.lbm_r": [[1516.0, 0.0006660280111515251]]}
{"519.lbm_r": [[8846855.0, 100.0]]}
{"519.lbm_r": [[828088.0, 31.004076909600993]]}
{"519.lbm_r": [[83954.0, 1.0052682285431738]]}
{"519.lbm_r": [[1442.0, 0.17418371787564094]]}
{"519.lbm_r": [[6366775.0, 100.0]]}
{"519.lbm_r": [[1482.0, 0.001598633445019535]]}
{"519.lbm_r": [[1488.0, 0.0007553928442532754]]}
{"519.lbm_r": [[1456.0, 0.05919498022582974]]}
{"519.lbm_r": [[1468.0, 0.0007061816996288337]]}
{"519.lbm_r": [[1458.0, 0.061789654120696466]]}
{"519.lbm_r": [[1408.0, 0.13514178667075455]]}
{"519.lbm_r": [[9701531.0, 100.0]]}
{"519.lbm_r": [[1496.0, 0.0017569597569298994]]}
{"519.lbm_r": [[1452.0, 0.0016016598826280564]]}
{"519.lbm_r": [[1473.0, 0.0007532129310783868]]}
{"519.lbm_r": [[11634637.0, 100.0]]}
{"519.lbm_r": [[1452.0, 0.00124500462206767]]}
{"519.lbm_r": [[1504.0, 0.001151648232921886]]}
{"519.lbm_r": [[1422.0, 0.0024268812450356386]]}
{"519.lbm_r": [[1489.0, 0.0010590843333844338]]}
{"519.lbm_r": [[1470.0, 0.0009402010000685395]]}
{"519.lbm_r": [[1495.0, 0.0012403590663251508]]}
{"519.lbm_r": [[1538.0, 0.0007700393765821366]]}
{"519.lbm_r": [[1472.0, 0.06270795792767223]]}
{"519.lbm_r": [[63435.0, 1.0072547376301502]]}
{"519.lbm_r": [[1433.0, 0.004635012070391704]]}
{"519.lbm_r": [[1440.0, 0.11069508296336421]]}
