{"519.lbm_r": [[1018.9999999999999, 1791.0, 0.00019917938853977873]], "baseline": [[1131.0, 383086.0, 1.0007858953571618]]}
{"519.lbm_r": [[1025.0, 1918.0, 5.3872344485899105e-05]], "baseline": [[1072.0, 1933.0, 4.993252116148958e-05]]}
{"519.lbm_r": [[1054.0, 2440.0, 1.5214163978454913]], "baseline": [[1053.0, 1752.0, 0.0002587807947782749]]}
{"519.lbm_r": [[1002.0, 1651.0, 0.000445186181772285]], "baseline": [[1064.0, 1816.0, 0.00013296937052751306]]}
{"519.lbm_r": [[1035.0, 1831.0, 0.00012363399731493138]], "baseline": [[1085.0, 2302.0, 1.5990721886025532]]}
{"519.lbm_r": [[1064.0, 6821.0, 1.0830727797200137]], "baseline": [[1053.0, 1724.0, 0.0003095267327238732]]}
{"519.lbm_r": [[37707821.0, 39081337.0, 100.0]], "baseline": [[1130.0, 513851.0, 1.0004706821908143]]}
{"519.lbm_r": [[1027.0, 1695.0, 0.0003912055507121216]], "baseline": [[1093.0, 75503.0, 1.0057100108637387]]}
{"519.lbm_r": [[1069.0, 244957.0, 1.0016742961284426]], "baseline": [[1076.0, 1873.0, 8.366701722132483e-05]]}
{"519.lbm_r": [[1094.0, 551002.0, 1.0005102432973016]], "baseline": [[1038.0, 1644.0, 0.00099170682142682]]}
{"519.lbm_r": [[1024.0, 1708.0, 0.00025533283319693846]], "baseline": [[1082.0, 2224.0, 1.6667765147678528]]}
