{"519.lbm_r": [[1074.0, 23517.0, 1.0177515788360223]], "baseline": [[1088.0, 1789.0, 0.00025306572914108965]]}
{"519.lbm_r": [[29111848.0, 30477077.0, 100.0]], "baseline": [[1093.0, 2295.0, 1.6057279303465841]]}
{"519.lbm_r": [[25595024.0, 26561257.0, 100.0]], "baseline": [[1138.0, 271814.0, 1.0012169323152547]]}
{"519.lbm_r": [[25670124.0, 26890277.0, 100.0]], "baseline": [[1067.0, 1671.0, 0.0004403833457790654]]}
{"519.lbm_r": [[20127084.0, 20424805.0, 100.0]], "baseline": [[1121.0, 68167.0, 1.0061483788688121]]}
{"519.lbm_r": [[27690036.0, 29229326.0, 100.0]], "baseline": [[1055.0, 1667.0, 0.000383080832971526]]}
{"519.lbm_r": [[28900385.0, 30128730.0, 100.0]], "baseline": [[1122.0, 241523.0, 1.0014595396510138]]}
{"519.lbm_r": [[17800357.0, 18149558.0, 100.0]], "baseline": [[1084.0, 2496.0, 1.4769820321331304]]}
{"519.lbm_r": [[1582.0, 307044.0, 4.362017235535388]], "baseline": [[1156.0, 547444.0, 1.0004490998549131]]}
{"519.lbm_r": [[26666261.0, 27798137.0, 100.0]], "baseline": [[40023721.0, 41931789.0, 100.0]]}
{"519.lbm_r": [[21643236.0, 22261439.0, 100.0]], "baseline": [[1142.0, 440781.0, 1.000641503879085]]}
{"519.lbm_r": [[20452690.0, 20987121.0, 100.0]], "baseline": [[1085.0, 1781.0, 0.00024495978509257683]]}
{"519.lbm_r": [[23157155.0, 24256804.0, 100.0]], "baseline": [[1095.0, 15091.0, 1.03169871307206]]}
{"519.lbm_r": [[19771150.0, 20448236.0, 100.0]], "baseline": [[1056.0, 1703.0, 0.00029010993012712727]]}
{"519.lbm_r": [[26249736.0, 27293059.0, 100.0]], "baseline": [[1124.0, 156482.0, 1.0025092917623677]]}
{"519.lbm_r": [[22461211.0, 23271672.0, 100.0]], "baseline": [[1156.0, 623258.0, 1.0002012333138168]]}
{"519.lbm_r": [[24378583.0, 25876147.0, 100.0]], "baseline": [[1148.0, 536221.0, 1.0004563037742196]]}
{"519.lbm_r": [[18503112.0, 19791231.0, 100.0]], "baseline": [[1148.0, 481773.0, 1.000479591185061]]}
{"519.lbm_r": [[22413362.0, 22852788.0, 100.0]], "baseline": [[1061.0, 1684.0, 0.0002992485377496654]]}
{"519.lbm_r": [[22778313.0, 23343254.0, 100.0]], "baseline": [[1209.0, 3042797.0, 2.0048259304280833]]}
{"519.lbm_r": [[25782918.0, 27576520.0, 100.0]], "baseline": [[1132.0, 250004.0, 1.0014620354672643]]}
{"519.lbm_r": [[25171696.0, 26795007.0, 100.0]], "baseline": [[1079.0, 1739.0, 0.00019729443108044487]]}
{"519.lbm_r": [[33071625.999999996, 34402798.0, 100.0]], "baseline": [[1072.0, 1831.0, 0.00012495292134954167]]}
{"519.lbm_r": [[27283589.0, 28266631.0, 100.0]], "baseline": [[1050.0, 1700.0, 0.0003529655800067325]]}
{"519.lbm_r": [[40887352.0, 42151011.0, 100.0]], "baseline": [[1114.0, 2876.0, 1.325730776224109]]}
