{"519.lbm_r": [[820.0, 1383.0, 0.1676696855453477]]}
{"519.lbm_r": [[811.0, 1358.0, 0.20984639455295484]]}
{"519.lbm_r": [[809.0, 1352.0, 0.045223744642541024]]}
{"519.lbm_r": [[819.0, 1424.0, 0.22298433741437407]]}
{"519.lbm_r": [[807.0, 1362.0, 0.22152742417968532]]}
