{"519.lbm_r": [[1449.0, 0.00243065901857072]]}
{"519.lbm_r": [[1388.0, 0.1422799012640731]]}
{"519.lbm_r": [[1449.0, 0.001493409164760363]]}
{"519.lbm_r": [[1468.0, 0.001028963120611067]]}
{"519.lbm_r": [[1405.0, 0.006595657509017915]]}
{"519.lbm_r": [[1474.0, 0.0010366656498561034]]}
{"519.lbm_r": [[1483.0, 0.0008308561130230525]]}
{"519.lbm_r": [[1448.0, 0.0013011955966406215]]}
{"519.lbm_r": [[1514.0, 0.0018292940305538363]]}
{"519.lbm_r": [[1425.0, 0.11300535918095495]]}
{"519.lbm_r": [[1449.0, 0.13361517511773524]]}
{"519.lbm_r": [[1450.0, 0.06788809334154469]]}
{"519.lbm_r": [[15550169.0, 100.0]]}
{"519.lbm_r": [[327542.0, 6.002392006960925]]}
{"519.lbm_r": [[1463.0, 0.0012176747883115042]]}
{"519.lbm_r": [[1494.0, 0.0007547782138322184]]}
{"519.lbm_r": [[1423.0, 0.0007172220574153826]]}
{"519.lbm_r": [[1469.0, 0.0007515141347524236]]}
{"519.lbm_r": [[1415.0, 0.0022193799385342035]]}
{"519.lbm_r": [[1429.0, 0.07503537936905923]]}
{"519.lbm_r": [[1452.0, 0.0013839370166571034]]}
{"519.lbm_r": [[1738614.0, 44.00651306310326]]}
{"519.lbm_r": [[1420.0, 0.17329538677754364]]}
{"519.lbm_r": [[1412.0, 0.06567923832216452]]}
{"519.lbm_r": [[1394.0, 0.2858190084440979]]}
{"519.lbm_r": [[1422.0, 0.09253743278565864]]}
{"519.lbm_r": [[135364.0, 2.851592462690732]]}
{"519.lbm_r": [[1380.0, 0.08025319717511888]]}
{"519.lbm_r": [[1449.0, 0.1267331484185803]]}
{"519.lbm_r": [[1480.0, 0.001008025251580214]]}
{"519.lbm_r": [[1438.0, 0.0014634693928366005]]}
{"519.lbm_r": [[1457.0, 0.0023006633292574036]]}
{"519.lbm_r": [[1480.0, 0.0019586422887749684]]}
{"519.lbm_r": [[1479.0, 0.0031530839289849923]]}
{"519.lbm_r": [[75162.0, 1.006670725044512]]}
{"519.lbm_r": [[1447.0, 0.0801643801337647]]}
{"519.lbm_r": [[1446.0, 0.0018628785776636158]]}
{"519.lbm_r": [[1446.0, 0.11608766538605632]]}
{"519.lbm_r": [[1395.0, 0.17259178717966311]]}
{"519.lbm_r": [[1335.0, 0.06488663099914736]]}
{"519.lbm_r": [[1416.0, 0.0017063234874555183]]}
{"519.lbm_r": [[1387.0, 0.005604824593548262]]}
{"519.lbm_r": [[1410.0, 0.16106531266222113]]}
{"519.lbm_r": [[9763640.0, 100.0]]}
{"519.lbm_r": [[1468.0, 0.0018325163942548518]]}
{"519.lbm_r": [[1517.0, 0.0034977323802795135]]}
{"519.lbm_r": [[1447.0, 0.0010724749047452743]]}
{"519.lbm_r": [[1401.0, 0.0022764841379001107]]}
{"519.lbm_r": [[1419.0, 0.21390223995937238]]}
{"519.lbm_r": [[1510.0, 0.0006908417942738462]]}
