{"519.lbm_r": [[811.0, 1370.0, 0.230835762576181]]}
{"519.lbm_r": [[795.0, 1316.0, 0.2600258908938372]]}
{"519.lbm_r": [[809.0, 1353.0, 0.3267639388946404]]}
{"519.lbm_r": [[805.0, 1335.0, 0.2655873209149765]]}
{"519.lbm_r": [[815.0, 1366.0, 0.24941089623104656]]}
