{"519.lbm_r": [[1462.0, 0.0025046723356589736]]}
{"519.lbm_r": [[1423.0, 0.08578122823050612]]}
{"519.lbm_r": [[383113.0, 15.00336134252655]]}
{"519.lbm_r": [[1440.0, 0.0014963192410958517]]}
{"519.lbm_r": [[1417.0, 0.0010991469259450824]]}
{"519.lbm_r": [[1416.0, 0.001000013936359792]]}
{"519.lbm_r": [[1355.0, 0.12094413531768416]]}
{"519.lbm_r": [[1428.0, 0.000911160567094495]]}
{"519.lbm_r": [[1438.0, 0.09985426059548924]]}
{"519.lbm_r": [[1504.0, 0.0019046537551579135]]}
{"519.lbm_r": [[1433.0, 0.0008978891173106732]]}
{"519.lbm_r": [[1416.0, 0.22743749112440814]]}
{"519.lbm_r": [[1431.0, 0.0008743415304634828]]}
{"519.lbm_r": [[1642.0, 0.0005962863071374428]]}
{"519.lbm_r": [[1469.0, 0.0030836590047470577]]}
{"519.lbm_r": [[1505.0, 0.0010346903160619741]]}
{"519.lbm_r": [[1449.0, 0.0008549486641028685]]}
{"519.lbm_r": [[1433.0, 0.0009039236722810613]]}
{"519.lbm_r": [[1470.0, 0.0027201447622574853]]}
{"519.lbm_r": [[1502.0, 0.0006451756404197666]]}
{"519.lbm_r": [[1374.0, 0.09214000983610093]]}
{"519.lbm_r": [[1451.0, 0.0016555626692100398]]}
{"519.lbm_r": [[11042049.0, 100.0]]}
{"519.lbm_r": [[1449.0, 0.06204062751019959]]}
{"519.lbm_r": [[142826.0, 1.002392348913738]]}
{"519.lbm_r": [[1401.0, 0.1358638595937611]]}
{"519.lbm_r": [[1412.0, 0.1174726094278002]]}
{"519.lbm_r": [[1443.0, 0.0008160192183950441]]}
{"519.lbm_r": [[1428.0, 0.004596754226470337]]}
{"519.lbm_r": [[1467.0, 0.0009423115721367293]]}
{"519.lbm_r": [[1425.0, 0.0007470011062682579]]}
{"519.lbm_r": [[1407.0, 0.10039831011403086]]}
{"519.lbm_r": [[1370.0, 0.12827493811436616]]}
{"519.lbm_r": [[7939870.0, 100.0]]}
{"519.lbm_r": [[1498.0, 0.0011818165752393393]]}
{"519.lbm_r": [[1420.0, 0.06919242609650056]]}
{"519.lbm_r": [[1450.0, 0.0009321828245617871]]}
{"519.lbm_r": [[1343.0, 0.11333210306320729]]}
{"519.lbm_r": [[1438.0, 0.002297652221159209]]}
{"519.lbm_r": [[6573342.0, 100.0]]}
{"519.lbm_r": [[1461.0, 0.0010295259647603334]]}
{"519.lbm_r": [[1575.0, 0.0005136597159050723]]}
{"519.lbm_r": [[1423.0, 0.003885199309669736]]}
{"519.lbm_r": [[1371.0, 0.0030897803837495095]]}
{"519.lbm_r": [[1470.0, 0.0016733518317677215]]}
{"519.lbm_r": [[1390.0, 0.0018490751230870832]]}
{"519.lbm_r": [[1417.0, 0.0005779004919825477]]}
{"519.lbm_r": [[1466.0, 0.001345995851542285]]}
{"519.lbm_r": [[1460.0, 0.0013590216221916504]]}
{"519.lbm_r": [[1378.0, 0.14046077596103476]]}
