{"519.lbm_r": [[810.0, 1346.0, 0.2289064121835953]]}
{"519.lbm_r": [[808.0, 1368.0, 0.20311145280814139]]}
{"519.lbm_r": [[816.0, 1379.0, 0.3058804791620406]]}
{"519.lbm_r": [[805.0, 1344.0, 0.37632465258658104]]}
{"519.lbm_r": [[808.0, 1330.0, 0.2278803410664991]]}
