{"519.lbm_r": [[804.0, 1286.0, 0.20923206177614012]]}
{"519.lbm_r": [[816.0, 1379.0, 0.04045469979199448]]}
{"519.lbm_r": [[807.0, 1352.0, 0.17349327315108515]]}
{"519.lbm_r": [[808.0, 1329.0, 0.3433255827162247]]}
{"519.lbm_r": [[803.0, 1326.0, 0.22452424251645448]]}
{"519.lbm_r": [[804.0, 1318.0, 0.2817085370397818]]}
{"519.lbm_r": [[804.0, 1345.0, 0.28827830470775023]]}
{"519.lbm_r": [[803.0, 1320.0, 0.17530851209808757]]}
{"519.lbm_r": [[804.0, 1346.0, 0.14469071714980405]]}
{"519.lbm_r": [[808.0, 1368.0, 0.11363879935577882]]}
{"519.lbm_r": [[812.0, 1386.0, 0.1839900114110172]]}
{"519.lbm_r": [[802.0, 1367.0, 0.2066722350902706]]}
