{"519.lbm_r": [[814.0, 1383.0, 0.31935054891042075]]}
{"519.lbm_r": [[817.0, 1364.0, 0.259663359356195]]}
{"519.lbm_r": [[816.0, 1389.0, 0.16930446012649406]]}
{"519.lbm_r": [[807.0, 1351.0, 0.30226914525762516]]}
{"519.lbm_r": [[821.0, 1427.0, 0.19932087617089786]]}
