{"519.lbm_r": [[1020.0, 1812.0, 0.00017519014105978205]], "baseline": [[1035.0, 1712.0, 0.0003934390106300878]]}
{"519.lbm_r": [[1028.0, 1753.0, 0.0002184521407025887]], "baseline": [[1096.0, 180940.0, 1.0019177977234501]]}
{"519.lbm_r": [[1036.0, 2440.0, 1.5257948111940118]], "baseline": [[1029.0, 1624.0, 0.0016467191525950191]]}
{"519.lbm_r": [[1063.0, 23542.0, 1.0197967296475672]], "baseline": [[1052.0, 1804.0, 0.00013158742805400672]]}
{"519.lbm_r": [[1008.0, 1663.0, 0.0005074706616482435]], "baseline": [[1046.0, 1738.0, 0.0002055086491815984]]}
{"519.lbm_r": [[1022.9999999999999, 1836.0, 0.00010344998968228733]], "baseline": [[1070.0, 2113.0, 1.805116573728084]]}
{"519.lbm_r": [[1025.0, 1913.0, 5.472398716206909e-05]], "baseline": [[1030.0, 1651.0, 0.0008384720870744713]]}
{"519.lbm_r": [[1040.0, 2359.0, 1.5765761935563738]], "baseline": [[1118.0, 1813015.0, 1.000155829301849]]}
{"519.lbm_r": [[1030.0, 1830.0, 0.0001220921766881155]], "baseline": [[1054.0, 1801.0, 0.0001547269117072347]]}
{"519.lbm_r": [[1006.9999999999999, 1741.0, 0.00020700429631734295]], "baseline": [[1073.0, 68793.0, 1.0066788962209297]]}
