{"519.lbm_r": [[1129.0, 900431.0, 2.6914011406281433]], "baseline": [[1069.0, 1740.0, 0.00023552076595883352]]}
{"519.lbm_r": [[1084.0, 501963.0, 1.0006780345849495]], "baseline": [[1057.0, 1675.0, 0.00042085871951456504]]}
{"519.lbm_r": [[21525344.0, 22818108.0, 100.0]], "baseline": [[1060.0, 1759.0, 0.0002649029718148877]]}
{"519.lbm_r": [[1082.0, 224352.0, 1.0018359329220066]], "baseline": [[1081.0, 1793.0, 0.0001573263139266524]]}
{"519.lbm_r": [[1059.0, 2354.0, 1.5724028559176055]], "baseline": [[1066.0, 1785.0, 0.00019003366409747814]]}
{"519.lbm_r": [[1104.0, 564750.0, 1.00038305697794]], "baseline": [[1097.0, 4911.0, 1.129060203159177]]}
{"519.lbm_r": [[1058.0, 242345.0, 1.0017567388598096]], "baseline": [[1071.0, 1765.0, 0.000208182357710253]]}
{"519.lbm_r": [[1073.0, 2462.0, 1.4973755669068525]], "baseline": [[1133.0, 564524.0, 1.0004385173268573]]}
{"519.lbm_r": [[1014.0, 1603.0, 0.0007151798797559314]], "baseline": [[1047.0, 1624.0, 0.0010805283544302006]]}
{"519.lbm_r": [[1077.0, 120673.0, 1.0035701954701532]], "baseline": [[1090.0, 1864.0, 9.892977266964394e-05]]}
