{"519.lbm_r": [[1415.0, 0.11368364197561132]]}
{"519.lbm_r": [[1437.0, 0.1508985053856259]]}
{"519.lbm_r": [[1503.0, 0.0006400301772057618]]}
{"519.lbm_r": [[1563.0, 0.0006123911790545023]]}
{"519.lbm_r": [[1478.0, 0.001259260486499928]]}
{"519.lbm_r": [[1483.0, 0.0009657920119276218]]}
{"519.lbm_r": [[1500.0, 0.0004930274345027173]]}
{"519.lbm_r": [[1431.0, 0.000964810110573958]]}
{"519.lbm_r": [[1431.0, 0.23605638173852897]]}
{"519.lbm_r": [[1492.0, 0.000953863471832887]]}
{"519.lbm_r": [[8838151.0, 100.0]]}
{"519.lbm_r": [[1457.0, 0.0019663939484873202]]}
{"519.lbm_r": [[1381.0, 0.11939924010714942]]}
{"519.lbm_r": [[1525.0, 0.0008715395637359656]]}
{"519.lbm_r": [[404156.0, 16.546881661147307]]}
{"519.lbm_r": [[1487.0, 0.0015190373231347529]]}
{"519.lbm_r": [[1445.0, 0.002175993901318442]]}
{"519.lbm_r": [[1435.0, 0.0012667338049376891]]}
{"519.lbm_r": [[1516.0, 0.0012136084294114707]]}
{"519.lbm_r": [[1405.0, 0.15217596629880287]]}
{"519.lbm_r": [[1464.0, 0.08233133147586977]]}
{"519.lbm_r": [[1477.0, 0.0032135676399098036]]}
{"519.lbm_r": [[1577.0, 0.000534869764907221]]}
{"519.lbm_r": [[1451.0, 0.0010532008144166416]]}
{"519.lbm_r": [[1457.0, 0.0021343940831861237]]}
{"519.lbm_r": [[1381.0, 0.08707747433988831]]}
{"519.lbm_r": [[1532.0, 0.0007721395035880211]]}
{"519.lbm_r": [[1388.0, 0.01607331499163514]]}
{"519.lbm_r": [[1462.0, 0.0007804228666641378]]}
{"519.lbm_r": [[127070.0, 1.002750806237386]]}
{"519.lbm_r": [[1399.0, 0.0008182225878816782]]}
{"519.lbm_r": [[1481.0, 0.0012233074036599942]]}
{"519.lbm_r": [[7368894.0, 100.0]]}
{"519.lbm_r": [[8795525.0, 100.0]]}
{"519.lbm_r": [[1485.0, 0.06087073121008154]]}
{"519.lbm_r": [[1477.0, 0.0037491170292920325]]}
{"519.lbm_r": [[1456.0, 0.0040876790530573566]]}
{"519.lbm_r": [[1486.0, 0.001453538868751668]]}
{"519.lbm_r": [[1450.0, 0.0015640127577702689]]}
{"519.lbm_r": [[1452.0, 0.0010858029231387027]]}
{"519.lbm_r": [[1496.0, 0.0009528800806779063]]}
{"519.lbm_r": [[1436.0, 0.0009121297385566587]]}
{"519.lbm_r": [[1490.0, 0.0005788627422981161]]}
{"519.lbm_r": [[5028476.0, 100.0]]}
{"519.lbm_r": [[1493.0, 0.002552447138462499]]}
{"519.lbm_r": [[1492.0, 0.0006827186571522433]]}
{"519.lbm_r": [[1456.0, 0.00102907401619645]]}
{"519.lbm_r": [[1453.0, 0.00809959233491413]]}
{"519.lbm_r": [[1511.0, 0.0007098441397286959]]}
{"519.lbm_r": [[1468.0, 0.006559844016864649]]}
