{"519.lbm_r": [[1078.0, 11046.0, 1.0469580748950478]], "baseline": [[1037.0, 1624.0, 0.0006997543129508379]]}
{"519.lbm_r": [[1024.0, 1610.0, 0.0007391123380597046]], "baseline": [[1068.0, 1670.0, 0.0004891438157667531]]}
{"519.lbm_r": [[1064.0, 2176.0, 1.7340331135992333]], "baseline": [[1069.0, 1708.0, 0.0004079799724976003]]}
{"519.lbm_r": [[1085.0, 309414.0, 1.0010646194868285]], "baseline": [[1060.0, 1675.0, 0.0005399128353998678]]}
{"519.lbm_r": [[13673158.0, 14319351.0, 100.0]], "baseline": [[1168.0, 679709.0, 1.000217590416453]]}
{"519.lbm_r": [[1068.0, 234725.0, 1.0018534866906348]], "baseline": [[1076.0, 1809.0, 0.0001710021706804505]]}
{"519.lbm_r": [[26298822.0, 27464010.0, 100.0]], "baseline": [[1125.0, 261298.0, 1.0013417387731136]]}
{"519.lbm_r": [[1151.0, 659940.0, 2.5650553238495437]], "baseline": [[1117.0, 249936.0, 1.0014026056715277]]}
{"519.lbm_r": [[19046415.0, 19165713.0, 100.0]], "baseline": [[16975254.0, 18177367.0, 100.0]]}
{"519.lbm_r": [[1056.0, 20852.0, 1.0238246444331862]], "baseline": [[1145.0, 498431.0, 1.0005189573690265]]}
