{"519.lbm_r": [[859.0, 1436.0, 0.08017444835193659]]}
{"519.lbm_r": [[855.0, 1440.0, 0.18068248329979833]]}
