{"519.lbm_r": [[289321.0, 9.006596063438659]]}
{"519.lbm_r": [[1571.0, 0.0004094530943104502]]}
{"519.lbm_r": [[1544.0, 0.0014589729041574963]]}
{"519.lbm_r": [[1544.0, 0.0021613180216265193]]}
{"519.lbm_r": [[1559.0, 0.06867258165061914]]}
{"519.lbm_r": [[1513.0, 0.12319335492229226]]}
{"519.lbm_r": [[1594.0, 0.0009860360700689912]]}
{"519.lbm_r": [[1672.0, 0.0005770222657839435]]}
{"519.lbm_r": [[1581.0, 0.0722946517937862]]}
{"519.lbm_r": [[1623.0, 0.0008888958433140955]]}
{"519.lbm_r": [[1603.0, 0.0007831792711127517]]}
{"519.lbm_r": [[1603.0, 0.0006346280391638111]]}
{"519.lbm_r": [[1712.0, 0.00045184007463281177]]}
{"519.lbm_r": [[83284.0, 1.0032440051573466]]}
{"519.lbm_r": [[1677.0, 0.0007185343956972681]]}
{"519.lbm_r": [[328107.0, 15.002940675935509]]}
{"519.lbm_r": [[1613.0, 0.000606619225605925]]}
{"519.lbm_r": [[1602.0, 0.0009379465290971284]]}
{"519.lbm_r": [[823025.0, 11.001689447098181]]}
{"519.lbm_r": [[1574.0, 0.0006697898858840541]]}
{"519.lbm_r": [[769930.0, 18.00540196059183]]}
{"519.lbm_r": [[1644.0, 0.0004405689207068272]]}
{"519.lbm_r": [[1592.0, 0.0009338548078884743]]}
{"519.lbm_r": [[1591.0, 0.0017720437223616363]]}
{"519.lbm_r": [[1624.0, 0.0005749680623928673]]}
{"519.lbm_r": [[1580.0, 0.0006409861185178701]]}
{"519.lbm_r": [[1290661.0, 26.00679430214506]]}
{"519.lbm_r": [[110773.0, 1.0019064953876167]]}
{"519.lbm_r": [[1596.0, 0.0010461834169559832]]}
{"519.lbm_r": [[1623.0, 0.0009660452654510611]]}
{"519.lbm_r": [[1478.0, 0.14684412184412873]]}
{"519.lbm_r": [[1632.0, 0.00036826091124264674]]}
{"519.lbm_r": [[1559.0, 0.0011226308945816255]]}
{"519.lbm_r": [[1573.0, 0.0013979492817100933]]}
{"519.lbm_r": [[1619.0, 0.022928058549161908]]}
{"519.lbm_r": [[1564.0, 0.049537081104695416]]}
{"519.lbm_r": [[1452794.0, 38.00432078013456]]}
{"519.lbm_r": [[1656.0, 0.00042694719570873877]]}
{"519.lbm_r": [[72306.0, 1.0053382197313798]]}
{"519.lbm_r": [[1534.0, 0.0005282529145470176]]}
{"519.lbm_r": [[1615.0, 0.0005267000013393474]]}
{"519.lbm_r": [[1601.0, 0.000482330628864178]]}
{"519.lbm_r": [[1625.0, 0.0006576055968559296]]}
{"519.lbm_r": [[1834.0, 0.00016985082419473488]]}
{"519.lbm_r": [[1607.0, 0.0005160407186568888]]}
{"519.lbm_r": [[1603.0, 0.0019545538103970866]]}
{"519.lbm_r": [[1617.0, 0.0012168949632833646]]}
{"519.lbm_r": [[1632.0, 0.0007589583969641037]]}
{"519.lbm_r": [[1602.0, 0.0004660011748788541]]}
{"519.lbm_r": [[1640.0, 0.0007095884621256323]]}
{"519.lbm_r": [[1563.0, 0.0009650181918254356]]}
{"519.lbm_r": [[1574.0, 0.0009651626316182566]]}
{"519.lbm_r": [[1530.0, 0.20648370511909084]]}
{"519.lbm_r": [[1525.0, 0.12901034579566778]]}
{"519.lbm_r": [[1557.0, 0.06798096297976468]]}
