{"519.lbm_r": [[1030.0, 2033.0, 1.93909904725066]], "baseline": [[1064.0, 2009.0, 1.9810985874486025]]}
{"519.lbm_r": [[1031.0, 2037.9999999999998, 1.9297318567633448]], "baseline": [[1025.0, 1682.0, 0.0005108631361821613]]}
{"519.lbm_r": [[1078.0, 160612.0, 1.002295537307494]], "baseline": [[1037.0, 1677.0, 0.00046132522629745805]]}
{"519.lbm_r": [[1029.0, 1847.0, 0.00011223991068164019]], "baseline": [[1043.0, 1737.0, 0.0002339901845564433]]}
{"519.lbm_r": [[999.0, 1657.0, 0.00041509328541107634]], "baseline": [[1095.0, 154510.0, 1.0024627056406235]]}
{"519.lbm_r": [[1022.0, 1784.0, 0.00014111449494721897]], "baseline": [[1032.0, 1661.0, 0.0005900108573774443]]}
{"519.lbm_r": [[1083.0, 783452.0, 1.0002194190636822]], "baseline": [[1062.0, 2000.0, 1.8360184504571408e-07]]}
{"519.lbm_r": [[1035.0, 2049.0, 1.9138142444320385]], "baseline": [[1057.0, 1838.0, 0.00011610015438827127]]}
{"519.lbm_r": [[1083.0, 1998129.0, 1.0001548588064193]], "baseline": [[1063.0, 2186.0, 1.722074957370642]]}
{"519.lbm_r": [[1095.0, 854920.0, 1.0000824213978106]], "baseline": [[1053.0, 1751.0, 0.00021392251819532865]]}
