{"519.lbm_r": [[1078.0, 226126.0, 1.0018584270285458]], "baseline": [[1064.0, 1682.0, 0.0005459100694704581]]}
{"519.lbm_r": [[40025566.0, 41720917.0, 100.0]], "baseline": [[1049.0, 1624.0, 0.0006380623445713383]]}
{"519.lbm_r": [[1088.0, 228527.0, 1.0016164377970207]], "baseline": [[1138.0, 126733.0, 1.0029574540530304]]}
{"519.lbm_r": [[1098.0, 136242.0, 1.003085719735506]], "baseline": [[1110.0, 3108.0, 1.2814191150557508]]}
{"519.lbm_r": [[1056.0, 2289.0, 1.6270250796786234]], "baseline": [[1105.0, 2229.0, 1.6552794200804857]]}
{"519.lbm_r": [[1022.0, 1589.0, 0.0009086271233832661]], "baseline": [[1071.0, 1757.0, 0.0001922465238414622]]}
{"519.lbm_r": [[1105.0, 214184.0, 1.001704751104746]], "baseline": [[1045.0, 1645.0, 0.00048447487160265456]]}
{"519.lbm_r": [[1090.0, 3265.0, 1.2470227663404772]], "baseline": [[1086.0, 2007.0000000000002, 1.9860142442241044]]}
{"519.lbm_r": [[19565445.0, 20845609.0, 100.0]], "baseline": [[1059.0, 1702.0, 0.0003483627533929055]]}
{"519.lbm_r": [[1044.0, 1685.0, 0.00031408593808984753]], "baseline": [[1114.0, 302078.0, 1.0011848839884767]]}
{"519.lbm_r": [[29623167.0, 30729602.0, 100.0]], "baseline": [[1116.0, 130219.0, 1.003011102222843]]}
{"519.lbm_r": [[1096.0, 254445.0, 1.0014769825019891]], "baseline": [[1104.0, 2094.0, 1.8280083404181555]]}
{"519.lbm_r": [[1033.0, 1658.0, 0.00041593155849974713]], "baseline": [[1138.0, 360043.0, 1.0007918403817906]]}
{"519.lbm_r": [[27138291.0, 27869601.0, 100.0]], "baseline": [[1109.0, 62378.0, 1.006722416617778]]}
{"519.lbm_r": [[1087.0, 220838.0, 1.0018432306628375]], "baseline": [[1156.0, 733604.0, 1.0001491661623751]]}
{"519.lbm_r": [[25328677.0, 26242068.0, 100.0]], "baseline": [[1156.0, 515782.00000000006, 1.0004726382973868]]}
{"519.lbm_r": [[36223850.0, 37787298.0, 100.0]], "baseline": [[1118.0, 142522.0, 1.0028049101432455]]}
{"519.lbm_r": [[26174616.0, 28354573.0, 100.0]], "baseline": [[1130.0, 54196.0, 1.0069430682636473]]}
{"519.lbm_r": [[31509197.0, 33107547.0, 100.0]], "baseline": [[1112.0, 466508.0, 1.000627051254116]]}
{"519.lbm_r": [[1068.0, 3372.0, 1.246309679703658]], "baseline": [[1130.0, 362983.0, 1.0008625717685276]]}
{"519.lbm_r": [[1076.0, 197464.0, 1.0020795186371627]], "baseline": [[1099.0, 2261.0, 1.6299274297915702]]}
{"519.lbm_r": [[1079.0, 60785.0, 1.0072861775069768]], "baseline": [[1071.0, 1705.0, 0.0003131315883493609]]}
{"519.lbm_r": [[1092.0, 410472.0, 1.0008646342863223]], "baseline": [[1088.0, 12044.0, 1.0416334215502114]]}
{"519.lbm_r": [[1065.0, 2058.0, 1.8966563848924474]], "baseline": [[1131.0, 365575.0, 1.0008176868462617]]}
{"519.lbm_r": [[30017553.0, 30702342.0, 100.0]], "baseline": [[1120.0, 292012.0, 1.0012274670747485]]}
