{"519.lbm_r": [[1039.0, 2119.0, 1.8166303456559427]], "baseline": [[1072.0, 2116.0, 1.801200861572505]]}
{"519.lbm_r": [[992.0, 1564.0, 0.0016403852518958072]], "baseline": [[1046.0, 1671.0, 0.0005573894507307628]]}
{"519.lbm_r": [[1032.0, 1853.0, 0.00011294992386260144]], "baseline": [[1158.0, 742336.0, 2.8550861255059896]]}
{"519.lbm_r": [[1062.0, 4410.0, 1.1565424768671053]], "baseline": [[1062.0, 1893.0, 8.089727410875784e-05]]}
{"519.lbm_r": [[1034.0, 1802.0, 0.00018756080269803296]], "baseline": [[1099.0, 156436.0, 1.002377854850129]]}
{"519.lbm_r": [[1018.9999999999999, 1774.0, 0.00018252145784126566]], "baseline": [[1064.0, 1969.0, 2.0855391631396054e-05]]}
{"519.lbm_r": [[1048.0, 2092.0, 1.8438462769909947]], "baseline": [[1080.0, 2199.0, 1.6943850661054043]]}
{"519.lbm_r": [[1022.9999999999999, 1761.0, 0.00016728500141554992]], "baseline": [[1036.0, 1662.0, 0.0005328310210607454]]}
{"519.lbm_r": [[1038.0, 334268.0, 1.001221556022505]], "baseline": [[1038.0, 1658.0, 0.0005141437912823982]]}
{"519.lbm_r": [[24287389.0, 24891777.0, 100.0]], "baseline": [[1048.0, 1729.0, 0.00020381306542669218]]}
