{"519.lbm_r": [[1016.0, 2267.0, 1.6576670932541415]], "baseline": [[983.0, 1533.0, 0.10229195100666473]]}
