{"519.lbm_r": [[1064.0, 223362.0, 1.0018148909737619]], "baseline": [[1077.0, 1795.0, 0.00017250709610675414]]}
{"519.lbm_r": [[1030.0, 2070.0, 1.8837040293752243]], "baseline": [[1061.0, 1753.0, 0.0002145237698525098]]}
{"519.lbm_r": [[1002.0, 1643.0, 0.0004865005674311161]], "baseline": [[1082.0, 1913.0, 6.798456972965486e-05]]}
{"519.lbm_r": [[1216.0, 4244880.0, 2.0004869902299194]], "baseline": [[1080.0, 1966.0, 2.5338299824186153e-05]]}
{"519.lbm_r": [[1020.9999999999999, 1681.0, 0.00030947569723709426]], "baseline": [[1050.0, 1686.0, 0.0004428404128530782]]}
{"519.lbm_r": [[1075.0, 376769.0, 1.0009836753298098]], "baseline": [[1058.0, 1731.0, 0.00027936513645738804]]}
{"519.lbm_r": [[1018.9999999999999, 1640.0, 0.00048677235129703]], "baseline": [[1153.0, 2707739.0, 1.0000006462776214]]}
{"519.lbm_r": [[1089.0, 257218.00000000003, 1.0014157268092778]], "baseline": [[1184.0, 2587685.0, 2.617312646901052]]}
{"519.lbm_r": [[1046.0, 3706.0, 1.2217800751419996]], "baseline": [[1117.0, 335560.0, 1.0009892997562344]]}
{"519.lbm_r": [[1016.9999999999999, 1758.0, 0.00021181498619772025]], "baseline": [[1082.0, 1994.0, 3.7034345881661867e-06]]}
