{"519.lbm_r": [[1416.0, 0.0035564172237857314]]}
{"519.lbm_r": [[1485.0, 0.029164148689906456]]}
{"519.lbm_r": [[1396.0, 0.17785742442231584]]}
{"519.lbm_r": [[1403.0, 0.13519714159368712]]}
{"519.lbm_r": [[1431.0, 0.17242875877764643]]}
{"519.lbm_r": [[1413.0, 0.11807355042821842]]}
{"519.lbm_r": [[1441.0, 0.08746801007949857]]}
{"519.lbm_r": [[1414.0, 0.157384099337366]]}
{"519.lbm_r": [[1382.0, 0.07756311170841057]]}
{"519.lbm_r": [[1425.0, 0.11628498788045584]]}
{"519.lbm_r": [[1431.0, 0.15894583579642949]]}
{"519.lbm_r": [[1447.0, 0.09439210832504705]]}
{"519.lbm_r": [[1493.0, 0.0009302989544440068]]}
{"519.lbm_r": [[1388.0, 0.17231833986462394]]}
{"519.lbm_r": [[1439.0, 0.0010629210693033676]]}
{"519.lbm_r": [[1528.0, 0.0009859472102249482]]}
{"519.lbm_r": [[1417.0, 0.10144679886976089]]}
{"519.lbm_r": [[1443.0, 0.0020532121434313714]]}
{"519.lbm_r": [[1458.0, 0.0887765146861982]]}
{"519.lbm_r": [[1494.0, 0.0007451144527064675]]}
{"519.lbm_r": [[1467.0, 0.19163928431022914]]}
{"519.lbm_r": [[11183017.0, 100.0]]}
{"519.lbm_r": [[3441776.0, 100.0]]}
{"519.lbm_r": [[1485.0, 0.0006113335191729016]]}
{"519.lbm_r": [[1468.0, 0.0006409410586731781]]}
{"519.lbm_r": [[1433.0, 0.07974197849585159]]}
{"519.lbm_r": [[869988.0, 19.012646376185042]]}
{"519.lbm_r": [[3619501.0, 100.0]]}
{"519.lbm_r": [[1407.0, 0.0022143404035756334]]}
{"519.lbm_r": [[1477.0, 0.0013860731758762858]]}
{"519.lbm_r": [[1496.0, 0.004764882629438975]]}
{"519.lbm_r": [[1475.0, 0.05665191884050592]]}
{"519.lbm_r": [[1465.0, 0.0020654170183003976]]}
{"519.lbm_r": [[2203513.0, 92.00362922148454]]}
{"519.lbm_r": [[1452.0, 0.0027143648526379064]]}
{"519.lbm_r": [[1499.0, 0.0011407010035664274]]}
{"519.lbm_r": [[1537.0, 0.000649270776219929]]}
{"519.lbm_r": [[11813095.0, 100.0]]}
{"519.lbm_r": [[1491.0, 0.0008788761854786078]]}
{"519.lbm_r": [[1404.0, 0.13839531021977905]]}
{"519.lbm_r": [[1545.0, 0.0007575573866846787]]}
{"519.lbm_r": [[1493.0, 0.005288521237270732]]}
{"519.lbm_r": [[1475.0, 0.06393146104106939]]}
{"519.lbm_r": [[6626409.0, 100.0]]}
{"519.lbm_r": [[1367.0, 0.10899513540148517]]}
{"519.lbm_r": [[633225.0, 16.004797832094052]]}
{"519.lbm_r": [[1481.0, 0.0008538110185736504]]}
{"519.lbm_r": [[1451.0, 0.0012481353542012897]]}
{"519.lbm_r": [[7009140.0, 100.0]]}
{"519.lbm_r": [[1455.0, 0.001002411551556008]]}
