{"519.lbm_r": [[32544995.0, 33714135.0, 100.0]], "baseline": [[1060.0, 1693.0, 0.00026363862578789233]]}
{"519.lbm_r": [[1083.0, 118867.0, 1.0034304271082652]], "baseline": [[1063.0, 1695.0, 0.00027654499656292364]]}
{"519.lbm_r": [[19119596.0, 20520123.0, 100.0]], "baseline": [[1061.0, 1681.0, 0.00031981044882415115]]}
{"519.lbm_r": [[1089.0, 207174.0, 1.0018523838138755]], "baseline": [[1067.0, 1765.0, 0.00021950038363016333]]}
{"519.lbm_r": [[32935438.000000004, 34322106.0, 100.0]], "baseline": [[1087.0, 2060.0, 1.8869010280354543]]}
{"519.lbm_r": [[25796790.0, 26961721.0, 100.0]], "baseline": [[1077.0, 1711.0, 0.00030218927707008575]]}
{"519.lbm_r": [[1102.0, 451039.0, 1.0006381442892585]], "baseline": [[1062.0, 1682.0, 0.0003964945018146198]]}
{"519.lbm_r": [[23090737.0, 24558370.0, 100.0]], "baseline": [[27197576.0, 27921904.0, 100.0]]}
{"519.lbm_r": [[18043466.0, 18527899.0, 100.0]], "baseline": [[1112.0, 2859.0, 1.3327398778400001]]}
{"519.lbm_r": [[1064.0, 2120.0, 1.7985306596332564]], "baseline": [[1062.0, 1669.0, 0.0005281488391478584]]}
{"519.lbm_r": [[34152510.0, 37130319.0, 100.0]], "baseline": [[1076.0, 1714.0, 0.00025999980269677647]]}
{"519.lbm_r": [[1085.0, 303254.0, 1.0011645526537256]], "baseline": [[1144.0, 468087.0, 1.0005892287305067]]}
{"519.lbm_r": [[19776919.0, 20814213.0, 100.0]], "baseline": [[1103.0, 2915.0, 1.3226696184358686]]}
{"519.lbm_r": [[1115.0, 409741.0, 1.0007654702237563]], "baseline": [[1160.0, 687233.0, 1.000223641191848]]}
{"519.lbm_r": [[25068466.0, 26962832.0, 100.0]], "baseline": [[1119.0, 3470.0, 1.218983845889122]]}
{"519.lbm_r": [[28746778.0, 29880006.0, 100.0]], "baseline": [[1094.0, 2125.0, 1.789571198226405]]}
{"519.lbm_r": [[24406213.0, 25154193.0, 100.0]], "baseline": [[1098.0, 2110.0, 1.8028371444887155]]}
{"519.lbm_r": [[30104214.0, 31624143.0, 100.0]], "baseline": [[1136.0, 242358.0, 1.0015051190469182]]}
{"519.lbm_r": [[34140033.0, 36008853.0, 100.0]], "baseline": [[1089.0, 1792.0, 0.0002084360986032382]]}
{"519.lbm_r": [[1072.0, 75787.0, 1.005736668345001]], "baseline": [[1105.0, 2563.0, 1.4339028760937782]]}
{"519.lbm_r": [[29488263.0, 31322618.0, 100.0]], "baseline": [[1070.0, 1726.0, 0.0002508439343885867]]}
{"519.lbm_r": [[32193440.0, 33170517.999999996, 100.0]], "baseline": [[1135.0, 307472.0, 1.0010638332377833]]}
{"519.lbm_r": [[29897435.0, 30032651.0, 100.0]], "baseline": [[1256.0, 834616.0, 2.000393858655106]]}
{"519.lbm_r": [[25851462.0, 26946122.0, 100.0]], "baseline": [[26076975.0, 28336627.0, 100.0]]}
{"519.lbm_r": [[27325731.0, 28338704.0, 100.0]], "baseline": [[1127.0, 94129.0, 1.0042827887881864]]}
