{"519.lbm_r": [[1000.0, 1659.0, 0.00045664440422976167]], "baseline": [[1025.0, 1669.0, 0.000524925984150721]]}
{"519.lbm_r": [[1020.0, 1828.0, 0.0001503791790356213]], "baseline": [[1026.0, 1634.0, 0.0006499789016662946]]}
{"519.lbm_r": [[1018.9999999999999, 1925.0, 4.9580507760776374e-05]], "baseline": [[1032.0, 1627.0, 0.000944276790037589]]}
{"519.lbm_r": [[1030.0, 1996.0, 2.740674919850414e-06]], "baseline": [[1045.0, 1811.0, 0.00015689758456647048]]}
{"519.lbm_r": [[1028.0, 2090.0, 1.8515331057471474]], "baseline": [[1031.0, 1638.0, 0.000978514109676873]]}
{"519.lbm_r": [[1012.9999999999999, 1715.0, 0.00024055476951371938]], "baseline": [[1086.0, 90357.0, 1.004754898345906]]}
{"519.lbm_r": [[1020.0, 1819.0, 0.00013997140938391177]], "baseline": [[1062.0, 1897.0, 7.698152387153765e-05]]}
{"519.lbm_r": [[1006.9999999999999, 1705.0, 0.0002972610306887949]], "baseline": [[1058.0, 1881.0, 8.798350908764681e-05]]}
{"519.lbm_r": [[1016.0, 1762.0, 0.0002382808667172177]], "baseline": [[1093.0, 215047.0, 1.0018153676371466]]}
{"519.lbm_r": [[1066.0, 539798.0, 1.0005693555032167]], "baseline": [[1058.0, 1803.0, 0.00015957122654251623]]}
