{"519.lbm_r": [[1535.0, 0.0015147150915582695]]}
{"519.lbm_r": [[1475.0, 0.001609090285868254]]}
{"519.lbm_r": [[1468.0, 0.1059623378967755]]}
{"519.lbm_r": [[1471.0, 0.008227127384311975]]}
{"519.lbm_r": [[4145902.0, 100.0]]}
{"519.lbm_r": [[1473.0, 0.0015393446797050186]]}
{"519.lbm_r": [[1474.0, 0.16143437617507195]]}
{"519.lbm_r": [[1471.0, 0.0786798876210493]]}
{"519.lbm_r": [[1500.0, 0.03238183772191982]]}
{"519.lbm_r": [[1429.0, 0.029589658557805]]}
{"519.lbm_r": [[1513.0, 0.0013570848375432946]]}
{"519.lbm_r": [[1496.0, 0.06191233426024339]]}
{"519.lbm_r": [[1500.0, 0.012245186447087374]]}
{"519.lbm_r": [[1529.0, 0.001104757456804427]]}
{"519.lbm_r": [[2692224.0, 100.0]]}
{"519.lbm_r": [[1435.0, 0.0011427708142346137]]}
{"519.lbm_r": [[1602.0, 0.0005433242811388126]]}
{"519.lbm_r": [[1460.0, 0.15994250200061855]]}
{"519.lbm_r": [[1457.0, 0.25479169244721256]]}
{"519.lbm_r": [[163037.0, 1.0000316335995068]]}
{"519.lbm_r": [[1517.0, 0.0027606450153568247]]}
{"519.lbm_r": [[1482.0, 0.0016621479341463938]]}
{"519.lbm_r": [[2702796.0, 100.0]]}
{"519.lbm_r": [[11396457.0, 100.0]]}
{"519.lbm_r": [[1527.0, 0.0018069031869346777]]}
{"519.lbm_r": [[1477.0, 0.0016951819136987044]]}
{"519.lbm_r": [[1484.0, 0.0007663265140049426]]}
{"519.lbm_r": [[8405155.0, 100.0]]}
{"519.lbm_r": [[1440.0, 0.09350780948559659]]}
{"519.lbm_r": [[1482.0, 0.05998177430854599]]}
{"519.lbm_r": [[1517.0, 0.00048093357502829187]]}
{"519.lbm_r": [[1422.0, 0.12317446589920542]]}
{"519.lbm_r": [[1469.0, 0.0943461097982104]]}
{"519.lbm_r": [[1410.0, 0.07407492648521519]]}
{"519.lbm_r": [[1517.0, 0.0011248154027497068]]}
{"519.lbm_r": [[1445.0, 0.11642370685205548]]}
{"519.lbm_r": [[1546.0, 0.0009137536468575908]]}
{"519.lbm_r": [[12783238.0, 100.0]]}
{"519.lbm_r": [[1524.0, 0.0007785161215395927]]}
{"519.lbm_r": [[1450.0, 0.10817805834360623]]}
{"519.lbm_r": [[1460.0, 0.0008807279741176939]]}
{"519.lbm_r": [[1489.0, 0.0008733459666419925]]}
{"519.lbm_r": [[1492.0, 0.0909276963455706]]}
{"519.lbm_r": [[1475.0, 0.003180158754012209]]}
{"519.lbm_r": [[1442.0, 0.18207816839697855]]}
{"519.lbm_r": [[1496.0, 0.0015047358960199792]]}
{"519.lbm_r": [[2474235.0, 35.884490251382296]]}
{"519.lbm_r": [[1440.0, 0.1685831753759928]]}
{"519.lbm_r": [[1485.0, 0.0018090244540938656]]}
{"519.lbm_r": [[1482.0, 0.0030778316300692876]]}
