{"519.lbm_r": [[1620.0, 0.0006375519823829625]]}
{"519.lbm_r": [[1611.0, 0.0023957382994530783]]}
{"519.lbm_r": [[1559.0, 0.11684688811799152]]}
{"519.lbm_r": [[1628.0, 0.001257286792433889]]}
{"519.lbm_r": [[1563.0, 0.0018656068454832035]]}
{"519.lbm_r": [[1611.0, 0.002179679121066903]]}
{"519.lbm_r": [[1543.0, 0.0658792584952392]]}
{"519.lbm_r": [[1602.0, 0.000665771686690304]]}
{"519.lbm_r": [[1624.0, 0.0010249357064841063]]}
{"519.lbm_r": [[1632.0, 0.001970582818901386]]}
{"519.lbm_r": [[1510.0, 0.10143389502794652]]}
{"519.lbm_r": [[1665.0, 0.001186969447611479]]}
{"519.lbm_r": [[1648.0, 0.004017085317640841]]}
{"519.lbm_r": [[1621.0, 0.1442045506437908]]}
{"519.lbm_r": [[1764.0, 0.00026371934844902087]]}
{"519.lbm_r": [[1570.0, 0.08027375472928897]]}
{"519.lbm_r": [[1663.0, 0.00276198120078175]]}
{"519.lbm_r": [[1632.0, 0.0006695910810048193]]}
{"519.lbm_r": [[1574.0, 0.07081499224214986]]}
{"519.lbm_r": [[1628.0, 0.0007982908013663467]]}
{"519.lbm_r": [[1582.0, 0.09661387864043874]]}
{"519.lbm_r": [[1589.0, 0.11604749911935919]]}
{"519.lbm_r": [[110785.0, 1.0017718769618653]]}
{"519.lbm_r": [[1656.0, 0.001308903813105309]]}
{"519.lbm_r": [[1564.0, 0.0735211445252116]]}
{"519.lbm_r": [[1636.0, 0.0008312146932684768]]}
{"519.lbm_r": [[1686.0, 0.000624547357655685]]}
{"519.lbm_r": [[1612.0, 0.08044829405599213]]}
{"519.lbm_r": [[1581.0, 0.0014114498093935298]]}
{"519.lbm_r": [[1626.0, 0.05823260452909262]]}
{"519.lbm_r": [[1510.0, 0.2110749815124312]]}
{"519.lbm_r": [[1615.0, 0.06422799100050848]]}
{"519.lbm_r": [[1583.0, 0.0005604466492090482]]}
{"519.lbm_r": [[1627.0, 0.036406576026156365]]}
{"519.lbm_r": [[1622.0, 0.000792372567403855]]}
{"519.lbm_r": [[1608.0, 0.06352388905929061]]}
{"519.lbm_r": [[1622.0, 0.000833063245884325]]}
{"519.lbm_r": [[1658.0, 0.00037584878741897304]]}
{"519.lbm_r": [[1565.0, 0.0766566224946256]]}
{"519.lbm_r": [[1629.0, 0.001962913924083574]]}
{"519.lbm_r": [[1577.0, 0.11652429667812693]]}
{"519.lbm_r": [[1596.0, 0.11261249863278423]]}
{"519.lbm_r": [[1640.0, 0.001693097002697626]]}
{"519.lbm_r": [[1571.0, 0.001207518020288596]]}
{"519.lbm_r": [[1641.0, 0.0005684475308383354]]}
{"519.lbm_r": [[1637.0, 0.0009565084919383754]]}
{"519.lbm_r": [[1625.0, 0.0007283578421340965]]}
{"519.lbm_r": [[1647.0, 0.0005876372615918297]]}
{"519.lbm_r": [[1670.0, 0.000660795843164429]]}
{"519.lbm_r": [[1629.0, 0.0014687602999895303]]}
{"519.lbm_r": [[1563.0, 0.1821283881012967]]}
{"519.lbm_r": [[1636.0, 0.0012454823697213109]]}
{"519.lbm_r": [[1513.0, 0.14081871001249166]]}
