{"519.lbm_r": [[818.0, 1446.0, 0.20539685045826528]]}
{"519.lbm_r": [[825.0, 1402.0, 0.2693884044637494]]}
{"519.lbm_r": [[816.0, 1397.0, 0.13387091850488048]]}
{"519.lbm_r": [[805.0, 1340.0, 0.35794379155398687]]}
{"519.lbm_r": [[817.0, 1386.0, 0.13910793665318608]]}
