{"519.lbm_r": [[823.0, 1412.0, 0.12271871509872535]]}
{"519.lbm_r": [[819.0, 1392.0, 0.31182727773138635]]}
{"519.lbm_r": [[820.0, 1373.0, 0.16596300069470632]]}
{"519.lbm_r": [[825.0, 1401.0, 0.17627436744922517]]}
{"519.lbm_r": [[813.0, 1367.0, 0.15522785563307936]]}
{"519.lbm_r": [[807.0, 1350.0, 0.30175598658324354]]}
{"519.lbm_r": [[811.0, 1324.0, 0.2196635968397389]]}
{"519.lbm_r": [[816.0, 1365.0, 0.22872993646111708]]}
{"519.lbm_r": [[821.0, 1383.0, 0.21107549904270934]]}
{"519.lbm_r": [[812.0, 1355.0, 0.3073936899739327]]}
{"519.lbm_r": [[815.0, 1344.0, 0.2802938664586653]]}
{"519.lbm_r": [[824.0, 1384.0, 0.2585984815042102]]}
