{"519.lbm_r": [[976.0, 1610.0, 0.0007569426149194263]], "baseline": [[1039.0, 1759.0, 0.0002939927074742541]]}
{"519.lbm_r": [[997.0, 1676.0, 0.00032261220694632244]], "baseline": [[1025.0, 1658.0, 0.0007837386556313646]]}
{"519.lbm_r": [[1012.9999999999999, 1706.0, 0.0003659215048952128]], "baseline": [[1008.0, 1555.0, 0.12020146012842978]]}
{"519.lbm_r": [[1000.9999999999999, 1698.0, 0.0004019230782782205]], "baseline": [[1057.0, 2169.0, 1.7362247880228894]]}
{"519.lbm_r": [[1024.0, 2032.0, 1.9430112695094621]], "baseline": [[1020.0, 1639.0, 0.001106708654776555]]}
{"519.lbm_r": [[975.0, 1578.0, 0.0007004436767724697]], "baseline": [[1049.0, 1872.0, 9.633469929239541e-05]]}
{"519.lbm_r": [[1055.0, 1872509.0, 1.0001720277401733]], "baseline": [[1043.0, 1705.0, 0.000667335446668062]]}
{"519.lbm_r": [[1064.0, 1708699.0, 1.0002160457140914]], "baseline": [[1040.0, 1706.0, 0.0005212237162266857]]}
{"519.lbm_r": [[1010.0, 1873.0, 7.404867499758022e-05]], "baseline": [[1045.0, 1773.0, 0.00019915595242234646]]}
{"519.lbm_r": [[1014.0, 1766.0, 0.00017534471483189042]], "baseline": [[1061.0, 2301.0, 1.607316506520414]]}
{"519.lbm_r": [[992.0, 1669.0, 0.0003182157176960807]], "baseline": [[1077.0, 13215.0, 1.0370886204064638]]}
