{"519.lbm_r": [[1081.0, 252978.0, 1.0015639068647777]], "baseline": [[1057.0, 1727.0, 0.00024959017736918553]]}
{"519.lbm_r": [[1048.0, 4976.0, 1.1372717233837242]], "baseline": [[1054.0, 1661.0, 0.00040842258179468017]]}
{"519.lbm_r": [[1072.0, 70420.0, 1.0062609320021572]], "baseline": [[1054.0, 1682.0, 0.00046112639950383135]]}
{"519.lbm_r": [[1029.0, 1823.0, 0.00016294319284656213]], "baseline": [[1073.0, 1885.0, 0.00010040751583765707]]}
{"519.lbm_r": [[1010.0, 1639.0, 0.00043990692901799583]], "baseline": [[1143.0, 673549.0, 1.0003262473808225]]}
{"519.lbm_r": [[1069.0, 30806.0, 1.015045090624648]], "baseline": [[1118.0, 220649.0, 1.001690502110321]]}
{"519.lbm_r": [[1032.0, 1790.0, 0.0001916173350076954]], "baseline": [[1110.0, 225976.0, 1.0017016184398535]]}
{"519.lbm_r": [[1057.0, 2230.0, 1.6725702889397145]], "baseline": [[1169.0, 836832.0, 1.000071342189565]]}
{"519.lbm_r": [[1020.9999999999999, 1761.0, 0.00020936826043924017]], "baseline": [[1084.0, 1932.0, 4.5193007435558014e-05]]}
{"519.lbm_r": [[1032.0, 1840.0, 0.0001304256062026107]], "baseline": [[1137.0, 387033.0, 1.00078412316182]]}
