{"519.lbm_r": [[810.0, 1320.0, 0.08558288315531103]]}
{"519.lbm_r": [[810.0, 1324.0, 0.24496875459730036]]}
{"519.lbm_r": [[816.0, 1346.0, 0.1663311959674949]]}
{"519.lbm_r": [[816.0, 1367.0, 0.1499873251204273]]}
{"519.lbm_r": [[815.0, 1327.0, 0.27967954140533613]]}
{"519.lbm_r": [[810.0, 1348.0, 0.15838940945719748]]}
{"519.lbm_r": [[821.0, 1381.0, 0.3166546230108827]]}
{"519.lbm_r": [[818.0, 1380.0, 0.2592400399515007]]}
{"519.lbm_r": [[817.0, 1360.0, 0.3249539270806894]]}
{"519.lbm_r": [[818.0, 1396.0, 0.13354249664634685]]}
{"519.lbm_r": [[816.0, 1367.0, 0.25281785490405534]]}
{"519.lbm_r": [[818.0, 1381.0, 0.11212234325389066]]}
