{"519.lbm_r": [[841.0, 1511.0, 0.037516672993585964]]}
{"519.lbm_r": [[828.0, 1429.0, 0.20761159707006294]]}
{"519.lbm_r": [[840.0, 1493.0, 0.03127160084129424]]}
{"519.lbm_r": [[823.0, 1413.0, 0.22615599033539163]]}
{"519.lbm_r": [[823.0, 1484.0, 0.21787412409425796]]}
{"519.lbm_r": [[836.0, 1482.0, 0.1050444838451778]]}
{"519.lbm_r": [[826.0, 1401.0, 0.1255633710561477]]}
{"519.lbm_r": [[829.0, 1488.0, 0.06396484223581282]]}
{"519.lbm_r": [[825.0, 1406.0, 0.11778902584675127]]}
{"519.lbm_r": [[825.0, 1419.0, 0.19756021314950134]]}
{"519.lbm_r": [[834.0, 1448.0, 0.07232972463935518]]}
{"519.lbm_r": [[821.0, 1438.0, 0.07120448852403913]]}
