{"519.lbm_r": [[815.0, 1376.0, 0.3196410294734004]]}
{"519.lbm_r": [[823.0, 1436.0, 0.1708561922161369]]}
{"519.lbm_r": [[819.0, 1386.0, 0.22566405644267704]]}
{"519.lbm_r": [[812.0, 1344.0, 0.2672136002741176]]}
{"519.lbm_r": [[813.0, 1371.0, 0.20977399653823628]]}
{"519.lbm_r": [[818.0, 1359.0, 0.3997470713795715]]}
{"519.lbm_r": [[821.0, 1392.0, 0.287421721376587]]}
{"519.lbm_r": [[809.0, 1298.0, 0.2414551596196974]]}
{"519.lbm_r": [[810.0, 1303.0, 0.1953155396654603]]}
{"519.lbm_r": [[820.0, 1391.0, 0.21949175881155708]]}
{"519.lbm_r": [[818.0, 1377.0, 0.2393488474631613]]}
{"519.lbm_r": [[817.0, 1388.0, 0.22481011915141225]]}
