{"525.x264_r": [0, [[1328.0, 2179.0, 1.5246023017330121]]], "523.xalancbmk_r": [0, [[1216.0, 2033.9999999999998, 1.906225178977975]]], "554.roms_r": [0, [[1165.0, 1974.0, 0.0008392832452157984]]], "519.lbm_r": [0, [[1235.0, 2060.0, 1.8355743746817847]]], "541.leela_r": [0, [[1235.0, 2047.0000000000002, 1.868926808366158]]], "531.deepsjeng_r": [0, [[1223.0, 2037.0, 1.8989219310741632]]], "527.cam4_r": [0, [[1448.0, 2341.0, 1.1453362434117769]]], "505.mcf_r": [0, [[1242.0, 2087.0, 1.7695878703457768]]], "507.cactuBSSN_r": [0, [[1176.0, 1986.0, 0.0004502596202815275]]], "502.gcc_r": [0, [[1441.0, 2575.0, 2.8857422530824404]]], "500.perlbench_r": [0, [[1310.0, 2156.0, 1.5861730677889758]]], "526.blender_r": [0, [[1242.0, 2077.0, 1.7881935051528024]]], "520.omnetpp_r": [0, [[1246.0, 2068.0, 1.8106972237915189]]], "511.povray_r": [0, [[1280.0, 2119.0, 1.6787399838362052]]], "510.parest_r": [0, [[1176.0, 1969.0, 0.0009527633775688733]]], "508.namd_r": [0, [[1230.0, 2050.0, 1.8606988142453442]]], "baseline": [0, [[1200.0, 2009.9999999999998, 1.9732329662431147]]], "557.xz_r": [0, [[1332.0, 2637.0, 1.0749180561079772]]], "521.wrf_r": [0, [[1284.0, 2125.0, 1.6638374604678923]]], "548.exchange2_r": [0, [[1279.0, 2118.0, 1.6824988714668516]]], "544.nab_r": [0, [[1161.0, 1966.0, 0.0010221431677705005]]], "503.bwaves_r": [0, [[1441.0, 2411.0, 1.054104679641222]]], "549.fotonik3d_r": [0, [[1175.0, 1999.0, 5.612605115560031e-06]]], "538.imagick_r": [0, [[1244.0, 2064.0, 1.8238242769322588]]]}
{"526.blender_r": [0, [[1222.0, 2064.0, 1.8291464368512873]]], "511.povray_r": [0, [[1297.0, 2140.0, 1.6287040995189876]]], "527.cam4_r": [0, [[1484.0, 2481.0, 2.896979540648018]]], "521.wrf_r": [0, [[1261.0, 2106.0, 1.7180053852978028]]], "508.namd_r": [0, [[1207.0, 2035.0000000000002, 1.9046808224047793]]], "549.fotonik3d_r": [0, [[1155.0, 1971.0, 0.0008594060732070749]]], "548.exchange2_r": [0, [[1254.0, 2084.0, 1.7725635954456136]]], "baseline": [0, [[1228.0, 2052.0, 1.856770200305752]]], "525.x264_r": [0, [[1255.0, 2084.0, 1.7692377131452344]]], "503.bwaves_r": [0, [[1423.0, 2331.0, 1.1772913411685104]]], "510.parest_r": [0, [[1219.0, 2064.0, 1.8295467241405756]]], "502.gcc_r": [0, [[1428.0, 2390.0, 1.1005363050265746]]], "519.lbm_r": [0, [[1226.0, 2043.0000000000002, 1.8803328138597841]]], "557.xz_r": [0, [[1360.0, 2671.0, 1.0298895405206827]]], "505.mcf_r": [0, [[1294.0, 2131.0, 1.6463594003412696]]], "520.omnetpp_r": [0, [[1223.0, 2045.0, 1.8765987783017737]]], "544.nab_r": [0, [[1244.0, 2056.0, 1.8428522328873957]]], "500.perlbench_r": [0, [[1291.0, 2146.0, 1.6166734521673698]]], "541.leela_r": [0, [[1254.0, 2070.0, 1.8046421324387156]]], "554.roms_r": [0, [[1176.0, 1987.0, 0.0003606627389491446]]], "531.deepsjeng_r": [0, [[1216.0, 2036.0, 1.9008259418964264]]], "523.xalancbmk_r": [0, [[1191.0, 1999.0, 3.3084415040974106e-05]]], "507.cactuBSSN_r": [0, [[1207.0, 2021.9999999999998, 1.9384905029981034]]], "538.imagick_r": [0, [[1281.0, 2123.0, 1.6683625872232422]]]}
{"519.lbm_r": [0, [[1174.0, 1990.0, 0.0002886030083349313]]], "502.gcc_r": [0, [[1438.0, 2447.0, 1.0335096378805555]]], "503.bwaves_r": [0, [[1415.0, 2314.0, 1.2118694397067857]]], "531.deepsjeng_r": [0, [[1241.0, 2078.0, 1.788326133926299]]], "526.blender_r": [0, [[1221.0, 2041.0, 1.886185829570086]]], "505.mcf_r": [0, [[1294.0, 2138.0, 1.6310317278034159]]], "523.xalancbmk_r": [0, [[1265.0, 2085.0, 1.764028072688138]]], "520.omnetpp_r": [0, [[1204.0, 2007.0000000000002, 1.9805814908092234]]], "527.cam4_r": [0, [[1529.0, 2466.0, 2.800774383218558]]], "baseline": [0, [[1253.0, 2073.0, 1.800394321225299]]], "541.leela_r": [0, [[1280.0, 2099.0, 1.7238901643709859]]], "549.fotonik3d_r": [0, [[1245.0, 2091.0, 1.7559936985686444]]], "544.nab_r": [0, [[1229.0, 2040.0, 1.887912598633653]]], "508.namd_r": [0, [[1213.0, 2037.0, 1.8994099534017952]]], "500.perlbench_r": [0, [[1209.0, 2024.0, 1.9331683070876498]]], "511.povray_r": [0, [[1223.0, 2050.0, 1.8651453524963928]]], "538.imagick_r": [0, [[1239.0, 2069.0, 1.811691017603222]]], "548.exchange2_r": [0, [[2112.0, 123343.0, 5.6948387255871715]]], "507.cactuBSSN_r": [0, [[1248.0, 2075.0, 1.7955199459867093]]], "510.parest_r": [0, [[1300.0, 2148.0, 1.6024384597991412]]], "554.roms_r": [0, [[1206.0, 2029.9999999999998, 1.9182441211857504]]], "557.xz_r": [0, [[1304.0, 2734.0, 1.0843625792689064]]], "525.x264_r": [0, [[1458.0, 2486.0, 2.94625635046918]]], "521.wrf_r": [0, [[1231.0, 2054.0, 1.852456667309652]]]}
