{"baseline": [0, [[1629.0, 4943.0, 3.171262361619053]]], "505.mcf_r": [0, [[1520.0, 4933.0, 3.5751504412741997]]]}
{"baseline": [0, [[1687.0, 7481.0, 4.903873921389681]]], "505.mcf_r": [0, [[1711.0, 6060.0, 4.828452924069349]]]}
{"baseline": [0, [[1553.0, 4857.0, 3.442501759377161]]], "505.mcf_r": [0, [[1420.0, 4101.0, 3.9864700323424724]]]}
{"baseline": [0, [[1385.0, 3777.0, 2.1197984660171105]]], "505.mcf_r": [0, [[1397.0, 3661.0, 2.1324590599715347]]]}
{"baseline": [0, [[1362.0, 4005.0, 2.1617248236222406]]], "505.mcf_r": [0, [[1668.0, 8367.0, 4.952491136406046]]]}
{"baseline": [0, [[1419.0, 4016.0, 2.057459512955023]]], "505.mcf_r": [0, [[1429.0, 4895.0, 3.900138470275225]]]}
