{"507.cactuBSSN_r": [0, [[1213.0, 2005.0, 1.9844654412912448]]], "511.povray_r": [0, [[1297.0, 2140.0, 1.6212636852840883]]], "505.mcf_r": [0, [[1208.0, 2017.0, 1.9531464382243466]]], "500.perlbench_r": [0, [[1247.0, 2063.0, 1.8245179634682918]]], "527.cam4_r": [0, [[1273.0, 2099.0, 1.7276450748036052]]], "544.nab_r": [0, [[1248.0, 2070.0, 1.8083964351823072]]], "519.lbm_r": [0, [[1246.0, 2061.0, 1.8275868665571964]]], "510.parest_r": [0, [[1256.0, 2079.0, 1.7842247592072202]]], "508.namd_r": [0, [[1255.0, 2084.0, 1.770670062351804]]], "554.roms_r": [0, [[1226.0, 2033.9999999999998, 1.9063725148725292]]], "538.imagick_r": [0, [[1271.0, 2100.0, 1.7271935465636856]]], "525.x264_r": [0, [[1208.0, 2023.0000000000002, 1.9368002382601632]]], "521.wrf_r": [0, [[1306.0, 2151.0, 1.5976596428122458]]], "503.bwaves_r": [0, [[1176.0, 1971.0, 0.0009043885107612541]]], "baseline": [0, [[1230.0, 2054.0, 1.8524290758354085]]], "520.omnetpp_r": [0, [[1222.0, 2020.0, 1.94289112936156]]], "523.xalancbmk_r": [0, [[1209.0, 2029.9999999999998, 1.9175239654401737]]], "531.deepsjeng_r": [0, [[1273.0, 2107.0, 1.7104673484921906]]], "526.blender_r": [0, [[1269.0, 2100.0, 1.729269494859645]]], "541.leela_r": [0, [[1222.0, 2044.0, 1.8799917278224916]]], "548.exchange2_r": [0, [[1224.0, 2037.9999999999998, 1.893337111676964]]], "557.xz_r": [0, [[1276.0, 2122.0, 1.674580032680875]]], "502.gcc_r": [0, [[1321.0, 2174.0, 1.5382467140117901]]], "549.fotonik3d_r": [0, [[1182.0, 1985.0, 0.00047774508313066046]]]}
{"557.xz_r": [0, [[1396.0, 2632.0, 1.0061531100089025]]], "523.xalancbmk_r": [0, [[1491.0, 3404.0, 2.420321069614995]]], "541.leela_r": [0, [[1376.0, 3071.0, 2.8814610019621867]]], "521.wrf_r": [0, [[1382.0, 2342.0, 1.225514597761219]]], "548.exchange2_r": [0, [[1298.0, 2177.0, 1.5482725872299365]]], "508.namd_r": [0, [[1357.0, 2249.0, 1.3710674805306446]]], "511.povray_r": [0, [[1281.0, 2149.0, 1.6193421827821803]]], "505.mcf_r": [0, [[1308.0, 2169.0, 1.5589917019293813]]], "527.cam4_r": [0, [[1342.0, 2180.0, 1.5135792107766228]]], "549.fotonik3d_r": [0, [[1283.0, 2115.0, 1.684228301489975]]], "baseline": [0, [[1337.0, 2201.0, 1.4797970250570636]]], "503.bwaves_r": [0, [[1273.0, 2081.0, 1.770395080376598]]], "520.omnetpp_r": [0, [[1253.0, 2081.0, 1.7808003591287136]]], "544.nab_r": [0, [[1283.0, 2127.0, 1.6612115091725412]]], "525.x264_r": [0, [[1290.0, 2115.0, 1.686849620210643]]], "526.blender_r": [0, [[1250.0, 2073.0, 1.800116291781661]]], "519.lbm_r": [0, [[1251.0, 2083.0, 1.775789140566718]]], "554.roms_r": [0, [[1218.0, 2025.9999999999998, 1.9281019342472567]]], "510.parest_r": [0, [[1313.0, 2150.0, 1.5939493181123265]]], "507.cactuBSSN_r": [0, [[1219.0, 2025.9999999999998, 1.9278988036869977]]], "538.imagick_r": [0, [[1295.0, 2124.0, 1.6631344328762045]]], "500.perlbench_r": [0, [[1311.0, 2160.0, 1.574525940050866]]], "502.gcc_r": [0, [[1273.0, 2099.0, 1.7298806851190975]]], "531.deepsjeng_r": [0, [[1242.0, 2055.0, 1.8460031294547488]]]}
{"500.perlbench_r": [0, [[1534.0, 42881.0, 3.698354241598412]]], "549.fotonik3d_r": [0, [[1341.0, 2252.0, 1.3888764323544527]]], "510.parest_r": [0, [[1379.0, 2492.0, 1.076574559853413]]], "541.leela_r": [0, [[1364.0, 2299.0, 1.2980227129564157]]], "523.xalancbmk_r": [0, [[1321.0, 2216.0, 1.463043212486867]]], "525.x264_r": [0, [[1273.0, 2115.0, 1.6934688980899517]]], "557.xz_r": [0, [[1291.0, 2127.0, 1.6571530866407682]]], "503.bwaves_r": [0, [[1358.0, 2223.0, 1.413411925653012]]], "508.namd_r": [0, [[1268.0, 2102.0, 1.724746840739811]]], "521.wrf_r": [0, [[1256.0, 2095.0, 1.74383360557196]]], "544.nab_r": [0, [[1314.0, 2155.0, 1.5813756396025758]]], "538.imagick_r": [0, [[1236.0, 2062.0, 1.831656800218045]]], "527.cam4_r": [0, [[1270.0, 2096.0, 1.735496817335935]]], "548.exchange2_r": [0, [[1265.0, 2096.0, 1.7375143495788763]]], "baseline": [0, [[1278.0, 2118.0, 1.6849840007450145]]], "531.deepsjeng_r": [0, [[1314.0, 2171.0, 1.5533479515744322]]], "505.mcf_r": [0, [[1235.0, 2059.0, 1.8375215423896352]]], "520.omnetpp_r": [0, [[1238.0, 2059.0, 1.8388664426654522]]], "502.gcc_r": [0, [[1282.0, 2119.0, 1.6811560301123585]]], "507.cactuBSSN_r": [0, [[1281.0, 2118.0, 1.6791353617645943]]], "511.povray_r": [0, [[1286.0, 2132.0, 1.6460635445581755]]], "554.roms_r": [0, [[1314.0, 2175.0, 1.5478359115637312]]], "519.lbm_r": [0, [[1316.0, 2165.0, 1.561379673685596]]], "526.blender_r": [0, [[1287.0, 2124.0, 1.6649519530624761]]]}
