{"505.mcf_r": [0, [[1603.0, 5832.0, 3.218889743421636]]], "baseline": [0, [[70401.0, 80643.0, 16.66308143964801]]]}
