{"521.wrf_r": [0, [[1782.0, 5882.0, 4.614133979641389]]], "557.xz_r": [0, [[2764.0, 60287.0, 6.6476677747728115]]], "508.namd_r": [0, [[1612.0, 5567.0, 3.225467195921465]]], "520.omnetpp_r": [0, [[1587.0, 5933.0, 3.280212413680303]]], "549.fotonik3d_r": [0, [[1353.0, 3700.0, 2.2727802460195994]]], "507.cactuBSSN_r": [0, [[1273.0, 3023.0, 2.7238084009852175]]], "511.povray_r": [0, [[1990.0, 7632.0, 4.021737862820274]]], "527.cam4_r": [0, [[1500.0, 3976.0, 3.755967439884505]]], "548.exchange2_r": [0, [[3287.0, 12890.0, 7.657830509094564]]], "503.bwaves_r": [0, [[1499.0, 4251.0, 3.6994200730064493]]], "519.lbm_r": [0, [[1427.0, 3971.0, 2.0443760278537497]]], "525.x264_r": [0, [[1767.0, 6579.0, 4.694887716122943]]], "523.xalancbmk_r": [0, [[1741.0, 6441.0, 4.681546857527122]]], "541.leela_r": [0, [[1643.0, 5065.0, 3.134142209176777]]], "544.nab_r": [0, [[1937.0, 18143.0, 4.130013412988381]]], "510.parest_r": [0, [[1327.0, 3802.0, 2.260341768984339]]], "502.gcc_r": [0, [[2099.0, 9817.0, 5.717650665882699]]], "526.blender_r": [0, [[1496.0, 5383.0, 3.593361110304929]]], "baseline": [0, [[2047.0000000000002, 7624.0, 5.844596122148773]]], "505.mcf_r": [0, [[1605.0, 5792.0, 3.221535956976866]]], "500.perlbench_r": [0, [[1802.0, 6736.0, 4.526473172774346]]], "538.imagick_r": [0, [[1602.0, 5916.0, 3.2013551208916353]]], "531.deepsjeng_r": [0, [[1242.0, 2992.0, 2.8064668168907057]]], "554.roms_r": [0, [[1350.0, 3798.0, 2.2242867861516578]]]}
{"527.cam4_r": [0, [[1457.0, 3854.0, 3.933190817864764]]], "549.fotonik3d_r": [0, [[1362.0, 3561.0, 2.24666435129897]]], "520.omnetpp_r": [0, [[1757.0, 5838.0, 4.691758310636022]]], "507.cactuBSSN_r": [0, [[1388.0, 3746.0, 2.1494965573396305]]], "525.x264_r": [0, [[1561.0, 4762.0, 3.4209975166929265]]], "510.parest_r": [0, [[1316.0, 3523.0, 2.3584235547878807]]], "548.exchange2_r": [0, [[2033.9999999999998, 7551.0, 5.891324214434359]]], "519.lbm_r": [0, [[1353.0, 3868.0, 2.240017352825682]]], "541.leela_r": [0, [[1623.0, 6446.0, 3.1585764686505025]]], "544.nab_r": [0, [[1775.0, 7035.0, 4.593355227959413]]], "531.deepsjeng_r": [0, [[1352.0, 3644.0, 2.274143370309742]]], "502.gcc_r": [0, [[1793.0, 6252.0, 4.580160091861883]]], "538.imagick_r": [0, [[1611.0, 5413.0, 3.2258230447032683]]], "554.roms_r": [0, [[1376.0, 4035.9999999999995, 2.138718072502184]]], "557.xz_r": [0, [[2077.0, 8147.0, 5.7779511871871785]]], "505.mcf_r": [0, [[2317.0, 9334.0, 5.2710071108530245]]], "508.namd_r": [0, [[2219.0, 9032.0, 5.443845405084878]]], "511.povray_r": [0, [[1689.0, 5571.0, 4.955308248556859]]], "503.bwaves_r": [0, [[1520.0, 4179.0, 3.6687175889770987]]], "500.perlbench_r": [0, [[3658.0, 20992.0, 7.618825195182922]]], "baseline": [0, [[1607.0, 5290.0, 3.220290079469264]]], "523.xalancbmk_r": [0, [[1703.0, 5282.0, 4.913176915310168]]], "526.blender_r": [0, [[1742.0, 6961.0, 4.65136432324308]]], "521.wrf_r": [0, [[1594.0, 4889.0, 3.2970450893696883]]]}
{"541.leela_r": [0, [[1797.0, 6978.0, 4.519245824756331]]], "520.omnetpp_r": [0, [[1876.0, 7221.0, 4.31434603449153]]], "526.blender_r": [0, [[2097.0, 12622.0, 5.729354335396198]]], "508.namd_r": [0, [[1736.0, 5800.0, 4.762850923219691]]], "500.perlbench_r": [0, [[1893.0, 8141.0, 4.260985465924568]]], "505.mcf_r": [0, [[2180.0, 7968.0, 5.5066083579293466]]], "507.cactuBSSN_r": [0, [[1395.0, 5419.0, 2.0093863423118643]]], "549.fotonik3d_r": [0, [[1443.0, 4150.0, 3.915166963525773]]], "527.cam4_r": [0, [[1413.0, 3688.0, 2.143448784626534]]], "554.roms_r": [0, [[1303.0, 3399.0, 2.4187377748361785]]], "503.bwaves_r": [0, [[1402.0, 3498.0, 2.1626160165970774]]], "521.wrf_r": [0, [[1826.0, 8226.0, 4.422839201132148]]], "548.exchange2_r": [0, [[1785.0, 5642.0, 4.643071417834638]]], "502.gcc_r": [0, [[1881.0, 6629.0, 4.291919776358624]]], "538.imagick_r": [0, [[1670.0, 6133.0, 4.983181348048839]]], "baseline": [0, [[79752.0, 111224.0, 17.786799580128402]]], "510.parest_r": [0, [[6139.0, 52691.0, 7.267919975805833]]], "557.xz_r": [0, [[1628.0, 6193.0, 3.1516177194488404]]], "511.povray_r": [0, [[1706.0, 6271.0, 4.881816628752798]]], "525.x264_r": [0, [[1581.0, 5090.0, 3.316346197269163]]], "519.lbm_r": [0, [[1616.0, 5089.0, 3.2063799555915633]]], "523.xalancbmk_r": [0, [[1586.0, 5682.0, 3.2800020568593635]]], "544.nab_r": [0, [[1618.0, 5742.0, 3.129656315908086]]], "531.deepsjeng_r": [0, [[1417.0, 3748.0, 2.0565923245414393]]]}
{"526.blender_r": [0, [[1505.0, 4744.0, 3.592815381921568]]], "544.nab_r": [0, [[1700.0, 6437.0, 4.8822527604814745]]], "505.mcf_r": [0, [[1904.0, 7080.0, 4.221145881115784]]], "548.exchange2_r": [0, [[1652.0, 5263.0, 3.067606979684063]]], "511.povray_r": [0, [[1726.0, 5755.0, 4.818284831906441]]], "525.x264_r": [0, [[1894.0, 8010.0, 4.251155383786852]]], "521.wrf_r": [0, [[1588.0, 4600.0, 3.3453965206224394]]], "500.perlbench_r": [0, [[1631.0, 6016.0, 3.1315222730953733]]], "523.xalancbmk_r": [0, [[1854.0, 7115.0, 4.350121477700239]]], "531.deepsjeng_r": [0, [[1379.0, 3960.0, 2.1394406638242396]]], "554.roms_r": [0, [[1225.0, 3068.0, 2.7902413693296544]]], "520.omnetpp_r": [0, [[1697.0, 6070.0, 4.8983733464697545]]], "510.parest_r": [0, [[1550.0, 5218.0, 3.3755986385960948]]], "503.bwaves_r": [0, [[1389.0, 3761.0, 2.1496047650005865]]], "baseline": [0, [[8245.0, 21399.0, 11.352291399868527]]], "519.lbm_r": [0, [[1416.0, 3864.0, 2.0770947617645987]]], "538.imagick_r": [0, [[1703.0, 6177.0, 4.88100672642048]]], "508.namd_r": [0, [[17419.0, 53032.0, 8.194259861422736]]], "549.fotonik3d_r": [0, [[1408.0, 4153.0, 2.0634807019153745]]], "527.cam4_r": [0, [[1425.0, 4130.0, 2.0024868913601654]]], "502.gcc_r": [0, [[5171.0, 37741.0, 8.823789716567703]]], "507.cactuBSSN_r": [0, [[1382.0, 3857.0, 2.1251125196760423]]], "557.xz_r": [0, [[1400.0, 4163.0, 2.0744615931416663]]], "541.leela_r": [0, [[1705.0, 5076.0, 4.936608349205462]]]}
{"531.deepsjeng_r": [0, [[1413.0, 3792.0, 2.0595930795625055]]], "544.nab_r": [0, [[1681.0, 6370.0, 4.981906465706153]]], "526.blender_r": [0, [[1501.0, 4965.0, 3.605262429620643]]], "500.perlbench_r": [0, [[1629.0, 5061.0, 3.190275205460401]]], "548.exchange2_r": [0, [[2153.0, 6430.0, 5.5521022791632095]]], "538.imagick_r": [0, [[1490.0, 4407.0, 3.6967982712641017]]], "523.xalancbmk_r": [0, [[3463.0, 23962.0, 6.092704739500155]]], "520.omnetpp_r": [0, [[1678.0, 6393.0, 4.977199248682721]]], "525.x264_r": [0, [[1899.0, 10762.0, 4.234235232351004]]], "557.xz_r": [0, [[1796.0, 8327.0, 4.491538711986075]]], "503.bwaves_r": [0, [[1506.0, 3869.0, 3.7520762757409094]]], "502.gcc_r": [0, [[3380.0, 20730.0, 7.853437768948869]]], "527.cam4_r": [0, [[1651.0, 5795.0, 3.106356497622328]]], "521.wrf_r": [0, [[1520.0, 4560.0, 3.594198884550626]]], "549.fotonik3d_r": [0, [[1324.0, 3459.0, 2.369791296239223]]], "554.roms_r": [0, [[1248.0, 3371.0, 2.6214053985143826]]], "541.leela_r": [0, [[1715.0, 5966.0, 4.844963134109202]]], "510.parest_r": [0, [[1309.0, 3440.0, 2.4139739251803376]]], "519.lbm_r": [0, [[1419.0, 3962.0, 2.0262398027121917]]], "507.cactuBSSN_r": [0, [[1310.0, 3506.0, 2.3698030817445828]]], "511.povray_r": [0, [[1973.0, 9007.0, 4.053963323947281]]], "baseline": [0, [[1765.0, 6874.0, 4.6672141990663745]]], "508.namd_r": [0, [[2189.0, 10515.0, 5.512224538818913]]], "505.mcf_r": [0, [[1424.0, 3790.0, 2.0600144446151085]]]}
{"511.povray_r": [0, [[1582.0, 5372.0, 3.3461158323588767]]], "531.deepsjeng_r": [0, [[1453.0, 4873.0, 3.8012392758495723]]], "554.roms_r": [0, [[1283.0, 3370.0, 2.5011193171556783]]], "521.wrf_r": [0, [[1487.0, 4245.0, 3.7357032958186567]]], "502.gcc_r": [0, [[2533.0, 12685.0, 6.795257738553212]]], "557.xz_r": [0, [[1660.0, 5316.0, 3.0870612510413853]]], "500.perlbench_r": [0, [[1480.0, 4188.0, 3.7956107218634116]]], "503.bwaves_r": [0, [[1418.0, 4155.0, 2.0383567548192043]]], "508.namd_r": [0, [[2214.0, 9993.0, 5.438349036625551]]], "510.parest_r": [0, [[1305.0, 3475.0, 2.4235686965774312]]], "527.cam4_r": [0, [[1459.0, 4013.0, 3.945330560359512]]], "525.x264_r": [0, [[2152.0, 9496.0, 5.551523002128532]]],