{"500.perlbench_r": [0, [[1589.0, 4458.0, 3.3466237815971103]]], "525.x264_r": [0, [[1930.0, 7575.0, 4.164310745356211]]], "511.povray_r": [0, [[2058.0, 8335.0, 5.830965765465727]]], "519.lbm_r": [0, [[1806.0, 5907.0, 4.5189729036658814]]], "507.cactuBSSN_r": [0, [[1465.0, 4408.0, 3.791846032690713]]], "505.mcf_r": [0, [[1873.0, 6884.0, 4.32254059490415]]], "508.namd_r": [0, [[1985.0, 7761.0, 4.032612675206016]]], "531.deepsjeng_r": [0, [[1438.0, 4316.0, 3.884901676354664]]], "baseline": [0, [[2730.0, 9480.0, 6.4494442530877]]], "549.fotonik3d_r": [0, [[1517.0, 4883.0, 3.5402120728123943]]], "510.parest_r": [0, [[1960.0, 7811.0, 4.084555123382873]]], "527.cam4_r": [0, [[1569.0, 4683.0, 3.4242939089855273]]], "548.exchange2_r": [0, [[2893.0, 14161.0, 6.2242976621159]]], "526.blender_r": [0, [[1627.0, 7387.0, 3.0507178351801367]]], "538.imagick_r": [0, [[1742.0, 6252.0, 4.759830521831331]]], "521.wrf_r": [0, [[1790.0, 6193.0, 4.582499082218365]]], "503.bwaves_r": [0, [[1573.0, 5390.0, 3.3337404523993084]]], "502.gcc_r": [0, [[2284.0, 8217.0, 5.262111465034455]]], "557.xz_r": [0, [[1659.0, 4944.0, 3.09089907778408]]], "544.nab_r": [0, [[1865.0, 7115.0, 4.3136672723794645]]], "554.roms_r": [0, [[1374.0, 3767.0, 2.179101890892257]]], "541.leela_r": [0, [[2513.0, 12046.0, 6.890551984218087]]], "520.omnetpp_r": [0, [[1767.0, 5632.0, 4.677642229535549]]], "523.xalancbmk_r": [0, [[2274.0, 9829.0, 5.3104800622652775]]]}
{"526.blender_r": [0, [[1869.0, 6008.0, 4.30655619470217]]], "548.exchange2_r": [0, [[1870.0, 6920.0, 4.334294065404542]]], "500.perlbench_r": [0, [[1557.0, 5451.0, 3.3939340252611228]]], "554.roms_r": [0, [[1526.0, 5040.0, 3.5035388362730777]]], "541.leela_r": [0, [[1781.0, 6042.0, 4.619132553091049]]], "507.cactuBSSN_r": [0, [[1506.0, 4962.0, 3.5722334035641143]]], "510.parest_r": [0, [[1778.0, 6668.0, 4.615182943161852]]], "538.imagick_r": [0, [[1520.0, 4448.0, 3.5816954719414307]]], "520.omnetpp_r": [0, [[3406.0, 26967.0, 6.047321801179078]]], "508.namd_r": [0, [[1892.0, 8491.0, 4.263444461141955]]], "521.wrf_r": [0, [[2047.0000000000002, 8602.0, 5.861040661587369]]], "557.xz_r": [0, [[1863.0, 7294.0, 4.3542619707611365]]], "523.xalancbmk_r": [0, [[1804.0, 6319.0, 4.517664817817667]]], "544.nab_r": [0, [[1854.0, 6967.0, 4.347971339506571]]], "511.povray_r": [0, [[1722.0, 6415.0, 4.8156409244216105]]], "531.deepsjeng_r": [0, [[1408.0, 3682.0, 2.093250426351139]]], "503.bwaves_r": [0, [[1790.0, 6630.0, 4.587643891007822]]], "502.gcc_r": [0, [[1740.0, 6370.0, 4.750859401030116]]], "525.x264_r": [0, [[3534.0, 11453.0, 7.657073746902181]]], "519.lbm_r": [0, [[1604.0, 4621.0, 3.293385786375602]]], "baseline": [0, [[2313.0, 11522.0, 5.247938710424776]]], "527.cam4_r": [0, [[1643.0, 4970.0, 3.163384793736027]]], "549.fotonik3d_r": [0, [[2280.0, 9362.0, 5.294162636836342]]], "505.mcf_r": [0, [[1592.0, 5848.0, 3.278029748087039]]]}
{"541.leela_r": [0, [[1819.0, 5941.0, 4.488078500318131]]], "500.perlbench_r": [0, [[1903.0, 8780.0, 4.2196203677422925]]], "554.roms_r": [0, [[1626.0, 4972.0, 3.2170489824139827]]], "baseline": [0, [[2105.0, 7403.0, 5.677230789162777]]], "521.wrf_r": [0, [[1835.0, 6225.0, 4.455759787481611]]], "511.povray_r": [0, [[2082.0, 14076.0, 5.758288614854284]]], "525.x264_r": [0, [[1772.0, 7634.0, 4.615631862303724]]], "538.imagick_r": [0, [[1654.0, 5063.0, 3.08836928793011]]], "502.gcc_r": [0, [[1904.0, 7280.0, 4.226961443067541]]], "505.mcf_r": [0, [[1990.0, 7489.0, 4.021831434779249]]], "507.cactuBSSN_r": [0, [[1414.0, 4640.0, 2.0108528516497546]]], "531.deepsjeng_r": [0, [[2247.0, 11884.0, 5.392766482582853]]], "508.namd_r": [0, [[1565.0, 5311.0, 3.3704925455370693]]], "527.cam4_r": [0, [[1684.0, 5621.0, 4.997446792578084]]], "557.xz_r": [0, [[2905.0, 10434.0, 6.233332884755641]]], "520.omnetpp_r": [0, [[2215.0, 9092.0, 5.41267318183174]]], "549.fotonik3d_r": [0, [[1557.0, 5051.0, 3.4455465348236247]]], "526.blender_r": [0, [[1935.0, 7671.0, 4.147625321876874]]], "510.parest_r": [0, [[2086.0, 8252.0, 5.752156314281834]]], "519.lbm_r": [0, [[1681.0, 5811.0, 4.964492463243399]]], "548.exchange2_r": [0, [[1900.0, 7298.0, 4.228852955875775]]], "523.xalancbmk_r": [0, [[4821.0, 18701.0, 8.180688799909607]]], "503.bwaves_r": [0, [[1894.0, 10704.0, 4.251266695921686]]], "544.nab_r": [0, [[2019.0000000000002, 17733.0, 5.942911036405]]]}
{"525.x264_r": [0, [[3210.0, 15745.0, 7.86067334376675]]], "526.blender_r": [0, [[2549.0, 8199.0, 6.735097523884847]]], "519.lbm_r": [0, [[1515.0, 4502.0, 3.629144545442481]]], "507.cactuBSSN_r": [0, [[1447.0, 4244.0, 3.9265053109952026]]], "baseline": [0, [[1961.0, 6620.0, 4.093576922826957]]], "508.namd_r": [0, [[2926.0, 11382.0, 6.295204631744009]]], "554.roms_r": [0, [[1306.0, 3393.0, 2.477318086615509]]], "521.wrf_r": [0, [[1685.0, 6506.0, 4.970002294609099]]], "511.povray_r": [0, [[1767.0, 5355.0, 4.6771437987159565]]], "500.perlbench_r": [0, [[1454.0, 3871.0, 2.008264629128383]]], "531.deepsjeng_r": [0, [[1830.0, 7060.0, 4.452887640701964]]], "557.xz_r": [0, [[2585.0, 11274.0, 6.704884140949463]]], "548.exchange2_r": [0, [[1836.0, 11641.0, 4.398430836628673]]], "502.gcc_r": [0, [[2242.0, 7609.0, 5.335869574942593]]], "544.nab_r": [0, [[2455.0, 13698.0, 5.046586068232155]]], "549.fotonik3d_r": [0, [[1867.0, 8386.0, 4.2950164237420045]]], "538.imagick_r": [0, [[1888.0, 6678.0, 4.26252389956959]]], "523.xalancbmk_r": [0, [[10946.0, 47492.0, 9.630154783131744]]], "510.parest_r": [0, [[1750.0, 8410.0, 4.723691172149148]]], "527.cam4_r": [0, [[1578.0, 4900.0, 3.403100996903454]]], "520.omnetpp_r": [0, [[1946.0, 7498.0, 4.127671266681351]]], "503.bwaves_r": [0, [[1969.0, 8736.0, 4.06343970185166]]], "541.leela_r": [0, [[2462.0, 9424.0, 6.946113272755209]]], "505.mcf_r": [0, [[1913.0, 7355.0, 4.196691946356525]]]}
{"505.mcf_r": [0, [[1798.0, 7376.0, 4.4942894994668094]]], "508.namd_r": [0, [[1939.0, 6442.0, 4.150048192819562]]], "557.xz_r": [0, [[2915.0, 24967.0, 6.350206959788595]]], "531.deepsjeng_r": [0, [[1592.0, 5572.0, 3.263848019023225]]], "502.gcc_r": [0, [[2215.0, 10785.0, 5.429579090197625]]], "544.nab_r": [0, [[1997.0, 7164.0, 4.006997771917975]]], "523.xalancbmk_r": [0, [[2009.0, 7280.0, 5.971284217536833]]], "511.povray_r": [0, [[2127.0, 8844.0, 5.621269383256438]]], "520.omnetpp_r": [0, [[1662.0, 6407.0, 3.0340146514398567]]], "525.x264_r": [0, [[1961.0, 7456.0, 4.090850724129451]]], "baseline": [0, [[2144.0, 8277.0, 5.578287405198125]]], "521.wrf_r": [0, [[2104.0, 7959.0, 5.686193493083512]]], "541.leela_r": [0, [[1657.0, 4903.0, 3.1114497203591878]]], "503.bwaves_r": [0, [[2037.0, 9769.0, 5.884304223641263]]], "507.cactuBSSN_r": [0, [[1539.0, 4921.0, 3.4703863590185247]]], "548.exchange2_r": [0, [[1475.0, 4378.0, 3.7984033904862455]]], "510.parest_r": [0, [[1606.0, 5511.0, 3.2172143474610073]]], "527.cam4_r": [0, [[1604.0, 4967.0, 3.2726064987669004]]], "554.roms_r": [0, [[1450.0, 4801.0, 3.8308045804097812]]], "538.imagick_r": [0, [[1896.0, 7244.0, 4.256701207733919]]], "549.fotonik3d_r": [0, [[1547.0, 4913.0, 3.4502572723926237]]], "500.perlbench_r": [0, [[1798.0, 6502.0, 4.508663385005255]]], "519.lbm_r": [0, [[1688.0, 6680.0, 4.907998396911056]]], "526.blender_r": [0, [[1535.0, 5837.0, 3.4158386658536877]]]}
