{"511.povray_r": [0, [[1738.0, 5932.0, 4.806002526691273]]], "523.xalancbmk_r": [0, [[1504.0, 4944.0, 3.602431650407584]]], "554.roms_r": [0, [[1723.0, 7106.0, 4.7846175535238835]]], "527.cam4_r": [0, [[1643.0, 5309.0, 3.1154858198935873]]], "500.perlbench_r": [0, [[2133.0, 8279.0, 5.62805015699428]]], "538.imagick_r": [0, [[1520.0, 4904.0, 3.600616939428562]]], "502.gcc_r": [0, [[4940.0, 19132.0, 8.280511210385102]]], "508.namd_r": [0, [[1715.0, 5743.0, 4.824739876096541]]], "505.mcf_r": [0, [[1422.0, 4247.0, 2.02992496807152]]], "531.deepsjeng_r": [0, [[1573.0, 5610.0, 3.3301039611208485]]], "526.blender_r": [0, [[1944.0, 8396.0, 4.125646728016485]]], "549.fotonik3d_r": [0, [[1716.0, 6349.0, 4.840983580086581]]], "557.xz_r": [0, [[1845.0, 8069.000000000001, 4.361904586250381]]], "541.leela_r": [0, [[1890.0, 6725.0, 4.258726547029169]]], "521.wrf_r": [0, [[1908.0, 6193.0, 4.232299104420379]]], "519.lbm_r": [0, [[1792.0, 6948.0, 4.601953638046626]]], "520.omnetpp_r": [0, [[1769.0, 7574.0, 4.57185832432419]]], "525.x264_r": [0, [[1976.0, 7610.0, 4.051853200405461]]], "510.parest_r": [0, [[1675.0, 6500.0, 3.0060184097092577]]], "503.bwaves_r": [0, [[2060.0, 9761.0, 5.8163844340984046]]], "507.cactuBSSN_r": [0, [[1965.0, 6451.0, 4.078953271379212]]], "548.exchange2_r": [0, [[2713.0, 9846.0, 6.496551552078771]]], "baseline": [0, [[3449.0, 15203.0, 7.441908013773434]]], "544.nab_r": [0, [[1680.0, 5240.0, 3.027600070804393]]]}
{"511.povray_r": [0, [[1809.0, 7012.0, 4.489696561679201]]], "521.wrf_r": [0, [[1795.0, 6680.0, 4.555254164169125]]], "541.leela_r": [0, [[1999.0, 6493.0, 4.002823091329939]]], "500.perlbench_r": [0, [[1673.0, 5331.0, 3.0241541350304386]]], "503.bwaves_r": [0, [[1632.0, 5289.0, 3.137397376381521]]], "519.lbm_r": [0, [[2224.0, 7331.0, 5.364784376204841]]], "507.cactuBSSN_r": [0, [[1614.0, 5953.0, 3.147667808563391]]], "538.imagick_r": [0, [[2213.0, 8013.999999999999, 5.404723819911059]]], "523.xalancbmk_r": [0, [[1735.0, 5688.0, 4.807426954392094]]], "508.namd_r": [0, [[1986.0, 9511.0, 4.029046382548572]]], "527.cam4_r": [0, [[1998.0, 11127.0, 4.004367378868268]]], "520.omnetpp_r": [0, [[2432.0, 10579.0, 5.058218358435964]]], "557.xz_r": [0, [[1908.0, 6536.0, 4.2251002325050395]]], "525.x264_r": [0, [[2617.0, 17921.0, 6.820120992777727]]], "554.roms_r": [0, [[1479.0, 4104.0, 3.7753270885359207]]], "502.gcc_r": [0, [[1695.0, 5779.0, 4.944692473997201]]], "510.parest_r": [0, [[1744.0, 5871.0, 4.750740437423131]]], "526.blender_r": [0, [[2669.0, 18646.0, 6.645102626588777]]], "505.mcf_r": [0, [[1927.0, 7933.0, 4.167106347289849]]], "548.exchange2_r": [0, [[2335.0, 11158.0, 5.205989925782864]]], "baseline": [0, [[1728.0, 5824.0, 4.828524850801131]]], "544.nab_r": [0, [[1758.0, 4969.0, 4.767184786465926]]], "531.deepsjeng_r": [0, [[1696.0, 6324.0, 4.968243292491233]]], "549.fotonik3d_r": [0, [[1544.0, 4805.0, 3.535255552304143]]]}
{"531.deepsjeng_r": [0, [[1599.0, 5838.0, 3.2083439089170365]]], "525.x264_r": [0, [[1879.0, 8814.0, 4.282312431928789]]], "527.cam4_r": [0, [[1645.0, 6250.0, 3.0740146827161516]]], "544.nab_r": [0, [[1700.0, 6659.0, 4.881438699892266]]], "520.omnetpp_r": [0, [[1739.0, 7143.0, 4.7075399707986225]]], "519.lbm_r": [0, [[1541.0, 5160.0, 3.4893953128268507]]], "541.leela_r": [0, [[1844.0, 6901.0, 4.427285466425138]]], "507.cactuBSSN_r": [0, [[1609.0, 5401.0, 3.2250817508274574]]], "503.bwaves_r": [0, [[1630.0, 5242.0, 3.173061093000833]]], "526.blender_r": [0, [[3760.0, 14073.0, 7.338474944268374]]], "554.roms_r": [0, [[1511.0, 3915.0, 3.711361247958642]]], "548.exchange2_r": [0, [[1635.0, 5216.0, 3.1494795724811984]]], "508.namd_r": [0, [[1608.0, 4632.0, 3.269671694120331]]], "521.wrf_r": [0, [[2023.0000000000002, 8385.0, 5.92854298108165]]], "505.mcf_r": [0, [[1801.0, 6795.0, 4.567576184837636]]], "523.xalancbmk_r": [0, [[1931.0, 7174.0, 4.150415052505447]]], "557.xz_r": [0, [[1646.0, 5334.0, 3.1533982359522246]]], "510.parest_r": [0, [[1828.0, 7755.0, 4.423434094220987]]], "549.fotonik3d_r": [0, [[1570.0, 5355.0, 3.398625861721425]]], "538.imagick_r": [0, [[12898.0, 37717.0, 11.589647217220135]]], "511.povray_r": [0, [[2455.0, 19172.0, 5.11496267173551]]], "baseline": [0, [[2976.0, 14527.0, 6.090816675673292]]], "500.perlbench_r": [0, [[1473.0, 4162.0, 3.8599768964636496]]], "502.gcc_r": [0, [[2787.0, 11012.0, 6.445812762320447]]]}
{"502.gcc_r": [0, [[2004.0, 9122.0, 5.9866848822531225]]], "527.cam4_r": [0, [[1792.0, 5990.0, 4.595149406998976]]], "510.parest_r": [0, [[2396.0, 9242.0, 5.097812334169984]]], "538.imagick_r": [0, [[1607.0, 6046.0, 3.1779310794148197]]], "500.perlbench_r": [0, [[2250.0, 12366.0, 5.401735992850172]]], "505.mcf_r": [0, [[2626.0, 15226.0, 6.678348379245582]]], "549.fotonik3d_r": [0, [[1539.0, 5838.0, 3.433520086812156]]], "541.leela_r": [0, [[2132.0, 11083.0, 5.632028840778704]]], "523.xalancbmk_r": [0, [[1941.0, 7638.0, 4.130512882221375]]], "548.exchange2_r": [0, [[1732.0, 6529.0, 4.805772627052894]]], "520.omnetpp_r": [0, [[1530.0, 4960.0, 3.495026413517785]]], "544.nab_r": [0, [[2168.0, 7098.0, 5.515451483365889]]], "503.bwaves_r": [0, [[1619.0, 5531.0, 3.2155242151627474]]], "511.povray_r": [0, [[2140.0, 8856.0, 5.592562037508016]]], "baseline": [0, [[1768.0, 7033.0, 4.635850760610028]]], "507.cactuBSSN_r": [0, [[1583.0, 4583.0, 3.3303497184110067]]], "521.wrf_r": [0, [[1820.0, 7488.0, 4.446077944274414]]], "519.lbm_r": [0, [[1652.0, 5359.0, 3.101651798802192]]], "508.namd_r": [0, [[1928.0, 7517.0, 4.154469289803079]]], "557.xz_r": [0, [[1808.0, 6416.0, 4.507808645066886]]], "525.x264_r": [0, [[2121.0, 8622.0, 5.657969170204984]]], "526.blender_r": [0, [[1589.0, 5100.0, 3.2801869652494053]]], "554.roms_r": [0, [[1470.0, 4667.0, 3.725742516966446]]], "531.deepsjeng_r": [0, [[1557.0, 4694.0, 3.4512993546170647]]]}
{"548.exchange2_r": [0, [[1632.0, 5953.0, 3.1066086660011694]]], "505.mcf_r": [0, [[2605.0, 10381.0, 6.77273735702741]]], "549.fotonik3d_r": [0, [[1829.0, 6459.0, 4.4498994945863535]]], "507.cactuBSSN_r": [0, [[1496.0, 4725.0, 3.6232082892307393]]], "523.xalancbmk_r": [0, [[2227.0, 12692.0, 5.404892032840453]]], "baseline": [0, [[1794.0, 5987.0, 4.578074530593855]]], "502.gcc_r": [0, [[1998.0, 6988.0, 4.004311792046958]]], "525.x264_r": [0, [[1712.0, 5510.0, 4.931780596678433]]], "544.nab_r": [0, [[1815.0, 7564.0, 4.447330047120734]]], "508.namd_r": [0, [[1565.0, 4526.0, 3.415327268799007]]], "526.blender_r": [0, [[2023.0000000000002, 10268.0, 5.92905463460199]]], "511.povray_r": [0, [[2087.0, 6831.0, 5.730898276195638]]], "557.xz_r": [0, [[2085.0, 9344.0, 5.749397934308636]]], "541.leela_r": [0, [[1942.0, 10471.0, 4.126035589861055]]], "531.deepsjeng_r": [0, [[1972.0, 8284.0, 4.063663515749949]]], "521.wrf_r": [0, [[2080.0, 9481.0, 5.769413977683784]]], "520.omnetpp_r": [0, [[1697.0, 5706.0, 4.939854789450058]]], "510.parest_r": [0, [[2312.0, 8364.0, 5.245667288617242]]], "519.lbm_r": [0, [[2045.0, 7897.0, 5.859796321073269]]], "500.perlbench_r": [0, [[1515.0, 4423.0, 3.6020185761598706]]], "503.bwaves_r": [0, [[2023.0000000000002, 9192.0, 5.924361579924009]]], "554.roms_r": [0, [[1817.0, 8087.999999999999, 4.4954014233308355]]], "538.imagick_r": [0, [[1911.0, 7311.0, 4.203620769862446]]], "527.cam4_r": [0, [[1730.0, 5895.0, 4.803932423744554]]]}
