{"baseline": [0, [[1300.0, 3239.0, 2.534364219342717]]], "505.mcf_r": [0, [[197820.0, 427583.0, 13.282477137189641]]]}
