{"baseline": [0, [[278118.0, 1.0017870997086031]]], "microbench": [0, [[1400.0, 0.12944553426980682]]], "microbench_pollu_1": [0, [[1406.0, 0.17812337772313938]]], "microbench_pollu_2": [0, [[40600.0, 1.0153136047223268]]], "microbench_pollu_3": [0, [[77431.0, 4.262127831080565]]], "microbench_pollu_4": [0, [[142896.0, 4.276228178574384]]], "microbench_pollu_5": [0, [[318450.0, 5.514845943497178]]], "microbench_pollu_6": [0, [[5286.0, 3.34783534634491]]], "microbench_pollu_7": [0, [[7445.0, 4.8908473711655285]]]}
{"baseline": [0, [[1423.0, 0.15493462087911342]]], "microbench": [0, [[4887.0, 1.1708664311699062]]], "microbench_pollu_1": [0, [[1409.0, 0.08200692224289617]]], "microbench_pollu_2": [0, [[1344.0, 0.14328255428785078]]], "microbench_pollu_3": [0, [[4261.0, 3.6569795619640932]]], "microbench_pollu_4": [0, [[61709.0, 4.0777998477480635]]], "microbench_pollu_5": [0, [[28058.0, 4.865626735750707]]], "microbench_pollu_6": [0, [[5383.0, 3.4788705231805603]]], "microbench_pollu_7": [0, [[5073.0, 3.6742818868285676]]]}
{"baseline": [0, [[1425.0, 0.10856201636170539]]], "microbench": [0, [[1366.0, 0.11367030830405543]]], "microbench_pollu_1": [0, [[20433.0, 1.0333184346591053]]], "microbench_pollu_2": [0, [[237263.0, 1.0025714811042201]]], "microbench_pollu_3": [0, [[148050.0, 4.2120070751386525]]], "microbench_pollu_4": [0, [[31410.0, 4.394817149249071]]], "microbench_pollu_5": [0, [[26972.0, 4.520199022433698]]], "microbench_pollu_6": [0, [[5604.0, 3.252394915662366]]], "microbench_pollu_7": [0, [[5331.0, 3.3098733531092392]]]}
{"baseline": [0, [[1395.0, 0.045571908934450484]]], "microbench": [0, [[1349.0, 0.14325818856883385]]], "microbench_pollu_1": [0, [[1397.0, 0.19187257439961866]]], "microbench_pollu_2": [0, [[1401.0, 0.11308358956986708]]], "microbench_pollu_3": [0, [[61923.0, 4.495272514523309]]], "microbench_pollu_4": [0, [[37691.0, 4.3372498306715705]]], "microbench_pollu_5": [0, [[64521360.0, 100.0]]], "microbench_pollu_6": [0, [[6564.0, 3.1005949045125956]]], "microbench_pollu_7": [0, [[4563.0, 3.735804099373845]]]}
{"baseline": [0, [[1418.0, 0.1425892935167236]]], "microbench": [0, [[1372.0, 0.2692676065870766]]], "microbench_pollu_1": [0, [[2712.0, 1.476379177165938]]], "microbench_pollu_2": [0, [[1392.0, 0.06404611319939829]]], "microbench_pollu_3": [0, [[35796.0, 4.745015980568876]]], "microbench_pollu_4": [0, [[52170.0, 4.331017928694915]]], "microbench_pollu_5": [0, [[76941.0, 4.4410085940587445]]], "microbench_pollu_6": [0, [[6250.0, 3.2144166363718742]]], "microbench_pollu_7": [0, [[5053.0, 3.638812847390156]]]}
