{"523.xalancbmk_r": [0, [[1642.0, 2655.0, 2.212517172156235]]], "511.povray_r": [0, [[1682.0, 2634.0, 2.1230552327360517]]], "554.roms_r": [0, [[1255.0, 2094.0, 1.7446495612272632]]], "500.perlbench_r": [0, [[1609.0, 2537.0, 2.461789609176911]]], "baseline": [0, [[1532.0, 2435.0, 2.8494691664543526]]], "508.namd_r": [0, [[1577.0, 2567.0, 2.516650695226031]]], "526.blender_r": [0, [[1384.0, 2272.0, 1.312673800610796]]], "503.bwaves_r": [0, [[1407.0, 2304.0, 1.240777562311214]]], "538.imagick_r": [0, [[1633.0, 3130.0, 2.0361191114129875]]], "531.deepsjeng_r": [0, [[1334.0, 2178.0, 1.5247442155535498]]], "519.lbm_r": [0, [[1496.0, 2408.0, 1.0017837056475039]]], "525.x264_r": [0, [[1534.0, 2430.0, 2.865001186896501]]], "544.nab_r": [0, [[1496.0, 2437.0, 2.9559617104272755]]], "520.omnetpp_r": [0, [[1479.0, 2394.0, 1.0426030065610394]]], "541.leela_r": [0, [[1583.0, 2524.0, 2.571313529893992]]], "557.xz_r": [0, [[1426.0, 2426.0, 1.0772020051530427]]], "549.fotonik3d_r": [0, [[1286.0, 2133.0, 1.6452729951739096]]], "521.wrf_r": [0, [[1528.0, 2465.0, 2.8132486703072175]]], "505.mcf_r": [0, [[1440.0, 2317.0, 1.1819328077947715]]], "510.parest_r": [0, [[1465.0, 2403.0, 1.0522206958554876]]], "502.gcc_r": [0, [[1549.0, 2491.0, 2.708041533863443]]], "507.cactuBSSN_r": [0, [[2675.0, 6911.0, 8.120066353790156]]], "527.cam4_r": [0, [[1753.0, 2889.0, 3.546549481356409]]], "548.exchange2_r": [0, [[1571.0, 2511.0, 2.6229141744600173]]]}
{"526.blender_r": [0, [[1468.0, 2377.0, 1.0707389647843444]]], "507.cactuBSSN_r": [0, [[3171.0, 8649.0, 10.030723596256683]]], "505.mcf_r": [0, [[1432.0, 2325.0, 1.1908861597513385]]], "baseline": [0, [[1563.0, 2488.0, 2.6901183867335243]]], "508.namd_r": [0, [[1614.0, 2601.0, 2.3654104315707225]]], "525.x264_r": [0, [[1507.0, 2403.0, 2.99373814237065]]], "531.deepsjeng_r": [0, [[1325.0, 2162.0, 1.560196375909307]]], "502.gcc_r": [0, [[1699.0, 2741.0, 3.9228492403950193]]], "557.xz_r": [0, [[1493.0, 2433.0, 2.9441537796922574]]], "511.povray_r": [0, [[1702.0, 2657.0, 2.045190998123098]]], "554.roms_r": [0, [[1273.0, 2104.0, 1.7151802783568781]]], "503.bwaves_r": [0, [[1435.0, 2385.0, 1.1007243112377578]]], "548.exchange2_r": [0, [[1637.0, 2691.0, 2.209593696317148]]], "500.perlbench_r": [0, [[1688.0, 2730.0, 2.03545300930729]]], "544.nab_r": [0, [[1454.0, 2337.0, 1.150740206241893]]], "523.xalancbmk_r": [0, [[1624.0, 2608.0, 2.331225807365689]]], "519.lbm_r": [0, [[1536.0, 2461.0, 2.7920812889626934]]], "520.omnetpp_r": [0, [[1517.0, 2442.0, 2.86394844262118]]], "541.leela_r": [0, [[1591.0, 2493.0, 2.5953159089632925]]], "538.imagick_r": [0, [[1558.0, 2492.0, 2.667329817770794]]], "549.fotonik3d_r": [0, [[1333.0, 2185.0, 1.5129408155618882]]], "510.parest_r": [0, [[1534.0, 2506.0, 2.729169426519273]]], "521.wrf_r": [0, [[1494.0, 2424.0, 2.996197824351367]]], "527.cam4_r": [0, [[1622.0, 2593.0, 2.3306215406662862]]]}
{"507.cactuBSSN_r": [0, [[2848.0, 6692.0, 9.336464678015298]]], "500.perlbench_r": [0, [[1528.0, 2470.0, 2.8120263595847796]]], "510.parest_r": [0, [[1566.0, 2530.0, 2.6018958539739048]]], "520.omnetpp_r": [0, [[1591.0, 2516.0, 2.5458036127654093]]], "526.blender_r": [0, [[1390.0, 2260.0, 1.3325766074536043]]], "544.nab_r": [0, [[1548.0, 2477.0, 2.7222610367807545]]], "525.x264_r": [0, [[1551.0, 2482.0, 2.722187998764271]]], "527.cam4_r": [0, [[1744.0, 2860.0, 3.59841510433109]]], "503.bwaves_r": [0, [[1461.0, 2380.0, 1.0686352985536645]]], "511.povray_r": [0, [[1694.0, 2796.0, 3.965191581219644]]], "508.namd_r": [0, [[1503.0, 2419.0, 2.9563172249623397]]], "505.mcf_r": [0, [[1546.0, 2472.0, 2.7413475614327814]]], "549.fotonik3d_r": [0, [[1300.0, 2162.0, 1.5781229635113363]]], "502.gcc_r": [0, [[1518.0, 2431.0, 2.9043269847009374]]], "541.leela_r": [0, [[1644.0, 2618.0, 2.275915989833809]]], "baseline": [0, [[1641.0, 2646.0, 2.2403843048381087]]], "548.exchange2_r": [0, [[1697.0, 2724.0, 3.998821185106032]]], "554.roms_r": [0, [[1269.0, 2112.0, 1.6988743845201564]]], "538.imagick_r": [0, [[1466.0, 2385.0, 1.0768706410215638]]], "523.xalancbmk_r": [0, [[1711.0, 7968.0, 3.3355062337583825]]], "557.xz_r": [0, [[1501.0, 2568.0, 2.73562871587775]]], "521.wrf_r": [0, [[1562.0, 2511.0, 2.6270371436945577]]], "531.deepsjeng_r": [0, [[1312.0, 2157.0, 1.5798507184779207]]], "519.lbm_r": [0, [[1401.0, 2270.0, 1.2999067787672165]]]}
{"505.mcf_r": [0, [[1420.0, 2281.0, 1.2654614101020154]]], "508.namd_r": [0, [[1495.0, 2433.0, 2.962387191947241]]], "525.x264_r": [0, [[1533.0, 2451.0, 2.819747812639983]]], "557.xz_r": [0, [[1416.0, 2409.0, 1.110626902756613]]], "520.omnetpp_r": [0, [[1441.0, 2340.0, 1.157078661381279]]], "538.imagick_r": [0, [[1483.0, 2414.0, 1.0176058512027737]]], "521.wrf_r": [0, [[1562.0, 2490.0, 2.663896720607417]]], "544.nab_r": [0, [[1519.0, 2438.0, 2.8764198931723968]]], "519.lbm_r": [0, [[1396.0, 2264.0, 1.3174203428616145]]], "510.parest_r": [0, [[1489.0, 2403.0, 1.0103270447949302]]], "548.exchange2_r": [0, [[1565.0, 2507.0, 2.669676339735312]]], "527.cam4_r": [0, [[1688.0, 2818.0, 3.9286821226329742]]], "554.roms_r": [0, [[1321.0, 2178.0, 1.5335547318690599]]], "541.leela_r": [0, [[1647.0, 2610.0, 2.2587894200945806]]], "baseline": [0, [[1599.0, 2551.0, 2.4913189986689637]]], "503.bwaves_r": [0, [[1470.0, 2409.0, 1.0282465295144168]]], "502.gcc_r": [0, [[1723.0, 3033.0, 3.683962882293693]]], "526.blender_r": [0, [[1397.0, 2291.0, 1.2698827448802952]]], "549.fotonik3d_r": [0, [[1268.0, 2103.0, 1.7232633245421205]]], "507.cactuBSSN_r": [0, [[3012.0, 6033.0, 10.216803338336172]]], "523.xalancbmk_r": [0, [[1471.0, 2386.0, 1.0684404000870216]]], "500.perlbench_r": [0, [[1684.0, 2656.0, 2.0828679067435716]]], "531.deepsjeng_r": [0, [[1532.0, 3084.0, 2.306887241766352]]], "511.povray_r": [0, [[1625.0, 2557.0, 2.4017101116031423]]]}
{"531.deepsjeng_r": [0, [[1303.0, 2152.0, 1.5974756277382354]]], "548.exchange2_r": [0, [[1608.0, 2571.0, 2.4325805681457786]]], "502.gcc_r": [0, [[1698.0, 2719.0, 3.9683049299746775]]], "510.parest_r": [0, [[1529.0, 2489.0, 2.7637945077655757]]], "baseline": [0, [[1542.0, 2488.0, 2.7532898830398596]]], "505.mcf_r": [0, [[1421.0, 2310.0, 1.2157521436041225]]], "544.nab_r": [0, [[1662.0, 2684.0, 2.1347225309074886]]], "523.xalancbmk_r": [0, [[1570.0, 2511.0, 2.6176314708762924]]], "554.roms_r": [0, [[1335.0, 2185.0, 1.508418739865198]]], "549.fotonik3d_r": [0, [[1312.0, 2169.0, 1.5599918092729954]]], "519.lbm_r": [0, [[1479.0, 2389.0, 1.0431343543975962]]], "500.perlbench_r": [0, [[1536.0, 2429.0, 2.8486546541598936]]], "538.imagick_r": [0, [[1460.0, 2359.0, 1.1007082137986304]]], "511.povray_r": [0, [[2224.0, 104220.0, 6.992679103075085]]], "521.wrf_r": [0, [[1625.0, 3241.0, 2.0707624953555834]]], "541.leela_r": [0, [[1577.0, 2521.0, 2.5837640749924082]]], "520.omnetpp_r": [0, [[1493.0, 2387.0, 1.0184555792651562]]], "557.xz_r": [0, [[1439.0, 2394.0, 1.0872452981240908]]], "503.bwaves_r": [0, [[1523.0, 2508.0, 2.7220135733326556]]], "526.blender_r": [0, [[1411.0, 2339.0, 1.1930012068526379]]], "507.cactuBSSN_r": [0, [[3146.0, 7348.0, 11.313782976392066]]], "508.namd_r": [0, [[1586.0, 2542.0, 2.5238270271266248]]], "525.x264_r": [0, [[1579.0, 2526.0, 2.5749298224887216]]], "527.cam4_r": [0, [[1734.0, 2799.0, 3.7092395167895393]]]}
{"526.blender_r": [0, [[1424.0, 2326.0, 1.1943042246384232]]], "510.parest_r": [0, [[1486.0, 2442.0, 2.9554724889091917]]], "554.roms_r": [0, [[1330.0, 2176.0, 1.5333309180956043]]], "544.nab_r": [0, [[1486.0, 2381.0, 1.0514842855208082]]], "527.cam4_r": [0, [[1731.0, 2897.0, 3.6508831886991624]]], "521.wrf_r": [0, [[1590.0, 2561.0, 2.501101934601947]]], "549.fotonik3d_r": [0, [[1372.0, 2250.0, 1.3606700968110073]]], "511.povray_r": [0, [[1607.0, 2509.0, 2.5423119476929648]]], "507.cactuBSSN_r": [0, [[2796.0, 5459.0, 9.10689396789268]]], "541.leela_r": [0, [[1605.0, 2562.0, 2.4662496640313276]]], "500.perlbench_r": [0, [[1665.0, 2621.0, 2.1809219679036342]]], "503.bwaves_r": [0, [[1441.0, 2344.0, 1.1378064261959961]]],