{"baseline": [0, [[1186.0, 1996.0, 0.0001404857216973308]]], "500.perlbench_r": [0, [[1277.0, 2170.0, 1.5789008106974367]]], "502.gcc_r": [0, [[1426.0, 2873.0, 2.6631232886216374]]], "503.bwaves_r": [0, [[1389.0, 2317.0, 1.2344104611425823]]], "505.mcf_r": [0, [[1507.0, 60324.0, 2.0260015020048248]]], "507.cactuBSSN_r": [0, [[1285.0, 2406.0, 1.2996668295634712]]], "508.namd_r": [0, [[1221.0, 2035.0000000000002, 1.9028364485844282]]], "510.parest_r": [0, [[1188.0, 2001.0, 1.9975797500187782]]], "511.povray_r": [0, [[1245.0, 2062.0, 1.8290684970194087]]], "519.lbm_r": [0, [[1217.0, 2028.0, 1.9201542432318712]]], "520.omnetpp_r": [0, [[1215.0, 2045.9999999999998, 1.874660032047336]]], "521.wrf_r": [0, [[1257.0, 2095.0, 1.742738878225482]]], "523.xalancbmk_r": [0, [[1243.0, 2127.0, 1.681434359506226]]], "525.x264_r": [0, [[1398.0, 2371.0, 1.1787454586915276]]], "526.blender_r": [0, [[1309.0, 2160.0, 1.5794359332700283]]], "527.cam4_r": [0, [[1551.0, 2607.0, 2.565818833909473]]], "531.deepsjeng_r": [0, [[1225.0, 2052.0, 1.857411293530291]]], "538.imagick_r": [0, [[1312.0, 2160.0, 1.5702766084915183]]], "541.leela_r": [0, [[1445.0, 2764.0, 2.7610414500929505]]], "544.nab_r": [0, [[1223.0, 2050.0, 1.8634955060662777]]], "548.exchange2_r": [0, [[1259.0, 2109.0, 1.711548156371463]]], "549.fotonik3d_r": [0, [[1164.0, 1977.0, 0.0007149857059057316]]], "554.roms_r": [0, [[1146.0, 1943.0, 0.001916135771548453]]], "557.xz_r": [0, [[1499.0, 19096.0, 3.8889545595947395]]]}
{"531.deepsjeng_r": [0, [[1280.0, 2140.0, 1.6327467156144553]]], "523.xalancbmk_r": [0, [[1190.0, 1983.0, 0.0005977858532200764]]], "508.namd_r": [0, [[1172.0, 1971.0, 0.0008644100132963138]]], "527.cam4_r": [0, [[1491.0, 2414.0, 1.0010949577367592]]], "510.parest_r": [0, [[1228.0, 2049.0, 1.8642236585899046]]], "502.gcc_r": [0, [[1407.0, 2486.0, 1.0611817394291339]]], "554.roms_r": [0, [[1211.0, 2020.0, 1.9446541568085176]]], "520.omnetpp_r": [0, [[1273.0, 2097.0, 1.7301313680551993]]], "521.wrf_r": [0, [[1182.0, 1990.0, 0.00029063166762441784]]], "500.perlbench_r": [0, [[1242.0, 2064.0, 1.8231635582832177]]], "557.xz_r": [0, [[1409.0, 6765.0, 2.458461132435827]]], "507.cactuBSSN_r": [0, [[1210.0, 2033.0, 1.90991638456651]]], "544.nab_r": [0, [[1267.0, 2102.0, 1.7236588542310702]]], "548.exchange2_r": [0, [[1268.0, 2110.0, 1.7077547794278813]]], "511.povray_r": [0, [[1323.0, 2187.0, 1.5174641296195477]]], "549.fotonik3d_r": [0, [[1218.0, 2048.0, 1.870343091128151]]], "505.mcf_r": [0, [[1290.0, 2124.0, 1.6622928982736314]]], "526.blender_r": [0, [[1191.0, 1996.0, 0.00014381075064896217]]], "538.imagick_r": [0, [[1209.0, 2011.0000000000002, 1.9686096550599421]]], "baseline": [0, [[2137.0, 131367.0, 5.6494896846142595]]], "503.bwaves_r": [0, [[1446.0, 2366.0, 1.0995406152878635]]], "519.lbm_r": [0, [[1182.0, 1994.0, 0.00017927829753884388]]], "541.leela_r": [0, [[1250.0, 2079.0, 1.7842122744338251]]], "525.x264_r": [0, [[1316.0, 2211.0, 1.4799802248956477]]]}
{"527.cam4_r": [0, [[1481.0, 2410.0, 1.0129103936260202]]], "549.fotonik3d_r": [0, [[1199.0, 2003.0, 1.9912876643463822]]], "510.parest_r": [0, [[1241.0, 2058.0, 1.8371509732132298]]], "557.xz_r": [0, [[1355.0, 4348.0, 2.6927337778292175]]], "500.perlbench_r": [0, [[1255.0, 2082.0, 1.7762352292582242]]], "baseline": [0, [[1210.0, 2024.0, 1.9344823342307467]]], "521.wrf_r": [0, [[1258.0, 2095.0, 1.7445715632287155]]], "511.povray_r": [0, [[1272.0, 2102.0, 1.7261065297618998]]], "554.roms_r": [0, [[1236.0, 2061.0, 1.832602509670571]]], "508.namd_r": [0, [[1199.0, 2009.9999999999998, 1.970936100587317]]], "541.leela_r": [0, [[1260.0, 2078.0, 1.7843366311174886]]], "505.mcf_r": [0, [[1264.0, 2099.0, 1.7329859076403553]]], "538.imagick_r": [0, [[1241.0, 2071.0, 1.8064081339243905]]], "548.exchange2_r": [0, [[1827.0, 93878.0, 4.315651395714833]]], "526.blender_r": [0, [[1275.0, 2123.0, 1.6739258168994533]]], "525.x264_r": [0, [[1319.0, 2223.0, 1.4499524485888968]]], "544.nab_r": [0, [[1227.0, 2052.0, 1.8563844684225992]]], "502.gcc_r": [0, [[1429.0, 2405.0, 1.0840893050976863]]], "503.bwaves_r": [0, [[1465.0, 2438.0, 1.0023210258845094]]], "523.xalancbmk_r": [0, [[1306.0, 2173.0, 1.5557751465318437]]], "519.lbm_r": [0, [[1189.0, 2001.9999999999998, 1.9951615651739203]]], "520.omnetpp_r": [0, [[1227.0, 2045.0, 1.8749828329632707]]], "531.deepsjeng_r": [0, [[1221.0, 2049.0, 1.8637420725654938]]], "507.cactuBSSN_r": [0, [[1181.0, 1992.0, 0.00024321237366050393]]]}
