{"519.lbm_r": [[773.0, 1.1108381330332093], [291087.0, 90.65123445301337]], "baseline": [[87.375, 0.0], [143783.0, 65.34049987561582]]}
{"519.lbm_r": [[810.125, 1.2923466246945097], [544511.0, 92.52022366427673]], "baseline": [[89.25, 0.0], [981695.0, 100.0]]}
{"519.lbm_r": [[735.25, 1.0921388904483467], [220879.0, 80.14844067124135]], "baseline": [[90.375, 0.0], [53091.0, 35.11494733751111]]}
{"519.lbm_r": [[613.5, 1.1204830010524238], [13802.0, 5.085935115519151]], "baseline": [[93.875, 0.20707070707070707], [156031.0, 61.62282974682907]]}
{"519.lbm_r": [[738.5, 1.0971250948955829], [658495.0, 100.0]], "baseline": [[81.625, 0.0], [1120511.0, 100.0]]}
{"519.lbm_r": [[854.375, 1.0818902960682968], [122519.0, 59.13227514070917]], "baseline": [[94.375, 0.4495430026970333], [494335.0, 90.03482882139825]]}
{"519.lbm_r": [[745.125, 1.1007774677616913], [610495.0, 97.50597933193289]], "baseline": [[85.75, 0.0], [745791.0, 100.0]]}
{"519.lbm_r": [[692.625, 0.961840258729578], [716671.0, 100.0]], "baseline": [[89.625, 0.0], [73991.0, 65.43354198166242]]}
{"519.lbm_r": [[880.625, 1.0601138042345437], [16718.0, 5.67044246335001]], "baseline": [[120.0, 0.15144230769230768], [191919.0, 80.32694083544756]]}
{"519.lbm_r": [[1046.0, 1.1022854461666465], [551967.0, 100.0]], "baseline": [[94.625, 0.1875], [31049.0, 15.272665089168964]]}
{"519.lbm_r": [[683.25, 1.1025395981924155], [34436.0, 7.610393337915232]], "baseline": [[95.125, 0.2138888888888889], [47111.0, 56.77591715071269]]}
{"519.lbm_r": [[842.25, 1.0626466678105169], [30091.0, 12.74940347749203]], "baseline": [[85.625, 0.0], [821631.0, 100.0]]}
{"519.lbm_r": [[824.625, 1.078500389528592], [638719.0, 91.27139163887404]], "baseline": [[88.375, 0.2462686567164179], [246303.0, 78.08561102670417]]}
{"519.lbm_r": [[618.875, 1.1738767990057217], [60003.0, 20.29132608291327]], "baseline": [[91.25, 0.0], [249663.0, 80.09795397625204]]}
{"519.lbm_r": [[528.5, 1.1747261534414801], [94195.0, 43.659334264266725]], "baseline": [[83.5, 0.0], [474431.0, 91.27839317248126]]}
{"519.lbm_r": [[642.375, 1.1118424292359044], [229695.0, 80.11225417938921]], "baseline": [[83.125, 0.0], [41643.0, 11.78664786915506]]}
{"519.lbm_r": [[1090.625, 1.2780986598192294], [1197311.0, 100.0]], "baseline": [[83.375, 0.0], [512735.0, 96.26058876373156]]}
{"519.lbm_r": [[1117.25, 1.0600940242474697], [56451.0, 17.181743679850438]], "baseline": [[91.875, 0.48561076604554865], [122391.0, 60.29249068932407]]}
{"519.lbm_r": [[799.375, 1.1026954115460892], [293663.0, 80.37081780181181]], "baseline": [[90.5, 0.24637681159420288], [123399.0, 64.17233958754942]]}
{"519.lbm_r": [[768.875, 1.0889733152049974], [51379.0, 19.435394358588635]], "baseline": [[87.875, 0.24285714285714285], [1046399.0, 100.0]]}
