{"519.lbm_r": [[725.75, 1.0940074657038164], [5668.0, 2.1192225898084076]], "baseline": [[89.5, 0.22205882352941175], [3114.0, 1.5511176927355197]]}
{"519.lbm_r": [[943.375, 1.1054404756448484], [6091.5, 2.1487905331869617]], "baseline": [[91.125, 0.2328767123287671], [7595.0, 2.1215347099431403]]}
{"519.lbm_r": [[787.75, 1.0876495542313545], [12245.5, 2.8355666974617444]], "baseline": [[85.0, 0.0], [20171.0, 3.129698831952529]]}
{"519.lbm_r": [[843.625, 1.0725833831159224], [3045.25, 1.3767070820359049]], "baseline": [[94.375, 0.19504310344827586], [41795.0, 6.096312840856642]]}
{"519.lbm_r": [[582.125, 1.1232206368396978], [3079.0, 1.5404457373271896]], "baseline": [[84.625, 0.0], [8986.0, 2.3162784423809426]]}
{"519.lbm_r": [[784.625, 1.088078535542818], [3197.0, 1.7160238207819163]], "baseline": [[87.0, 0.0], [3253.75, 1.8984854497354497]]}
{"519.lbm_r": [[620.625, 1.14319830666606], [3209.0, 1.5195363743815107]], "baseline": [[99.75, 0.18006993006993008], [3208.5, 1.6321784543749267]]}
{"519.lbm_r": [[670.125, 1.1115589692055678], [6532.5, 2.4828540449790992]], "baseline": [[90.875, 0.21764705882352942], [33803.0, 4.8027146648135535]]}
{"519.lbm_r": [[688.5, 1.1013952165318845], [3157.5, 1.5575163917969193]], "baseline": [[81.25, 0.0], [33155.0, 4.769858719310838]]}
{"519.lbm_r": [[462.75, 1.0174469280327534], [5779.75, 2.2482583031151457]], "baseline": [[85.25, 0.0], [40619.0, 5.258615409340148]]}
{"519.lbm_r": [[918.375, 1.0698191890559765], [5140.0, 2.1182465862947057]], "baseline": [[81.875, 0.0], [22025.0, 3.940584353917179]]}
{"519.lbm_r": [[652.125, 1.1065755438679712], [2969.25, 1.396761670214273]], "baseline": [[95.375, 0.20072115384615385], [41227.0, 6.406060167365998]]}
{"519.lbm_r": [[648.75, 1.1315527423841347], [2997.0, 1.3895764702262277]], "baseline": [[89.75, 0.22205882352941175], [22159.0, 3.3930979287367786]]}
{"519.lbm_r": [[647.0, 1.111363512826351], [3826.5, 1.7556029021659638]], "baseline": [[81.625, 0.0], [6455.5, 2.3523849176391995]]}
{"519.lbm_r": [[874.875, 1.0841986229779106], [12127.0, 3.606427578183347]], "baseline": [[88.25, 0.2152777777777778], [19285.0, 3.3372041248714717]]}
{"519.lbm_r": [[578.875, 1.1544440597446668], [2989.0, 1.3792098111715037]], "baseline": [[86.625, 0.0], [3103.0, 1.773721471923003]]}
{"519.lbm_r": [[704.625, 1.0991558038599107], [2955.25, 1.4130578105921854]], "baseline": [[101.875, 0.17290419161676646], [3862.5, 1.95062225920572]]}
