{"519.lbm_r": [[129.625, 0.595161984862533], [2939.0, 1.0842541666666643]], "baseline": [[92.25, 0.20535714285714285], [2934.75, 1.2281794191919184]]}
{"519.lbm_r": [[123.75, 0.35004780817887615], [2931.0, 1.1543440656565618]], "baseline": [[86.75, 0.24080882352941177], [2950.0, 1.2990729166666688]]}
{"519.lbm_r": [[91.875, 0.24094202898550726], [2932.0, 1.2581352272727246]], "baseline": [[80.125, 0.0], [2938.5, 1.2984375]]}
{"519.lbm_r": [[85.5, 0.0], [5097.5, 2.3431485018249725]], "baseline": [[92.0, 0.20876288659793812], [3114.5, 1.9233455882352941]]}
{"519.lbm_r": [[87.25, 0.0], [2996.0, 1.2985496188594003]], "baseline": [[87.375, 0.23767605633802819], [2953.0, 1.3458605392156875]]}
{"519.lbm_r": [[108.875, 0.16383495145631066], [2924.5, 1.0703930555555519]], "baseline": [[89.5, 0.24285714285714285], [2921.5, 0.8838416666666628]]}
{"519.lbm_r": [[82.625, 0.0], [2926.75, 1.1087088383838335]], "baseline": [[99.25, 0.44918198117436126], [2928.0, 1.0938239898989852]]}
{"519.lbm_r": [[87.375, 0.22530864197530864], [2922.5, 1.0928117424242378]], "baseline": [[120.375, 0.37154169360051714], [3076.25, 1.6254486842105276]]}
{"519.lbm_r": [[92.375, 0.4566176470588235], [2936.5, 1.1866215909090885]], "baseline": [[87.75, 0.22093023255813954], [2937.0, 1.1495265151515153]]}
{"519.lbm_r": [[87.375, 0.0], [2924.0, 1.159794065656561]], "baseline": [[94.0, 0.19504310344827586], [2931.75, 0.9184680555555501]]}
{"519.lbm_r": [[100.5, 0.17484662576687116], [2982.5, 1.354907014695829]], "baseline": [[112.625, 0.15424528301886792], [2923.75, 1.121464646464643]]}
{"519.lbm_r": [[85.125, 0.0], [2922.75, 0.9998247474747424]], "baseline": [[83.5, 0.0], [2948.0, 1.308280555555558]]}
{"519.lbm_r": [[86.5, 0.0], [2918.0, 0.9061322358197305]], "baseline": [[91.0, 0.0], [2913.75, 0.9302393939393904]]}
{"519.lbm_r": [[81.25, 0.0], [2951.75, 1.3439916666666714]], "baseline": [[85.125, 0.0], [2940.0, 1.1811868686868687]]}
{"519.lbm_r": [[96.75, 0.46450283144570287], [2940.75, 1.2401041666666666]], "baseline": [[86.125, 0.0], [2928.75, 0.9718276515151479]]}
{"519.lbm_r": [[81.125, 0.0], [2950.25, 1.0449212121212152]], "baseline": [[96.25, 0.43842114959469414], [2922.75, 1.007799999999996]]}
{"519.lbm_r": [[97.75, 0.19754464285714285], [2933.5, 1.0567430555555517]], "baseline": [[88.25, 0.2427536231884058], [2927.5, 0.9601255050505005]]}
{"519.lbm_r": [[102.625, 0.4086382694873261], [2917.0, 1.0257733585858533]], "baseline": [[85.125, 0.0], [2976.0, 1.2320998366013076]]}
{"519.lbm_r": [[88.5, 0.23958333333333331], [2933.25, 1.1528920454545415]], "baseline": [[87.75, 0.0], [2940.25, 1.0586087121212113]]}
{"519.lbm_r": [[107.75, 0.16710526315789473], [4019.5, 2.1577519552139033]], "baseline": [[83.625, 0.0], [3041.25, 1.5138991880324706]]}
{"519.lbm_r": [[99.125, 0.44317524580682477], [3033.25, 1.5107185617229355]], "baseline": [[98.625, 0.17708333333333334], [3012.5, 1.4715668460099522]]}
{"519.lbm_r": [[87.25, 0.0], [2915.25, 1.004443181818179]], "baseline": [[89.375, 0.2152777777777778], [2990.5, 1.4343872417786883]]}
{"519.lbm_r": [[91.625, 0.24285714285714285], [2930.25, 0.9259768939393905]], "baseline": [[82.75, 0.0], [3023.0, 1.352297410192147]]}
{"519.lbm_r": [[85.75, 0.0], [2933.5, 1.189146843434341]], "baseline": [[99.5, 0.19642857142857142], [4754.5, 2.3378799264490056]]}
{"519.lbm_r": [[89.75, 0.2481060606060606], [2981.5, 1.2663007139059779]], "baseline": [[86.375, 0.0], [2937.0, 1.199084595959596]]}
{"519.lbm_r": [[99.625, 0.42405665506742063], [2930.0, 1.0527657828282788]], "baseline": [[96.25, 0.19690265486725664], [2921.25, 1.0269516414141384]]}
{"519.lbm_r": [[96.75, 0.4338343108504399], [2929.5, 1.1299541666666633]], "baseline": [[83.375, 0.0], [2935.25, 1.3598800505050506]]}
{"519.lbm_r": [[89.75, 0.20707070707070707], [2935.25, 1.025385858585856]], "baseline": [[85.5, 0.0], [2944.5, 1.0391272727272742]]}
{"519.lbm_r": [[87.375, 0.0], [10069.0, 3.484713046721463]], "baseline": [[94.5, 0.20625], [2931.25, 1.1321566919191894]]}
{"519.lbm_r": [[98.125, 0.2016509433962264], [2940.0, 1.1228361111111096]], "baseline": [[85.75, 0.0], [2936.25, 1.041531691919191]]}
{"519.lbm_r": [[87.5, 0.0], [2952.75, 1.056391985645936]], "baseline": [[85.375, 0.0], [2968.0, 1.2299972222222244]]}
{"519.lbm_r": [[98.25, 0.1677807486631016], [2925.25, 0.9330492424242389]], "baseline": [[84.875, 0.0], [2946.25, 1.2854286616161654]]}
{"519.lbm_r": [[99.5, 0.41282249742002064], [2928.0, 1.0407354797979762]], "baseline": [[83.125, 0.0], [2913.25, 0.9807270202020169]]}
{"519.lbm_r": [[92.125, 0.0], [3134.75, 1.6809018483709275]], "baseline": [[82.875, 0.0], [2919.0, 0.8653333333333305]]}
{"519.lbm_r": [[95.5, 0.19444444444444445], [2932.5, 0.9827319444444411]], "baseline": [[93.5, 0.19327731092436973], [2930.75, 1.0327373737373697]]}
{"519.lbm_r": [[90.125, 0.0], [2926.0, 1.0902271464646416]], "baseline": [[85.125, 0.0], [2940.75, 0.9755736111111087]]}
{"519.lbm_r": [[104.0, 0.4083850931677019], [3017.75, 1.4610867074102367]], "baseline": [[108.25, 0.375881971099571], [2924.0, 0.9982513888888849]]}
{"519.lbm_r": [[94.875, 0.2016509433962264], [2938.0, 1.0225433080808057]], "baseline": [[83.375, 0.0], [3071.5, 1.5854278981768162]]}
{"519.lbm_r": [[95.375, 0.2110215053763441], [2933.25, 1.0906037878787866]], "baseline": [[89.625, 0.22172619047619047], [2924.0, 1.0539402777777749]]}
{"519.lbm_r": [[99.5, 0.41964189116087847], [2955.25, 1.104518813131318]], "baseline": [[88.25, 0.24107142857142858], [2934.5, 0.9667809343434305]]}
{"519.lbm_r": [[100.25, 0.17515432098765432], [2943.25, 1.1352131313131328]], "baseline": [[85.5, 0.0], [2931.25, 1.0950006313131273]]}
{"519.lbm_r": [[94.375, 0.23026315789473684], [2945.5, 1.100459343434345]], "baseline": [[88.75, 0.2347972972972973], [2935.5, 0.9910162878787847]]}
{"519.lbm_r": [[87.25, 0.0], [2926.5, 0.9927818181818152]], "baseline": [[98.5, 0.19954128440366972], [3233.25, 2.009920682834536]]}
{"519.lbm_r": [[86.75, 0.0], [2928.25, 0.7822285353535319]], "baseline": [[91.875, 0.21059782608695654], [2921.5, 1.1078424242424192]]}
{"519.lbm_r": [[102.75, 0.6874408213989821], [2939.25, 1.0818268939393947]], "baseline": [[80.5, 0.0], [3022.5, 1.2038400727196779]]}
{"519.lbm_r": [[85.75, 0.0], [2923.75, 1.0152271464646416]], "baseline": [[103.125, 0.4177660803127221], [2914.75, 0.9100615870240824]]}
{"519.lbm_r": [[96.0, 0.20833333333333331], [2928.5, 1.0288265151515108]], "baseline": [[104.5, 0.16581632653061223], [2927.5, 1.0698215909090876]]}
{"519.lbm_r": [[109.375, 0.6347437888198758], [2929.0, 0.8947938131313076]], "baseline": [[82.875, 0.0], [2970.25, 1.250532211042313]]}
{"519.lbm_r": [[91.75, 0.4834558823529412], [3015.25, 1.409768441484145]], "baseline": [[125.5, 0.14652777777777778], [2915.5, 1.0339172979797926]]}
{"519.lbm_r": [[102.25, 0.4216044372294372], [3233.0, 1.977550696086977]], "baseline": [[95.375, 0.1934782608695652], [3074.5, 1.6013151960784329]]}
{"519.lbm_r": [[108.875, 0.40506049242960235], [2932.5, 1.1185486111111071]], "baseline": [[87.5, 0.20963541666666669], [2927.0, 0.8477310606060549]]}
