{"519.lbm_r": [[647.5, 1.1133757877465507], [3046.0, 1.4788884606684025]], "baseline": [[86.0, 0.22861842105263158], [2953.75, 1.3239048736802448]]}
{"519.lbm_r": [[518.25, 1.2479072126708308], [2974.0, 1.350997306378691]], "baseline": [[86.25, 0.0], [2970.25, 1.212973120915035]]}
{"519.lbm_r": [[134.0, 0.5735741827067822], [2965.75, 1.3660776960784338]], "baseline": [[83.875, 0.0], [3016.25, 1.508811090225564]]}
{"519.lbm_r": [[726.0, 1.1039130725527322], [2952.25, 1.1057245580808095]], "baseline": [[79.25, 0.0], [2991.75, 1.5474802521008395]]}
{"519.lbm_r": [[482.75, 1.2075381212512364], [2974.25, 1.4228106060606054]], "baseline": [[92.125, 0.1923076923076923], [2941.0, 1.0964488636363636]]}
{"519.lbm_r": [[609.5, 1.1171263252039123], [2948.5, 1.0706069444444433]], "baseline": [[83.625, 0.0], [2956.75, 1.351073655674391]]}
{"519.lbm_r": [[591.125, 1.1920001079893239], [2986.75, 1.2450984022556377]], "baseline": [[86.875, 0.0], [2946.0, 1.229840719696971]]}
{"519.lbm_r": [[830.375, 1.0865794696155204], [3166.0, 2.0799461601307176]], "baseline": [[90.0, 0.228125], [2995.25, 1.16578276284007]]}
{"519.lbm_r": [[448.875, 1.2262635928675334], [2961.75, 1.3579822403001218]], "baseline": [[90.875, 0.22172619047619047], [2977.25, 1.3035849896480327]]}
{"519.lbm_r": [[50484.625, 14.33997063594293], [315695.0, 15.648557207255996]], "baseline": [[187.25, 1.4641117313915593], [2933.5, 1.039209361471859]]}
{"519.lbm_r": [[907.5, 1.4689407139435067], [3178.5, 1.689409984520123]], "baseline": [[95.625, 0.20580808080808083], [2942.0, 1.2733041666666658]]}
{"519.lbm_r": [[1116.5, 1.545536145497152], [2999.0, 1.200425881233059]], "baseline": [[117.75, 0.34830729166666663], [2913.25, 0.7798834595959552]]}
{"519.lbm_r": [[1196.0, 1.5167660857171659], [3716.0, 2.0449165348382055]], "baseline": [[92.75, 0.46459613696224755], [2938.25, 0.9111119658119654]]}
