{"519.lbm_r": [[741.875, 1.1131547112143956], [14535.0, 4.295499867096325]], "baseline": [[90.625, 0.0], [18063.0, 6.612037548990983]]}
{"519.lbm_r": [[707.0, 1.0957999135328844], [9518.5, 3.2099150123678544]], "baseline": [[94.5, 0.2109375], [16001.0, 5.270704920056557]]}
{"519.lbm_r": [[749.5, 1.099218156068038], [6714.5, 2.970521881224835]], "baseline": [[90.875, 0.20297029702970298], [13319.0, 4.683595339309356]]}
{"519.lbm_r": [[684.25, 1.097662770195151], [22252.0, 8.202376518347073]], "baseline": [[84.375, 0.0], [40415.0, 16.39752102520079]]}
{"519.lbm_r": [[846.0, 1.0896862905277565], [15305.0, 4.311642359280694]], "baseline": [[82.5, 0.0], [21063.0, 6.776785969037927]]}
{"519.lbm_r": [[570.875, 1.1479297040912846], [21353.0, 4.2399128349620545]], "baseline": [[83.5, 0.0], [17099.0, 5.804274824661404]]}
{"519.lbm_r": [[692.5, 1.1048460958390214], [16307.0, 4.449311826271212]], "baseline": [[84.0, 0.24456521739130435], [31039.0, 15.376150951883448]]}
{"519.lbm_r": [[722.5, 1.0932327568793403], [4096.25, 1.9782763097422356]], "baseline": [[82.625, 0.0], [64183.0, 10.095022258049028]]}
{"519.lbm_r": [[769.5, 1.0860662553452574], [15891.5, 3.4133977177112462]], "baseline": [[88.125, 0.24431818181818182], [25717.0, 7.626446215130654]]}
{"519.lbm_r": [[639.875, 1.114888828076058], [17895.0, 3.2403566114076385]], "baseline": [[83.625, 0.0], [26351.0, 7.899643938804313]]}
{"519.lbm_r": [[624.625, 1.119514814271877], [9621.5, 2.539700346716052]], "baseline": [[80.75, 0.0], [46279.0, 17.527865444555367]]}
{"519.lbm_r": [[663.625, 1.1349639213518032], [14979.0, 6.707319289262422]], "baseline": [[86.25, 0.0], [11577.0, 7.1056680418547975]]}
{"519.lbm_r": [[619.75, 1.1312951933710345], [21944.0, 5.513381264174065]], "baseline": [[87.625, 0.0], [30407.0, 6.594173874348247]]}
{"519.lbm_r": [[891.25, 1.0868849049822917], [18468.5, 4.6932233307944005]], "baseline": [[98.625, 0.1765625], [15643.0, 7.695438463264882]]}
{"519.lbm_r": [[761.25, 1.0949930566404085], [6872.5, 2.6361965838336086]], "baseline": [[102.75, 0.17142857142857143], [14207.0, 4.779967083423874]]}
{"519.lbm_r": [[835.125, 1.085894365143661], [15707.0, 3.594466783074437]], "baseline": [[93.0, 0.19886363636363635], [28429.0, 12.544393289634792]]}
{"519.lbm_r": [[702.75, 1.098113032575461], [16166.5, 5.818050826299606]], "baseline": [[82.75, 0.0], [31773.0, 9.184455981995354]]}
