{"519.lbm_r": [[466.125, 1.163448933583787], [3071.0, 1.5109716178863761]], "baseline": [[87.5, 0.0], [3103.5, 1.5638068994601901]]}
{"519.lbm_r": [[596.5, 1.1337810341378565], [3056.0, 1.3904392315497331]], "baseline": [[86.0, 0.23214285714285715], [12213.0, 2.654146994669886]]}
{"519.lbm_r": [[629.0, 1.131118831297858], [6373.5, 2.2332911446415853]], "baseline": [[99.625, 0.16959459459459458], [4256.5, 1.7347821215446202]]}
{"519.lbm_r": [[848.75, 1.310117595090529], [16217.0, 3.023959766179679]], "baseline": [[83.375, 0.0], [16648.0, 3.4582794928992056]]}
{"519.lbm_r": [[532.25, 1.1640543474061675], [2929.0, 1.0446531415343914]], "baseline": [[98.875, 0.22058823529411764], [3240.0, 1.6324517857142864]]}
{"519.lbm_r": [[820.375, 1.1158934024418505], [3674.75, 1.91314834147334]], "baseline": [[94.625, 0.46176160337552746], [17004.0, 3.7115288986982247]]}
{"519.lbm_r": [[502.375, 1.1718639294206128], [3033.25, 1.4779349535729969]], "baseline": [[92.0, 0.21052631578947367], [2995.0, 1.4436735189374887]]}
{"519.lbm_r": [[997.625, 1.0650939880480932], [6709.0, 2.2261911538682635]], "baseline": [[94.875, 0.2225609756097561], [16580.0, 2.479474109001317]]}
{"519.lbm_r": [[801.125, 1.0857642782226682], [2971.25, 1.3214265037593982]], "baseline": [[98.875, 0.189453125], [17739.0, 2.9637985122408645]]}
{"519.lbm_r": [[641.25, 1.1123213824681826], [4463.25, 2.189269019356722]], "baseline": [[104.5, 0.3915246768507638], [3651.0, 2.1336825600994325]]}
{"519.lbm_r": [[751.375, 1.0935122058835776], [2954.75, 1.2695118339993372]], "baseline": [[93.125, 0.21236559139784947], [9759.0, 2.6606504043842265]]}
{"519.lbm_r": [[576.125, 1.1236244093507992], [2978.75, 1.1806232479685048]], "baseline": [[92.25, 0.19456521739130433], [3128.5, 1.7870384535005233]]}
{"519.lbm_r": [[644.25, 1.113232381734646], [3148.5, 1.6049067593645188]], "baseline": [[87.625, 0.0], [21623.0, 4.003981359688666]]}
{"519.lbm_r": [[637.625, 1.115394882696066], [3013.25, 1.4994422430830037]], "baseline": [[92.5, 0.46301369863013697], [5307.5, 2.1044562801539546]]}
{"519.lbm_r": [[743.625, 1.1028316443098194], [3165.25, 1.6532805860805864]], "baseline": [[90.0, 0.21666666666666667], [5803.0, 2.133502726162304]]}
{"519.lbm_r": [[601.625, 1.164438759274995], [3012.0, 1.669879955570745]], "baseline": [[96.5, 0.21143617021276595], [14379.0, 2.4516942342195547]]}
{"519.lbm_r": [[719.75, 1.0979365955780487], [6319.75, 2.0027988072393303]], "baseline": [[81.5, 0.0], [4601.75, 2.209052382559221]]}
{"519.lbm_r": [[572.125, 1.1731584658585659], [5039.75, 2.0753967956052333]], "baseline": [[92.375, 0.4510255417956656], [13514.0, 2.8251025340535674]]}
{"519.lbm_r": [[957.0, 1.0687971394040956], [3015.75, 1.1823804538054532]], "baseline": [[91.125, 0.19954128440366972], [2966.5, 1.4583487695275743]]}
{"519.lbm_r": [[452.25, 1.2709990307456698], [2960.25, 1.0934006916996073]], "baseline": [[94.0, 0.20238095238095238], [2941.25, 1.1853568181818195]]}
