{"519.lbm_r": [[1177.25, 1.8726251023293152], [3897.5, 2.0746706451514507]], "baseline": [[119.75, 0.36339920322332386], [10710.0, 2.933773405106039]]}
{"519.lbm_r": [[950.5, 1.060785696891011], [4448.5, 2.52081730877835]], "baseline": [[94.375, 0.1875], [3033.25, 1.2620402412280705]]}
{"519.lbm_r": [[1074.25, 1.3629861042808353], [5550.0, 3.049061984991365]], "baseline": [[112.625, 0.3941485507246377], [3144.75, 1.622481684981685]]}
{"519.lbm_r": [[1294.5, 2.1308627806238793], [3162.75, 1.7262549916457806]], "baseline": [[93.125, 0.20921052631578946], [2934.75, 1.0549345959595948]]}
{"519.lbm_r": [[1272.375, 1.0421083814356011], [4178.25, 2.496517346385083]], "baseline": [[101.75, 0.4334068867821728], [3034.25, 1.6277100597695227]]}
{"519.lbm_r": [[982.125, 1.0661113560969568], [5638.0, 2.758521472070611]], "baseline": [[161.625, 0.5073500697883631], [3356.0, 1.9476845674486793]]}
{"519.lbm_r": [[957.25, 1.0660940854353051], [4353.0, 2.29889155982906]], "baseline": [[175.0, 1.0898060263075968], [2952.0, 1.1679957070707103]]}
{"519.lbm_r": [[1159.0, 2.0936647151919625], [5410.5, 2.9629520446174853]], "baseline": [[83.75, 0.0], [3012.0, 1.4934455917874394]]}
{"519.lbm_r": [[1333.125, 1.8418486870823492], [4669.5, 2.590808746493863]], "baseline": [[111.875, 0.3735032362459547], [2963.5, 1.4819295825906134]]}
{"519.lbm_r": [[1612.5, 1.8464140604333354], [3822.0, 2.0600997413545787]], "baseline": [[87.875, 0.0], [2933.0, 1.0777532828282803]]}
{"519.lbm_r": [[872.125, 1.0905119086497894], [3867.75, 2.4505997545775897]], "baseline": [[97.5, 0.4101449275362319], [2964.5, 1.4759901329471194]]}
{"519.lbm_r": [[1219.75, 1.4455226619783568], [4556.0, 2.6167076222255137]], "baseline": [[89.875, 0.0], [2952.75, 1.381792361111115]]}
{"519.lbm_r": [[1017.875, 1.7928641629708322], [7502.5, 2.7164109134168304]], "baseline": [[127.375, 0.8235885229411706], [3007.0, 1.3120280898639876]]}
{"519.lbm_r": [[1143.625, 1.2186960725870555], [3023.0, 1.6046967750258003]], "baseline": [[90.25, 0.20876288659793812], [2976.75, 1.2346325163398697]]}
{"519.lbm_r": [[714.875, 1.0986330882195763], [3113.5, 1.9403810257207386]], "baseline": [[87.625, 0.22408536585365854], [3054.75, 1.4176333110856862]]}
{"519.lbm_r": [[870.0, 1.0804216059912928], [2994.25, 1.5147878928604925]], "baseline": [[83.375, 0.0], [3014.5, 1.2864512507801118]]}
{"519.lbm_r": [[629.875, 1.1168535581585253], [3036.75, 1.331240961779449]], "baseline": [[90.25, 0.24295774647887325], [2958.25, 1.3529558823529437]]}
{"519.lbm_r": [[596.25, 1.1880835047612024], [2971.0, 1.2876017961570596]], "baseline": [[89.375, 0.2125], [3782.25, 1.898049829337328]]}
{"519.lbm_r": [[455.625, 1.1896253457244428], [3002.25, 1.4353553742310314]], "baseline": [[82.125, 0.0], [3127.5, 1.7909295297066194]]}
{"519.lbm_r": [[631.125, 1.1316891397708755], [2947.25, 1.2130561071238708]], "baseline": [[84.375, 0.0], [3138.75, 1.70072601010101]]}
{"519.lbm_r": [[1033.625, 1.2308488387271423], [3029.0, 1.453459655377303]], "baseline": [[96.125, 0.441414911308204], [3165.0, 1.8543204403053084]]}
{"519.lbm_r": [[991.375, 1.058243285133514], [2997.5, 1.5518577993897782]], "baseline": [[126.0, 0.586599099099099], [2942.75, 1.1435377525252532]]}
{"519.lbm_r": [[797.125, 1.0870560845465234], [3054.25, 1.516670925395331]], "baseline": [[91.0, 0.2180232558139535], [2937.5, 1.150550757575756]]}
{"519.lbm_r": [[851.25, 1.0781249707046583], [3018.25, 1.3090364554992648]], "baseline": [[90.625, 0.21764705882352942], [3036.5, 1.6052597927807495]]}
{"519.lbm_r": [[975.875, 1.062433520000512], [3030.0, 1.8485311618507057]], "baseline": [[102.625, 0.4166836734693878], [3030.0, 1.468927587965011]]}
{"519.lbm_r": [[855.5, 1.078942570023546], [2986.25, 1.1345031414320097]], "baseline": [[104.875, 0.44126984126984126], [2956.25, 1.3377014223113524]]}
{"519.lbm_r": [[680.625, 1.108407520235421], [3098.75, 1.557495921482629]], "baseline": [[119.5, 0.3513129978411375], [2952.0, 1.1701674873737384]]}
{"519.lbm_r": [[588.5, 1.2505145980269639], [2996.0, 1.435763555267644]], "baseline": [[85.0, 0.0], [2934.5, 1.0498476010100986]]}
{"519.lbm_r": [[1121.875, 1.7850749539452515], [3003.0, 1.381695915032679]], "baseline": [[135.75, 0.5681166202723722], [2919.75, 0.9125674145299097]]}
{"519.lbm_r": [[938.75, 1.263078430714769], [2991.25, 1.2729170217209678]], "baseline": [[121.5, 0.6004163609684519], [2952.0, 1.3298361111111157]]}
{"519.lbm_r": [[590.375, 0.9987819281264131], [3074.75, 1.639648934194891]], "baseline": [[92.25, 0.2066831683168317], [2917.0, 1.0407861111111072]]}
{"519.lbm_r": [[1092.0, 1.6381440798601945], [2983.5, 1.101951136363637]], "baseline": [[96.625, 0.4311145510835913], [2929.0, 1.1653920454545417]]}
{"519.lbm_r": [[866.375, 1.3159219237177626], [3077.75, 1.6768239319259362]], "baseline": [[104.75, 0.16666666666666666], [2933.0, 1.1981114898989875]]}
{"519.lbm_r": [[493.25, 0.8362085805183915], [3036.75, 1.6153690502995464]], "baseline": [[95.75, 0.0], [2938.25, 1.2562686507936491]]}
{"519.lbm_r": [[897.0, 1.4468693150255634], [3070.75, 1.6649512700255555]], "baseline": [[85.625, 0.0], [2970.5, 1.3497116161616165]]}
{"519.lbm_r": [[931.0, 1.2212010334351806], [3062.75, 1.5556574708758075]], "baseline": [[94.5, 0.4494767441860465], [2927.5, 1.0424226010100976]]}
{"519.lbm_r": [[1000.0, 1.521711212145042], [2971.0, 1.4188696486928107]], "baseline": [[108.0, 0.175], [2926.5, 0.8674313131313087]]}
{"519.lbm_r": [[1147.375, 1.4132393978843356], [2970.75, 1.2157454195314503]], "baseline": [[95.125, 0.22289156626506024], [2927.0, 0.9461560606060563]]}
{"519.lbm_r": [[941.125, 1.2680031952653392], [3009.25, 1.443912967914438]], "baseline": [[92.375, 0.4676339285714286], [2982.25, 1.2740367514150792]]}
{"519.lbm_r": [[816.75, 1.0846116496993745], [3769.75, 2.189594607453305]], "baseline": [[85.625, 0.0], [2948.25, 1.117461157628923]]}
{"519.lbm_r": [[807.75, 1.0857353487641714], [3039.5, 1.6633249247506023]], "baseline": [[87.0, 0.0], [2952.75, 1.2955201723113525]]}
{"519.lbm_r": [[686.25, 1.099999172061389], [2985.25, 1.279565785201639]], "baseline": [[87.875, 0.0], [2946.5, 1.1286413324420683]]}
{"519.lbm_r": [[313.75, 1.1132504315886793], [2976.25, 1.3922419117647065]], "baseline": [[94.625, 0.4514989127058093], [2923.75, 1.1025970959595932]]}
{"519.lbm_r": [[466.625, 1.1795557989005074], [2983.5, 1.182462388926861]], "baseline": [[85.125, 0.0], [2932.75, 1.016831565656563]]}
{"519.lbm_r": [[809.0, 1.082378132271259], [2955.25, 1.2691652777777824]], "baseline": [[90.375, 0.21839080459770116], [2918.25, 1.1064410353535317]]}
{"519.lbm_r": [[762.75, 1.0901637373666127], [3011.75, 1.593795687134503]], "baseline": [[82.25, 0.0], [2918.75, 1.1392431818181774]]}
{"519.lbm_r": [[654.5, 1.112852592452748], [2961.5, 1.3220474264705915]], "baseline": [[87.25, 0.2345890410958904], [2927.5, 1.0345137626262577]]}
{"519.lbm_r": [[780.5, 1.09267403261306], [3324.0, 1.9104439768564767]], "baseline": [[87.375, 0.0], [2926.25, 1.189923484848482]]}
{"519.lbm_r": [[801.375, 1.080556607048963], [2991.0, 1.1486827707856584]], "baseline": [[95.375, 0.19456521739130433], [2922.0, 1.3536093434343388]]}
{"519.lbm_r": [[652.625, 1.1072234566826378], [2958.75, 1.2009247549019635]], "baseline": [[91.375, 0.2232142857142857], [2928.0, 1.0074304292929244]]}

{"507.cactuBSSN_r": [[683.375, 1.103042479279547], [2957.5, 1.0425799242424278]], "baseline": [[104.75, 0.16322815533980584], [9213.0, 2.104644779442555]]}
{"507.cactuBSSN_r": [[469.375, 1.2674326338992583], [2967.0, 1.4297515522875812]], "baseline": [[100.375, 0.1851145038167939], [2935.0, 1.2514433080808074]]}
{"507.cactuBSSN_r": [[484.125, 0.8464996272881719], [2993.25, 1.4080896284271276]], "baseline": [[84.25, 0.0], [2929.25, 1.0392154040403994]]}
{"507.cactuBSSN_r": [[506.75, 1.0105605881567012], [2984.0, 1.157591499554369]], "baseline": [[83.125, 0.0], [2946.0, 1.019880934343435]]}
{"507.cactuBSSN_r": [[555.875, 1.0713840313260836], [2964.0, 1.3070000000000026]],