{"519.lbm_r": [[4727.125, 3.743407785313386], [1843.625, 0.7117628221117517]], "baseline": [[5149.375, 3.586697596698339], [2068.625, 0.5878409357099947]]}
