{"519.lbm_r": [[14150.5, 4.683301046230611], [2153.5, 1.5355352387102064]], "baseline": [[15535.625, 5.214461567609479], [1734.25, 0.13144999999999882]]}
