{"519.lbm_r": [[1954.875, 3.4900065214594145], [2004.375, 0.8895833441262347]], "baseline": [[1867.5, 3.552200510094362], [1914.0, 0.3750352931488792]]}
