{"519.lbm_r": [[3244.375, 3.3474011140790356], [1967.75, 0.7577350221096262]], "baseline": [[5603.875, 3.69543864759277], [2703103.0, 98.75053416971964]]}
