{"519.lbm_r": [[4641.875, 3.6537901957731016], [2463.5, 0.5118642628205123]], "baseline": [[2626.5, 3.4660330042831635], [2014.125, 0.510408789424858]]}
