{"519.lbm_r": [[12031.625, 4.360565444092765], [1851.5, 0.6917719998751243]], "baseline": [[7415.625, 4.151178232283882], [2060.625, 0.4896380969000422]]}
