{"519.lbm_r": [[5720.875, 3.810925966229503], [1964.75, 0.4059819581285482]], "baseline": [[2459.5, 3.396545271329557], [1951.25, 0.0]]}
