{"519.lbm_r": [[21843.125, 5.222085333501433], [2333.375, 0.9235962198340855]], "baseline": [[14477.25, 4.988200867415042], [1732.625, 0.0]]}
