{"519.lbm_r": [[8183.5, 3.956510943939551], [2011.5, 0.1790142095644203]], "baseline": [[5375.5, 3.7618329342958594], [1884.25, 0.2129913865546215]]}
