{"519.lbm_r": [[7011.0, 4.038004595043003], [2028.25, 0.2725673611111106]], "baseline": [[6709.75, 4.09634374368567], [2006.875, 0.3756343749999985]]}
