{"519.lbm_r": [[8751.0, 4.122082005238983], [2243.25, 0.9539870919352663]], "baseline": [[7749.5, 4.016410359646796], [1405183.0, 96.26477960830825]]}
