{"519.lbm_r": [[4331.625, 3.5938069489870346], [2266.25, 0.4601743013229029]], "baseline": [[2842.25, 3.5524775841862404], [2113.5, 0.35336354166666756]]}
