{"519.lbm_r": [[11293.0, 4.510456341294556], [1938.125, 0.39102384795937856]], "baseline": [[11136.625, 4.471394268425996], [2138.375, 0.23683989496044774]]}
