{"519.lbm_r": [[3472.75, 3.395806228381831], [2645.0, 2.352152159197015]], "baseline": [[1252.875, 3.0643711713884194], [1983.5, 0.40913667136213094]]}
