{"519.lbm_r": [[4068.125, 3.47723516944594], [2257.5, 0.08776249999999983]], "baseline": [[4054.5, 3.6209168244444854], [87959.0, 46.65311576189619]]}
