{"519.lbm_r": [[19120.625, 5.0074497890730045], [1794.125, 0.5208260410383772]], "baseline": [[15001.375, 5.117314769338787], [1964.375, 0.2913867063492056]]}
