{"519.lbm_r": [[5021.875, 3.901282392270065], [2422.875, 1.5783496385193723]], "baseline": [[5267.25, 3.8947134775168823], [2869.75, 4.730620225279106]]}
