{"519.lbm_r": [[16678.75, 5.254899352061841], [2164.875, 1.0414060483870957]], "baseline": [[14159.75, 4.515889817754939], [2389.0, 0.9070820512820527]]}
