{"519.lbm_r": [[361.0, 2.299769931888317], [2630.0, 2.248494963369964]], "baseline": [[402.125, 2.2624021703127153], [1949.375, 0.07323928571428477]]}
