{"519.lbm_r": [[319.625, 2.418856973859699], [2987.375, 8.889856660209249]], "baseline": [[325.25, 2.0287218573114245], [1901.375, 0.2884039696056136]]}
{"519.lbm_r": [[363.875, 2.347985401742982], [2179.125, 0.6030835525651204]], "baseline": [[362.25, 2.3152242286276485], [2025.375, 0.9038250085452553]]}
{"519.lbm_r": [[329.625, 2.010930911749506], [1748.75, 0.1603292075163395]], "baseline": [[310.5, 1.782137211915729], [2362.0, 0.8263982416879803]]}
{"519.lbm_r": [[352.625, 2.385089583625196], [2528.625, 3.0981301853826104]], "baseline": [[307.875, 2.056018492094452], [2191.25, 0.6250822744908834]]}
{"519.lbm_r": [[323.0, 2.0751641275676307], [1826.5, 0.6251646085144233]], "baseline": [[320.75, 2.2558752142046568], [1726.875, 0.022629166666667068]]}
{"519.lbm_r": [[308.0, 1.612940732533305], [1741.25, 0.6305048811856135]], "baseline": [[319.375, 1.6031341645073045], [1926.75, 0.5433478954472436]]}
{"519.lbm_r": [[291.75, 1.650622948670716], [1909.625, 0.8455558600102067]], "baseline": [[312.625, 1.8473099328524218], [1879.625, 0.08191323529411665]]}
{"519.lbm_r": [[344.625, 1.9706833007503455], [2558.75, 1.4598517264598156]], "baseline": [[331.0, 1.992470671274967], [1791.375, 0.0]]}
{"519.lbm_r": [[318.0, 1.999494554881662], [2544.5, 1.705147997835494]], "baseline": [[319.625, 1.9801659381597208], [1771.0, 0.02692321428571352]]}
{"519.lbm_r": [[339.0, 2.119764383492499], [1912.625, 0.6594351305309807]], "baseline": [[329.5, 2.1993549424558694], [2075.75, 0.1506892045454537]]}
{"519.lbm_r": [[329.5, 1.9923470604583378], [2368.25, 1.0609443766937663]], "baseline": [[340.125, 2.151601358005541], [1852.0, 0.2637214285714284]]}
{"519.lbm_r": [[321.75, 2.029806777772386], [1898.625, 0.7585220036091127]], "baseline": [[336.5, 2.1914463782797693], [1997.75, 0.9568586077701244]]}
{"519.lbm_r": [[310.0, 1.6042043698189912], [1858.125, 0.6367995727610886]], "baseline": [[333.0, 2.339553516297433], [1841.5, 0.1437910714285702]]}
{"519.lbm_r": [[317.75, 1.6025143583864052], [1782.25, 0.0]], "baseline": [[335.375, 2.230422748155786], [1787.5, 0.19241249999999965]]}
{"519.lbm_r": [[312.125, 1.8044757154985163], [1769.5, 0.6373567640692636]], "baseline": [[307.0, 1.8196726303816244], [1655.625, 0.5911438037211876]]}
{"519.lbm_r": [[346.875, 1.940318519260427], [1906.75, 0.636442719021277]], "baseline": [[323.875, 2.2814113545505785], [2426.25, 1.307666405714539]]}
{"519.lbm_r": [[346.0, 2.3576245491604375], [2206.0, 0.7931731915734747]], "baseline": [[335.25, 2.2138777756998174], [2167.25, 0.4589260965646974]]}
{"519.lbm_r": [[337.375, 2.176436766466564], [2127.625, 0.9200506743458198]], "baseline": [[344.0, 1.7527855430248087], [2237.75, 0.8650073080719708]]}
{"519.lbm_r": [[310.625, 1.8464669211251423], [1743.125, 0.3107382040986174]], "baseline": [[333.25, 2.2111219374914035], [2559.0, 2.628057638888888]]}
{"519.lbm_r": [[324.875, 1.7604974455202587], [2124.75, 0.8498435578563389]], "baseline": [[331.25, 1.5775584186663558], [2071.5, 0.39693689784052827]]}
