{"519.lbm_r": [[8326.0, 3.847508924706015], [2099.125, 0.6439911023187354]], "baseline": [[4456.0, 3.679214841205577], [2204.375, 0.6379447499816928]]}
