{"519.lbm_r": [[328.125, 1.78106011205665], [1858.625, 0.6300114346549105]], "baseline": [[326.5, 2.419108499371813], [2497.875, 2.096589789377292]]}
