{"519.lbm_r": [[2125.875, 3.399543069329863], [2035.75, 0.09538102409638437]], "baseline": [[789.125, 3.3525735291281142], [1726.125, 0.0]]}
