{"519.lbm_r": [[7800.875, 3.9888536679388724], [2683.75, 2.1345851190476184]], "baseline": [[8201.5, 3.877346634304717], [1868.0, 0.0]]}
