{"519.lbm_r": [[8424.125, 3.9666841736303113], [1941.75, 0.33047867647058865]], "baseline": [[6586.0, 3.8431047258192548], [2804.0, 5.325197171292761]]}
