{"519.lbm_r": [[4805.125, 3.639451337431642], [2506.5, 1.2149747162118958]], "baseline": [[1447.75, 3.2905962114417626], [2712.25, 1.8262988756613758]]}
