{"519.lbm_r": [[5552.75, 3.789695385859493], [1949.25, 0.6291919857104381]], "baseline": [[5651.625, 3.7483030535803294], [2907.75, 7.157343831193173]]}
