{"519.lbm_r": [[2131.0, 3.4020875035588336], [1738.875, 0.142574999999999]], "baseline": [[1605.25, 3.3532182644407915], [3074.0, 11.488904238234882]]}
