{"519.lbm_r": [[1260.75, 3.300128551409941], [1735.75, 0.5061856128500111]], "baseline": [[2089.25, 3.724189700184908], [2182.25, 0.5895701572739886]]}
