{"519.lbm_r": [[822.5, 2.997636306051007], [1922.5, 0.9096390109868464]], "baseline": [[869.375, 3.317087630402692], [1809.0, 0.16513409090909112]]}
