{"519.lbm_r": [[9751.125, 4.508338807748971], [1823.75, 0.0]], "baseline": [[6585.75, 3.6569332091924487], [2415.125, 0.6220124586435059]]}
