{"519.lbm_r": [[549.25, 2.770948767811127], [2198.5, 0.7949787693549455]], "baseline": [[516.375, 2.656128926086198], [2034.75, 0.3585610456553749]]}
