{"519.lbm_r": [[13682.5, 4.882590759585151], [1937.5, 0.10813522727272648]], "baseline": [[13282.0, 4.721594077518811], [1958.625, 0.0]]}
