{"519.lbm_r": [[11650.0, 4.460811850709501], [2089.625, 0.5286593047344432]], "baseline": [[8426.625, 4.315059735567335], [2274.5, 0.7378128787878796]]}
