{"519.lbm_r": [[1897.625, 3.329549900297212], [1918.625, 0.03313823529411753]], "baseline": [[1483.5, 3.09012713194679], [921919.0, 96.36605210408854]]}
