{"519.lbm_r": [[386.375, 2.997163715449413], [2435.125, 1.3657387909709338]], "baseline": [[392.0, 2.666461228191458], [1633.25, 0.0]]}
