{"519.lbm_r": [[1504.125, 3.5121632126371827], [1695.625, 0.6598137857256092]], "baseline": [[2698.375, 3.701907148333031], [1745.875, 0.084375]]}
