{"519.lbm_r": [[712.0, 3.0923259356960675], [1775.625, 0.6809306435121397]], "baseline": [[501.875, 2.897526750179177], [1804.5, 0.14983055555555522]]}
