{"519.lbm_r": [[12465.0, 5.044161867384308], [2402.5, 0.8475739583333313]], "baseline": [[9956.375, 4.408594159378354], [2588.125, 1.1967861159673665]]}
