{"519.lbm_r": [[691.75, 3.0555754766130963], [1812.75, 0.08144999999999883]], "baseline": [[642.625, 3.2104815541144283], [2269.25, 0.6498369505494482]]}
