{"519.lbm_r": [[4566.625, 3.4776409824862227], [2011.25, 0.27223764044943777]], "baseline": [[2808.875, 3.549426725611958], [2236.25, 0.7727712598256977]]}
