{"519.lbm_r": [[408.875, 2.864627408263705], [1845.125, 0.6975170878585341]], "baseline": [[363.375, 2.568697419306551], [1854.0, 0.03754999999999988]]}
