{"519.lbm_r": [[9583.25, 4.254276658200557], [889855.0, 96.3813792200171]], "baseline": [[12576.125, 4.652206463767579], [3256.25, 10.917203954899268]]}
