{"519.lbm_r": [[390.5, 2.2526078258021593], [1868.0, 0.33100728021978043]], "baseline": [[410.625, 2.6140458527418833], [2621.5, 1.1537601190476199]]}
