{"519.lbm_r": [[339.75, 2.0246089322131846], [1756.5, 0.49772045654844216]], "baseline": [[332.125, 1.9892006588093398], [1869.125, 0.0]]}
