{"519.lbm_r": [[9265.0, 4.300342839040526], [1801.5, 0.0]], "baseline": [[6351.25, 3.83054176175321], [2048.25, 0.3378741732465265]]}
