{"519.lbm_r": [[333.5, 2.2151087372898886], [1714.125, 0.6494184113418439]], "baseline": [[311.375, 2.0164773778358565], [2515.5, 1.1738263618326121]]}
