{"519.lbm_r": [[1219.625, 3.3883163920092128], [2109.625, 0.5188352463597166]], "baseline": [[1308.25, 3.3929811773733265], [2692.5, 2.871655597326653]]}
