{"519.lbm_r": [[476.25, 2.8520277770039066], [1795.5, 0.6670212280366702]], "baseline": [[553.625, 2.942812201076678], [2012.5, 0.7790224470651277]]}
