{"519.lbm_r": [[3500.125, 3.4042937774962256], [1729.875, 0.5092013064626554]], "baseline": [[3411.125, 3.5324391881052724], [1832.5, 0.2988533730158731]]}
