{"519.lbm_r": [[462.25, 2.5144655853999622], [1785.875, 0.5902594753851257]], "baseline": [[513.75, 3.0415841836966564], [2041.875, 0.4861088282247748]]}
