{"519.lbm_r": [[543.25, 2.999806873365721], [1906.75, 0.7542590481967077]], "baseline": [[585.75, 3.1442623613558203], [1796.5, 0.19937857142856988]]}
