{"519.lbm_r": [[8112.375, 4.138232323019912], [1814.625, 0.24115000000000003]], "baseline": [[4859.0, 3.734010633034293], [1931.5, 0.04342173913043476]]}
