{"519.lbm_r": [[429.5, 2.869866901139704], [1828.875, 0.6338915398510363]], "baseline": [[378.5, 2.5627002847297815], [2055.875, 0.3310562783147086]]}
