{"519.lbm_r": [[499.75, 2.6414275905061184], [2008.25, 0.7733411147520521]], "baseline": [[511.125, 2.8447831317337187], [2300.25, 0.4722921685778308]]}
