{"519.lbm_r": [[5362.625, 3.6254799672862896], [2244.25, 1.0686381368290934]], "baseline": [[3887.0, 3.53859377969928], [2780.0, 2.0900636321195125]]}
