{"519.lbm_r": [[321.625, 1.586633901332993], [1824.0, 0.5740155297103835]], "baseline": [[303.625, 2.0168251616249817], [1859.375, 0.09775624999999977]]}
