{"519.lbm_r": [[13123.125, 4.987752853493717], [1710.75, 0.0]], "baseline": [[12758.25, 4.622875122342272], [2099.875, 0.533827889583081]]}
