{"519.lbm_r": [[716.25, 3.2499372168568788], [2220.5, 0.48740785637973166]], "baseline": [[807.375, 3.1591965469996235], [1837.375, 0.30498194444444504]]}
