{"519.lbm_r": [[13454.5, 5.107007547955831], [1895.625, 0.09678869047619078]], "baseline": [[10485.375, 4.614745595743584], [2131.875, 0.5279827090189207]]}
