{"519.lbm_r": [[3303.125, 3.533956288204071], [2085.5, 0.04761249999999961]], "baseline": [[2804.75, 3.487611899916367], [1927.25, 0.09643060562195517]]}
