{"519.lbm_r": [[410.0, 2.6003651585501477], [2404.75, 1.252767113544133]], "baseline": [[408.0, 2.2229447804958022], [1884.75, 0.1663999999999998]]}
