{"519.lbm_r": [[6256.25, 3.9322642464793947], [2640.75, 1.1059011335156066]], "baseline": [[5062.375, 3.8178331866545827], [5251071.0, 100.0]]}
