{"519.lbm_r": [[7059.875, 3.882524097135292], [1796.75, 0.1673208333333343]], "baseline": [[4331.625, 3.576375172521032], [1721.75, 0.0]]}
