{"519.lbm_r": [[1946.0, 3.486935557968524], [1892.75, 0.28980454305463177]], "baseline": [[4961.125, 3.630378669253084], [2468607.0, 97.50118847026216]]}
