{"519.lbm_r": [[340.875, 1.7523021680250768], [1804.25, 0.24529318181818044]], "baseline": [[330.625, 1.7737184444320533], [2338.625, 0.3036091736694668]]}
