{"519.lbm_r": [[320.0, 2.5201890175299884], [1777.25, 0.6736389192614518]], "baseline": [[325.625, 2.200615646096022], [1945.125, 0.13549905303030157]]}
