{"masstree": {"baseline": {"95th_latency": 729.0, "99th_latency": 1544.0, "violate_rate": 0.02823278988159773, "throughput": 2000}, "519.lbm_r": {"95th_latency": 23240.0, "99th_latency": 37113.0, "violate_rate": 62.97482480570583, "throughput": 2000}, "507.cactuBSSN_r": {"95th_latency": 3875.0, "99th_latency": 8966.0, "violate_rate": 16.90441773111355, "throughput": 2000}, "500.perlbench_r": {"95th_latency": 1025.0, "99th_latency": 2130.0, "violate_rate": 1.7926575517978947, "throughput": 2000}, "502.gcc_r": {"95th_latency": 2750.0, "99th_latency": 6845.0, "violate_rate": 7.600078096362425, "throughput": 2000}, "503.bwaves_r": {"95th_latency": 726.0, "99th_latency": 1497.0, "violate_rate": 0.04285397031730898, "throughput": 2000}, "505.mcf_r": {"95th_latency": 5199.0, "99th_latency": 11958.0, "violate_rate": 19.241500175632563, "throughput": 2000}, "508.namd_r": {"95th_latency": 984.0, "99th_latency": 2060.0, "violate_rate": 1.9005136313194182, "throughput": 2000}, "510.parest_r": {"95th_latency": 6348.0, "99th_latency": 13182.0, "violate_rate": 37.968494349132506, "throughput": 2000}, "511.povray_r": {"95th_latency": 721.0, "99th_latency": 1533.0, "violate_rate": 0.03366725498933306, "throughput": 2000}, "520.omnetpp_r": {"95th_latency": 5989.0, "99th_latency": 12438.0, "violate_rate": 33.16732253434911, "throughput": 2000}, "521.wrf_r": {"95th_latency": 726.0, "99th_latency": 1524.0, "violate_rate": 0.03835720357696327, "throughput": 2000}, "523.xalancbmk_r": {"95th_latency": 7205.0, "99th_latency": 14584.0, "violate_rate": 38.007072004105375, "throughput": 2000}, "525.x264_r": {"95th_latency": 995.0, "99th_latency": 2669.0, "violate_rate": 1.2716184093211251, "throughput": 2000}, "526.blender_r": {"95th_latency": 1632.0, "99th_latency": 4174.0, "violate_rate": 3.4151777780072496, "throughput": 2000}, "527.cam4_r": {"95th_latency": 726.0, "99th_latency": 1536.0, "violate_rate": 0.034812852700015856, "throughput": 2000}, "531.deepsjeng_r": {"95th_latency": 916.0, "99th_latency": 1936.0, "violate_rate": 0.005298830673398871, "throughput": 2000}, "538.imagick_r": {"95th_latency": 822.0, "99th_latency": 1627.0, "violate_rate": 0.02615837714772286, "throughput": 2000}, "541.leela_r": {"95th_latency": 770.0, "99th_latency": 1572.0, "violate_rate": 0.03289600271953293, "throughput": 2000}, "544.nab_r": {"95th_latency": 878.0, "99th_latency": 1826.0, "violate_rate": 0.014603328327949427, "throughput": 2000}, "548.exchange2_r": {"95th_latency": 734.0, "99th_latency": 1559.0, "violate_rate": 0.03297881739422786, "throughput": 2000}, "549.fotonik3d_r": {"95th_latency": 731.0, "99th_latency": 1529.0, "violate_rate": 0.03195460126177927, "throughput": 2000}, "554.roms_r": {"95th_latency": 728.0, "99th_latency": 1525.0, "violate_rate": 0.04040875800444251, "throughput": 2000}, "557.xz_r": {"95th_latency": 1592.0, "99th_latency": 4081.0000000000005, "violate_rate": 3.83054798831511, "throughput": 2000}}}
{"masstree": {"519.lbm_r": {"95th_latency": 22991.0, "99th_latency": 36778.0, "violate_rate": 61.32270893144379, "throughput": 2000}, "507.cactuBSSN_r": {"95th_latency": 3913.0, "99th_latency": 9133.0, "violate_rate": 15.212108492866625, "throughput": 2000}, "500.perlbench_r": {"95th_latency": 1026.0, "99th_latency": 2083.0, "violate_rate": 1.8586380306405443, "throughput": 2000}, "502.gcc_r": {"95th_latency": 2739.0, "99th_latency": 6958.0, "violate_rate": 7.6851402146361645, "throughput": 2000}, "503.bwaves_r": {"95th_latency": 729.0, "99th_latency": 1511.0, "violate_rate": 0.033248323637485026, "throughput": 2000}, "505.mcf_r": {"95th_latency": 5237.0, "99th_latency": 12037.0, "violate_rate": 19.448524978152786, "throughput": 2000}, "508.namd_r": {"95th_latency": 992.0, "99th_latency": 2137.0, "violate_rate": 1.7918558714487243, "throughput": 2000}, "510.parest_r": {"95th_latency": 6350.0, "99th_latency": 13206.0, "violate_rate": 37.83575658509618, "throughput": 2000}, "511.povray_r": {"95th_latency": 729.0, "99th_latency": 1512.0, "violate_rate": 0.04035078621301981, "throughput": 2000}, "520.omnetpp_r": {"95th_latency": 6078.0, "99th_latency": 12543.0, "violate_rate": 34.95228032461088, "throughput": 2000}, "521.wrf_r": {"95th_latency": 733.0, "99th_latency": 1599.0, "violate_rate": 0.027545060732951408, "throughput": 2000}, "523.xalancbmk_r": {"95th_latency": 7137.0, "99th_latency": 14536.0, "violate_rate": 39.72612658113714, "throughput": 2000}, "525.x264_r": {"95th_latency": 1002.9999999999999, "99th_latency": 2746.0, "violate_rate": 1.2300988915781863, "throughput": 2000}, "526.blender_r": {"95th_latency": 1602.0, "99th_latency": 4034.0, "violate_rate": 3.564866878885671, "throughput": 2000}, "527.cam4_r": {"95th_latency": 728.0, "99th_latency": 1543.0, "violate_rate": 0.03755027980735495, "throughput": 2000}, "531.deepsjeng_r": {"95th_latency": 935.0, "99th_latency": 1972.0, "violate_rate": 0.0016691883171300842, "throughput": 2000}, "538.imagick_r": {"95th_latency": 819.0, "99th_latency": 1624.0, "violate_rate": 0.03113596129893072, "throughput": 2000}, "541.leela_r": {"95th_latency": 771.0, "99th_latency": 1560.0, "violate_rate": 0.03435738476573214, "throughput": 2000}, "544.nab_r": {"95th_latency": 871.0, "99th_latency": 1785.0, "violate_rate": 0.014487532363146548, "throughput": 2000}, "548.exchange2_r": {"95th_latency": 721.0, "99th_latency": 1526.0, "violate_rate": 0.03924889575868575, "throughput": 2000}, "549.fotonik3d_r": {"95th_latency": 725.0, "99th_latency": 1566.0, "violate_rate": 0.03592015371587677, "throughput": 2000}, "554.roms_r": {"95th_latency": 730.0, "99th_latency": 1527.0, "violate_rate": 0.029465298121709612, "throughput": 2000}, "557.xz_r": {"95th_latency": 1641.0, "99th_latency": 4183.0, "violate_rate": 3.5916757186919472, "throughput": 2000}, "baseline": {"95th_latency": 725.0, "99th_latency": 1498.0, "violate_rate": 0.04146503214833491, "throughput": 2000}}}
{"masstree": {"519.lbm_r": {"95th_latency": 22721.0, "99th_latency": 36566.0, "violate_rate": 61.589656640111144, "throughput": 2000}, "507.cactuBSSN_r": {"95th_latency": 3858.0, "99th_latency": 9200.0, "violate_rate": 14.01628002418664, "throughput": 2000}, "500.perlbench_r": {"95th_latency": 1016.9999999999999, "99th_latency": 2099.0, "violate_rate": 1.8372711639393504, "throughput": 2000}, "502.gcc_r": {"95th_latency": 2749.0, "99th_latency": 6988.0, "violate_rate": 7.705993477346764, "throughput": 2000}, "503.bwaves_r": {"95th_latency": 730.0, "99th_latency": 1501.0, "violate_rate": 0.043535656715051226, "throughput": 2000}, "505.mcf_r": {"95th_latency": 5234.0, "99th_latency": 11953.0, "violate_rate": 19.21634320296307, "throughput": 2000}, "508.namd_r": {"95th_latency": 987.0, "99th_latency": 2092.0, "violate_rate": 1.8548746157425704, "throughput": 2000}, "510.parest_r": {"95th_latency": 6409.0, "99th_latency": 13077.0, "violate_rate": 37.747059710947255, "throughput": 2000}, "511.povray_r": {"95th_latency": 733.0, "99th_latency": 1542.0, "violate_rate": 0.033507185283129924, "throughput": 2000}, "520.omnetpp_r": {"95th_latency": 6016.0, "99th_latency": 12552.0, "violate_rate": 33.11668801218113, "throughput": 2000}, "521.wrf_r": {"95th_latency": 739.0, "99th_latency": 1569.0, "violate_rate": 0.0364046773963159, "throughput": 2000}, "523.xalancbmk_r": {"95th_latency": 7269.0, "99th_latency": 14560.0, "violate_rate": 38.102056369515495, "throughput": 2000}, "525.x264_r": {"95th_latency": 994.0, "99th_latency": 2625.0, "violate_rate": 1.3057613322876802, "throughput": 2000}, "526.blender_r": {"95th_latency": 1622.0, "99th_latency": 4217.0, "violate_rate": 3.4820284357578903, "throughput": 2000}, "527.cam4_r": {"95th_latency": 737.0, "99th_latency": 1574.0, "violate_rate": 0.029449586488934636, "throughput": 2000}, "531.deepsjeng_r": {"95th_latency": 916.0, "99th_latency": 1964.0, "violate_rate": 0.0028662974171284644, "throughput": 2000}, "538.imagick_r": {"95th_latency": 816.0, "99th_latency": 1633.0, "violate_rate": 0.02949909397235115, "throughput": 2000},