{"masstree": {"baseline": {"95th_latency": 1465.0, "99th_latency": 4443.0, "violate_rate": 3.767746456093393, "throughput": 3000}}}
{"masstree": {"baseline": {"95th_latency": 1462.0, "99th_latency": 4477.0, "violate_rate": 3.7989403450637393, "throughput": 3000}}}
{"masstree": {"baseline": {"95th_latency": 1453.0, "99th_latency": 4424.0, "violate_rate": 3.883625297153849, "throughput": 3000}}}
{"masstree": {"519.lbm_r": {"95th_latency": 36215798.0, "99th_latency": 37702378.0, "violate_rate": 100.0, "throughput": 3000}, "507.cactuBSSN_r": {"95th_latency": 11699.0, "99th_latency": 29662.0, "violate_rate": 37.44627539395987, "throughput": 3000}, "500.perlbench_r": {"95th_latency": 2990.0, "99th_latency": 9223.0, "violate_rate": 8.409816409005169, "throughput": 3000}, "502.gcc_r": {"95th_latency": 4901.0, "99th_latency": 17624.0, "violate_rate": 13.857118683718026, "throughput": 3000}, "503.bwaves_r": {"95th_latency": 1451.0, "99th_latency": 4396.0, "violate_rate": 3.8568043685229507, "throughput": 3000}, "505.mcf_r": {"95th_latency": 24947.0, "99th_latency": 45790.0, "violate_rate": 39.54971794925732, "throughput": 3000}, "508.namd_r": {"95th_latency": 2591.0, "99th_latency": 7778.0, "violate_rate": 6.024946768747019, "throughput": 3000}, "510.parest_r": {"95th_latency": 20310.0, "99th_latency": 37092.0, "violate_rate": 56.759811315108166, "throughput": 3000}, "511.povray_r": {"95th_latency": 1423.0, "99th_latency": 4399.0, "violate_rate": 3.9509168892619977, "throughput": 3000}, "520.omnetpp_r": {"95th_latency": 19076.0, "99th_latency": 35271.0, "violate_rate": 53.02816356479224, "throughput": 3000}, "521.wrf_r": {"95th_latency": 1466.0, "99th_latency": 4540.0, "violate_rate": 3.7810277448350202, "throughput": 3000}, "523.xalancbmk_r": {"95th_latency": 18211.0, "99th_latency": 35497.0, "violate_rate": 50.53436368545525, "throughput": 3000}, "525.x264_r": {"95th_latency": 2662.0, "99th_latency": 7997.0, "violate_rate": 6.185628374783687, "throughput": 3000}, "526.blender_r": {"95th_latency": 4851.0, "99th_latency": 17671.0, "violate_rate": 15.72290349344404, "throughput": 3000}, "527.cam4_r": {"95th_latency": 1468.0, "99th_latency": 4485.0, "violate_rate": 3.7479833488487038, "throughput": 3000}, "531.deepsjeng_r": {"95th_latency": 2151.0, "99th_latency": 6188.0, "violate_rate": 5.462899388385894, "throughput": 3000}, "538.imagick_r": {"95th_latency": 1671.0, "99th_latency": 5044.0, "violate_rate": 3.166615620105905, "throughput": 3000}, "541.leela_r": {"95th_latency": 1561.0, "99th_latency": 4608.0, "violate_rate": 3.391891949998504, "throughput": 3000}, "544.nab_r": {"95th_latency": 1939.0, "99th_latency": 5723.0, "violate_rate": 4.1712754062719615, "throughput": 3000}, "548.exchange2_r": {"95th_latency": 1462.0, "99th_latency": 4438.0, "violate_rate": 3.8102937421042675, "throughput": 3000}, "549.fotonik3d_r": {"95th_latency": 1444.0, "99th_latency": 4442.0, "violate_rate": 3.8271106156634547, "throughput": 3000}, "554.roms_r": {"95th_latency": 1463.0, "99th_latency": 4441.0, "violate_rate": 3.7417838214846864, "throughput": 3000}, "557.xz_r": {"95th_latency": 5398.0, "99th_latency": 19081.0, "violate_rate": 18.5984135108179, "throughput": 3000}, "baseline": {"95th_latency": 1443.0, "99th_latency": 4477.0, "violate_rate": 3.919436360232295, "throughput": 3000}}}
{"masstree": {"519.lbm_r": {"95th_latency": 37860073.0, "99th_latency": 39432880.0, "violate_rate": 100.0, "throughput": 3000}, "507.cactuBSSN_r": {"95th_latency": 12637.0, "99th_latency": 30205.0, "violate_rate": 40.98992612289588, "throughput": 3000}, "500.perlbench_r": {"95th_latency": 2937.0, "99th_latency": 9033.0, "violate_rate": 8.651210768057732, "throughput": 3000}, "502.gcc_r": {"95th_latency": 5191.0, "99th_latency": 18173.0, "violate_rate": 13.376111422215855, "throughput": 3000}, "503.bwaves_r": {"95th_latency": 1453.0, "99th_latency": 4389.0, "violate_rate": 3.839702044785089, "throughput": 3000}, "505.mcf_r": {"95th_latency": 26503.0, "99th_latency": 47193.0, "violate_rate": 40.43357665511326, "throughput": 3000}, "508.namd_r": {"95th_latency": 2594.0, "99th_latency": 7889.0, "violate_rate": 6.033083663206644, "throughput": 3000}, "510.parest_r": {"95th_latency": 19645.0, "99th_latency": 36988.0, "violate_rate": 56.303681856431986, "throughput": 3000}, "511.povray_r": {"95th_latency": 1484.0, "99th_latency": 4576.0, "violate_rate": 3.6715861034223205, "throughput": 3000}, "520.omnetpp_r": {"95th_latency": 18952.0, "99th_latency": 34912.0, "violate_rate": 53.5802851734524, "throughput": 3000}, "521.wrf_r": {"95th_latency": 1421.0, "99th_latency": 4421.0, "violate_rate": 2.007529436296715, "throughput": 3000}, "523.xalancbmk_r": {"95th_latency": 18226.0, "99th_latency": 35611.0, "violate_rate": 51.845687412714184, "throughput": 3000}, "525.x264_r": {"95th_latency": 2473.0, "99th_latency": 7798.0, "violate_rate": 6.664553951880949, "throughput": 3000}, "526.blender_r": {"95th_latency": 4744.0, "99th_latency": 16823.0, "violate_rate": 14.351318888756449, "throughput": 3000}, "527.cam4_r": {"95th_latency": 1451.0, "99th_latency": 4463.0, "violate_rate": 3.866265159364026, "throughput": 3000}, "531.deepsjeng_r": {"95th_latency": 2160.0, "99th_latency": 6322.0, "violate_rate": 5.403324541755775, "throughput": 3000}, "538.imagick_r": {"95th_latency": 1710.0, "99th_latency": 5055.0, "violate_rate": 3.0109945511243175, "throughput": 3000}, "541.leela_r": {"95th_latency": 1532.0, "99th_latency": 4492.0, "violate_rate": 3.59292998470477, "throughput": 3000}, "544.nab_r": {"95th_latency": 1945.0, "99th_latency": 5706.0, "violate_rate": 4.152157584466068, "throughput": 3000}, "548.exchange2_r": {"95th_latency": 1448.0, "99th_latency": 4432.0, "violate_rate": 3.8731925349377536, "throughput": 3000}, "549.fotonik3d_r": {"95th_latency": 1454.0, "99th_latency": 4354.0, "violate_rate": 3.890128755043564, "throughput": 3000}, "554.roms_r": {"95th_latency": 1434.0, "99th_latency": 4420.0, "violate_rate": 3.966832105754388, "throughput": 3000}, "557.xz_r": {"95th_latency": 5932.0, "99th_latency": 20762.0, "violate_rate": 20.687163854366414, "throughput": 3000}, "baseline": {"95th_latency": 1437.0, "99th_latency": 4333.0, "violate_rate": 3.9431948227220763, "throughput": 3000}}}
{"masstree": {"519.lbm_r": {"95th_latency": 36662455.0, "99th_latency": 38166771.0, "violate_rate": 100.0, "throughput": 3000}, "507.cactuBSSN_r": {"95th_latency": 12612.0, "99th_latency": 30401.0, "violate_rate": 39.05756746326789, "throughput": 3000}, "500.perlbench_r": {"95th_latency": 3048.0, "99th_latency": 8978.0, "violate_rate": 8.467086424190324, "throughput": 3000}, "502.gcc_r": {"95th_latency": 5269.0, "99th_latency": 17845.0, "violate_rate": 13.55034532777868, "throughput": 3000}, "503.bwaves_r": {"95th_latency": 1431.0, "99th_latency": 4283.0, "violate_rate": 2.0194707369012526, "throughput": 3000}, "505.mcf_r": {"95th_latency": 23231.0, "99th_latency": 41788.0, "violate_rate": 39.35131549006116, "throughput": 3000}, "508.namd_r": {"95th_latency": 2615.0, "99th_latency": 7547.0, "violate_rate": 7.99801794303216, "throughput": 3000}, "510.parest_r": {"95th_latency": 19231.0, "99th_latency": 36402.0, "violate_rate": 54.00195697640243, "throughput": 3000}, "511.povray_r": {"95th_latency": 1499.0, "99th_latency": 4572.0, "violate_rate": 3.5993378739683797, "throughput": 3000}, "520.omnetpp_r": {"95th_latency": 18974.0, "99th_latency": 34731.0, "violate_rate": 53.33440358455979, "throughput": 3000}, "521.wrf_r": {"95th_latency": 1487.0, "99th_latency": 4697.0, "violate_rate": 3.6782827954291406, "throughput": 3000}, "523.xalancbmk_r": {"95th_latency": 17820.0, "99th_latency": 34994.0, "violate_rate": 50.99795280279908, "throughput": 3000}, "525.x264_r": {"95th_latency": 2475.0, "99th_latency": 7616.0, "violate_rate": 6.619552883329004, "throughput": 3000}, "526.blender_r": {"95th_latency": 4627.0, "99th_latency": 16524.0, "violate_rate": 14.721605111770856, "throughput": 3000}, "527.cam4_r": {"95th_latency": 1452.0,