{
    "masstree": {
        "519.lbm_r": {
            "95th_latency": 2602.0,
            "99th_latency": 3656.0,
            "violate_rate": 8.406690144012645,
            "throughput": 1500
        },
        "507.cactuBSSN_r": {
            "95th_latency": 1408.0,
            "99th_latency": 2946.0,
            "violate_rate": 2.3396181241987497,
            "throughput": 1500
        },
        "500.perlbench_r": {
            "95th_latency": 865.0,
            "99th_latency": 2067.0,
            "violate_rate": 1.8707548798600082,
            "throughput": 1500
        },
        "502.gcc_r": {
            "95th_latency": 880.0,
            "99th_latency": 1971.0,
            "violate_rate": 0.009520484046249198,
            "throughput": 1500
        },
        "503.bwaves_r": {
            "95th_latency": 697.0,
            "99th_latency": 1267.0,
            "violate_rate": 0.20971042686423014,
            "throughput": 1500
        },
        "505.mcf_r": {
            "95th_latency": 1467.0,
            "99th_latency": 2919.0,
            "violate_rate": 2.271981278558614,
            "throughput": 1500
        },
        "508.namd_r": {
            "95th_latency": 789.0,
            "99th_latency": 1832.0,
            "violate_rate": 0.047513934739458516,
            "throughput": 1500
        },
        "510.parest_r": {
            "95th_latency": 1854.0,
            "99th_latency": 3034.0,
            "violate_rate": 4.848751018501922,
            "throughput": 1500
        },
        "511.povray_r": {
            "95th_latency": 694.0,
            "99th_latency": 1227.0,
            "violate_rate": 0.18302218499681575,
            "throughput": 1500
        },
        "520.omnetpp_r": {
            "95th_latency": 1585.0,
            "99th_latency": 3098.0,
            "violate_rate": 3.7822238811587043,
            "throughput": 1500
        },
        "521.wrf_r": {
            "95th_latency": 692.0,
            "99th_latency": 1207.0,
            "violate_rate": 0.1690246970935323,
            "throughput": 1500
        },
        "523.xalancbmk_r": {
            "95th_latency": 1975.0,
            "99th_latency": 3313.0,
            "violate_rate": 4.115281194151713,
            "throughput": 1500
        },
        "525.x264_r": {
            "95th_latency": 747.0,
            "99th_latency": 1634.0,
            "violate_rate": 0.08110177358763651,
            "throughput": 1500
        },
        "526.blender_r": {
            "95th_latency": 964.0,
            "99th_latency": 2283.0,
            "violate_rate": 1.5446563015863726,
            "throughput": 1500
        },
        "527.cam4_r": {
            "95th_latency": 693.0,
            "99th_latency": 1258.0,
            "violate_rate": 0.21001534450514603,
            "throughput": 1500
        },
        "531.deepsjeng_r": {
            "95th_latency": 748.0,
            "99th_latency": 1648.0,
            "violate_rate": 0.08113104834421347,
            "throughput": 1500
        },
        "538.imagick_r": {
            "95th_latency": 706.0,
            "99th_latency": 1313.0,
            "violate_rate": 0.18496441121271973,
            "throughput": 1500
        },
        "541.leela_r": {
            "95th_latency": 696.0,
            "99th_latency": 1365.0,
            "violate_rate": 0.14703329503099907,
            "throughput": 1500
        },
        "544.nab_r": {
            "95th_latency": 713.0,
            "99th_latency": 1495.0,
            "violate_rate": 0.1389937190600823,
            "throughput": 1500
        },
        "548.exchange2_r": {
            "95th_latency": 696.0,
            "99th_latency": 1270.0,
            "violate_rate": 0.1513854744822093,
            "throughput": 1500
        },
        "549.fotonik3d_r": {
            "95th_latency": 690.0,
            "99th_latency": 1193.0,
            "violate_rate": 0.18670680295980985,
            "throughput": 1500
        },
        "554.roms_r": {
            "95th_latency": 696.0,
            "99th_latency": 1318.0,
            "violate_rate": 0.16358826479067579,
            "throughput": 1500
        },
        "557.xz_r": {
            "95th_latency": 1245.0,
            "99th_latency": 2709.0,
            "violate_rate": 2.87476894960592,
            "throughput": 1500
        },
        "baseline": {
            "95th_latency": 692.0,
            "99th_latency": 1239.0,
            "violate_rate": 0.18464271247261482,
            "throughput": 1500
        }
    }
}{"masstree": {"519.lbm_r": {"95th_latency": 2597.0, "99th_latency": 3650.0, "violate_rate": 8.381987151563825, "throughput": 1500}, "507.cactuBSSN_r": {"95th_latency": 1431.0, "99th_latency": 2994.0, "violate_rate": 2.2533681315010288, "throughput": 1500}, "500.perlbench_r": {"95th_latency": 877.0, "99th_latency": 2090.0, "violate_rate": 1.8294148482314143, "throughput": 1500}, "502.gcc_r": {"95th_latency": 887.0, "99th_latency": 2025.9999999999998, "violate_rate": 1.943808774694167, "throughput": 1500}, "503.bwaves_r": {"95th_latency": 692.0, "99th_latency": 1246.0, "violate_rate": 0.15531702170421827, "throughput": 1500}, "505.mcf_r": {"95th_latency": 1497.0, "99th_latency": 2973.0, "violate_rate": 2.181473295002655, "throughput": 1500}, "508.namd_r": {"95th_latency": 797.0, "99th_latency": 1913.0, "violate_rate": 0.022771829334034543, "throughput": 1500}, "510.parest_r": {"95th_latency": 1864.0, "99th_latency": 3019.0, "violate_rate": 4.808906378122408, "throughput": 1500}, "511.povray_r": {"95th_latency": 692.0, "99th_latency": 1226.0, "violate_rate": 0.17091751011372516, "throughput": 1500}, "520.omnetpp_r": {"95th_latency": 1652.0, "99th_latency": 3202.0, "violate_rate": 3.460339571602564, "throughput": 1500}, "521.wrf_r": {"95th_latency": 694.0, "99th_latency": 1181.0, "violate_rate": 0.17850250446091695, "throughput": 1500}, "523.xalancbmk_r": {"95th_latency": 1973.0, "99th_latency": 3298.0, "violate_rate": 4.12534089439596, "throughput": 1500}, "525.x264_r": {"95th_latency": 748.0, "99th_latency": 1620.0, "violate_rate": 0.08524541855078907, "throughput": 1500}, "526.blender_r": {"95th_latency": 975.0, "99th_latency": 2421.0, "violate_rate": 1.4158748752095138, "throughput": 1500}, "527.cam4_r": {"95th_latency": 690.0, "99th_latency": 1304.0, "violate_rate": 0.14598433848393338, "throughput": 1500}, "531.deepsjeng_r": {"95th_latency": 741.0, "99th_latency": 1627.0, "violate_rate": 0.108797631577468, "throughput": 1500}, "538.imagick_r": {"95th_latency": 704.0, "99th_latency": 1364.0, "violate_rate": 0.18230076984877858, "throughput": 1500}, "541.leela_r": {"95th_latency": 700.0, "99th_latency": 1350.0, "violate_rate": 0.16058109577789073, "throughput": 1500}, "544.nab_r": {"95th_latency": 722.0, "99th_latency": 1549.0, "violate_rate": 0.10976859682576594, "throughput": 1500}, "548.exchange2_r": {"95th_latency": 694.0, "99th_latency": 1235.0, "violate_rate": 0.16541444120553814, "throughput": 1500}, "549.fotonik3d_r": {"95th_latency": 690.0, "99th_latency": 1171.0, "violate_rate": 0.21084436788805438, "throughput": 1500}, "554.roms_r": {"95th_latency": 696.0, "99th_latency": 1256.0, "violate_rate": 0.17566639644040333, "throughput": 1500}, "557.xz_r": {"95th_latency": 1161.0, "99th_latency": 2605.0, "violate_rate": 1.1007730208321935, "throughput": 1500}, "baseline": {"95th_latency": 694.0, "99th_latency": 1240.0, "violate_rate": 0.16548351763384717, "throughput": 1500}}}
{"masstree": {"519.lbm_r": {"95th_latency": 2567.0, "99th_latency": 3641.0, "violate_rate": 8.599704892243723, "throughput": 1500}, "507.cactuBSSN_r": {"95th_latency": 1379.0, "99th_latency": 2930.0, "violate_rate": 2.448973691360206, "throughput": 1500}, "500.perlbench_r": {"95th_latency": 847.0, "99th_latency": 1995.0, "violate_rate": 0.0008526193275090323, "throughput": 1500}, "502.gcc_r": {"95th_latency": 871.0, "99th_latency": 1988.0, "violate_rate": 0.0019458100253301385, "throughput": 1500}, "503.bwaves_r": {"95th_latency": 694.0,