{"masstree": {"baseline": {"95th_latency": 544.0, "99th_latency": 1069.0, "violate_rate": 0.10888683235910478, "throughput": 1500}, "519.lbm_r": {"95th_latency": 9314.0, "99th_latency": 18448.0, "violate_rate": 49.45630580257694, "throughput": 1500}, "507.cactuBSSN_r": {"95th_latency": 2800.0, "99th_latency": 6043.0, "violate_rate": 10.875818529526043, "throughput": 1500}, "500.perlbench_r": {"95th_latency": 725.0, "99th_latency": 1268.0, "violate_rate": 0.08903243629688239, "throughput": 1500}, "502.gcc_r": {"95th_latency": 1656.0, "99th_latency": 3868.0, "violate_rate": 3.1430043725399526, "throughput": 1500}, "503.bwaves_r": {"95th_latency": 554.0, "99th_latency": 1098.0, "violate_rate": 0.09289277164606018, "throughput": 1500}, "505.mcf_r": {"95th_latency": 3080.0, "99th_latency": 6144.0, "violate_rate": 10.080716145164374, "throughput": 1500}, "508.namd_r": {"95th_latency": 711.0, "99th_latency": 1288.0, "violate_rate": 0.08284674931700883, "throughput": 1500}, "510.parest_r": {"95th_latency": 3464.0, "99th_latency": 7047.0, "violate_rate": 16.683303694122216, "throughput": 1500}, "511.povray_r": {"95th_latency": 558.0, "99th_latency": 1092.0, "violate_rate": 0.10791926064170353, "throughput": 1500}, "520.omnetpp_r": {"95th_latency": 3731.0, "99th_latency": 7660.0, "violate_rate": 19.935710931251034, "throughput": 1500}, "521.wrf_r": {"95th_latency": 562.0, "99th_latency": 1085.0, "violate_rate": 0.1114351440578811, "throughput": 1500}, "523.xalancbmk_r": {"95th_latency": 4067.0, "99th_latency": 7854.0, "violate_rate": 21.96463173325285, "throughput": 1500}, "525.x264_r": {"95th_latency": 728.0, "99th_latency": 1672.0, "violate_rate": 0.02138298734551574, "throughput": 1500}, "526.blender_r": {"95th_latency": 1390.0, "99th_latency": 3088.0, "violate_rate": 2.414144906304572, "throughput": 1500}, "527.cam4_r": {"95th_latency": 554.0, "99th_latency": 1083.0, "violate_rate": 0.13267000095464393, "throughput": 1500}, "531.deepsjeng_r": {"95th_latency": 668.0, "99th_latency": 1245.0, "violate_rate": 0.06035226383833542, "throughput": 1500}, "538.imagick_r": {"95th_latency": 616.0, "99th_latency": 1118.0, "violate_rate": 0.11490876652425833, "throughput": 1500}, "541.leela_r": {"95th_latency": 584.0, "99th_latency": 1101.0, "violate_rate": 0.11159006953049884, "throughput": 1500}, "544.nab_r": {"95th_latency": 640.0, "99th_latency": 1185.0, "violate_rate": 0.07695970117593899, "throughput": 1500}, "548.exchange2_r": {"95th_latency": 555.0, "99th_latency": 1097.0, "violate_rate": 0.09186134541412844, "throughput": 1500}, "549.fotonik3d_r": {"95th_latency": 548.0, "99th_latency": 1054.0, "violate_rate": 0.11036315861104849, "throughput": 1500}, "554.roms_r": {"95th_latency": 553.0, "99th_latency": 1070.0, "violate_rate": 0.13385355851999178, "throughput": 1500}, "557.xz_r": {"95th_latency": 1447.0, "99th_latency": 3121.0, "violate_rate": 2.5483813003264935, "throughput": 1500}}}
{"masstree": {"519.lbm_r": {"95th_latency": 9360.0, "99th_latency": 18181.0, "violate_rate": 49.86734843545512, "throughput": 1500}, "507.cactuBSSN_r": {"95th_latency": 2707.0, "99th_latency": 5742.0, "violate_rate": 9.594603672128539, "throughput": 1500}, "500.perlbench_r": {"95th_latency": 724.0, "99th_latency": 1279.0, "violate_rate": 0.08142651824578401, "throughput": 1500}, "502.gcc_r": {"95th_latency": 1640.0, "99th_latency": 3878.0, "violate_rate": 3.216282445477713, "throughput": 1500}, "503.bwaves_r": {"95th_latency": 541.0, "99th_latency": 1045.0, "violate_rate": 0.0907768425760037, "throughput": 1500}, "505.mcf_r": {"95th_latency": 3096.0, "99th_latency": 6304.0, "violate_rate": 11.95044193737242, "throughput": 1500}, "508.namd_r": {"95th_latency": 711.0, "99th_latency": 1302.0, "violate_rate": 0.07068156508975135, "throughput": 1500}, "510.parest_r": {"95th_latency": 3476.0, "99th_latency": 7109.0, "violate_rate": 16.738637487308967, "throughput": 1500}, "511.povray_r": {"95th_latency": 541.0, "99th_latency": 1034.0, "violate_rate": 0.17359801918011838, "throughput": 1500}, "520.omnetpp_r": {"95th_latency": 3750.0, "99th_latency": 7728.0, "violate_rate": 19.811919396918135, "throughput": 1500}, "521.wrf_r": {"95th_latency": 548.0, "99th_latency": 1093.0, "violate_rate": 0.12136747099394664, "throughput": 1500}, "523.xalancbmk_r": {"95th_latency": 4059.0, "99th_latency": 7926.0, "violate_rate": 20.181513192411145, "throughput": 1500}, "525.x264_r": {"95th_latency": 727.0, "99th_latency": 1744.0, "violate_rate": 0.015410595468617285, "throughput": 1500}, "526.blender_r": {"95th_latency": 1334.0, "99th_latency": 2993.0, "violate_rate": 2.6314135254882536, "throughput": 1500}, "527.cam4_r": {"95th_latency": 542.0, "99th_latency": 1060.0, "violate_rate": 0.12039717635527782, "throughput": 1500}, "531.deepsjeng_r": {"95th_latency": 678.0, "99th_latency": 1243.0, "violate_rate": 0.0922460402644058, "throughput": 1500}, "538.imagick_r": {"95th_latency": 615.0, "99th_latency": 1124.0, "violate_rate": 0.1182486063973246, "throughput": 1500}, "541.leela_r": {"95th_latency": 574.0, "99th_latency": 1104.0, "violate_rate": 0.08105295726878436, "throughput": 1500}, "544.nab_r": {"95th_latency": 640.0, "99th_latency": 1192.0, "violate_rate": 0.15113313738722567, "throughput": 1500}, "548.exchange2_r": {"95th_latency": 548.0, "99th_latency": 1069.0, "violate_rate": 0.09111759922341156, "throughput": 1500}, "549.fotonik3d_r": {"95th_latency": 547.0, "99th_latency": 1048.0, "violate_rate": 0.14596580313415752, "throughput": 1500}, "554.roms_r": {"95th_latency": 543.0, "99th_latency": 1071.0, "violate_rate": 0.08576151807580792, "throughput": 1500}, "557.xz_r": {"95th_latency": 1405.0, "99th_latency": 3011.0, "violate_rate": 2.7248546868371424, "throughput": 1500}, "baseline": {"95th_latency": 545.0, "99th_latency": 1060.0, "violate_rate": 0.1470874334051727, "throughput": 1500}}}
{"masstree": {"519.lbm_r": {"95th_latency": 9361.0, "99th_latency": 18632.0, "violate_rate": 49.731728729499984, "throughput": 1500}, "507.cactuBSSN_r": {"95th_latency": 2831.0, "99th_latency": 6096.0, "violate_rate": 10.6959197418621, "throughput": 1500}, "500.perlbench_r": {"95th_latency": 723.0, "99th_latency": 1278.0, "violate_rate": 0.08965475400483248, "throughput": 1500}, "502.gcc_r": {"95th_latency": 1644.0, "99th_latency": 3916.0, "violate_rate": 3.165477623591303, "throughput": 1500}, "503.bwaves_r": {"95th_latency": 546.0, "99th_latency": 1080.0, "violate_rate": 0.0910112198595441, "throughput": 1500}, "505.mcf_r": {"95th_latency": 3085.0, "99th_latency": 6184.0, "violate_rate": 11.975032462443059, "throughput": 1500}, "508.namd_r": {"95th_latency": 709.0, "99th_latency": 1276.0, "violate_rate": 0.08680877694063571, "throughput": 1500}, "510.parest_r": {"95th_latency": 3504.0, "99th_latency": 7301.0, "violate_rate": 16.63552669530172, "throughput": 1500}, "511.povray_r": {"95th_latency": 542.0, "99th_latency": 1039.0, "violate_rate": 0.1263868976366182, "throughput": 1500}, "520.omnetpp_r": {"95th_latency": 3751.0, "99th_latency": 7552.0, "violate_rate": 19.721491820827463, "throughput": 1500}, "521.wrf_r": {"95th_latency": 543.0, "99th_latency": 1086.0, "violate_rate": 0.11542616961509962, "throughput": 1500}, "523.xalancbmk_r": {"95th_latency": 4024.0, "99th_latency": 8042.0, "violate_rate": 20.087379946077746, "throughput": 1500}, "525.x264_r": {"95th_latency": 714.0, "99th_latency": 1713.0, "violate_rate": 0.017036416146264305, "throughput": 1500}, "526.blender_r": {"95th_latency": 1357.0, "99th_latency": 3008.0, "violate_rate": 2.5536301002616915, "throughput": 1500}, "527.cam4_r": {"95th_latency": 543.0, "99th_latency": 1079.0, "violate_rate": 0.1242699740206753, "throughput": 1500}, "531.deepsjeng_r": {"95th_latency": 677.0, "99th_latency": 1261.0, "violate_rate": 0.07877576717834979, "throughput": 1500}, "538.imagick_r": {"95th_latency": 612.0, "99th_latency": 1123.0, "violate_rate": 0.10972428758870653, "throughput": 1500}, "541.leela_r": {"95th_latency": 569.0, "99th_latency": 1079.0,