{"masstree": {"baseline": {"95th_latency": 438.0, "99th_latency": 725.0, "violate_rate": 0.3340294528477873, "throughput": 1000}}}
{"masstree": {"baseline": {"95th_latency": 438.0, "99th_latency": 728.0, "violate_rate": 0.28842079096319956, "throughput": 1000}}}
{"masstree": {"baseline": {"95th_latency": 433.0, "99th_latency": 704.0, "violate_rate": 0.26319669144219454, "throughput": 1000}}}
{"masstree": {"baseline": {"95th_latency": 438.0, "99th_latency": 707.0, "violate_rate": 0.3332256976589722, "throughput": 1000}, "519.lbm_r": {"95th_latency": 3412.0, "99th_latency": 6445.0, "violate_rate": 15.901864860552148, "throughput": 1000}, "507.cactuBSSN_r": {"95th_latency": 1690.0, "99th_latency": 3131.0, "violate_rate": 3.6820365533685253, "throughput": 1000}, "500.perlbench_r": {"95th_latency": 599.0, "99th_latency": 996.0, "violate_rate": 0.20538905978800517, "throughput": 1000}, "502.gcc_r": {"95th_latency": 841.0, "99th_latency": 1751.0, "violate_rate": 0.02151824312535249, "throughput": 1000}, "503.bwaves_r": {"95th_latency": 439.0, "99th_latency": 716.0, "violate_rate": 0.33652787468311673, "throughput": 1000}, "505.mcf_r": {"95th_latency": 1464.0, "99th_latency": 2868.0, "violate_rate": 2.431535036512174, "throughput": 1000}, "508.namd_r": {"95th_latency": 552.0, "99th_latency": 920.0, "violate_rate": 0.21101349240260286, "throughput": 1000}, "510.parest_r": {"95th_latency": 1599.0, "99th_latency": 3017.0, "violate_rate": 2.0572554106581364, "throughput": 1000}, "511.povray_r": {"95th_latency": 437.0, "99th_latency": 711.0, "violate_rate": 0.21058013703195433, "throughput": 1000}, "520.omnetpp_r": {"95th_latency": 1971.0, "99th_latency": 3650.0, "violate_rate": 4.146484516749246, "throughput": 1000}, "521.wrf_r": {"95th_latency": 440.0, "99th_latency": 731.0, "violate_rate": 0.15423819489969393, "throughput": 1000}, "523.xalancbmk_r": {"95th_latency": 1805.0, "99th_latency": 3437.0, "violate_rate": 4.979056518617144, "throughput": 1000}, "525.x264_r": {"95th_latency": 558.0, "99th_latency": 1125.0, "violate_rate": 0.10028610370502251, "throughput": 1000}, "526.blender_r": {"95th_latency": 1043.0, "99th_latency": 1989.0, "violate_rate": 0.0010651919072007506, "throughput": 1000}, "527.cam4_r": {"95th_latency": 439.0, "99th_latency": 707.0, "violate_rate": 0.3206957661715897, "throughput": 1000}, "531.deepsjeng_r": {"95th_latency": 519.0, "99th_latency": 864.0, "violate_rate": 0.11914579621063157, "throughput": 1000}, "538.imagick_r": {"95th_latency": 484.0, "99th_latency": 804.0, "violate_rate": 0.22936806131759227, "throughput": 1000}, "541.leela_r": {"95th_latency": 460.0, "99th_latency": 774.0, "violate_rate": 0.3028483452837879, "throughput": 1000}, "544.nab_r": {"95th_latency": 495.0, "99th_latency": 820.0, "violate_rate": 0.2990697739442154, "throughput": 1000}, "548.exchange2_r": {"95th_latency": 437.0, "99th_latency": 713.0, "violate_rate": 0.31954554234062865, "throughput": 1000}, "549.fotonik3d_r": {"95th_latency": 438.0, "99th_latency": 703.0, "violate_rate": 0.22428527458610267, "throughput": 1000}, "554.roms_r": {"95th_latency": 438.0, "99th_latency": 703.0, "violate_rate": 0.3292147182816808, "throughput": 1000}, "557.xz_r": {"95th_latency": 1293.0, "99th_latency": 2354.0, "violate_rate": 1.3506147502122434, "throughput": 1000}}}
{"masstree": {"519.lbm_r": {"95th_latency": 3375.0, "99th_latency": 6575.0, "violate_rate": 15.915838463165592, "throughput": 1000}, "507.cactuBSSN_r": {"95th_latency": 1662.0, "99th_latency": 3111.0, "violate_rate": 3.7983363768691523, "throughput": 1000}, "500.perlbench_r": {"95th_latency": 595.0, "99th_latency": 987.0, "violate_rate": 0.17069619626310767, "throughput": 1000}, "502.gcc_r": {"95th_latency": 836.0, "99th_latency": 1801.0, "violate_rate": 0.017381496046235855, "throughput": 1000}, "503.bwaves_r": {"95th_latency": 432.0, "99th_latency": 702.0, "violate_rate": 0.25247376479401534, "throughput": 1000}, "505.mcf_r": {"95th_latency": 1475.0, "99th_latency": 2886.0, "violate_rate": 2.43416054514329, "throughput": 1000}, "508.namd_r": {"95th_latency": 558.0, "99th_latency": 939.0, "violate_rate": 0.2151903382678741, "throughput": 1000}, "510.parest_r": {"95th_latency": 1610.0, "99th_latency": 2996.0, "violate_rate": 2.075968585474388, "throughput": 1000}, "511.povray_r": {"95th_latency": 434.0, "99th_latency": 706.0, "violate_rate": 0.3102258678235785, "throughput": 1000}, "520.omnetpp_r": {"95th_latency": 1965.0, "99th_latency": 3643.0, "violate_rate": 4.177280915674681, "throughput": 1000}, "521.wrf_r": {"95th_latency": 432.0, "99th_latency": 703.0, "violate_rate": 0.2859425973328756, "throughput": 1000}, "523.xalancbmk_r": {"95th_latency": 1818.0, "99th_latency": 3402.0, "violate_rate": 4.915972709525101, "throughput": 1000}, "525.x264_r": {"95th_latency": 560.0, "99th_latency": 1134.0, "violate_rate": 0.107315977665168, "throughput": 1000}, "526.blender_r": {"95th_latency": 1044.0, "99th_latency": 2005.0, "violate_rate": 1.9890126179923917, "throughput": 1000}, "527.cam4_r": {"95th_latency": 433.0, "99th_latency": 718.0, "violate_rate": 0.32021956950101665, "throughput": 1000}, "531.deepsjeng_r": {"95th_latency": 517.0, "99th_latency": 866.0, "violate_rate": 0.2137146740559029, "throughput": 1000}, "538.imagick_r": {"95th_latency": 485.0, "99th_latency": 792.0, "violate_rate": 0.27125028148424823, "throughput": 1000}, "541.leela_r": {"95th_latency": 455.0, "99th_latency": 741.0, "violate_rate": 0.29254721216907514, "throughput": 1000}, "544.nab_r": {"95th_latency": 494.0, "99th_latency": 827.0, "violate_rate": 0.22271584029995764, "throughput": 1000}, "548.exchange2_r": {"95th_latency": 434.0, "99th_latency": 711.0, "violate_rate": 0.347357985796875, "throughput": 1000}, "549.fotonik3d_r": {"95th_latency": 434.0, "99th_latency": 718.0, "violate_rate": 0.26762850719236764, "throughput": 1000}, "554.roms_r": {"95th_latency": 434.0, "99th_latency": 696.0, "violate_rate": 0.33232163703556133, "throughput": 1000}, "557.xz_r": {"95th_latency": 1269.0, "99th_latency": 2299.0, "violate_rate": 1.4214057350056308, "throughput": 1000}, "baseline": {"95th_latency": 436.0, "99th_latency": 714.0, "violate_rate": 0.3336869043191825, "throughput": 1000}}}
{"masstree": {"519.lbm_r": {"95th_latency": 3414.0, "99th_latency": 6836.0, "violate_rate": 15.884184819154987, "throughput": 1000}, "507.cactuBSSN_r": {"95th_latency": 1688.0, "99th_latency": 3109.0, "violate_rate": 3.6581123770147386, "throughput": 1000}, "500.perlbench_r": {"95th_latency": 598.0, "99th_latency": 1004.9999999999999, "violate_rate": 0.15995523043284643, "throughput": 1000}, "502.gcc_r": {"95th_latency": 840.0, "99th_latency": 1778.0, "violate_rate": 0.018640695902115617, "throughput": 1000}, "503.bwaves_r": {"95th_latency": 435.0, "99th_latency": 716.0, "violate_rate": 0.37525010396507225, "throughput": 1000}, "505.mcf_r": {"95th_latency": 1459.0, "99th_latency": 2774.0, "violate_rate": 2.4971701671899997, "throughput": 1000}, "508.namd_r": {"95th_latency": 555.0, "99th_latency": 917.0, "violate_rate": 0.18240023345144032, "throughput": 1000}, "510.parest_r": {"95th_latency": 1617.0, "99th_latency": 3014.0, "violate_rate": 2.0243465763905255, "throughput": 1000}, "511.povray_r": {"95th_latency": 435.0, "99th_latency": 714.0, "violate_rate": 0.12628063886956387, "throughput": 1000}, "520.omnetpp_r": {"95th_latency": 1982.0, "99th_latency": 3623.0, "violate_rate": 4.093584258694278, "throughput": 1000}, "521.wrf_r": {"95th_latency": 436.0, "99th_latency": 715.0, "violate_rate": 0.276368489248675, "throughput": 1000}, "523.xalancbmk_r": {"95th_latency": 1792.0, "99th_latency": 3360.0, "violate_rate": 3.0834483534643566, "throughput": 1000}, "525.x264_r": {"95th_latency": 555.0, "99th_latency": 1118.0, "violate_rate": 0.09396113215853583, "throughput": 1000}, "526.blender_r": {"95th_latency": 1035.0, "99th_latency": 1949.0, "violate_rate": 0.004664141656133981, "throughput": 1000}, "527.cam4_r": {"95th_latency": 434.0, "99th_latency": 702.0,