{"nginx": {"519.lbm_r": {"95th_latency": 2601.0, "99th_latency": 6370.5, "violate_rate": 3.0108629326556957, "throughput": 58000}, "507.cactuBSSN_r": {"95th_latency": 2559.75, "99th_latency": 3078.0, "violate_rate": 1.5720071760283074, "throughput": 58000}, "500.perlbench_r": {"95th_latency": 2420.875, "99th_latency": 2788.625, "violate_rate": 1.0604123903508778, "throughput": 58000}, "502.gcc_r": {"95th_latency": 2598.0, "99th_latency": 3136.25, "violate_rate": 1.7663197266785495, "throughput": 58000}, "503.bwaves_r": {"95th_latency": 2483.5, "99th_latency": 2877.25, "violate_rate": 1.3725102124183004, "throughput": 58000}, "505.mcf_r": {"95th_latency": 2441.5, "99th_latency": 2852.0, "violate_rate": 1.674768986160897, "throughput": 58000}, "508.namd_r": {"95th_latency": 2569.25, "99th_latency": 3037.5, "violate_rate": 1.6341607242744551, "throughput": 58000}, "510.parest_r": {"95th_latency": 2417.375, "99th_latency": 5054.5, "violate_rate": 2.56286037823039, "throughput": 58000}, "511.povray_r": {"95th_latency": 2540.75, "99th_latency": 2985.5, "violate_rate": 1.2362179630152454, "throughput": 58000}, "520.omnetpp_r": {"95th_latency": 2461.25, "99th_latency": 2838.25, "violate_rate": 1.6480696581196568, "throughput": 58000}, "521.wrf_r": {"95th_latency": 2500.625, "99th_latency": 2878.875, "violate_rate": 1.2062366855899138, "throughput": 58000}, "523.xalancbmk_r": {"95th_latency": 82999.0, "99th_latency": 177551.0, "violate_rate": 15.132694444227361, "throughput": 58000}, "525.x264_r": {"95th_latency": 2505.125, "99th_latency": 2938.25, "violate_rate": 1.4000556921417227, "throughput": 58000}, "526.blender_r": {"95th_latency": 2382.0, "99th_latency": 2823.875, "violate_rate": 1.3825435946637445, "throughput": 58000}, "527.cam4_r": {"95th_latency": 2450.375, "99th_latency": 2908.25, "violate_rate": 1.2713557539682545, "throughput": 58000}, "531.deepsjeng_r": {"95th_latency": 2422.75, "99th_latency": 2789.0, "violate_rate": 1.0330654752454298, "throughput": 58000}, "538.imagick_r": {"95th_latency": 2581.75, "99th_latency": 2996.5, "violate_rate": 1.412141305916305, "throughput": 58000}, "541.leela_r": {"95th_latency": 2389.875, "99th_latency": 2755.0, "violate_rate": 0.977859933051233, "throughput": 58000}, "544.nab_r": {"95th_latency": 2400.0, "99th_latency": 2772.25, "violate_rate": 1.2671187798166326, "throughput": 58000}, "548.exchange2_r": {"95th_latency": 2575.25, "99th_latency": 3038.5, "violate_rate": 1.5794879867877454, "throughput": 58000}, "549.fotonik3d_r": {"95th_latency": 2546.5, "99th_latency": 2998.75, "violate_rate": 1.4802978586472002, "throughput": 58000}, "554.roms_r": {"95th_latency": 2487.125, "99th_latency": 2916.25, "violate_rate": 1.4139953429086853, "throughput": 58000}, "557.xz_r": {"95th_latency": 2591.0, "99th_latency": 3032.5, "violate_rate": 1.3573154540763679, "throughput": 58000}, "baseline": {"95th_latency": 2405.75, "99th_latency": 2769.0, "violate_rate": 1.0744463091646896, "throughput": 58000}}}
{"nginx": {"519.lbm_r": {"95th_latency": 2543.0, "99th_latency": 5626.5, "violate_rate": 2.5091995614035087, "throughput": 58000}, "507.cactuBSSN_r": {"95th_latency": 2600.0, "99th_latency": 3058.0, "violate_rate": 1.4307941477468196, "throughput": 58000}, "500.perlbench_r": {"95th_latency": 2604.5, "99th_latency": 5858.0, "violate_rate": 2.9789912360291018, "throughput": 58000}, "502.gcc_r": {"95th_latency": 2445.125, "99th_latency": 2854.75, "violate_rate": 1.521634899873979, "throughput": 58000}, "503.bwaves_r": {"95th_latency": 2408.875, "99th_latency": 2780.5, "violate_rate": 1.4172538261303675, "throughput": 58000}, "505.mcf_r": {"95th_latency": 2462.375, "99th_latency": 2864.375, "violate_rate": 1.5913451975560668, "throughput": 58000}, "508.namd_r": {"95th_latency": 2579.0, "99th_latency": 3094.5, "violate_rate": 1.5293843826050644, "throughput": 58000}, "510.parest_r": {"95th_latency": 62499.0, "99th_latency": 112503.0, "violate_rate": 50.03462286507974, "throughput": 58000}, "511.povray_r": {"95th_latency": 2501.25, "99th_latency": 3021.25, "violate_rate": 1.3554347560048645, "throughput": 58000}, "520.omnetpp_r": {"95th_latency": 2513.75, "99th_latency": 2933.125, "violate_rate": 1.5909880166889776, "throughput": 58000}, "521.wrf_r": {"95th_latency": 2443.25, "99th_latency": 2920.75, "violate_rate": 1.3155248621121705, "throughput": 58000}, "523.xalancbmk_r": {"95th_latency": 3483.0, "99th_latency": 21401.0, "violate_rate": 6.283836142289894, "throughput": 58000}, "525.x264_r": {"95th_latency": 2473.125, "99th_latency": 2900.75, "violate_rate": 1.4517811507936516, "throughput": 58000}, "526.blender_r": {"95th_latency": 2414.875, "99th_latency": 2795.0, "violate_rate": 1.1519466072085172, "throughput": 58000}, "527.cam4_r": {"95th_latency": 2484.75, "99th_latency": 2890.125, "violate_rate": 1.149016534167126, "throughput": 58000}, "531.deepsjeng_r": {"95th_latency": 2546.25, "99th_latency": 3046.75, "violate_rate": 1.5159036865308613, "throughput": 58000}, "538.imagick_r": {"95th_latency": 2524.25, "99th_latency": 3073.25, "violate_rate": 1.610154343120649, "throughput": 58000}, "541.leela_r": {"95th_latency": 2502.125, "99th_latency": 2892.25, "violate_rate": 1.3779003863826236, "throughput": 58000}, "544.nab_r": {"95th_latency": 2489.0, "99th_latency": 2875.5, "violate_rate": 1.4105478459778378, "throughput": 58000}, "548.exchange2_r": {"95th_latency": 2496.25, "99th_latency": 2905.25, "violate_rate": 1.3130205819554883, "throughput": 58000}, "549.fotonik3d_r": {"95th_latency": 2495.625, "99th_latency": 2902.5, "violate_rate": 1.2587370365142099, "throughput": 58000}, "554.roms_r": {"95th_latency": 2503.375, "99th_latency": 2875.125, "violate_rate": 1.4116774289491074, "throughput": 58000}, "557.xz_r": {"95th_latency": 2510.0, "99th_latency": 3161.75, "violate_rate": 1.9053971367400706, "throughput": 58000}, "baseline": {"95th_latency": 2412.875, "99th_latency": 2780.625, "violate_rate": 1.398327234082128, "throughput": 58000}}}
{"nginx": {"519.lbm_r": {"95th_latency": 2596.75, "99th_latency": 3863.5, "violate_rate": 2.3427594515985857, "throughput": 58000}, "507.cactuBSSN_r": {"95th_latency": 2612.0, "99th_latency": 3054.0, "violate_rate": 1.421952205882354, "throughput": 58000}, "500.perlbench_r": {"95th_latency": 2493.75, "99th_latency": 3082.5, "violate_rate": 1.5487717171717184, "throughput": 58000}, "502.gcc_r": {"95th_latency": 2508.75, "99th_latency": 2954.0, "violate_rate": 1.3415558218462844, "throughput": 58000}, "503.bwaves_r": {"95th_latency": 2488.25, "99th_latency": 3125.75, "violate_rate": 1.8904771938206726, "throughput": 58000}, "505.mcf_r": {"95th_latency": 2756.25, "99th_latency": 7732.5, "violate_rate": 3.3117078732637193, "throughput": 58000}, "508.namd_r": {"95th_latency": 2427.625, "99th_latency": 2810.75, "violate_rate": 1.294906552947267, "throughput": 58000}, "510.parest_r": {"95th_latency": 81207.0, "99th_latency": 131207.0, "violate_rate": 50.21733352216708, "throughput": 58000}, "511.povray_r": {"95th_latency": 2389.875, "99th_latency": 2834.625, "violate_rate": 1.5069340484258953, "throughput": 58000}, "520.omnetpp_r": {"95th_latency": 2544.75, "99th_latency": 2984.0, "violate_rate": 1.4480422619047626, "throughput": 58000}, "521.wrf_r": {"95th_latency": 2393.125, "99th_latency": 2791.375, "violate_rate": 1.3880019251108553, "throughput": 58000}, "523.xalancbmk_r": {"95th_latency": 51707.0, "99th_latency": 97503.0, "violate_rate": 12.940721558808098, "throughput": 58000}, "525.x264_r": {"95th_latency": 2581.75, "99th_latency": 3018.75, "violate_rate": 1.472673872180451, "throughput": 58000}, "526.blender_r": {"95th_latency": 2430.625, "99th_latency": 2798.125, "violate_rate": 1.2940888079766513, "throughput": 58000}, "527.cam4_r": {"95th_latency": 2414.875, "99th_latency": 2777.25, "violate_rate": 1.4149816623871776, "throughput": 58000}, "531.deepsjeng_r": {"95th_latency": 2427.125, "99th_latency": 2796.375, "violate_rate": 1.2145645994832066, "throughput": 58000},