{"nginx": {"519.lbm_r": {"95th_latency": 2645.25, "99th_latency": 3057.25, "violate_rate": 1.4213888480392174, "throughput": 54000}, "507.cactuBSSN_r": {"95th_latency": 2618.25, "99th_latency": 3107.0, "violate_rate": 1.8803023182957395, "throughput": 54000}, "500.perlbench_r": {"95th_latency": 2490.375, "99th_latency": 2874.25, "violate_rate": 1.1454131376758314, "throughput": 54000}, "502.gcc_r": {"95th_latency": 2499.5, "99th_latency": 2888.25, "violate_rate": 1.4247404689536212, "throughput": 54000}, "503.bwaves_r": {"95th_latency": 2474.0, "99th_latency": 2858.875, "violate_rate": 1.3369942355889728, "throughput": 54000}, "505.mcf_r": {"95th_latency": 2530.0, "99th_latency": 2922.875, "violate_rate": 1.4153680555555572, "throughput": 54000}, "508.namd_r": {"95th_latency": 2356.75, "99th_latency": 2715.125, "violate_rate": 1.135942804144749, "throughput": 54000}, "510.parest_r": {"95th_latency": 2659.75, "99th_latency": 5239.5, "violate_rate": 2.9237314112692134, "throughput": 54000}, "511.povray_r": {"95th_latency": 2482.125, "99th_latency": 2861.625, "violate_rate": 1.4600742171933514, "throughput": 54000}, "520.omnetpp_r": {"95th_latency": 2608.5, "99th_latency": 3039.75, "violate_rate": 1.5203252492863182, "throughput": 54000}, "521.wrf_r": {"95th_latency": 2360.375, "99th_latency": 2726.0, "violate_rate": 1.3904784783929531, "throughput": 54000}, "523.xalancbmk_r": {"95th_latency": 2650.0, "99th_latency": 3092.0, "violate_rate": 1.4892857142857143, "throughput": 54000}, "525.x264_r": {"95th_latency": 2379.875, "99th_latency": 2757.875, "violate_rate": 1.395274994266713, "throughput": 54000}, "526.blender_r": {"95th_latency": 2578.5, "99th_latency": 2986.25, "violate_rate": 1.2277640151515137, "throughput": 54000}, "527.cam4_r": {"95th_latency": 2487.0, "99th_latency": 2886.25, "violate_rate": 1.4049189723320157, "throughput": 54000}, "531.deepsjeng_r": {"95th_latency": 2565.25, "99th_latency": 2974.5, "violate_rate": 1.284005239245455, "throughput": 54000}, "538.imagick_r": {"95th_latency": 2387.5, "99th_latency": 2753.875, "violate_rate": 1.214061045347627, "throughput": 54000}, "541.leela_r": {"95th_latency": 2584.0, "99th_latency": 2972.75, "violate_rate": 1.3444788588223355, "throughput": 54000}, "544.nab_r": {"95th_latency": 2557.25, "99th_latency": 2981.5, "violate_rate": 1.1633186361947214, "throughput": 54000}, "548.exchange2_r": {"95th_latency": 2589.5, "99th_latency": 2990.0, "violate_rate": 1.146876569264068, "throughput": 54000}, "549.fotonik3d_r": {"95th_latency": 2477.625, "99th_latency": 2850.625, "violate_rate": 1.4555167471417467, "throughput": 54000}, "554.roms_r": {"95th_latency": 2576.75, "99th_latency": 2985.0, "violate_rate": 1.2435368378400973, "throughput": 54000}, "557.xz_r": {"95th_latency": 2387.125, "99th_latency": 2749.125, "violate_rate": 1.1818856378197455, "throughput": 54000}, "baseline": {"95th_latency": 2360.75, "99th_latency": 2718.375, "violate_rate": 1.5568162214290877, "throughput": 54000}}}
{"nginx": {"519.lbm_r": {"95th_latency": 2538.0, "99th_latency": 2953.75, "violate_rate": 1.7511358297219204, "throughput": 54000}, "507.cactuBSSN_r": {"95th_latency": 2616.75, "99th_latency": 3022.75, "violate_rate": 1.3468045112781954, "throughput": 54000}, "500.perlbench_r": {"95th_latency": 2502.875, "99th_latency": 2899.5, "violate_rate": 1.3353729949874686, "throughput": 54000}, "502.gcc_r": {"95th_latency": 2391.5, "99th_latency": 2759.375, "violate_rate": 1.249261925691331, "throughput": 54000}, "503.bwaves_r": {"95th_latency": 2564.5, "99th_latency": 2973.5, "violate_rate": 1.321723620401336, "throughput": 54000}, "505.mcf_r": {"95th_latency": 2608.0, "99th_latency": 3050.5, "violate_rate": 1.7529860702614395, "throughput": 54000}, "508.namd_r": {"95th_latency": 2367.125, "99th_latency": 2733.625, "violate_rate": 1.2032774170715745, "throughput": 54000}, "510.parest_r": {"95th_latency": 2591.5, "99th_latency": 3247.5, "violate_rate": 2.0505192723942725, "throughput": 54000}, "511.povray_r": {"95th_latency": 2559.25, "99th_latency": 2963.0, "violate_rate": 1.2752487179487182, "throughput": 54000}, "520.omnetpp_r": {"95th_latency": 2506.5, "99th_latency": 2888.25, "violate_rate": 1.640915133232782, "throughput": 54000}, "521.wrf_r": {"95th_latency": 2473.25, "99th_latency": 2850.25, "violate_rate": 1.2579554101622274, "throughput": 54000}, "523.xalancbmk_r": {"95th_latency": 2440.25, "99th_latency": 2821.875, "violate_rate": 1.6266732555487988, "throughput": 54000}, "525.x264_r": {"95th_latency": 2487.625, "99th_latency": 2864.5, "violate_rate": 1.343779810293174, "throughput": 54000}, "526.blender_r": {"95th_latency": 2506.0, "99th_latency": 2906.625, "violate_rate": 1.4176720005443848, "throughput": 54000}, "527.cam4_r": {"95th_latency": 2469.375, "99th_latency": 2841.625, "violate_rate": 1.1120366942839754, "throughput": 54000}, "531.deepsjeng_r": {"95th_latency": 2368.5, "99th_latency": 2735.0, "violate_rate": 1.1543693356740636, "throughput": 54000}, "538.imagick_r": {"95th_latency": 2350.875, "99th_latency": 2707.125, "violate_rate": 1.1997506222943721, "throughput": 54000}, "541.leela_r": {"95th_latency": 2585.5, "99th_latency": 2980.25, "violate_rate": 1.204114608036889, "throughput": 54000}, "544.nab_r": {"95th_latency": 2480.875, "99th_latency": 2865.125, "violate_rate": 1.4326962686567162, "throughput": 54000}, "548.exchange2_r": {"95th_latency": 2372.375, "99th_latency": 2743.125, "violate_rate": 1.4946301804189974, "throughput": 54000}, "549.fotonik3d_r": {"95th_latency": 2487.125, "99th_latency": 2875.5, "violate_rate": 1.2340821646871039, "throughput": 54000}, "554.roms_r": {"95th_latency": 2571.75, "99th_latency": 2984.25, "violate_rate": 1.1206778998175722, "throughput": 54000}, "557.xz_r": {"95th_latency": 2605.5, "99th_latency": 3017.0, "violate_rate": 1.5088972431077694, "throughput": 54000}, "baseline": {"95th_latency": 2374.25, "99th_latency": 2739.0, "violate_rate": 1.2192528970671481, "throughput": 54000}}}
{"nginx": {"519.lbm_r": {"95th_latency": 2617.75, "99th_latency": 3071.5, "violate_rate": 1.6562648702733462, "throughput": 54000}, "507.cactuBSSN_r": {"95th_latency": 2604.75, "99th_latency": 3033.5, "violate_rate": 1.3560523391812869, "throughput": 54000}, "500.perlbench_r": {"95th_latency": 2606.25, "99th_latency": 3009.5, "violate_rate": 1.6976932821183395, "throughput": 54000}, "502.gcc_r": {"95th_latency": 2380.75, "99th_latency": 2745.5, "violate_rate": 1.2471133113064141, "throughput": 54000}, "503.bwaves_r": {"95th_latency": 2574.75, "99th_latency": 2980.75, "violate_rate": 1.1798559434928984, "throughput": 54000}, "505.mcf_r": {"95th_latency": 2524.5, "99th_latency": 2915.75, "violate_rate": 1.29567521287858, "throughput": 54000}, "508.namd_r": {"95th_latency": 2594.25, "99th_latency": 3000.75, "violate_rate": 1.3388801618671176, "throughput": 54000}, "510.parest_r": {"95th_latency": 2457.875, "99th_latency": 2884.375, "violate_rate": 1.6513572290028824, "throughput": 54000}, "511.povray_r": {"95th_latency": 2483.5, "99th_latency": 2859.75, "violate_rate": 1.4755667400907633, "throughput": 54000}, "520.omnetpp_r": {"95th_latency": 2402.125, "99th_latency": 2762.25, "violate_rate": 1.4760431818181812, "throughput": 54000}, "521.wrf_r": {"95th_latency": 2477.75, "99th_latency": 2854.5, "violate_rate": 1.587058420383963, "throughput": 54000}, "523.xalancbmk_r": {"95th_latency": 2646.25, "99th_latency": 3110.5, "violate_rate": 1.860171992481202, "throughput": 54000}, "525.x264_r": {"95th_latency": 2576.25, "99th_latency": 3003.5, "violate_rate": 1.565934234424995, "throughput": 54000}, "526.blender_r": {"95th_latency": 2595.25, "99th_latency": 3001.0, "violate_rate": 1.473679166666666, "throughput": 54000}, "527.cam4_r": {"95th_latency": 2482.125, "99th_latency": 2863.625, "violate_rate": 0.9895801280890899, "throughput": 54000}, "531.deepsjeng_r": {"95th_latency": 2368.75, "99th_latency": 2726.625, "violate_rate": 1.1004450922266147, "throughput": 54000},