{"nginx": {"519.lbm_r": {"95th_latency": 2551.0, "99th_latency": 2985.0, "violate_rate": 1.8913264432999908, "throughput": 50000}, "507.cactuBSSN_r": {"95th_latency": 2409.5, "99th_latency": 2788.25, "violate_rate": 1.5042269562991173, "throughput": 50000}, "500.perlbench_r": {"95th_latency": 2388.625, "99th_latency": 2782.625, "violate_rate": 1.3747284085681448, "throughput": 50000}, "502.gcc_r": {"95th_latency": 2399.0, "99th_latency": 2791.125, "violate_rate": 1.4653050506304364, "throughput": 50000}, "503.bwaves_r": {"95th_latency": 2500.75, "99th_latency": 2911.875, "violate_rate": 1.3400125281500865, "throughput": 50000}, "505.mcf_r": {"95th_latency": 2663.75, "99th_latency": 3128.0, "violate_rate": 1.8185945789557267, "throughput": 50000}, "508.namd_r": {"95th_latency": 2659.75, "99th_latency": 3119.5, "violate_rate": 1.96061529528478, "throughput": 50000}, "510.parest_r": {"95th_latency": 2694.0, "99th_latency": 3173.0, "violate_rate": 2.052461737836279, "throughput": 50000}, "511.povray_r": {"95th_latency": 2676.5, "99th_latency": 3139.5, "violate_rate": 1.973942144423558, "throughput": 50000}, "520.omnetpp_r": {"95th_latency": 2470.0, "99th_latency": 2862.375, "violate_rate": 1.852932285524433, "throughput": 50000}, "521.wrf_r": {"95th_latency": 2507.375, "99th_latency": 2914.75, "violate_rate": 1.376936514107238, "throughput": 50000}, "523.xalancbmk_r": {"95th_latency": 2710.0, "99th_latency": 3179.5, "violate_rate": 1.9138346395502641, "throughput": 50000}, "525.x264_r": {"95th_latency": 2607.0, "99th_latency": 3062.0, "violate_rate": 1.614861807928914, "throughput": 50000}, "526.blender_r": {"95th_latency": 2687.0, "99th_latency": 3149.0, "violate_rate": 2.164661639742103, "throughput": 50000}, "527.cam4_r": {"95th_latency": 2354.125, "99th_latency": 2715.625, "violate_rate": 1.3332435860435856, "throughput": 50000}, "531.deepsjeng_r": {"95th_latency": 2626.0, "99th_latency": 3084.25, "violate_rate": 1.823676082251083, "throughput": 50000}, "538.imagick_r": {"95th_latency": 2498.0, "99th_latency": 2913.875, "violate_rate": 1.492251207564365, "throughput": 50000}, "541.leela_r": {"95th_latency": 2402.875, "99th_latency": 2772.0, "violate_rate": 1.3737241714161346, "throughput": 50000}, "544.nab_r": {"95th_latency": 2400.125, "99th_latency": 2778.875, "violate_rate": 1.67538990238489, "throughput": 50000}, "548.exchange2_r": {"95th_latency": 2540.125, "99th_latency": 2962.0, "violate_rate": 1.6001926568873162, "throughput": 50000}, "549.fotonik3d_r": {"95th_latency": 2624.5, "99th_latency": 3080.25, "violate_rate": 1.5837641287011996, "throughput": 50000}, "554.roms_r": {"95th_latency": 2598.75, "99th_latency": 3044.5, "violate_rate": 1.7213869729907776, "throughput": 50000}, "557.xz_r": {"95th_latency": 2520.75, "99th_latency": 2941.625, "violate_rate": 1.3988303547214065, "throughput": 50000}, "baseline": {"95th_latency": 2492.875, "99th_latency": 2921.375, "violate_rate": 1.370065938765535, "throughput": 50000}}}
{"nginx": {"519.lbm_r": {"95th_latency": 2676.0, "99th_latency": 3136.75, "violate_rate": 2.054488673261651, "throughput": 50000}, "507.cactuBSSN_r": {"95th_latency": 2554.125, "99th_latency": 2982.625, "violate_rate": 1.7263438968091622, "throughput": 50000}, "500.perlbench_r": {"95th_latency": 2667.75, "99th_latency": 3144.75, "violate_rate": 2.0694049198213866, "throughput": 50000}, "502.gcc_r": {"95th_latency": 2668.0, "99th_latency": 3131.75, "violate_rate": 2.044293768088858, "throughput": 50000}, "503.bwaves_r": {"95th_latency": 2658.5, "99th_latency": 3128.75, "violate_rate": 1.9796528250773986, "throughput": 50000}, "505.mcf_r": {"95th_latency": 2674.5, "99th_latency": 3143.0, "violate_rate": 2.1688407407407397, "throughput": 50000}, "508.namd_r": {"95th_latency": 2646.75, "99th_latency": 3107.25, "violate_rate": 1.4635624992157605, "throughput": 50000}, "510.parest_r": {"95th_latency": 2689.0, "99th_latency": 3166.75, "violate_rate": 2.2345627200094587, "throughput": 50000}, "511.povray_r": {"95th_latency": 2629.75, "99th_latency": 3079.75, "violate_rate": 1.4329834415584422, "throughput": 50000}, "520.omnetpp_r": {"95th_latency": 2684.25, "99th_latency": 3154.5, "violate_rate": 2.2842503227057103, "throughput": 50000}, "521.wrf_r": {"95th_latency": 2538.125, "99th_latency": 2959.375, "violate_rate": 1.488996160691583, "throughput": 50000}, "523.xalancbmk_r": {"95th_latency": 2728.75, "99th_latency": 3200.25, "violate_rate": 2.4074042624042624, "throughput": 50000}, "525.x264_r": {"95th_latency": 2624.75, "99th_latency": 3084.5, "violate_rate": 1.797412268360294, "throughput": 50000}, "526.blender_r": {"95th_latency": 2419.875, "99th_latency": 2802.0, "violate_rate": 1.4241354686034584, "throughput": 50000}, "527.cam4_r": {"95th_latency": 2618.5, "99th_latency": 3060.75, "violate_rate": 1.6034845426312827, "throughput": 50000}, "531.deepsjeng_r": {"95th_latency": 2529.0, "99th_latency": 2942.25, "violate_rate": 1.642697693176604, "throughput": 50000}, "538.imagick_r": {"95th_latency": 2370.25, "99th_latency": 2738.625, "violate_rate": 1.3221166301149982, "throughput": 50000}, "541.leela_r": {"95th_latency": 2386.25, "99th_latency": 2768.375, "violate_rate": 1.3557532273892283, "throughput": 50000}, "544.nab_r": {"95th_latency": 2516.125, "99th_latency": 2943.0, "violate_rate": 1.604748218236272, "throughput": 50000}, "548.exchange2_r": {"95th_latency": 2618.0, "99th_latency": 3067.25, "violate_rate": 1.6061152228397084, "throughput": 50000}, "549.fotonik3d_r": {"95th_latency": 2535.5, "99th_latency": 2957.125, "violate_rate": 1.558848769635052, "throughput": 50000}, "554.roms_r": {"95th_latency": 2421.875, "99th_latency": 2800.25, "violate_rate": 1.407672565595789, "throughput": 50000}, "557.xz_r": {"95th_latency": 2551.875, "99th_latency": 2982.5, "violate_rate": 1.9210441072568676, "throughput": 50000}, "baseline": {"95th_latency": 2613.25, "99th_latency": 3057.5, "violate_rate": 1.5741001764539821, "throughput": 50000}}}
{"nginx": {"519.lbm_r": {"95th_latency": 2694.75, "99th_latency": 3160.25, "violate_rate": 1.8847017092134615, "throughput": 50000}, "507.cactuBSSN_r": {"95th_latency": 2662.25, "99th_latency": 3137.0, "violate_rate": 1.8801057009914877, "throughput": 50000}, "500.perlbench_r": {"95th_latency": 2660.75, "99th_latency": 3135.5, "violate_rate": 1.9999861086706159, "throughput": 50000}, "502.gcc_r": {"95th_latency": 2447.0, "99th_latency": 2860.875, "violate_rate": 1.7151159872896191, "throughput": 50000}, "503.bwaves_r": {"95th_latency": 2496.25, "99th_latency": 2894.875, "violate_rate": 1.4405096450962842, "throughput": 50000}, "505.mcf_r": {"95th_latency": 2458.625, "99th_latency": 2860.25, "violate_rate": 2.026745174778163, "throughput": 50000}, "508.namd_r": {"95th_latency": 2640.5, "99th_latency": 3118.5, "violate_rate": 1.9524295037247266, "throughput": 50000}, "510.parest_r": {"95th_latency": 2469.25, "99th_latency": 2860.25, "violate_rate": 1.8827637044115295, "throughput": 50000}, "511.povray_r": {"95th_latency": 2589.75, "99th_latency": 3048.0, "violate_rate": 1.576231607865819, "throughput": 50000}, "520.omnetpp_r": {"95th_latency": 2672.25, "99th_latency": 3148.5, "violate_rate": 1.92599041596448, "throughput": 50000}, "521.wrf_r": {"95th_latency": 2633.5, "99th_latency": 3083.25, "violate_rate": 1.8665005989435952, "throughput": 50000}, "523.xalancbmk_r": {"95th_latency": 2574.5, "99th_latency": 2998.375, "violate_rate": 1.895455952380951, "throughput": 50000}, "525.x264_r": {"95th_latency": 2514.125, "99th_latency": 2947.125, "violate_rate": 1.6720868368838764, "throughput": 50000}, "526.blender_r": {"95th_latency": 2519.25, "99th_latency": 2945.875, "violate_rate": 1.6025626679123215, "throughput": 50000}, "527.cam4_r": {"95th_latency": 2611.25, "99th_latency": 3068.0, "violate_rate": 1.6438842612764817, "throughput": 50000}, "531.deepsjeng_r": {"95th_latency": 2522.875, "99th_latency": 2957.5, "violate_rate": 1.4639658756684497, "throughput": 50000},