{"nginx": {"519.lbm_r": {"95th_latency": 2637.25, "99th_latency": 3071.25, "violate_rate": 1.7005371950095836, "throughput": 52000}, "507.cactuBSSN_r": {"95th_latency": 2377.875, "99th_latency": 2768.125, "violate_rate": 1.3497322491216501, "throughput": 52000}, "500.perlbench_r": {"95th_latency": 2356.0, "99th_latency": 2746.5, "violate_rate": 1.2964977584893604, "throughput": 52000}, "502.gcc_r": {"95th_latency": 2615.0, "99th_latency": 3069.0, "violate_rate": 1.756831829573936, "throughput": 52000}, "503.bwaves_r": {"95th_latency": 2353.0, "99th_latency": 2746.125, "violate_rate": 1.548381738104047, "throughput": 52000}, "505.mcf_r": {"95th_latency": 2534.0, "99th_latency": 2955.125, "violate_rate": 1.5412147014170048, "throughput": 52000}, "508.namd_r": {"95th_latency": 2617.5, "99th_latency": 3069.5, "violate_rate": 1.559123444976078, "throughput": 52000}, "510.parest_r": {"95th_latency": 2637.0, "99th_latency": 3100.0, "violate_rate": 1.5798574768368883, "throughput": 52000}, "511.povray_r": {"95th_latency": 2377.5, "99th_latency": 2780.25, "violate_rate": 1.523255798577748, "throughput": 52000}, "520.omnetpp_r": {"95th_latency": 2628.5, "99th_latency": 3067.25, "violate_rate": 1.3629885964912298, "throughput": 52000}, "521.wrf_r": {"95th_latency": 2377.125, "99th_latency": 2773.25, "violate_rate": 1.2954436683006525, "throughput": 52000}, "523.xalancbmk_r": {"95th_latency": 2408.25, "99th_latency": 2777.875, "violate_rate": 1.57179633977134, "throughput": 52000}, "525.x264_r": {"95th_latency": 2359.625, "99th_latency": 2751.375, "violate_rate": 1.4338301528944912, "throughput": 52000}, "526.blender_r": {"95th_latency": 2370.125, "99th_latency": 2759.375, "violate_rate": 1.359773639766852, "throughput": 52000}, "527.cam4_r": {"95th_latency": 2611.5, "99th_latency": 3071.25, "violate_rate": 1.433288636363638, "throughput": 52000}, "531.deepsjeng_r": {"95th_latency": 2614.25, "99th_latency": 3074.0, "violate_rate": 1.4501957093821525, "throughput": 52000}, "538.imagick_r": {"95th_latency": 2339.25, "99th_latency": 2728.375, "violate_rate": 1.2916097117794494, "throughput": 52000}, "541.leela_r": {"95th_latency": 2369.625, "99th_latency": 2778.625, "violate_rate": 1.7182073681102077, "throughput": 52000}, "544.nab_r": {"95th_latency": 2599.0, "99th_latency": 3049.25, "violate_rate": 1.5864564393939404, "throughput": 52000}, "548.exchange2_r": {"95th_latency": 2485.5, "99th_latency": 2915.625, "violate_rate": 1.4277326013898382, "throughput": 52000}, "549.fotonik3d_r": {"95th_latency": 2474.75, "99th_latency": 2905.375, "violate_rate": 1.5405345704733864, "throughput": 52000}, "554.roms_r": {"95th_latency": 2481.375, "99th_latency": 2906.25, "violate_rate": 1.5281671745652015, "throughput": 52000}, "557.xz_r": {"95th_latency": 2625.0, "99th_latency": 3062.0, "violate_rate": 1.5718868611746775, "throughput": 52000}, "baseline": {"95th_latency": 2360.375, "99th_latency": 2761.0, "violate_rate": 1.4372256383494397, "throughput": 52000}}}
{"nginx": {"519.lbm_r": {"95th_latency": 2655.0, "99th_latency": 3077.5, "violate_rate": 1.8883991071428574, "throughput": 52000}, "507.cactuBSSN_r": {"95th_latency": 2630.0, "99th_latency": 3123.75, "violate_rate": 1.7860421052631572, "throughput": 52000}, "500.perlbench_r": {"95th_latency": 2493.0, "99th_latency": 2919.625, "violate_rate": 1.5928990288220548, "throughput": 52000}, "502.gcc_r": {"95th_latency": 2617.75, "99th_latency": 3066.0, "violate_rate": 1.5493835921325068, "throughput": 52000}, "503.bwaves_r": {"95th_latency": 2605.5, "99th_latency": 3056.0, "violate_rate": 1.8510104978354995, "throughput": 52000}, "505.mcf_r": {"95th_latency": 2628.25, "99th_latency": 3106.5, "violate_rate": 1.5042032163742691, "throughput": 52000}, "508.namd_r": {"95th_latency": 2603.0, "99th_latency": 3081.25, "violate_rate": 1.4412470779220794, "throughput": 52000}, "510.parest_r": {"95th_latency": 2553.75, "99th_latency": 3035.0, "violate_rate": 2.097339081384842, "throughput": 52000}, "511.povray_r": {"95th_latency": 2357.125, "99th_latency": 2751.75, "violate_rate": 1.2792694094304395, "throughput": 52000}, "520.omnetpp_r": {"95th_latency": 2617.25, "99th_latency": 3056.25, "violate_rate": 1.7198416666666683, "throughput": 52000}, "521.wrf_r": {"95th_latency": 2486.875, "99th_latency": 2910.5, "violate_rate": 1.505407521645023, "throughput": 52000}, "523.xalancbmk_r": {"95th_latency": 2655.0, "99th_latency": 3077.25, "violate_rate": 2.0150560224089635, "throughput": 52000}, "525.x264_r": {"95th_latency": 2489.875, "99th_latency": 2920.5, "violate_rate": 1.3265629723346828, "throughput": 52000}, "526.blender_r": {"95th_latency": 2635.75, "99th_latency": 3068.0, "violate_rate": 1.3417349415204696, "throughput": 52000}, "527.cam4_r": {"95th_latency": 2480.5, "99th_latency": 2906.0, "violate_rate": 1.3831221412843027, "throughput": 52000}, "531.deepsjeng_r": {"95th_latency": 2369.875, "99th_latency": 2768.125, "violate_rate": 1.4139747113423589, "throughput": 52000}, "538.imagick_r": {"95th_latency": 2598.0, "99th_latency": 3039.5, "violate_rate": 1.6430830063052897, "throughput": 52000}, "541.leela_r": {"95th_latency": 2364.75, "99th_latency": 2764.625, "violate_rate": 1.418551211928766, "throughput": 52000}, "544.nab_r": {"95th_latency": 2492.375, "99th_latency": 2918.25, "violate_rate": 1.5205622911445285, "throughput": 52000}, "548.exchange2_r": {"95th_latency": 2344.0, "99th_latency": 2733.5, "violate_rate": 1.3889424644037651, "throughput": 52000}, "549.fotonik3d_r": {"95th_latency": 2391.0, "99th_latency": 2797.875, "violate_rate": 1.3159102038892447, "throughput": 52000}, "554.roms_r": {"95th_latency": 2483.25, "99th_latency": 2900.5, "violate_rate": 1.1367903508771937, "throughput": 52000}, "557.xz_r": {"95th_latency": 2612.0, "99th_latency": 3061.5, "violate_rate": 1.6832801541898241, "throughput": 52000}, "baseline": {"95th_latency": 2345.375, "99th_latency": 2732.75, "violate_rate": 1.4042936221594844, "throughput": 52000}}}
{"nginx": {"519.lbm_r": {"95th_latency": 2418.625, "99th_latency": 2789.5, "violate_rate": 1.6525101838413152, "throughput": 52000}, "507.cactuBSSN_r": {"95th_latency": 2604.25, "99th_latency": 3066.25, "violate_rate": 1.593928517316019, "throughput": 52000}, "500.perlbench_r": {"95th_latency": 2505.5, "99th_latency": 2940.375, "violate_rate": 1.5198030056759553, "throughput": 52000}, "502.gcc_r": {"95th_latency": 2628.75, "99th_latency": 3119.5, "violate_rate": 1.6236553542948278, "throughput": 52000}, "503.bwaves_r": {"95th_latency": 2595.75, "99th_latency": 3042.25, "violate_rate": 1.4640399303594962, "throughput": 52000}, "505.mcf_r": {"95th_latency": 2628.75, "99th_latency": 3111.25, "violate_rate": 1.6314434296525626, "throughput": 52000}, "508.namd_r": {"95th_latency": 2490.625, "99th_latency": 2921.0, "violate_rate": 1.6359949665831248, "throughput": 52000}, "510.parest_r": {"95th_latency": 2447.25, "99th_latency": 2842.625, "violate_rate": 1.5711149648660518, "throughput": 52000}, "511.povray_r": {"95th_latency": 2489.875, "99th_latency": 2915.5, "violate_rate": 1.417227360066835, "throughput": 52000}, "520.omnetpp_r": {"95th_latency": 2613.0, "99th_latency": 3063.0, "violate_rate": 1.5604979949874702, "throughput": 52000}, "521.wrf_r": {"95th_latency": 2478.125, "99th_latency": 2898.125, "violate_rate": 1.412985946183978, "throughput": 52000}, "523.xalancbmk_r": {"95th_latency": 2639.25, "99th_latency": 3088.5, "violate_rate": 1.6484845996732027, "throughput": 52000}, "525.x264_r": {"95th_latency": 2494.375, "99th_latency": 2929.75, "violate_rate": 1.8229635397178392, "throughput": 52000}, "526.blender_r": {"95th_latency": 2363.625, "99th_latency": 2750.5, "violate_rate": 1.339960822313422, "throughput": 52000}, "527.cam4_r": {"95th_latency": 2615.5, "99th_latency": 3056.0, "violate_rate": 1.7953272556390993, "throughput": 52000}, "531.deepsjeng_r": {"95th_latency": 2601.25, "99th_latency": 3055.0, "violate_rate": 1.7265469908714488, "throughput": 52000},