{"nginx": {"519.lbm_r": {"95th_latency": 2457.625, "99th_latency": 2869.75, "violate_rate": 1.613408043519507, "throughput": 56000}, "507.cactuBSSN_r": {"95th_latency": 2630.0, "99th_latency": 3034.75, "violate_rate": 1.4154244517543866, "throughput": 56000}, "500.perlbench_r": {"95th_latency": 2563.75, "99th_latency": 3035.5, "violate_rate": 1.300826731601732, "throughput": 56000}, "502.gcc_r": {"95th_latency": 2578.0, "99th_latency": 3064.25, "violate_rate": 1.5679458874458885, "throughput": 56000}, "503.bwaves_r": {"95th_latency": 2551.0, "99th_latency": 2986.75, "violate_rate": 1.1848392316017302, "throughput": 56000}, "505.mcf_r": {"95th_latency": 2444.25, "99th_latency": 2876.75, "violate_rate": 1.7657408359260198, "throughput": 56000}, "508.namd_r": {"95th_latency": 2488.75, "99th_latency": 2940.75, "violate_rate": 1.509082084905942, "throughput": 56000}, "510.parest_r": {"95th_latency": 2753.0, "99th_latency": 10792.5, "violate_rate": 3.8905131962658106, "throughput": 56000}, "511.povray_r": {"95th_latency": 2396.625, "99th_latency": 2778.875, "violate_rate": 1.5337892527587516, "throughput": 56000}, "520.omnetpp_r": {"95th_latency": 2439.875, "99th_latency": 2849.875, "violate_rate": 1.5979500686813168, "throughput": 56000}, "521.wrf_r": {"95th_latency": 2488.875, "99th_latency": 2921.75, "violate_rate": 1.2018380913476492, "throughput": 56000}, "523.xalancbmk_r": {"95th_latency": 2575.25, "99th_latency": 3010.0, "violate_rate": 1.9890795735062035, "throughput": 56000}, "525.x264_r": {"95th_latency": 2561.25, "99th_latency": 2995.75, "violate_rate": 1.43413171499553, "throughput": 56000}, "526.blender_r": {"95th_latency": 2527.125, "99th_latency": 2922.5, "violate_rate": 1.457549419504645, "throughput": 56000}, "527.cam4_r": {"95th_latency": 2502.375, "99th_latency": 2901.25, "violate_rate": 1.334079480763597, "throughput": 56000}, "531.deepsjeng_r": {"95th_latency": 2547.5, "99th_latency": 2982.75, "violate_rate": 1.127027180066309, "throughput": 56000}, "538.imagick_r": {"95th_latency": 2572.5, "99th_latency": 2979.75, "violate_rate": 1.2309606107660438, "throughput": 56000}, "541.leela_r": {"95th_latency": 2477.75, "99th_latency": 2863.75, "violate_rate": 1.0797880543941176, "throughput": 56000}, "544.nab_r": {"95th_latency": 2489.0, "99th_latency": 2878.75, "violate_rate": 1.4458740987083094, "throughput": 56000}, "548.exchange2_r": {"95th_latency": 2562.5, "99th_latency": 2961.5, "violate_rate": 1.4987339535464528, "throughput": 56000}, "549.fotonik3d_r": {"95th_latency": 2481.5, "99th_latency": 2880.75, "violate_rate": 1.3983081502738033, "throughput": 56000}, "554.roms_r": {"95th_latency": 2594.0, "99th_latency": 2998.5, "violate_rate": 1.384687630761686, "throughput": 56000}, "557.xz_r": {"95th_latency": 2416.0, "99th_latency": 2803.875, "violate_rate": 1.5005955357142842, "throughput": 56000}, "baseline": {"95th_latency": 2496.125, "99th_latency": 2888.375, "violate_rate": 1.313960714955839, "throughput": 56000}}}
{"nginx": {"519.lbm_r": {"95th_latency": 2548.875, "99th_latency": 3002.5, "violate_rate": 1.6285061341075655, "throughput": 56000}, "507.cactuBSSN_r": {"95th_latency": 2438.25, "99th_latency": 2825.5, "violate_rate": 1.4218889709253517, "throughput": 56000}, "500.perlbench_r": {"95th_latency": 2411.125, "99th_latency": 2798.25, "violate_rate": 1.3572554927865466, "throughput": 56000}, "502.gcc_r": {"95th_latency": 2410.75, "99th_latency": 2866.0, "violate_rate": 1.6338044077137597, "throughput": 56000}, "503.bwaves_r": {"95th_latency": 2373.25, "99th_latency": 2753.625, "violate_rate": 1.2902826646534369, "throughput": 56000}, "505.mcf_r": {"95th_latency": 2619.25, "99th_latency": 3107.25, "violate_rate": 1.7319551255589953, "throughput": 56000}, "508.namd_r": {"95th_latency": 2580.5, "99th_latency": 2986.75, "violate_rate": 1.0674318840579693, "throughput": 56000}, "510.parest_r": {"95th_latency": 2564.875, "99th_latency": 3043.75, "violate_rate": 1.8063966376866958, "throughput": 56000}, "511.povray_r": {"95th_latency": 2497.25, "99th_latency": 2892.875, "violate_rate": 1.3254413033011352, "throughput": 56000}, "520.omnetpp_r": {"95th_latency": 2511.875, "99th_latency": 2967.5, "violate_rate": 1.4171379892421139, "throughput": 56000}, "521.wrf_r": {"95th_latency": 2501.0, "99th_latency": 2903.75, "violate_rate": 1.3616990134163798, "throughput": 56000}, "523.xalancbmk_r": {"95th_latency": 2554.125, "99th_latency": 3085.5, "violate_rate": 1.8062780486789356, "throughput": 56000}, "525.x264_r": {"95th_latency": 2490.375, "99th_latency": 2894.25, "violate_rate": 1.301245111119531, "throughput": 56000}, "526.blender_r": {"95th_latency": 2620.75, "99th_latency": 3038.5, "violate_rate": 1.7617025004299978, "throughput": 56000}, "527.cam4_r": {"95th_latency": 2586.75, "99th_latency": 2989.25, "violate_rate": 1.1624499951707317, "throughput": 56000}, "531.deepsjeng_r": {"95th_latency": 2578.25, "99th_latency": 3007.25, "violate_rate": 1.4756691553012202, "throughput": 56000}, "538.imagick_r": {"95th_latency": 2547.25, "99th_latency": 3034.0, "violate_rate": 1.1883558018068887, "throughput": 56000}, "541.leela_r": {"95th_latency": 2483.625, "99th_latency": 2887.375, "violate_rate": 1.3091407994612934, "throughput": 56000}, "544.nab_r": {"95th_latency": 2409.0, "99th_latency": 2793.875, "violate_rate": 1.317483689961731, "throughput": 56000}, "548.exchange2_r": {"95th_latency": 2588.75, "99th_latency": 3016.5, "violate_rate": 1.3814788630229418, "throughput": 56000}, "549.fotonik3d_r": {"95th_latency": 2475.0, "99th_latency": 2887.0, "violate_rate": 1.14462175868949, "throughput": 56000}, "554.roms_r": {"95th_latency": 2393.375, "99th_latency": 2769.125, "violate_rate": 1.4176395375703124, "throughput": 56000}, "557.xz_r": {"95th_latency": 2432.75, "99th_latency": 2837.75, "violate_rate": 1.129500937074436, "throughput": 56000}, "baseline": {"95th_latency": 2561.25, "99th_latency": 2976.25, "violate_rate": 1.409074475524474, "throughput": 56000}}}
{"nginx": {"519.lbm_r": {"95th_latency": 2467.625, "99th_latency": 2846.75, "violate_rate": 1.540077643190144, "throughput": 56000}, "507.cactuBSSN_r": {"95th_latency": 2620.0, "99th_latency": 3041.75, "violate_rate": 1.6945679437564511, "throughput": 56000}, "500.perlbench_r": {"95th_latency": 2502.125, "99th_latency": 2920.75, "violate_rate": 1.2350161708619372, "throughput": 56000}, "502.gcc_r": {"95th_latency": 2501.875, "99th_latency": 2948.0, "violate_rate": 1.7589130517663083, "throughput": 56000}, "503.bwaves_r": {"95th_latency": 2467.75, "99th_latency": 2890.0, "violate_rate": 1.0424365834849507, "throughput": 56000}, "505.mcf_r": {"95th_latency": 2444.875, "99th_latency": 2848.25, "violate_rate": 1.6149663248010855, "throughput": 56000}, "508.namd_r": {"95th_latency": 2493.625, "99th_latency": 2889.0, "violate_rate": 1.2349376437923552, "throughput": 56000}, "510.parest_r": {"95th_latency": 2430.625, "99th_latency": 3540.75, "violate_rate": 2.1801415569563996, "throughput": 56000}, "511.povray_r": {"95th_latency": 2473.625, "99th_latency": 2880.0, "violate_rate": 1.1374914647614005, "throughput": 56000}, "520.omnetpp_r": {"95th_latency": 2531.75, "99th_latency": 2977.5, "violate_rate": 1.7111686145510838, "throughput": 56000}, "521.wrf_r": {"95th_latency": 2489.0, "99th_latency": 2899.75, "violate_rate": 1.3264784709855357, "throughput": 56000}, "523.xalancbmk_r": {"95th_latency": 7693.0, "99th_latency": 29931.0, "violate_rate": 8.038644961628092, "throughput": 56000}, "525.x264_r": {"95th_latency": 2569.75, "99th_latency": 2990.5, "violate_rate": 1.4320016644253917, "throughput": 56000}, "526.blender_r": {"95th_latency": 2580.75, "99th_latency": 3024.5, "violate_rate": 1.5157446371610848, "throughput": 56000}, "527.cam4_r": {"95th_latency": 2475.5, "99th_latency": 2879.25, "violate_rate": 1.1563324575024507, "throughput": 56000}, "531.deepsjeng_r": {"95th_latency": 2389.125, "99th_latency": 2766.75, "violate_rate": 1.3374541510933677, "throughput": 56000},