{"masstree": {"519.lbm_r": {"95th_latency": 19801173.0, "99th_latency": 20579847.0, "violate_rate": 99.00883886829165, "throughput": 4000}, "544.nab_r": {"95th_latency": 14544.0, "99th_latency": 71387.0, "violate_rate": 44.19451184292879, "throughput": 4000}, "baseline": {"95th_latency": 10527.0, "99th_latency": 36378.0, "violate_rate": 31.166379935480165, "throughput": 4000}}}
{"masstree": {"519.lbm_r": {"95th_latency": 19786003.0, "99th_latency": 20568824.0, "violate_rate": 99.00776068762521, "throughput": 4000}, "544.nab_r": {"95th_latency": 14597.0, "99th_latency": 78231.0, "violate_rate": 46.18678107250757, "throughput": 4000}, "baseline": {"95th_latency": 12124.0, "99th_latency": 52222.0, "violate_rate": 37.89161470049128, "throughput": 4000}}}
