{"masstree": {"blackscholes": {"95th_latency": 4466.0, "99th_latency": 14850.0, "violate_rate": 15.134263909136518, "throughput": 4000}, "bodytrack": {"95th_latency": 4456.0, "99th_latency": 15087.0, "violate_rate": 15.053546190398592, "throughput": 4000}, "facesim": {"95th_latency": 4979.0, "99th_latency": 17657.0, "violate_rate": 19.02992886489812, "throughput": 4000}, "ferret": {"95th_latency": 6423.0, "99th_latency": 19496.0, "violate_rate": 23.006951249049358, "throughput": 4000}, "fluidanimate": {"95th_latency": 4984.0, "99th_latency": 15963.0, "violate_rate": 18.48746164286968, "throughput": 4000}, "freqmine": {"95th_latency": 4803.0, "99th_latency": 15548.0, "violate_rate": 17.646281465466714, "throughput": 4000}, "raytrace": {"95th_latency": 4255.0, "99th_latency": 14419.0, "violate_rate": 15.255312368579041, "throughput": 4000}, "swaptions": {"95th_latency": 4338.0, "99th_latency": 14284.0, "violate_rate": 14.109759408466017, "throughput": 4000}, "vips": {"95th_latency": 4831.0, "99th_latency": 15503.0, "violate_rate": 16.15677697886446, "throughput": 4000}, "x264": {"95th_latency": 5180.0, "99th_latency": 16181.000000000002, "violate_rate": 19.111891934264964, "throughput": 4000}, "baseline": {"95th_latency": 4512.0, "99th_latency": 15344.0, "violate_rate": 15.061839461683858, "throughput": 4000}}}
{"masstree": {"blackscholes": {"95th_latency": 4695.0, "99th_latency": 15372.0, "violate_rate": 16.481204193008594, "throughput": 4000}, "bodytrack": {"95th_latency": 4485.0, "99th_latency": 15371.0, "violate_rate": 15.054980690391277, "throughput": 4000}, "facesim": {"95th_latency": 5033.0, "99th_latency": 17246.0, "violate_rate": 18.236611479256805, "throughput": 4000}, "ferret": {"95th_latency": 5933.0, "99th_latency": 18769.0, "violate_rate": 23.420361567217157, "throughput": 4000}, "fluidanimate": {"95th_latency": 5009.0, "99th_latency": 16193.000000000002, "violate_rate": 17.087855884327492, "throughput": 4000}, "freqmine": {"95th_latency": 4836.0, "99th_latency": 16219.000000000002, "violate_rate": 17.517174696302796, "throughput": 4000}, "raytrace": {"95th_latency": 4384.0, "99th_latency": 14924.0, "violate_rate": 15.585739426484977, "throughput": 4000}, "swaptions": {"95th_latency": 4642.0, "99th_latency": 15118.0, "violate_rate": 15.077392728549226, "throughput": 4000}, "vips": {"95th_latency": 4597.0, "99th_latency": 15392.0, "violate_rate": 16.626447484335475, "throughput": 4000}, "x264": {"95th_latency": 5315.0, "99th_latency": 17321.0, "violate_rate": 20.37536830557416, "throughput": 4000}, "baseline": {"95th_latency": 4417.0, "99th_latency": 14536.0, "violate_rate": 16.855893254326602, "throughput": 4000}}}
{"masstree": {"blackscholes": {"95th_latency": 4468.0, "99th_latency": 15177.0, "violate_rate": 16.762383039731517, "throughput": 4000}, "bodytrack": {"95th_latency": 4610.0, "99th_latency": 15032.0, "violate_rate": 15.18071820227368, "throughput": 4000}, "facesim": {"95th_latency": 5049.0, "99th_latency": 16761.0, "violate_rate": 18.07619039105244, "throughput": 4000}, "ferret": {"95th_latency": 6068.0, "99th_latency": 19814.0, "violate_rate": 23.77792363441814, "throughput": 4000}, "fluidanimate": {"95th_latency": 4894.0, "99th_latency": 16193.999999999998, "violate_rate": 17.134449603505683, "throughput": 4000}, "freqmine": {"95th_latency": 4813.0, "99th_latency": 15641.0, "violate_rate": 17.851633673491783, "throughput": 4000}, "raytrace": {"95th_latency": 4489.0, "99th_latency": 15064.0, "violate_rate": 15.453546078812664, "throughput": 4000}, "swaptions": {"95th_latency": 4582.0, "99th_latency": 15588.0, "violate_rate": 15.584394554975294, "throughput": 4000}, "vips": {"95th_latency": 4298.0, "99th_latency": 14451.0, "violate_rate": 15.211381358158068, "throughput": 4000}, "x264": {"95th_latency": 5293.0, "99th_latency": 16868.0, "violate_rate": 19.990789687358372, "throughput": 4000}, "baseline": {"95th_latency": 4699.0, "99th_latency": 15554.0, "violate_rate": 16.843668178820323, "throughput": 4000}}}
{"masstree": {"blackscholes": {"95th_latency": 4710.0, "99th_latency": 15473.0, "violate_rate": 16.922362993738105, "throughput": 4000}, "bodytrack": {"95th_latency": 4458.0, "99th_latency": 15039.0, "violate_rate": 15.215356456353888, "throughput": 4000}, "facesim": {"95th_latency": 5384.0, "99th_latency": 17794.0, "violate_rate": 18.01363862636534, "throughput": 4000}, "ferret": {"95th_latency": 5846.0, "99th_latency": 18454.0, "violate_rate": 23.529865561669762, "throughput": 4000}, "fluidanimate": {"95th_latency": 5053.0, "99th_latency": 16288.0, "violate_rate": 18.591986163179445, "throughput": 4000}, "freqmine": {"95th_latency": 5164.0, "99th_latency": 16023.0, "violate_rate": 17.386460972170752, "throughput": 4000}, "raytrace": {"95th_latency": 4419.0, "99th_latency": 15150.0, "violate_rate": 15.235211435560572, "throughput": 4000}, "swaptions": {"95th_latency": 4172.0, "99th_latency": 13271.0, "violate_rate": 15.681244036341415, "throughput": 4000}, "vips": {"95th_latency": 4844.0, "99th_latency": 15371.0, "violate_rate": 16.066525678615275, "throughput": 4000}, "x264": {"95th_latency": 5532.0, "99th_latency": 17564.0, "violate_rate": 20.39781084898555, "throughput": 4000}, "baseline": {"95th_latency": 4803.0, "99th_latency": 15060.0, "violate_rate": 15.064443898701315, "throughput": 4000}}}
{"masstree": {"blackscholes": {"95th_latency": 4700.0, "99th_latency": 15276.0, "violate_rate": 16.034996518962938, "throughput": 4000}, "bodytrack": {"95th_latency": 4769.0, "99th_latency": 16021.0, "violate_rate": 17.667991752975418, "throughput": 4000}, "facesim": {"95th_latency": 5046.0, "99th_latency": 16540.0, "violate_rate": 20.45429267504119, "throughput": 4000}, "ferret": {"95th_latency": 6246.0, "99th_latency": 20031.0, "violate_rate": 23.00042166960078, "throughput": 4000}, "fluidanimate": {"95th_latency": 4768.0, "99th_latency": 15735.0, "violate_rate": 17.30581039479644, "throughput": 4000}, "freqmine": {"95th_latency": 4834.0, "99th_latency": 16158.999999999998, "violate_rate": 17.33025175381313, "throughput": 4000}, "raytrace": {"95th_latency": 4552.0, "99th_latency": 14936.0, "violate_rate": 15.165789872665826, "throughput": 4000}, "swaptions": {"95th_latency": 4241.0, "99th_latency": 13541.0, "violate_rate": 15.518511326182546, "throughput": 4000}, "vips": {"95th_latency": 4689.0, "99th_latency": 14884.0, "violate_rate": 17.554364055071463, "throughput": 4000}, "x264": {"95th_latency": 6035.0, "99th_latency": 18389.0, "violate_rate": 20.996746085850642, "throughput": 4000}, "baseline": {"95th_latency": 4624.0, "99th_latency": 15424.0, "violate_rate": 16.663678672960888, "throughput": 4000}}}
{"masstree": {"blackscholes": {"95th_latency": 4280.0, "99th_latency": 14195.0, "violate_rate": 16.8642539212886, "throughput": 4000}, "bodytrack": {"95th_latency": 4507.0, "99th_latency": 14713.0, "violate_rate": 15.665871421639052, "throughput": 4000}, "facesim": {"95th_latency": 4979.0, "99th_latency": 15891.0, "violate_rate": 19.692173200064754, "throughput": 4000}, "ferret": {"95th_latency": 5920.0, "99th_latency": 20413.0, "violate_rate": 24.41827243590887, "throughput": 4000}, "fluidanimate": {"95th_latency": 4822.0, "99th_latency": 15264.0, "violate_rate": 17.074429900713437, "throughput": 4000}, "freqmine": {"95th_latency": 4660.0, "99th_latency": 15074.0, "violate_rate": 17.881056198624382, "throughput": 4000}, "raytrace": {"95th_latency": 4548.0, "99th_latency": 15325.0, "violate_rate": 15.006485969676147, "throughput": 4000}, "swaptions": {"95th_latency": 4346.0, "99th_latency": 15215.0, "violate_rate": 15.88393680789154, "throughput": 4000}, "vips": {"95th_latency": 4501.0, "99th_latency": 15289.0, "violate_rate": 15.206297739423052, "throughput": 4000}, "x264": {"95th_latency": 5244.0, "99th_latency": 16949.0, "violate_rate": 20.77904066380381, "throughput": 4000}, "baseline": {"95th_latency": 4458.0, "99th_latency": 14662.0, "violate_rate": 15.599518207669675,