{"masstree": {"blackscholes": {"95th_latency": 4366.0, "99th_latency": 14486.0, "violate_rate": 15.687717279244286, "throughput": 4000}, "bodytrack": {"95th_latency": 4551.0, "99th_latency": 15599.0, "violate_rate": 16.43952604597915, "throughput": 4000}, "facesim": {"95th_latency": 5406.0, "99th_latency": 17409.0, "violate_rate": 21.15425882780711, "throughput": 4000}, "ferret": {"95th_latency": 8333.0, "99th_latency": 26040.0, "violate_rate": 32.41038206981069, "throughput": 4000}, "fluidanimate": {"95th_latency": 5644.0, "99th_latency": 18795.0, "violate_rate": 20.302285383787456, "throughput": 4000}, "freqmine": {"95th_latency": 4902.0, "99th_latency": 15915.0, "violate_rate": 18.91915675207026, "throughput": 4000}, "raytrace": {"95th_latency": 4482.0, "99th_latency": 15317.0, "violate_rate": 16.628774407744796, "throughput": 4000}, "swaptions": {"95th_latency": 4624.0, "99th_latency": 15508.0, "violate_rate": 15.534059225122578, "throughput": 4000}, "vips": {"95th_latency": 4304.0, "99th_latency": 14882.0, "violate_rate": 15.67845242518662, "throughput": 4000}, "x264": {"95th_latency": 4361.0, "99th_latency": 15472.0, "violate_rate": 15.708633119724144, "throughput": 4000}, "baseline": {"95th_latency": 4427.0, "99th_latency": 14597.0, "violate_rate": 15.817994242340047, "throughput": 4000}}}
{"masstree": {"blackscholes": {"95th_latency": 4442.0, "99th_latency": 15189.0, "violate_rate": 16.952297319143664, "throughput": 4000}, "bodytrack": {"95th_latency": 4573.0, "99th_latency": 16222.000000000002, "violate_rate": 16.809329359486313, "throughput": 4000}, "facesim": {"95th_latency": 5611.0, "99th_latency": 18475.0, "violate_rate": 21.232856363691063, "throughput": 4000}, "ferret": {"95th_latency": 8261.0, "99th_latency": 28470.0, "violate_rate": 33.05961681093947, "throughput": 4000}, "fluidanimate": {"95th_latency": 5733.0, "99th_latency": 18038.0, "violate_rate": 22.592514736275195, "throughput": 4000}, "freqmine": {"95th_latency": 4744.0, "99th_latency": 15199.0, "violate_rate": 17.32861822093479, "throughput": 4000}, "raytrace": {"95th_latency": 4545.0, "99th_latency": 15413.0, "violate_rate": 15.045243448058827, "throughput": 4000}, "swaptions": {"95th_latency": 4706.0, "99th_latency": 15199.0, "violate_rate": 15.592713122288497, "throughput": 4000}, "vips": {"95th_latency": 4286.0, "99th_latency": 13951.0, "violate_rate": 15.329312929076183, "throughput": 4000}, "x264": {"95th_latency": 4539.0, "99th_latency": 14528.0, "violate_rate": 15.258062395609489, "throughput": 4000}, "baseline": {"95th_latency": 4573.0, "99th_latency": 14872.0, "violate_rate": 16.70764173469773, "throughput": 4000}}}
{"masstree": {"blackscholes": {"95th_latency": 4420.0, "99th_latency": 15197.0, "violate_rate": 15.37927333746865, "throughput": 4000}, "bodytrack": {"95th_latency": 4434.0, "99th_latency": 15326.0, "violate_rate": 16.90885966219002, "throughput": 4000}, "facesim": {"95th_latency": 5400.0, "99th_latency": 17895.0, "violate_rate": 21.648914078389762, "throughput": 4000}, "ferret": {"95th_latency": 7969.0, "99th_latency": 29436.0, "violate_rate": 33.738148687615535, "throughput": 4000}, "fluidanimate": {"95th_latency": 5525.0, "99th_latency": 17107.0, "violate_rate": 21.394268953293054, "throughput": 4000}, "freqmine": {"95th_latency": 4882.0, "99th_latency": 16435.0, "violate_rate": 18.657624848790295, "throughput": 4000}, "raytrace": {"95th_latency": 4589.0, "99th_latency": 14917.0, "violate_rate": 15.42371350574609, "throughput": 4000}, "swaptions": {"95th_latency": 4430.0, "99th_latency": 14583.0, "violate_rate": 15.306780025464265, "throughput": 4000}, "vips": {"95th_latency": 4625.0, "99th_latency": 15230.0, "violate_rate": 16.93885078173106, "throughput": 4000}, "x264": {"95th_latency": 4329.0, "99th_latency": 15145.0, "violate_rate": 15.429401803526675, "throughput": 4000}, "baseline": {"95th_latency": 4648.0, "99th_latency": 14959.0, "violate_rate": 15.255307406690907, "throughput": 4000}}}
{"masstree": {"blackscholes": {"95th_latency": 4775.0, "99th_latency": 15754.0, "violate_rate": 16.286939578740704, "throughput": 4000}, "bodytrack": {"95th_latency": 4997.0, "99th_latency": 16494.0, "violate_rate": 17.735991341891765, "throughput": 4000}, "facesim": {"95th_latency": 5786.0, "99th_latency": 18943.0, "violate_rate": 22.412709468445083, "throughput": 4000}, "ferret": {"95th_latency": 8401.0, "99th_latency": 26669.0, "violate_rate": 34.82856372486819, "throughput": 4000}, "fluidanimate": {"95th_latency": 6050.0, "99th_latency": 18440.0, "violate_rate": 21.659210974778457, "throughput": 4000}, "freqmine": {"95th_latency": 5248.0, "99th_latency": 16821.0, "violate_rate": 18.138712864345166, "throughput": 4000}, "raytrace": {"95th_latency": 4338.0, "99th_latency": 14768.0, "violate_rate": 16.990641854227036, "throughput": 4000}, "swaptions": {"95th_latency": 4778.0, "99th_latency": 15969.0, "violate_rate": 16.712661256949563, "throughput": 4000}, "vips": {"95th_latency": 4522.0, "99th_latency": 14960.0, "violate_rate": 16.843941823031518, "throughput": 4000}, "x264": {"95th_latency": 4832.0, "99th_latency": 15806.0, "violate_rate": 16.179095413652643, "throughput": 4000}, "baseline": {"95th_latency": 4522.0, "99th_latency": 14831.0, "violate_rate": 16.94992550198846, "throughput": 4000}}}
{"masstree": {"blackscholes": {"95th_latency": 4728.0, "99th_latency": 16094.000000000002, "violate_rate": 16.283588239975703, "throughput": 4000}, "bodytrack": {"95th_latency": 4492.0, "99th_latency": 15804.0, "violate_rate": 16.82026474663292, "throughput": 4000}, "facesim": {"95th_latency": 5640.0, "99th_latency": 19865.0, "violate_rate": 23.813410485781418, "throughput": 4000}, "ferret": {"95th_latency": 8428.0, "99th_latency": 29832.0, "violate_rate": 33.252658519284644, "throughput": 4000}, "fluidanimate": {"95th_latency": 5908.0, "99th_latency": 17699.0, "violate_rate": 21.08172201122795, "throughput": 4000}, "freqmine": {"95th_latency": 4966.0, "99th_latency": 16163.0, "violate_rate": 17.149614281591525, "throughput": 4000}, "raytrace": {"95th_latency": 4380.0, "99th_latency": 14104.0, "violate_rate": 15.08679492209831, "throughput": 4000}, "swaptions": {"95th_latency": 4426.0, "99th_latency": 15012.0, "violate_rate": 15.49061302802265, "throughput": 4000}, "vips": {"95th_latency": 4578.0, "99th_latency": 15371.0, "violate_rate": 15.090161450809958, "throughput": 4000}, "x264": {"95th_latency": 4683.0, "99th_latency": 15481.0, "violate_rate": 16.791642579372635, "throughput": 4000}, "baseline": {"95th_latency": 4581.0, "99th_latency": 15149.0, "violate_rate": 15.203483186679605, "throughput": 4000}}}
{"masstree": {"blackscholes": {"95th_latency": 4586.0, "99th_latency": 15577.0, "violate_rate": 16.846201184657005, "throughput": 4000}, "bodytrack": {"95th_latency": 4638.0, "99th_latency": 15344.0, "violate_rate": 16.86557463516215, "throughput": 4000}, "facesim": {"95th_latency": 6092.0, "99th_latency": 19178.0, "violate_rate": 21.804073336148814, "throughput": 4000}, "ferret": {"95th_latency": 7417.0, "99th_latency": 24903.0, "violate_rate": 32.59765783283594, "throughput": 4000}, "fluidanimate": {"95th_latency": 5610.0, "99th_latency": 17650.0, "violate_rate": 21.52823602203058, "throughput": 4000}, "freqmine": {"95th_latency": 4698.0, "99th_latency": 15581.0, "violate_rate": 17.21366039298716, "throughput": 4000}, "raytrace": {"95th_latency": 4222.0, "99th_latency": 14284.0, "violate_rate": 14.150133163350615, "throughput": 4000}, "swaptions": {"95th_latency": 4397.0, "99th_latency": 15567.0, "violate_rate": 15.642166776858048, "throughput": 4000}, "vips": {"95th_latency": 4445.0, "99th_latency": 14600.0, "violate_rate": 16.969424040156124, "throughput": 4000}, "x264": {"95th_latency": 4446.0, "99th_latency": 13990.0, "violate_rate": 15.645912011243226, "throughput": 4000}, "baseline": {"95th_latency": 4328.0, "99th_latency": 14984.0, "violate_rate": 15.660669487184819, "throughput": 4000}}}
{"masstree": {"blackscholes": {"95th_latency": 4379.0,