{"masstree": {"519.lbm_r": {"95th_latency": 6237.0, "99th_latency": 6662.0, "violate_rate": 71.00052178315327, "throughput": 3600}, "544.nab_r": {"95th_latency": 3045.0, "99th_latency": 3560.0, "violate_rate": 60.65374921687063, "throughput": 3600}, "520.omnetpp_r": {"95th_latency": 5413.0, "99th_latency": 11765.0, "violate_rate": 50.025889917037475, "throughput": 3600}, "523.xalancbmk_r": {"95th_latency": 6449.0, "99th_latency": 12145.0, "violate_rate": 89.93678687984846, "throughput": 3600}, "557.xz_r": {"95th_latency": 6550.0, "99th_latency": 10106.0, "violate_rate": 30.477724974996217, "throughput": 3600}, "baseline": {"95th_latency": 2694.0, "99th_latency": 2916.0, "violate_rate": 51.463576158940405, "throughput": 3600}}}
{"masstree": {"519.lbm_r": {"95th_latency": 4768.0, "99th_latency": 6488.0, "violate_rate": 100.0, "throughput": 3600}, "544.nab_r": {"95th_latency": 3073.0, "99th_latency": 3615.0, "violate_rate": 50.559897753407, "throughput": 3600}, "520.omnetpp_r": {"95th_latency": 5116.0, "99th_latency": 20678.0, "violate_rate": 43.253156101191976, "throughput": 3600}, "523.xalancbmk_r": {"95th_latency": 13624.0, "99th_latency": 14412.0, "violate_rate": 62.44982421926346, "throughput": 3600}, "557.xz_r": {"95th_latency": 3771.0, "99th_latency": 4122.0, "violate_rate": 88.26741219794569, "throughput": 3600}, "baseline": {"95th_latency": 3287.0, "99th_latency": 4198.0, "violate_rate": 54.381373765420285, "throughput": 3600}}}
{"masstree": {"519.lbm_r": {"95th_latency": 10954.0, "99th_latency": 26334.0, "violate_rate": 100.0, "throughput": 3600}, "544.nab_r": {"95th_latency": 3080.0, "99th_latency": 3226.0, "violate_rate": 57.680196979986576, "throughput": 3600}, "520.omnetpp_r": {"95th_latency": 30794.0, "99th_latency": 37048.0, "violate_rate": 99.35196874132444, "throughput": 3600}, "523.xalancbmk_r": {"95th_latency": 6802.0, "99th_latency": 10815.0, "violate_rate": 67.19368901282351, "throughput": 3600}, "557.xz_r": {"95th_latency": 3172.0, "99th_latency": 3327.0, "violate_rate": 82.4312421937993, "throughput": 3600}, "baseline": {"95th_latency": 2704.0, "99th_latency": 2812.0, "violate_rate": 39.9089299259694, "throughput": 3600}}}
{"masstree": {"519.lbm_r": {"95th_latency": 9288.0, "99th_latency": 9478.0, "violate_rate": 41.92214936611068, "throughput": 3600}, "544.nab_r": {"95th_latency": 2237.0, "99th_latency": 2474.0, "violate_rate": 18.644573591673428, "throughput": 3600}, "520.omnetpp_r": {"95th_latency": 9723.0, "99th_latency": 10250.0, "violate_rate": 38.0968757871382, "throughput": 3600}, "523.xalancbmk_r": {"95th_latency": 2667.0, "99th_latency": 2767.0, "violate_rate": 37.05544877395306, "throughput": 3600}, "557.xz_r": {"95th_latency": 8589.0, "99th_latency": 14304.0, "violate_rate": 97.98120193655996, "throughput": 3600}, "baseline": {"95th_latency": 2977.0, "99th_latency": 5317.0, "violate_rate": 34.755074375361225, "throughput": 3600}}}
{"masstree": {"519.lbm_r": {"95th_latency": 7710.0, "99th_latency": 12116.0, "violate_rate": 100.0, "throughput": 3600}, "544.nab_r": {"95th_latency": 2481.0, "99th_latency": 2799.0, "violate_rate": 23.60496666074711, "throughput": 3600}, "520.omnetpp_r": {"95th_latency": 4272.0, "99th_latency": 19724.0, "violate_rate": 100.0, "throughput": 3600}, "523.xalancbmk_r": {"95th_latency": 3532.0, "99th_latency": 3696.0, "violate_rate": 89.00712909226606, "throughput": 3600}, "557.xz_r": {"95th_latency": 3595.0, "99th_latency": 4873.0, "violate_rate": 69.89415794092338, "throughput": 3600}, "baseline": {"95th_latency": 2607.0, "99th_latency": 2829.0, "violate_rate": 46.19279932493671, "throughput": 3600}}}
{"masstree": {"519.lbm_r": {"95th_latency": 8195.0, "99th_latency": 17384.0, "violate_rate": 8.252146065692859, "throughput": 3600}, "544.nab_r": {"95th_latency": 49120.0, "99th_latency": 52019.0, "violate_rate": 13.913388423332156, "throughput": 3600}, "520.omnetpp_r": {"95th_latency": 5499.0, "99th_latency": 14551.0, "violate_rate": 100.0, "throughput": 3600}, "523.xalancbmk_r": {"95th_latency": 3590.0, "99th_latency": 4338.0, "violate_rate": 79.43046485567449, "throughput": 3600}, "557.xz_r": {"95th_latency": 6475.0, "99th_latency": 18816.0, "violate_rate": 79.66650826696885, "throughput": 3600}, "baseline": {"95th_latency": 6380.0, "99th_latency": 13380.0, "violate_rate": 75.42947252764431, "throughput": 3600}}}
{"masstree": {"519.lbm_r": {"95th_latency": 7498.0, "99th_latency": 15397.0, "violate_rate": 33.38174369153174, "throughput": 3600}, "544.nab_r": {"95th_latency": 1072.0, "99th_latency": 1187.0, "violate_rate": 0.0, "throughput": 3600}, "520.omnetpp_r": {"95th_latency": 4995.0, "99th_latency": 12541.0, "violate_rate": 60.87904530974054, "throughput": 3600}, "523.xalancbmk_r": {"95th_latency": 968.0, "99th_latency": 987.0, "violate_rate": 0.0, "throughput": 3600}, "557.xz_r": {"95th_latency": 2965.0, "99th_latency": 5502.0, "violate_rate": 19.038879840277417, "throughput": 3600}, "baseline": {"95th_latency": 3882.0, "99th_latency": 4956.0, "violate_rate": 14.045769545225047, "throughput": 3600}}}
{"masstree": {"519.lbm_r": {"95th_latency": 7470.0, "99th_latency": 15658.0, "violate_rate": 82.04027427632703, "throughput": 3600}, "544.nab_r": {"95th_latency": 1041.0, "99th_latency": 1070.0, "violate_rate": 0.0, "throughput": 3600}, "520.omnetpp_r": {"95th_latency": 2379.0, "99th_latency": 2748.0, "violate_rate": 18.01043669899914, "throughput": 3600}, "523.xalancbmk_r": {"95th_latency": 984.0, "99th_latency": 1233.0, "violate_rate": 0.0, "throughput": 3600}, "557.xz_r": {"95th_latency": 1101.0, "99th_latency": 1250.0, "violate_rate": 0.0, "throughput": 3600}, "baseline": {"95th_latency": 1020.9999999999999, "99th_latency": 1104.0, "violate_rate": 0.0, "throughput": 3600}}}
