{"masstree": {"519.lbm_r": {"95th_latency": 10693.0, "99th_latency": 52624.0, "violate_rate": 100.0, "throughput": 3600}, "544.nab_r": {"95th_latency": 45072.0, "99th_latency": 47921.0, "violate_rate": 91.39064820791786, "throughput": 3600}, "520.omnetpp_r": {"95th_latency": 2502.0, "99th_latency": 35072.0, "violate_rate": 29.92247167911242, "throughput": 3600}, "523.xalancbmk_r": {"95th_latency": 12898.0, "99th_latency": 20495.0, "violate_rate": 59.65319906460828, "throughput": 3600}, "557.xz_r": {"95th_latency": 9018.0, "99th_latency": 25368.0, "violate_rate": 65.85001652198629, "throughput": 3600}, "baseline": {"95th_latency": 12293.0, "99th_latency": 15530.0, "violate_rate": 59.22049387143416, "throughput": 3600}}}
{"masstree": {"519.lbm_r": {"95th_latency": 19824.0, "99th_latency": 24739.0, "violate_rate": 68.33563820068055, "throughput": 3600}, "544.nab_r": {"95th_latency": 11375.0, "99th_latency": 16806.0, "violate_rate": 100.0, "throughput": 3600}, "520.omnetpp_r": {"95th_latency": 19725.0, "99th_latency": 32934.0, "violate_rate": 100.0, "throughput": 3600}, "523.xalancbmk_r": {"95th_latency": 8128.0, "99th_latency": 19674.0, "violate_rate": 38.283014481727456, "throughput": 3600}, "557.xz_r": {"95th_latency": 47072.0, "99th_latency": 50917.0, "violate_rate": 11.057238860908742, "throughput": 3600}, "baseline": {"95th_latency": 3197.0, "99th_latency": 20811.0, "violate_rate": 90.87450617454485, "throughput": 3600}}}
{"masstree": {"519.lbm_r": {"95th_latency": 15865.0, "99th_latency": 46765.0, "violate_rate": 100.0, "throughput": 3600}, "544.nab_r": {"95th_latency": 11232.0, "99th_latency": 15399.0, "violate_rate": 8.131626335285226, "throughput": 3600}, "520.omnetpp_r": {"95th_latency": 12928.0, "99th_latency": 25473.0, "violate_rate": 73.09694034732013, "throughput": 3600}, "523.xalancbmk_r": {"95th_latency": 13324.0, "99th_latency": 22840.0, "violate_rate": 93.64072750941925, "throughput": 3600}, "557.xz_r": {"95th_latency": 5770.0, "99th_latency": 32225.0, "violate_rate": 100.0, "throughput": 3600}, "baseline": {"95th_latency": 9432.0, "99th_latency": 11366.0, "violate_rate": 8.115073183251168, "throughput": 3600}}}
{"masstree": {"519.lbm_r": {"95th_latency": 49455.0, "99th_latency": 56651.0, "violate_rate": 100.0, "throughput": 3600}, "544.nab_r": {"95th_latency": 54194.0, "99th_latency": 56815.0, "violate_rate": 100.0, "throughput": 3600}, "520.omnetpp_r": {"95th_latency": 12657.0, "99th_latency": 42967.0, "violate_rate": 100.0, "throughput": 3600}, "523.xalancbmk_r": {"95th_latency": 24757.0, "99th_latency": 29790.0, "violate_rate": 100.0, "throughput": 3600}, "557.xz_r": {"95th_latency": 9014.0, "99th_latency": 27323.0, "violate_rate": 100.0, "throughput": 3600}, "baseline": {"95th_latency": 12834.0, "99th_latency": 17984.0, "violate_rate": 57.43111633188164, "throughput": 3600}}}
{"masstree": {"519.lbm_r": {"95th_latency": 36955.0, "99th_latency": 49450.0, "violate_rate": 100.0, "throughput": 3600}, "544.nab_r": {"95th_latency": 5589.0, "99th_latency": 11809.0, "violate_rate": 100.0, "throughput": 3600}, "520.omnetpp_r": {"95th_latency": 7562.0, "99th_latency": 11459.0, "violate_rate": 8.138335491934901, "throughput": 3600}, "523.xalancbmk_r": {"95th_latency": 3422.0, "99th_latency": 32630.000000000004, "violate_rate": 96.97461285767717, "throughput": 3600}, "557.xz_r": {"95th_latency": 11247.0, "99th_latency": 28053.0, "violate_rate": 100.0, "throughput": 3600}, "baseline": {"95th_latency": 4631.0, "99th_latency": 19437.0, "violate_rate": 100.0, "throughput": 3600}}}
{"masstree": {"519.lbm_r": {"95th_latency": 7929.0, "99th_latency": 65266.00000000001, "violate_rate": 100.0, "throughput": 3600}, "544.nab_r": {"95th_latency": 46209.0, "99th_latency": 50139.0, "violate_rate": 100.0, "throughput": 3600}, "520.omnetpp_r": {"95th_latency": 25618.0, "99th_latency": 56832.0, "violate_rate": 100.0, "throughput": 3600}, "523.xalancbmk_r": {"95th_latency": 10065.0, "99th_latency": 34042.0, "violate_rate": 75.82871213491728, "throughput": 3600}, "557.xz_r": {"95th_latency": 14022.0, "99th_latency": 30096.0, "violate_rate": 100.0, "throughput": 3600}, "baseline": {"95th_latency": 11584.0, "99th_latency": 11770.0, "violate_rate": 25.58682715575359, "throughput": 3600}}}
{"masstree": {"519.lbm_r": {"95th_latency": 21050.0, "99th_latency": 61581.0, "violate_rate": 100.0, "throughput": 3600}, "544.nab_r": {"95th_latency": 13792.0, "99th_latency": 53239.0, "violate_rate": 19.35657380336256, "throughput": 3600}, "520.omnetpp_r": {"95th_latency": 23576.0, "99th_latency": 32965.0, "violate_rate": 100.0, "throughput": 3600}, "523.xalancbmk_r": {"95th_latency": 24273.0, "99th_latency": 35212.0, "violate_rate": 28.045187060173763, "throughput": 3600}, "557.xz_r": {"95th_latency": 12302.0, "99th_latency": 31618.0, "violate_rate": 100.0, "throughput": 3600}, "baseline": {"95th_latency": 13282.0, "99th_latency": 20137.0, "violate_rate": 98.0750011915401, "throughput": 3600}}}
{"masstree": {"519.lbm_r": {"95th_latency": 17171.0, "99th_latency": 21778.0, "violate_rate": 8.025994104571039, "throughput": 3600}, "544.nab_r": {"95th_latency": 13596.0, "99th_latency": 18626.0, "violate_rate": 36.148470473852804, "throughput": 3600}, "520.omnetpp_r": {"95th_latency": 6857.0, "99th_latency": 25646.0, "violate_rate": 100.0, "throughput": 3600}, "523.xalancbmk_r": {"95th_latency": 56114.0, "99th_latency": 62351.0, "violate_rate": 100.0, "throughput": 3600}, "557.xz_r": {"95th_latency": 10397.0, "99th_latency": 26292.0, "violate_rate": 100.0, "throughput": 3600}, "baseline": {"95th_latency": 8226.0, "99th_latency": 27364.0, "violate_rate": 62.92750244238565, "throughput": 3600}}}
