{"masstree": {"519.lbm_r": {"95th_latency": 31143.0, "99th_latency": 78611.0, "violate_rate": 100.0, "throughput": 3600}, "544.nab_r": {"95th_latency": 1048.0, "99th_latency": 1270.0, "violate_rate": 0.0, "throughput": 3600}, "520.omnetpp_r": {"95th_latency": 8832.0, "99th_latency": 9513.0, "violate_rate": 41.20645144271844, "throughput": 3600}, "523.xalancbmk_r": {"95th_latency": 1130.0, "99th_latency": 1228.0, "violate_rate": 0.0, "throughput": 3600}, "557.xz_r": {"95th_latency": 1566.0, "99th_latency": 1916.0, "violate_rate": 0.4996034179355227, "throughput": 3600}, "baseline": {"95th_latency": 954.0, "99th_latency": 1030.0, "violate_rate": 0.0, "throughput": 3600}}}
{"masstree": {"519.lbm_r": {"95th_latency": 47818.0, "99th_latency": 61050.0, "violate_rate": 100.0, "throughput": 3600}, "544.nab_r": {"95th_latency": 2102.0, "99th_latency": 2587.0, "violate_rate": 7.877939100006131, "throughput": 3600}, "520.omnetpp_r": {"95th_latency": 3778.0, "99th_latency": 4366.0, "violate_rate": 62.40633371314101, "throughput": 3600}, "523.xalancbmk_r": {"95th_latency": 1381.0, "99th_latency": 1413.0, "violate_rate": 0.0, "throughput": 3600}, "557.xz_r": {"95th_latency": 2534.0, "99th_latency": 4558.0, "violate_rate": 7.8435679775466784, "throughput": 3600}, "baseline": {"95th_latency": 10692.0, "99th_latency": 15922.0, "violate_rate": 34.50294988604501, "throughput": 3600}}}
{"masstree": {"519.lbm_r": {"95th_latency": 66624.0, "99th_latency": 71976.0, "violate_rate": 99.53230940967842, "throughput": 3600}, "544.nab_r": {"95th_latency": 1018.0, "99th_latency": 1103.0, "violate_rate": 0.0, "throughput": 3600}, "520.omnetpp_r": {"95th_latency": 3985.0, "99th_latency": 4366.0, "violate_rate": 78.59532955066159, "throughput": 3600}, "523.xalancbmk_r": {"95th_latency": 5016.0, "99th_latency": 9151.0, "violate_rate": 43.44598413711369, "throughput": 3600}, "557.xz_r": {"95th_latency": 1332.0, "99th_latency": 1438.0, "violate_rate": 0.0, "throughput": 3600}, "baseline": {"95th_latency": 1292.0, "99th_latency": 1480.0, "violate_rate": 0.0, "throughput": 3600}}}
{"masstree": {"519.lbm_r": {"95th_latency": 25853.0, "99th_latency": 52841.0, "violate_rate": 100.0, "throughput": 3600}, "544.nab_r": {"95th_latency": 971.0, "99th_latency": 1073.0, "violate_rate": 0.0, "throughput": 3600}, "520.omnetpp_r": {"95th_latency": 8976.0, "99th_latency": 16449.0, "violate_rate": 55.762358956244185, "throughput": 3600}, "523.xalancbmk_r": {"95th_latency": 1539.0, "99th_latency": 1686.0, "violate_rate": 0.0, "throughput": 3600}, "557.xz_r": {"95th_latency": 9016.0, "99th_latency": 18682.0, "violate_rate": 100.0, "throughput": 3600}, "baseline": {"95th_latency": 969.0, "99th_latency": 992.0, "violate_rate": 0.0, "throughput": 3600}}}
{"masstree": {"519.lbm_r": {"95th_latency": 16893.0, "99th_latency": 26150.0, "violate_rate": 100.0, "throughput": 3600}, "544.nab_r": {"95th_latency": 7513.0, "99th_latency": 8185.000000000001, "violate_rate": 46.12438125070879, "throughput": 3600}, "520.omnetpp_r": {"95th_latency": 6172.0, "99th_latency": 17018.0, "violate_rate": 100.0, "throughput": 3600}, "523.xalancbmk_r": {"95th_latency": 1440.0, "99th_latency": 1520.0, "violate_rate": 0.0, "throughput": 3600}, "557.xz_r": {"95th_latency": 3864.0, "99th_latency": 8519.0, "violate_rate": 81.41166475228539, "throughput": 3600}, "baseline": {"95th_latency": 3011.0, "99th_latency": 5490.0, "violate_rate": 8.239739836193154, "throughput": 3600}}}
{"masstree": {"519.lbm_r": {"95th_latency": 20137.0, "99th_latency": 25636.0, "violate_rate": 100.0, "throughput": 3600}, "544.nab_r": {"95th_latency": 2937.0, "99th_latency": 4904.0, "violate_rate": 8.61116799692227, "throughput": 3600}, "520.omnetpp_r": {"95th_latency": 14794.0, "99th_latency": 39185.0, "violate_rate": 16.10423453276386, "throughput": 3600}, "523.xalancbmk_r": {"95th_latency": 1403.0, "99th_latency": 1429.0, "violate_rate": 0.0, "throughput": 3600}, "557.xz_r": {"95th_latency": 1588.0, "99th_latency": 1691.0, "violate_rate": 0.0, "throughput": 3600}, "baseline": {"95th_latency": 992.0, "99th_latency": 1091.0, "violate_rate": 0.0, "throughput": 3600}}}
{"masstree": {"519.lbm_r": {"95th_latency": 14454.0, "99th_latency": 31940.0, "violate_rate": 100.0, "throughput": 3600}, "544.nab_r": {"95th_latency": 958.0, "99th_latency": 981.0, "violate_rate": 0.0, "throughput": 3600}, "520.omnetpp_r": {"95th_latency": 3467.0, "99th_latency": 3678.0, "violate_rate": 83.37941366467493, "throughput": 3600}, "523.xalancbmk_r": {"95th_latency": 1354.0, "99th_latency": 1422.0, "violate_rate": 0.0, "throughput": 3600}, "557.xz_r": {"95th_latency": 9878.0, "99th_latency": 16981.0, "violate_rate": 54.835766514436855, "throughput": 3600}, "baseline": {"95th_latency": 975.0, "99th_latency": 1339.0, "violate_rate": 0.0, "throughput": 3600}}}
{"masstree": {"519.lbm_r": {"95th_latency": 7623.0, "99th_latency": 40315.0, "violate_rate": 100.0, "throughput": 3600}, "544.nab_r": {"95th_latency": 901.0, "99th_latency": 1049.0, "violate_rate": 0.0, "throughput": 3600}, "520.omnetpp_r": {"95th_latency": 5311.0, "99th_latency": 16394.0, "violate_rate": 11.892238392238385, "throughput": 3600}, "523.xalancbmk_r": {"95th_latency": 1289.0, "99th_latency": 1388.0, "violate_rate": 0.0, "throughput": 3600}, "557.xz_r": {"95th_latency": 1394.0, "99th_latency": 1629.0, "violate_rate": 0.0, "throughput": 3600}, "baseline": {"95th_latency": 919.0, "99th_latency": 993.0, "violate_rate": 0.0, "throughput": 3600}}}
