{"masstree": {"519.lbm_r": {"95th_latency": 2015.0000000000002, "99th_latency": 35072.0, "violate_rate": 5.61595631730624, "throughput": 3600}, "544.nab_r": {"95th_latency": 1037.0, "99th_latency": 1057.0, "violate_rate": 0.0, "throughput": 3600}, "520.omnetpp_r": {"95th_latency": 4041.0000000000005, "99th_latency": 7192.0, "violate_rate": 53.71668016054848, "throughput": 3600}, "523.xalancbmk_r": {"95th_latency": 1936.0, "99th_latency": 3149.0, "violate_rate": 4.76941653613046, "throughput": 3600}, "557.xz_r": {"95th_latency": 1348.0, "99th_latency": 1469.0, "violate_rate": 0.0, "throughput": 3600}, "baseline": {"95th_latency": 10744.0, "99th_latency": 12065.0, "violate_rate": 28.695459212398312, "throughput": 3600}}}
{"masstree": {"519.lbm_r": {"95th_latency": 14103.0, "99th_latency": 21217.0, "violate_rate": 9.591816010520834, "throughput": 3600}, "544.nab_r": {"95th_latency": 1059.0, "99th_latency": 1103.0, "violate_rate": 0.0, "throughput": 3600}, "520.omnetpp_r": {"95th_latency": 10220.0, "99th_latency": 22547.0, "violate_rate": 100.0, "throughput": 3600}, "523.xalancbmk_r": {"95th_latency": 1229.0, "99th_latency": 1341.0, "violate_rate": 0.0, "throughput": 3600}, "557.xz_r": {"95th_latency": 3770.0, "99th_latency": 6240.0, "violate_rate": 42.04538779479698, "throughput": 3600}, "baseline": {"95th_latency": 1069.0, "99th_latency": 1129.0, "violate_rate": 0.0, "throughput": 3600}}}
{"masstree": {"519.lbm_r": {"95th_latency": 16513.0, "99th_latency": 51765.0, "violate_rate": 100.0, "throughput": 3600}, "544.nab_r": {"95th_latency": 993.0, "99th_latency": 1100.0, "violate_rate": 0.0, "throughput": 3600}, "520.omnetpp_r": {"95th_latency": 2228.0, "99th_latency": 2412.0, "violate_rate": 9.09342030673257, "throughput": 3600}, "523.xalancbmk_r": {"95th_latency": 1130.0, "99th_latency": 1210.0, "violate_rate": 0.0, "throughput": 3600}, "557.xz_r": {"95th_latency": 2626.0, "99th_latency": 3776.0, "violate_rate": 8.183190642340026, "throughput": 3600}, "baseline": {"95th_latency": 1349.0, "99th_latency": 1449.0, "violate_rate": 0.0, "throughput": 3600}}}
{"masstree": {"519.lbm_r": {"95th_latency": 14917.0, "99th_latency": 53071.0, "violate_rate": 100.0, "throughput": 3600}, "544.nab_r": {"95th_latency": 1004.9999999999999, "99th_latency": 1324.0, "violate_rate": 0.0, "throughput": 3600}, "520.omnetpp_r": {"95th_latency": 3065.0, "99th_latency": 5586.0, "violate_rate": 19.442681894084917, "throughput": 3600}, "523.xalancbmk_r": {"95th_latency": 3041.0, "99th_latency": 4592.0, "violate_rate": 12.405567421442875, "throughput": 3600}, "557.xz_r": {"95th_latency": 4043.9999999999995, "99th_latency": 4072.0, "violate_rate": 29.183151149020727, "throughput": 3600}, "baseline": {"95th_latency": 999.0, "99th_latency": 1042.0, "violate_rate": 0.0, "throughput": 3600}}}
{"masstree": {"519.lbm_r": {"95th_latency": 10087.0, "99th_latency": 23343.0, "violate_rate": 100.0, "throughput": 3600}, "544.nab_r": {"95th_latency": 952.0, "99th_latency": 961.0, "violate_rate": 0.0, "throughput": 3600}, "520.omnetpp_r": {"95th_latency": 2179.0, "99th_latency": 2322.0, "violate_rate": 8.542203996160886, "throughput": 3600}, "523.xalancbmk_r": {"95th_latency": 1446.0, "99th_latency": 1698.0, "violate_rate": 0.0, "throughput": 3600}, "557.xz_r": {"95th_latency": 1584.0, "99th_latency": 1975.0, "violate_rate": 0.1521304896676631, "throughput": 3600}, "baseline": {"95th_latency": 5832.0, "99th_latency": 7326.0, "violate_rate": 25.599410084001686, "throughput": 3600}}}
{"masstree": {"519.lbm_r": {"95th_latency": 12844.0, "99th_latency": 34165.0, "violate_rate": 100.0, "throughput": 3600}, "544.nab_r": {"95th_latency": 961.0, "99th_latency": 991.0, "violate_rate": 0.0, "throughput": 3600}, "520.omnetpp_r": {"95th_latency": 2064.0, "99th_latency": 2377.0, "violate_rate": 6.134087931638176, "throughput": 3600}, "523.xalancbmk_r": {"95th_latency": 1071.0, "99th_latency": 1126.0, "violate_rate": 0.0, "throughput": 3600}, "557.xz_r": {"95th_latency": 2064.0, "99th_latency": 3394.0, "violate_rate": 5.8503570064349315, "throughput": 3600}, "baseline": {"95th_latency": 883.0, "99th_latency": 1040.0, "violate_rate": 0.0, "throughput": 3600}}}
{"masstree": {"519.lbm_r": {"95th_latency": 20649.0, "99th_latency": 34541.0, "violate_rate": 100.0, "throughput": 3600}, "544.nab_r": {"95th_latency": 1058.0, "99th_latency": 1349.0, "violate_rate": 0.0, "throughput": 3600}, "520.omnetpp_r": {"95th_latency": 3398.0, "99th_latency": 4818.0, "violate_rate": 25.747827824546878, "throughput": 3600}, "523.xalancbmk_r": {"95th_latency": 3277.0, "99th_latency": 4563.0, "violate_rate": 13.341726272677327, "throughput": 3600}, "557.xz_r": {"95th_latency": 1207.0, "99th_latency": 1310.0, "violate_rate": 0.0, "throughput": 3600}, "baseline": {"95th_latency": 1002.0, "99th_latency": 1097.0, "violate_rate": 0.0, "throughput": 3600}}}
{"masstree": {"519.lbm_r": {"95th_latency": 14229.0, "99th_latency": 38297.0, "violate_rate": 100.0, "throughput": 3600}, "544.nab_r": {"95th_latency": 1086.0, "99th_latency": 1235.0, "violate_rate": 0.0, "throughput": 3600}, "520.omnetpp_r": {"95th_latency": 4887.0, "99th_latency": 5548.0, "violate_rate": 30.865917929885292, "throughput": 3600}, "523.xalancbmk_r": {"95th_latency": 1146.0, "99th_latency": 1306.0, "violate_rate": 0.0, "throughput": 3600}, "557.xz_r": {"95th_latency": 1606.0, "99th_latency": 1746.0, "violate_rate": 0.0, "throughput": 3600}, "baseline": {"95th_latency": 1105.0, "99th_latency": 1245.0, "violate_rate": 0.0, "throughput": 3600}}}
