{"masstree": {"519.lbm_r": {"95th_latency": 53451.0, "99th_latency": 78363.0, "violate_rate": 100.0, "throughput": 3600}, "544.nab_r": {"95th_latency": 73774.0, "99th_latency": 117056.0, "violate_rate": 100.0, "throughput": 3600}, "520.omnetpp_r": {"95th_latency": 31298.0, "99th_latency": 88553.0, "violate_rate": 100.0, "throughput": 3600}, "523.xalancbmk_r": {"95th_latency": 15506.0, "99th_latency": 16433.0, "violate_rate": 22.20055415830616, "throughput": 3600}, "557.xz_r": {"95th_latency": 4470.0, "99th_latency": 14951.0, "violate_rate": 46.69163478419712, "throughput": 3600}, "baseline": {"95th_latency": 14728.0, "99th_latency": 20852.0, "violate_rate": 90.25146396868269, "throughput": 3600}}}
{"masstree": {"519.lbm_r": {"95th_latency": 9478.0, "99th_latency": 17781.0, "violate_rate": 100.0, "throughput": 3600}, "544.nab_r": {"95th_latency": 9865.0, "99th_latency": 27651.0, "violate_rate": 100.0, "throughput": 3600}, "520.omnetpp_r": {"95th_latency": 20973.0, "99th_latency": 29817.0, "violate_rate": 100.0, "throughput": 3600}, "523.xalancbmk_r": {"95th_latency": 13249.0, "99th_latency": 16273.0, "violate_rate": 22.532788774616595, "throughput": 3600}, "557.xz_r": {"95th_latency": 8641.0, "99th_latency": 24952.0, "violate_rate": 100.0, "throughput": 3600}, "baseline": {"95th_latency": 12179.0, "99th_latency": 26065.0, "violate_rate": 100.0, "throughput": 3600}}}
{"masstree": {"519.lbm_r": {"95th_latency": 7201.0, "99th_latency": 58646.0, "violate_rate": 100.0, "throughput": 3600}, "544.nab_r": {"95th_latency": 19030.0, "99th_latency": 22740.0, "violate_rate": 91.69586136929054, "throughput": 3600}, "520.omnetpp_r": {"95th_latency": 10297.0, "99th_latency": 23494.0, "violate_rate": 11.005914417330814, "throughput": 3600}, "523.xalancbmk_r": {"95th_latency": 11621.0, "99th_latency": 40595.0, "violate_rate": 89.05820390907638, "throughput": 3600}, "557.xz_r": {"95th_latency": 28495.0, "99th_latency": 29981.0, "violate_rate": 100.0, "throughput": 3600}, "baseline": {"95th_latency": 10633.0, "99th_latency": 16277.999999999998, "violate_rate": 100.0, "throughput": 3600}}}
{"masstree": {"519.lbm_r": {"95th_latency": 50150.0, "99th_latency": 64263.00000000001, "violate_rate": 100.0, "throughput": 3600}, "544.nab_r": {"95th_latency": 11481.0, "99th_latency": 33119.0, "violate_rate": 100.0, "throughput": 3600}, "520.omnetpp_r": {"95th_latency": 17210.0, "99th_latency": 65403.00000000001, "violate_rate": 7.071690627219508, "throughput": 3600}, "523.xalancbmk_r": {"95th_latency": 25342.0, "99th_latency": 28791.0, "violate_rate": 87.2325264664837, "throughput": 3600}, "557.xz_r": {"95th_latency": 3220.0, "99th_latency": 33664.0, "violate_rate": 78.84564853350408, "throughput": 3600}, "baseline": {"95th_latency": 14598.0, "99th_latency": 49162.0, "violate_rate": 80.34247752748631, "throughput": 3600}}}
{"masstree": {"519.lbm_r": {"95th_latency": 3800.0, "99th_latency": 38858.0, "violate_rate": 100.0, "throughput": 3600}, "544.nab_r": {"95th_latency": 9693.0, "99th_latency": 28332.0, "violate_rate": 100.0, "throughput": 3600}, "520.omnetpp_r": {"95th_latency": 33915.0, "99th_latency": 39588.0, "violate_rate": 100.0, "throughput": 3600}, "523.xalancbmk_r": {"95th_latency": 10717.0, "99th_latency": 28867.0, "violate_rate": 100.0, "throughput": 3600}, "557.xz_r": {"95th_latency": 19918.0, "99th_latency": 25232.0, "violate_rate": 100.0, "throughput": 3600}, "baseline": {"95th_latency": 16806.0, "99th_latency": 24117.0, "violate_rate": 100.0, "throughput": 3600}}}
{"masstree": {"519.lbm_r": {"95th_latency": 28223.0, "99th_latency": 51664.0, "violate_rate": 100.0, "throughput": 3600}, "544.nab_r": {"95th_latency": 13569.0, "99th_latency": 13834.0, "violate_rate": 28.50294918062581, "throughput": 3600}, "520.omnetpp_r": {"95th_latency": 18011.0, "99th_latency": 49681.0, "violate_rate": 41.07317756895441, "throughput": 3600}, "523.xalancbmk_r": {"95th_latency": 15957.0, "99th_latency": 29787.0, "violate_rate": 100.0, "throughput": 3600}, "557.xz_r": {"95th_latency": 13677.0, "99th_latency": 34932.0, "violate_rate": 100.0, "throughput": 3600}, "baseline": {"95th_latency": 6435.0, "99th_latency": 27259.0, "violate_rate": 100.0, "throughput": 3600}}}
{"masstree": {"519.lbm_r": {"95th_latency": 14008.0, "99th_latency": 30692.0, "violate_rate": 98.6763407162224, "throughput": 3600}, "544.nab_r": {"95th_latency": 12233.0, "99th_latency": 12928.0, "violate_rate": 22.249737640304943, "throughput": 3600}, "520.omnetpp_r": {"95th_latency": 10014.0, "99th_latency": 20778.0, "violate_rate": 22.587272883165884, "throughput": 3600}, "523.xalancbmk_r": {"95th_latency": 9007.0, "99th_latency": 27517.0, "violate_rate": 94.99312115931394, "throughput": 3600}, "557.xz_r": {"95th_latency": 8089.0, "99th_latency": 23393.0, "violate_rate": 100.0, "throughput": 3600}, "baseline": {"95th_latency": 31837.0, "99th_latency": 33975.0, "violate_rate": 100.0, "throughput": 3600}}}
{"masstree": {"519.lbm_r": {"95th_latency": 13943.0, "99th_latency": 59183.0, "violate_rate": 100.0, "throughput": 3600}, "544.nab_r": {"95th_latency": 3825.0, "99th_latency": 31409.0, "violate_rate": 11.248648319346927, "throughput": 3600}, "520.omnetpp_r": {"95th_latency": 7394.0, "99th_latency": 49130.0, "violate_rate": 89.8567896258692, "throughput": 3600}, "523.xalancbmk_r": {"95th_latency": 14135.0, "99th_latency": 16792.0, "violate_rate": 82.5675949227617, "throughput": 3600}, "557.xz_r": {"95th_latency": 17889.0, "99th_latency": 26048.0, "violate_rate": 100.0, "throughput": 3600}, "baseline": {"95th_latency": 4972.0, "99th_latency": 13224.0, "violate_rate": 100.0, "throughput": 3600}}}
