{"masstree": {"519.lbm_r": {"95th_latency": 84091.0, "99th_latency": 124231.0, "violate_rate": 100.0, "throughput": 3600}, "544.nab_r": {"95th_latency": 11899.0, "99th_latency": 17586.0, "violate_rate": 88.56562618735235, "throughput": 3600}, "520.omnetpp_r": {"95th_latency": 42935.0, "99th_latency": 69644.0, "violate_rate": 100.0, "throughput": 3600}, "523.xalancbmk_r": {"95th_latency": 5959.0, "99th_latency": 27187.0, "violate_rate": 100.0, "throughput": 3600}, "557.xz_r": {"95th_latency": 13613.0, "99th_latency": 23995.0, "violate_rate": 16.000391017480695, "throughput": 3600}, "baseline": {"95th_latency": 11031.0, "99th_latency": 11267.0, "violate_rate": 31.890344455924723, "throughput": 3600}}}
{"masstree": {"519.lbm_r": {"95th_latency": 26001.0, "99th_latency": 49454.0, "violate_rate": 100.0, "throughput": 3600}, "544.nab_r": {"95th_latency": 14344.0, "99th_latency": 29684.0, "violate_rate": 100.0, "throughput": 3600}, "520.omnetpp_r": {"95th_latency": 15520.0, "99th_latency": 25690.0, "violate_rate": 100.0, "throughput": 3600}, "523.xalancbmk_r": {"95th_latency": 8822.0, "99th_latency": 21778.0, "violate_rate": 100.0, "throughput": 3600}, "557.xz_r": {"95th_latency": 11701.0, "99th_latency": 25302.0, "violate_rate": 100.0, "throughput": 3600}, "baseline": {"95th_latency": 12866.0, "99th_latency": 42162.0, "violate_rate": 83.82944644571032, "throughput": 3600}}}
{"masstree": {"519.lbm_r": {"95th_latency": 54705.0, "99th_latency": 58291.0, "violate_rate": 100.0, "throughput": 3600}, "544.nab_r": {"95th_latency": 66097.0, "99th_latency": 69537.0, "violate_rate": 20.641679505522525, "throughput": 3600}, "520.omnetpp_r": {"95th_latency": 27961.0, "99th_latency": 30155.0, "violate_rate": 100.0, "throughput": 3600}, "523.xalancbmk_r": {"95th_latency": 12278.0, "99th_latency": 26238.0, "violate_rate": 100.0, "throughput": 3600}, "557.xz_r": {"95th_latency": 8762.0, "99th_latency": 31737.0, "violate_rate": 100.0, "throughput": 3600}, "baseline": {"95th_latency": 14253.0, "99th_latency": 44402.0, "violate_rate": 22.013479133714732, "throughput": 3600}}}
{"masstree": {"519.lbm_r": {"95th_latency": 10646.0, "99th_latency": 42708.0, "violate_rate": 100.0, "throughput": 3600}, "544.nab_r": {"95th_latency": 11551.0, "99th_latency": 32430.0, "violate_rate": 100.0, "throughput": 3600}, "520.omnetpp_r": {"95th_latency": 23705.0, "99th_latency": 66652.0, "violate_rate": 100.0, "throughput": 3600}, "523.xalancbmk_r": {"95th_latency": 8967.0, "99th_latency": 19396.0, "violate_rate": 100.0, "throughput": 3600}, "557.xz_r": {"95th_latency": 11628.0, "99th_latency": 23078.0, "violate_rate": 100.0, "throughput": 3600}, "baseline": {"95th_latency": 11537.0, "99th_latency": 17534.0, "violate_rate": 100.0, "throughput": 3600}}}
{"masstree": {"519.lbm_r": {"95th_latency": 14832.0, "99th_latency": 25463.0, "violate_rate": 100.0, "throughput": 3600}, "544.nab_r": {"95th_latency": 14482.0, "99th_latency": 49494.0, "violate_rate": 100.0, "throughput": 3600}, "520.omnetpp_r": {"95th_latency": 11437.0, "99th_latency": 39712.0, "violate_rate": 55.94338066792595, "throughput": 3600}, "523.xalancbmk_r": {"95th_latency": 5543.0, "99th_latency": 11683.0, "violate_rate": 47.65543550067974, "throughput": 3600}, "557.xz_r": {"95th_latency": 30280.0, "99th_latency": 70487.0, "violate_rate": 100.0, "throughput": 3600}, "baseline": {"95th_latency": 10427.0, "99th_latency": 42737.0, "violate_rate": 100.0, "throughput": 3600}}}
{"masstree": {"519.lbm_r": {"95th_latency": 15213.0, "99th_latency": 25928.0, "violate_rate": 100.0, "throughput": 3600}, "544.nab_r": {"95th_latency": 5471.0, "99th_latency": 46548.0, "violate_rate": 75.67869117881864, "throughput": 3600}, "520.omnetpp_r": {"95th_latency": 11305.0, "99th_latency": 42302.0, "violate_rate": 100.0, "throughput": 3600}, "523.xalancbmk_r": {"95th_latency": 16994.0, "99th_latency": 50185.0, "violate_rate": 100.0, "throughput": 3600}, "557.xz_r": {"95th_latency": 8195.0, "99th_latency": 28336.0, "violate_rate": 72.35130752519076, "throughput": 3600}, "baseline": {"95th_latency": 8911.0, "99th_latency": 48185.0, "violate_rate": 52.542929291849944, "throughput": 3600}}}
{"masstree": {"519.lbm_r": {"95th_latency": 29991.0, "99th_latency": 35083.0, "violate_rate": 100.0, "throughput": 3600}, "544.nab_r": {"95th_latency": 26683.0, "99th_latency": 55596.0, "violate_rate": 100.0, "throughput": 3600}, "520.omnetpp_r": {"95th_latency": 17226.0, "99th_latency": 41805.0, "violate_rate": 100.0, "throughput": 3600}, "523.xalancbmk_r": {"95th_latency": 7174.0, "99th_latency": 49899.0, "violate_rate": 100.0, "throughput": 3600}, "557.xz_r": {"95th_latency": 5264.0, "99th_latency": 35741.0, "violate_rate": 61.5041282820506, "throughput": 3600}, "baseline": {"95th_latency": 19209.0, "99th_latency": 67020.0, "violate_rate": 100.0, "throughput": 3600}}}
{"masstree": {"519.lbm_r": {"95th_latency": 17385.0, "99th_latency": 36729.0, "violate_rate": 100.0, "throughput": 3600}, "544.nab_r": {"95th_latency": 12775.0, "99th_latency": 31871.0, "violate_rate": 100.0, "throughput": 3600}, "520.omnetpp_r": {"95th_latency": 10501.0, "99th_latency": 30170.0, "violate_rate": 100.0, "throughput": 3600}, "523.xalancbmk_r": {"95th_latency": 33880.0, "99th_latency": 67726.0, "violate_rate": 70.00228473745565, "throughput": 3600}, "557.xz_r": {"95th_latency": 7104.0, "99th_latency": 37506.0, "violate_rate": 100.0, "throughput": 3600}, "baseline": {"95th_latency": 15756.0, "99th_latency": 24910.0, "violate_rate": 100.0, "throughput": 3600}}}
