{"masstree": {"519.lbm_r": {"95th_latency": 7817.0, "99th_latency": 24675.0, "violate_rate": 63.85326670067941, "throughput": 3600}, "544.nab_r": {"95th_latency": 2762.0, "99th_latency": 3225.0, "violate_rate": 38.48580215817802, "throughput": 3600}, "520.omnetpp_r": {"95th_latency": 10195.0, "99th_latency": 23061.0, "violate_rate": 100.0, "throughput": 3600}, "523.xalancbmk_r": {"95th_latency": 4102.0, "99th_latency": 4675.0, "violate_rate": 89.03528933559973, "throughput": 3600}, "557.xz_r": {"95th_latency": 6792.0, "99th_latency": 16158.000000000002, "violate_rate": 79.12186810425702, "throughput": 3600}, "baseline": {"95th_latency": 3407.0, "99th_latency": 4414.0, "violate_rate": 22.265068526658563, "throughput": 3600}}}
{"masstree": {"519.lbm_r": {"95th_latency": 11618.0, "99th_latency": 12049.0, "violate_rate": 25.491977663085596, "throughput": 3600}, "544.nab_r": {"95th_latency": 4873.0, "99th_latency": 7107.0, "violate_rate": 69.82917294627306, "throughput": 3600}, "520.omnetpp_r": {"95th_latency": 16743.0, "99th_latency": 36952.0, "violate_rate": 45.50603950845111, "throughput": 3600}, "523.xalancbmk_r": {"95th_latency": 2485.0, "99th_latency": 2807.0, "violate_rate": 21.287800976595385, "throughput": 3600}, "557.xz_r": {"95th_latency": 4333.0, "99th_latency": 4703.0, "violate_rate": 95.7831313466388, "throughput": 3600}, "baseline": {"95th_latency": 2128.0, "99th_latency": 2306.0, "violate_rate": 8.527830950699363, "throughput": 3600}}}
{"masstree": {"519.lbm_r": {"95th_latency": 8775.0, "99th_latency": 16839.0, "violate_rate": 44.024736298482146, "throughput": 3600}, "544.nab_r": {"95th_latency": 3411.0, "99th_latency": 3505.0, "violate_rate": 56.20783618187681, "throughput": 3600}, "520.omnetpp_r": {"95th_latency": 10491.0, "99th_latency": 18141.0, "violate_rate": 63.13755124759906, "throughput": 3600}, "523.xalancbmk_r": {"95th_latency": 3504.0, "99th_latency": 6387.0, "violate_rate": 29.730747551008207, "throughput": 3600}, "557.xz_r": {"95th_latency": 3499.0, "99th_latency": 3878.0, "violate_rate": 83.22963833232781, "throughput": 3600}, "baseline": {"95th_latency": 6473.0, "99th_latency": 14255.0, "violate_rate": 94.47977747087158, "throughput": 3600}}}
{"masstree": {"519.lbm_r": {"95th_latency": 15185.0, "99th_latency": 42365.0, "violate_rate": 22.528479852434167, "throughput": 3600}, "544.nab_r": {"95th_latency": 9288.0, "99th_latency": 17992.0, "violate_rate": 48.73972541398364, "throughput": 3600}, "520.omnetpp_r": {"95th_latency": 6940.0, "99th_latency": 13666.0, "violate_rate": 49.113469917493276, "throughput": 3600}, "523.xalancbmk_r": {"95th_latency": 3468.0, "99th_latency": 3732.0, "violate_rate": 66.02685607075853, "throughput": 3600}, "557.xz_r": {"95th_latency": 8875.0, "99th_latency": 16843.0, "violate_rate": 69.49065553719153, "throughput": 3600}, "baseline": {"95th_latency": 3903.0, "99th_latency": 4019.9999999999995, "violate_rate": 74.46270164717998, "throughput": 3600}}}
{"masstree": {"519.lbm_r": {"95th_latency": 8649.0, "99th_latency": 27789.0, "violate_rate": 73.13127880137657, "throughput": 3600}, "544.nab_r": {"95th_latency": 2625.0, "99th_latency": 2734.0, "violate_rate": 45.191563218593345, "throughput": 3600}, "520.omnetpp_r": {"95th_latency": 7314.0, "99th_latency": 7502.0, "violate_rate": 61.60709912396849, "throughput": 3600}, "523.xalancbmk_r": {"95th_latency": 3468.0, "99th_latency": 6954.0, "violate_rate": 69.48132177624616, "throughput": 3600}, "557.xz_r": {"95th_latency": 2766.0, "99th_latency": 3326.0, "violate_rate": 43.752255279917385, "throughput": 3600}, "baseline": {"95th_latency": 2120.0, "99th_latency": 2680.0, "violate_rate": 6.7134027340982785, "throughput": 3600}}}
{"masstree": {"519.lbm_r": {"95th_latency": 7339.0, "99th_latency": 12988.0, "violate_rate": 56.20777689225354, "throughput": 3600}, "544.nab_r": {"95th_latency": 2413.0, "99th_latency": 2603.0, "violate_rate": 26.821641428891066, "throughput": 3600}, "520.omnetpp_r": {"95th_latency": 4140.0, "99th_latency": 4496.0, "violate_rate": 85.31020586836246, "throughput": 3600}, "523.xalancbmk_r": {"95th_latency": 3285.0, "99th_latency": 3310.0, "violate_rate": 64.60209030786277, "throughput": 3600}, "557.xz_r": {"95th_latency": 3688.0, "99th_latency": 5653.0, "violate_rate": 11.10024597575421, "throughput": 3600}, "baseline": {"95th_latency": 2684.0, "99th_latency": 2741.0, "violate_rate": 35.81365868809814, "throughput": 3600}}}
{"masstree": {"519.lbm_r": {"95th_latency": 1802.0, "99th_latency": 1975.0, "violate_rate": 0.8983689653169132, "throughput": 3600}, "544.nab_r": {"95th_latency": 884.0, "99th_latency": 1067.0, "violate_rate": 0.0, "throughput": 3600}, "520.omnetpp_r": {"95th_latency": 1408.0, "99th_latency": 1657.0, "violate_rate": 0.0, "throughput": 3600}, "523.xalancbmk_r": {"95th_latency": 9088.0, "99th_latency": 15887.0, "violate_rate": 100.0, "throughput": 3600}, "557.xz_r": {"95th_latency": 1203.0, "99th_latency": 1254.0, "violate_rate": 0.0, "throughput": 3600}, "baseline": {"95th_latency": 1038.0, "99th_latency": 1080.0, "violate_rate": 0.0, "throughput": 3600}}}
{"masstree": {"519.lbm_r": {"95th_latency": 14056.0, "99th_latency": 17431.0, "violate_rate": 47.05234795802411, "throughput": 3600}, "544.nab_r": {"95th_latency": 1000.0, "99th_latency": 1091.0, "violate_rate": 0.0, "throughput": 3600}, "520.omnetpp_r": {"95th_latency": 1476.0, "99th_latency": 1580.0, "violate_rate": 0.0, "throughput": 3600}, "523.xalancbmk_r": {"95th_latency": 5379.0, "99th_latency": 6749.0, "violate_rate": 35.17806963332546, "throughput": 3600}, "557.xz_r": {"95th_latency": 994.0, "99th_latency": 1083.0, "violate_rate": 0.0, "throughput": 3600}, "baseline": {"95th_latency": 5028.0, "99th_latency": 8035.0, "violate_rate": 33.821215711725436, "throughput": 3600}}}
