{"masstree": {"519.lbm_r": {"95th_latency": 16644.0, "99th_latency": 25207.0, "violate_rate": 100.0, "throughput": 3600}, "544.nab_r": {"95th_latency": 7562.0, "99th_latency": 17516.0, "violate_rate": 100.0, "throughput": 3600}, "520.omnetpp_r": {"95th_latency": 16663.0, "99th_latency": 54174.0, "violate_rate": 100.0, "throughput": 3600}, "523.xalancbmk_r": {"95th_latency": 10088.0, "99th_latency": 30320.0, "violate_rate": 100.0, "throughput": 3600}, "557.xz_r": {"95th_latency": 39327.0, "99th_latency": 73607.0, "violate_rate": 100.0, "throughput": 3600}, "baseline": {"95th_latency": 14543.0, "99th_latency": 29329.0, "violate_rate": 100.0, "throughput": 3600}}}
{"masstree": {"519.lbm_r": {"95th_latency": 51158.0, "99th_latency": 69519.0, "violate_rate": 100.0, "throughput": 3600}, "544.nab_r": {"95th_latency": 42023.0, "99th_latency": 46525.0, "violate_rate": 33.670879190143545, "throughput": 3600}, "520.omnetpp_r": {"95th_latency": 17160.0, "99th_latency": 49393.0, "violate_rate": 55.72699429697951, "throughput": 3600}, "523.xalancbmk_r": {"95th_latency": 6404.0, "99th_latency": 14427.0, "violate_rate": 100.0, "throughput": 3600}, "557.xz_r": {"95th_latency": 11173.0, "99th_latency": 25653.0, "violate_rate": 98.76285512796751, "throughput": 3600}, "baseline": {"95th_latency": 13063.0, "99th_latency": 27009.0, "violate_rate": 100.0, "throughput": 3600}}}
{"masstree": {"519.lbm_r": {"95th_latency": 1946859.0, "99th_latency": 1967672.0, "violate_rate": 100.0, "throughput": 3600}, "544.nab_r": {"95th_latency": 45551.0, "99th_latency": 50945.0, "violate_rate": 61.70440998024852, "throughput": 3600}, "520.omnetpp_r": {"95th_latency": 54100.0, "99th_latency": 59732.0, "violate_rate": 100.0, "throughput": 3600}, "523.xalancbmk_r": {"95th_latency": 12150.0, "99th_latency": 19536.0, "violate_rate": 42.11772802647554, "throughput": 3600}, "557.xz_r": {"95th_latency": 13375.0, "99th_latency": 20092.0, "violate_rate": 100.0, "throughput": 3600}, "baseline": {"95th_latency": 53149.0, "99th_latency": 56303.0, "violate_rate": 25.806380281834535, "throughput": 3600}}}
{"masstree": {"519.lbm_r": {"95th_latency": 16378.0, "99th_latency": 47976.0, "violate_rate": 100.0, "throughput": 3600}, "544.nab_r": {"95th_latency": 13225.0, "99th_latency": 44166.0, "violate_rate": 100.0, "throughput": 3600}, "520.omnetpp_r": {"95th_latency": 6684.0, "99th_latency": 21649.0, "violate_rate": 100.0, "throughput": 3600}, "523.xalancbmk_r": {"95th_latency": 14428.0, "99th_latency": 21721.0, "violate_rate": 100.0, "throughput": 3600}, "557.xz_r": {"95th_latency": 16673.0, "99th_latency": 47723.0, "violate_rate": 100.0, "throughput": 3600}, "baseline": {"95th_latency": 11259.0, "99th_latency": 22369.0, "violate_rate": 100.0, "throughput": 3600}}}
{"masstree": {"519.lbm_r": {"95th_latency": 46307.0, "99th_latency": 70338.0, "violate_rate": 100.0, "throughput": 3600}, "544.nab_r": {"95th_latency": 53029.0, "99th_latency": 57123.0, "violate_rate": 100.0, "throughput": 3600}, "520.omnetpp_r": {"95th_latency": 12527.0, "99th_latency": 16444.0, "violate_rate": 78.94319770507505, "throughput": 3600}, "523.xalancbmk_r": {"95th_latency": 14662.0, "99th_latency": 48833.0, "violate_rate": 12.561478183354103, "throughput": 3600}, "557.xz_r": {"95th_latency": 6702.0, "99th_latency": 24171.0, "violate_rate": 100.0, "throughput": 3600}, "baseline": {"95th_latency": 11671.0, "99th_latency": 14300.0, "violate_rate": 75.00935326930453, "throughput": 3600}}}
{"masstree": {"519.lbm_r": {"95th_latency": 20682.0, "99th_latency": 74926.0, "violate_rate": 100.0, "throughput": 3600}, "544.nab_r": {"95th_latency": 7990.0, "99th_latency": 26305.0, "violate_rate": 100.0, "throughput": 3600}, "520.omnetpp_r": {"95th_latency": 15070.0, "99th_latency": 24854.0, "violate_rate": 100.0, "throughput": 3600}, "523.xalancbmk_r": {"95th_latency": 16938.0, "99th_latency": 23361.0, "violate_rate": 96.90423744914135, "throughput": 3600}, "557.xz_r": {"95th_latency": 6234.0, "99th_latency": 21791.0, "violate_rate": 100.0, "throughput": 3600}, "baseline": {"95th_latency": 12021.0, "99th_latency": 14086.0, "violate_rate": 28.4982030754628, "throughput": 3600}}}
{"masstree": {"519.lbm_r": {"95th_latency": 6755.0, "99th_latency": 45957.0, "violate_rate": 100.0, "throughput": 3600}, "544.nab_r": {"95th_latency": 16082.0, "99th_latency": 16527.0, "violate_rate": 13.450516101746418, "throughput": 3600}, "520.omnetpp_r": {"95th_latency": 9953.0, "99th_latency": 28914.0, "violate_rate": 100.0, "throughput": 3600}, "523.xalancbmk_r": {"95th_latency": 12456.0, "99th_latency": 23769.0, "violate_rate": 89.1016137411153, "throughput": 3600}, "557.xz_r": {"95th_latency": 2857.0, "99th_latency": 15382.0, "violate_rate": 8.059991071631238, "throughput": 3600}, "baseline": {"95th_latency": 4748.0, "99th_latency": 45407.0, "violate_rate": 71.01138354866943, "throughput": 3600}}}
{"masstree": {"519.lbm_r": {"95th_latency": 9598.0, "99th_latency": 42077.0, "violate_rate": 100.0, "throughput": 3600}, "544.nab_r": {"95th_latency": 6048.0, "99th_latency": 10018.0, "violate_rate": 100.0, "throughput": 3600}, "520.omnetpp_r": {"95th_latency": 14109.0, "99th_latency": 34630.0, "violate_rate": 100.0, "throughput": 3600}, "523.xalancbmk_r": {"95th_latency": 16553.0, "99th_latency": 28213.0, "violate_rate": 100.0, "throughput": 3600}, "557.xz_r": {"95th_latency": 5413.0, "99th_latency": 8859.0, "violate_rate": 53.53546856522196, "throughput": 3600}, "baseline": {"95th_latency": 6011.0, "99th_latency": 22081.0, "violate_rate": 89.73649563293823, "throughput": 3600}}}
