{"masstree": {"519.lbm_r": {"95th_latency": 2886.0, "99th_latency": 4394.0, "violate_rate": 29.0831252914872, "throughput": 3600}, "544.nab_r": {"95th_latency": 977.0, "99th_latency": 1061.0, "violate_rate": 0.0, "throughput": 3600}, "520.omnetpp_r": {"95th_latency": 2625.0, "99th_latency": 8593.0, "violate_rate": 23.14171290072143, "throughput": 3600}, "523.xalancbmk_r": {"95th_latency": 1030.0, "99th_latency": 1171.0, "violate_rate": 0.0, "throughput": 3600}, "557.xz_r": {"95th_latency": 5696.0, "99th_latency": 8026.0, "violate_rate": 31.77222237176209, "throughput": 3600}, "baseline": {"95th_latency": 968.0, "99th_latency": 1038.0, "violate_rate": 0.0, "throughput": 3600}}}
{"masstree": {"519.lbm_r": {"95th_latency": 2414.0, "99th_latency": 2583.0, "violate_rate": 26.971544212156072, "throughput": 3600}, "544.nab_r": {"95th_latency": 1088.0, "99th_latency": 1162.0, "violate_rate": 0.0, "throughput": 3600}, "520.omnetpp_r": {"95th_latency": 8546.0, "99th_latency": 17109.0, "violate_rate": 26.830991355037796, "throughput": 3600}, "523.xalancbmk_r": {"95th_latency": 1767.0, "99th_latency": 2209.0, "violate_rate": 1.1160066328748777, "throughput": 3600}, "557.xz_r": {"95th_latency": 1187.0, "99th_latency": 1251.0, "violate_rate": 0.0, "throughput": 3600}, "baseline": {"95th_latency": 1108.0, "99th_latency": 1297.0, "violate_rate": 0.0, "throughput": 3600}}}
{"masstree": {"519.lbm_r": {"95th_latency": 4410.0, "99th_latency": 6846.0, "violate_rate": 64.96154257938804, "throughput": 3600}, "544.nab_r": {"95th_latency": 969.0, "99th_latency": 998.0, "violate_rate": 0.0, "throughput": 3600}, "520.omnetpp_r": {"95th_latency": 19666.0, "99th_latency": 20330.0, "violate_rate": 14.562103927626168, "throughput": 3600}, "523.xalancbmk_r": {"95th_latency": 1073.0, "99th_latency": 1099.0, "violate_rate": 0.0, "throughput": 3600}, "557.xz_r": {"95th_latency": 1446.0, "99th_latency": 1611.0, "violate_rate": 0.0, "throughput": 3600}, "baseline": {"95th_latency": 959.0, "99th_latency": 1245.0, "violate_rate": 0.0, "throughput": 3600}}}
{"masstree": {"519.lbm_r": {"95th_latency": 2797.0, "99th_latency": 4678.0, "violate_rate": 31.31662649093698, "throughput": 3600}, "544.nab_r": {"95th_latency": 4862.0, "99th_latency": 10489.0, "violate_rate": 93.80918620362544, "throughput": 3600}, "520.omnetpp_r": {"95th_latency": 5592.0, "99th_latency": 12447.0, "violate_rate": 72.90028492896911, "throughput": 3600}, "523.xalancbmk_r": {"95th_latency": 1156.0, "99th_latency": 1622.0, "violate_rate": 0.0, "throughput": 3600}, "557.xz_r": {"95th_latency": 2784.0, "99th_latency": 3263.0, "violate_rate": 18.17998992266742, "throughput": 3600}, "baseline": {"95th_latency": 969.0, "99th_latency": 1062.0, "violate_rate": 0.0, "throughput": 3600}}}
{"masstree": {"519.lbm_r": {"95th_latency": 2811.0, "99th_latency": 2976.0, "violate_rate": 41.734619251562684, "throughput": 3600}, "544.nab_r": {"95th_latency": 5898.0, "99th_latency": 6778.0, "violate_rate": 70.18467090189631, "throughput": 3600}, "520.omnetpp_r": {"95th_latency": 1477.0, "99th_latency": 1773.0, "violate_rate": 0.0, "throughput": 3600}, "523.xalancbmk_r": {"95th_latency": 1380.0, "99th_latency": 1892.0, "violate_rate": 0.0, "throughput": 3600}, "557.xz_r": {"95th_latency": 1118.0, "99th_latency": 1216.0, "violate_rate": 0.0, "throughput": 3600}, "baseline": {"95th_latency": 3803.0, "99th_latency": 6721.0, "violate_rate": 33.472817673980344, "throughput": 3600}}}
{"masstree": {"519.lbm_r": {"95th_latency": 2760.0, "99th_latency": 2919.0, "violate_rate": 53.75165260542294, "throughput": 3600}, "544.nab_r": {"95th_latency": 910.0, "99th_latency": 948.0, "violate_rate": 0.0, "throughput": 3600}, "520.omnetpp_r": {"95th_latency": 33172.0, "99th_latency": 44749.0, "violate_rate": 39.055285978461114, "throughput": 3600}, "523.xalancbmk_r": {"95th_latency": 4094.9999999999995, "99th_latency": 5172.0, "violate_rate": 25.770179876784272, "throughput": 3600}, "557.xz_r": {"95th_latency": 3921.0, "99th_latency": 5183.0, "violate_rate": 10.050161924450379, "throughput": 3600}, "baseline": {"95th_latency": 968.0, "99th_latency": 1048.0, "violate_rate": 0.0, "throughput": 3600}}}
{"masstree": {"519.lbm_r": {"95th_latency": 6387.0, "99th_latency": 6500.0, "violate_rate": 70.44503268533421, "throughput": 3600}, "544.nab_r": {"95th_latency": 1052.0, "99th_latency": 1074.0, "violate_rate": 0.0, "throughput": 3600}, "520.omnetpp_r": {"95th_latency": 6058.0, "99th_latency": 15192.0, "violate_rate": 59.87774779538866, "throughput": 3600}, "523.xalancbmk_r": {"95th_latency": 3888.0, "99th_latency": 5380.0, "violate_rate": 36.24716672618264, "throughput": 3600}, "557.xz_r": {"95th_latency": 2372.0, "99th_latency": 3988.0, "violate_rate": 15.491209849185001, "throughput": 3600}, "baseline": {"95th_latency": 963.0, "99th_latency": 1054.0, "violate_rate": 0.0, "throughput": 3600}}}
{"masstree": {"519.lbm_r": {"95th_latency": 2407.0, "99th_latency": 2619.0, "violate_rate": 28.25626530747336, "throughput": 3600}, "544.nab_r": {"95th_latency": 1249.0, "99th_latency": 1565.0, "violate_rate": 0.0, "throughput": 3600}, "520.omnetpp_r": {"95th_latency": 6344.0, "99th_latency": 16912.0, "violate_rate": 74.54894768130436, "throughput": 3600}, "523.xalancbmk_r": {"95th_latency": 1417.0, "99th_latency": 2169.0, "violate_rate": 1.5254649986129565, "throughput": 3600}, "557.xz_r": {"95th_latency": 3182.0, "99th_latency": 4169.0, "violate_rate": 12.170671431800338, "throughput": 3600}, "baseline": {"95th_latency": 1080.0, "99th_latency": 1143.0, "violate_rate": 0.0, "throughput": 3600}}}
