{"masstree": {"519.lbm_r": {"95th_latency": 14912.0, "99th_latency": 22549.0, "violate_rate": 100.0, "throughput": 3600}, "544.nab_r": {"95th_latency": 3766.0, "99th_latency": 3865.0, "violate_rate": 90.94197807856408, "throughput": 3600}, "520.omnetpp_r": {"95th_latency": 12265.0, "99th_latency": 17703.0, "violate_rate": 33.47734639043178, "throughput": 3600}, "523.xalancbmk_r": {"95th_latency": 7069.0, "99th_latency": 17986.0, "violate_rate": 100.0, "throughput": 3600}, "557.xz_r": {"95th_latency": 9385.0, "99th_latency": 12710.0, "violate_rate": 86.25531491246522, "throughput": 3600}, "baseline": {"95th_latency": 2829.0, "99th_latency": 2960.0, "violate_rate": 38.61355587533283, "throughput": 3600}}}
{"masstree": {"519.lbm_r": {"95th_latency": 13156.0, "99th_latency": 17522.0, "violate_rate": 8.131510647139182, "throughput": 3600}, "544.nab_r": {"95th_latency": 2821.0, "99th_latency": 3134.0, "violate_rate": 50.69413284944462, "throughput": 3600}, "520.omnetpp_r": {"95th_latency": 48525.0, "99th_latency": 51824.0, "violate_rate": 14.156965063395578, "throughput": 3600}, "523.xalancbmk_r": {"95th_latency": 7629.0, "99th_latency": 16029.0, "violate_rate": 100.0, "throughput": 3600}, "557.xz_r": {"95th_latency": 12062.0, "99th_latency": 16816.0, "violate_rate": 51.16189889793631, "throughput": 3600}, "baseline": {"95th_latency": 2693.0, "99th_latency": 2959.0, "violate_rate": 40.44121945891884, "throughput": 3600}}}
{"masstree": {"519.lbm_r": {"95th_latency": 7892.0, "99th_latency": 13835.0, "violate_rate": 67.1783495494611, "throughput": 3600}, "544.nab_r": {"95th_latency": 2440.0, "99th_latency": 2609.0, "violate_rate": 19.437094805698543, "throughput": 3600}, "520.omnetpp_r": {"95th_latency": 11097.0, "99th_latency": 17516.0, "violate_rate": 100.0, "throughput": 3600}, "523.xalancbmk_r": {"95th_latency": 2732.0, "99th_latency": 4072.0, "violate_rate": 29.766117181864338, "throughput": 3600}, "557.xz_r": {"95th_latency": 16933.0, "99th_latency": 18287.0, "violate_rate": 36.81116376373879, "throughput": 3600}, "baseline": {"95th_latency": 3848.0, "99th_latency": 16056.999999999998, "violate_rate": 48.9842473290974, "throughput": 3600}}}
{"masstree": {"519.lbm_r": {"95th_latency": 13871.0, "99th_latency": 29013.0, "violate_rate": 19.49954139544903, "throughput": 3600}, "544.nab_r": {"95th_latency": 2905.0, "99th_latency": 4739.0, "violate_rate": 26.44394456081633, "throughput": 3600}, "520.omnetpp_r": {"95th_latency": 7918.0, "99th_latency": 11419.0, "violate_rate": 100.0, "throughput": 3600}, "523.xalancbmk_r": {"95th_latency": 3930.0, "99th_latency": 5181.0, "violate_rate": 80.59905479529833, "throughput": 3600}, "557.xz_r": {"95th_latency": 7780.0, "99th_latency": 15577.0, "violate_rate": 61.201685934149225, "throughput": 3600}, "baseline": {"95th_latency": 3164.0, "99th_latency": 6589.0, "violate_rate": 85.06270411495754, "throughput": 3600}}}
{"masstree": {"519.lbm_r": {"95th_latency": 11571.0, "99th_latency": 11799.0, "violate_rate": 22.44974458290678, "throughput": 3600}, "544.nab_r": {"95th_latency": 6843.0, "99th_latency": 13439.0, "violate_rate": 55.88244611162894, "throughput": 3600}, "520.omnetpp_r": {"95th_latency": 3921.0, "99th_latency": 5076.0, "violate_rate": 68.07210529446253, "throughput": 3600}, "523.xalancbmk_r": {"95th_latency": 3423.0, "99th_latency": 3840.0, "violate_rate": 91.43180913022495, "throughput": 3600}, "557.xz_r": {"95th_latency": 3335.0, "99th_latency": 3757.0, "violate_rate": 53.191077132828916, "throughput": 3600}, "baseline": {"95th_latency": 5319.0, "99th_latency": 12913.0, "violate_rate": 31.55983145862645, "throughput": 3600}}}
{"masstree": {"519.lbm_r": {"95th_latency": 5707.0, "99th_latency": 11152.0, "violate_rate": 11.94640409993095, "throughput": 3600}, "544.nab_r": {"95th_latency": 2516.0, "99th_latency": 2742.0, "violate_rate": 21.58797365678617, "throughput": 3600}, "520.omnetpp_r": {"95th_latency": 12379.0, "99th_latency": 21010.0, "violate_rate": 100.0, "throughput": 3600}, "523.xalancbmk_r": {"95th_latency": 3733.0, "99th_latency": 3752.0, "violate_rate": 72.86693697817888, "throughput": 3600}, "557.xz_r": {"95th_latency": 3452.0, "99th_latency": 3733.0, "violate_rate": 53.15576283867915, "throughput": 3600}, "baseline": {"95th_latency": 4817.0, "99th_latency": 7838.0, "violate_rate": 88.42147495434375, "throughput": 3600}}}
{"masstree": {"519.lbm_r": {"95th_latency": 5005.0, "99th_latency": 11842.0, "violate_rate": 66.67083792171388, "throughput": 3600}, "544.nab_r": {"95th_latency": 2965.0, "99th_latency": 3445.0, "violate_rate": 28.488598225785985, "throughput": 3600}, "520.omnetpp_r": {"95th_latency": 9038.0, "99th_latency": 17529.0, "violate_rate": 43.58364022332116, "throughput": 3600}, "523.xalancbmk_r": {"95th_latency": 1050.0, "99th_latency": 1068.0, "violate_rate": 0.0, "throughput": 3600}, "557.xz_r": {"95th_latency": 2221.0, "99th_latency": 3687.0, "violate_rate": 5.050193295158212, "throughput": 3600}, "baseline": {"95th_latency": 1694.0, "99th_latency": 2095.0, "violate_rate": 3.6632043886072543, "throughput": 3600}}}
{"masstree": {"519.lbm_r": {"95th_latency": 8912.0, "99th_latency": 12385.0, "violate_rate": 76.16628318283765, "throughput": 3600}, "544.nab_r": {"95th_latency": 1050.0, "99th_latency": 1125.0, "violate_rate": 0.0, "throughput": 3600}, "520.omnetpp_r": {"95th_latency": 1376.0, "99th_latency": 1490.0, "violate_rate": 0.0, "throughput": 3600}, "523.xalancbmk_r": {"95th_latency": 6040.0, "99th_latency": 6423.0, "violate_rate": 42.92259363488686, "throughput": 3600}, "557.xz_r": {"95th_latency": 6367.0, "99th_latency": 15355.0, "violate_rate": 100.0, "throughput": 3600}, "baseline": {"95th_latency": 979.0, "99th_latency": 1049.0, "violate_rate": 0.0, "throughput": 3600}}}
