{"masstree": {"519.lbm_r": {"95th_latency": 7716.0, "99th_latency": 8620.0, "violate_rate": 41.55686585237276, "throughput": 3600}, "544.nab_r": {"95th_latency": 3086.0, "99th_latency": 8434.0, "violate_rate": 72.85925645557997, "throughput": 3600}, "520.omnetpp_r": {"95th_latency": 5215.0, "99th_latency": 5625.0, "violate_rate": 80.01694463322397, "throughput": 3600}, "523.xalancbmk_r": {"95th_latency": 3200.0, "99th_latency": 3372.0, "violate_rate": 77.34469845883815, "throughput": 3600}, "557.xz_r": {"95th_latency": 4328.0, "99th_latency": 4475.0, "violate_rate": 82.03465682355767, "throughput": 3600}, "baseline": {"95th_latency": 2811.0, "99th_latency": 3167.0, "violate_rate": 55.08987370776218, "throughput": 3600}}}
{"masstree": {"519.lbm_r": {"95th_latency": 12117.0, "99th_latency": 17605.0, "violate_rate": 100.0, "throughput": 3600}, "544.nab_r": {"95th_latency": 3182.0, "99th_latency": 5938.0, "violate_rate": 16.962801587441753, "throughput": 3600}, "520.omnetpp_r": {"95th_latency": 10607.0, "99th_latency": 17298.0, "violate_rate": 50.39511133419594, "throughput": 3600}, "523.xalancbmk_r": {"95th_latency": 7436.0, "99th_latency": 10562.0, "violate_rate": 44.996219821157524, "throughput": 3600}, "557.xz_r": {"95th_latency": 5448.0, "99th_latency": 6493.0, "violate_rate": 84.09645054560266, "throughput": 3600}, "baseline": {"95th_latency": 2384.0, "99th_latency": 2498.0, "violate_rate": 27.553318571178835, "throughput": 3600}}}
{"masstree": {"519.lbm_r": {"95th_latency": 4195.0, "99th_latency": 12730.0, "violate_rate": 7.9011205551932955, "throughput": 3600}, "544.nab_r": {"95th_latency": 5056.0, "99th_latency": 6454.0, "violate_rate": 18.89305234957122, "throughput": 3600}, "520.omnetpp_r": {"95th_latency": 9264.0, "99th_latency": 17898.0, "violate_rate": 100.0, "throughput": 3600}, "523.xalancbmk_r": {"95th_latency": 3955.0, "99th_latency": 5031.0, "violate_rate": 38.20216013686364, "throughput": 3600}, "557.xz_r": {"95th_latency": 3827.0, "99th_latency": 4861.0, "violate_rate": 75.58227217675756, "throughput": 3600}, "baseline": {"95th_latency": 2392.0, "99th_latency": 2851.0, "violate_rate": 20.184612547114334, "throughput": 3600}}}
{"masstree": {"519.lbm_r": {"95th_latency": 23680.0, "99th_latency": 54022.0, "violate_rate": 19.44473810171832, "throughput": 3600}, "544.nab_r": {"95th_latency": 2653.0, "99th_latency": 2752.0, "violate_rate": 35.709319113712034, "throughput": 3600}, "520.omnetpp_r": {"95th_latency": 7345.0, "99th_latency": 14643.0, "violate_rate": 88.41382957862787, "throughput": 3600}, "523.xalancbmk_r": {"95th_latency": 11571.0, "99th_latency": 16403.0, "violate_rate": 63.52982513210273, "throughput": 3600}, "557.xz_r": {"95th_latency": 3254.0, "99th_latency": 4176.0, "violate_rate": 49.98091021947392, "throughput": 3600}, "baseline": {"95th_latency": 10391.0, "99th_latency": 23274.0, "violate_rate": 100.0, "throughput": 3600}}}
{"masstree": {"519.lbm_r": {"95th_latency": 5760.0, "99th_latency": 11942.0, "violate_rate": 93.67152060668182, "throughput": 3600}, "544.nab_r": {"95th_latency": 3161.0, "99th_latency": 3378.0, "violate_rate": 64.583549704474, "throughput": 3600}, "520.omnetpp_r": {"95th_latency": 8757.0, "99th_latency": 15939.0, "violate_rate": 39.262378190434525, "throughput": 3600}, "523.xalancbmk_r": {"95th_latency": 4407.0, "99th_latency": 4793.0, "violate_rate": 88.32866318268822, "throughput": 3600}, "557.xz_r": {"95th_latency": 6406.0, "99th_latency": 10032.0, "violate_rate": 36.07258544203462, "throughput": 3600}, "baseline": {"95th_latency": 2093.0, "99th_latency": 2530.0, "violate_rate": 12.1466667534954, "throughput": 3600}}}
{"masstree": {"519.lbm_r": {"95th_latency": 10901.0, "99th_latency": 11295.0, "violate_rate": 28.547817298816906, "throughput": 3600}, "544.nab_r": {"95th_latency": 7551.0, "99th_latency": 20199.0, "violate_rate": 100.0, "throughput": 3600}, "520.omnetpp_r": {"95th_latency": 5211.0, "99th_latency": 5590.0, "violate_rate": 71.00951488568104, "throughput": 3600}, "523.xalancbmk_r": {"95th_latency": 11444.0, "99th_latency": 28181.0, "violate_rate": 100.0, "throughput": 3600}, "557.xz_r": {"95th_latency": 7236.0, "99th_latency": 13233.0, "violate_rate": 100.0, "throughput": 3600}, "baseline": {"95th_latency": 5908.0, "99th_latency": 8298.0, "violate_rate": 28.731281607160014, "throughput": 3600}}}
{"masstree": {"519.lbm_r": {"95th_latency": 16723.0, "99th_latency": 22422.0, "violate_rate": 100.0, "throughput": 3600}, "544.nab_r": {"95th_latency": 1139.0, "99th_latency": 1379.0, "violate_rate": 0.0, "throughput": 3600}, "520.omnetpp_r": {"95th_latency": 1579.0, "99th_latency": 1773.0, "violate_rate": 0.0, "throughput": 3600}, "523.xalancbmk_r": {"95th_latency": 927.0, "99th_latency": 997.0, "violate_rate": 0.0, "throughput": 3600}, "557.xz_r": {"95th_latency": 2729.0, "99th_latency": 3943.0, "violate_rate": 8.75792771123562, "throughput": 3600}, "baseline": {"95th_latency": 985.0, "99th_latency": 1274.0, "violate_rate": 0.0, "throughput": 3600}}}
{"masstree": {"519.lbm_r": {"95th_latency": 7649.0, "99th_latency": 11210.0, "violate_rate": 65.05553352528402, "throughput": 3600}, "544.nab_r": {"95th_latency": 1014.9999999999999, "99th_latency": 1066.0, "violate_rate": 0.0, "throughput": 3600}, "520.omnetpp_r": {"95th_latency": 2017.0, "99th_latency": 2494.0, "violate_rate": 6.733150921658983, "throughput": 3600}, "523.xalancbmk_r": {"95th_latency": 1061.0, "99th_latency": 1095.0, "violate_rate": 0.0, "throughput": 3600}, "557.xz_r": {"95th_latency": 8343.0, "99th_latency": 9426.0, "violate_rate": 24.995115528662154, "throughput": 3600}, "baseline": {"95th_latency": 1014.9999999999999, "99th_latency": 1084.0, "violate_rate": 0.0, "throughput": 3600}}}
