{"masstree": {"519.lbm_r": {"95th_latency": 10481.0, "99th_latency": 17601.0, "violate_rate": 93.73105930299165, "throughput": 3600}, "544.nab_r": {"95th_latency": 7537.0, "99th_latency": 11439.0, "violate_rate": 63.65471848153978, "throughput": 3600}, "520.omnetpp_r": {"95th_latency": 6373.0, "99th_latency": 20619.0, "violate_rate": 100.0, "throughput": 3600}, "523.xalancbmk_r": {"95th_latency": 2886.0, "99th_latency": 3262.0, "violate_rate": 64.51255197810278, "throughput": 3600}, "557.xz_r": {"95th_latency": 6737.0, "99th_latency": 10636.0, "violate_rate": 40.97517883306042, "throughput": 3600}, "baseline": {"95th_latency": 2953.0, "99th_latency": 3365.0, "violate_rate": 52.78388363331827, "throughput": 3600}}}
{"masstree": {"519.lbm_r": {"95th_latency": 13532.0, "99th_latency": 32974.0, "violate_rate": 100.0, "throughput": 3600}, "544.nab_r": {"95th_latency": 4485.0, "99th_latency": 8957.0, "violate_rate": 92.83364206140712, "throughput": 3600}, "520.omnetpp_r": {"95th_latency": 4042.0, "99th_latency": 4206.0, "violate_rate": 91.60522517649922, "throughput": 3600}, "523.xalancbmk_r": {"95th_latency": 2494.0, "99th_latency": 2816.0, "violate_rate": 30.860551037077784, "throughput": 3600}, "557.xz_r": {"95th_latency": 3775.0, "99th_latency": 4120.0, "violate_rate": 88.79007187273461, "throughput": 3600}, "baseline": {"95th_latency": 2904.0, "99th_latency": 3150.0, "violate_rate": 36.56635213894512, "throughput": 3600}}}
{"masstree": {"519.lbm_r": {"95th_latency": 50796.0, "99th_latency": 54098.0, "violate_rate": 100.0, "throughput": 3600}, "544.nab_r": {"95th_latency": 3980.0, "99th_latency": 4585.0, "violate_rate": 74.8601868530842, "throughput": 3600}, "520.omnetpp_r": {"95th_latency": 6217.0, "99th_latency": 6535.0, "violate_rate": 69.37371408839478, "throughput": 3600}, "523.xalancbmk_r": {"95th_latency": 3960.0, "99th_latency": 4556.0, "violate_rate": 94.44009060011902, "throughput": 3600}, "557.xz_r": {"95th_latency": 4707.0, "99th_latency": 4772.0, "violate_rate": 86.11911603190627, "throughput": 3600}, "baseline": {"95th_latency": 2152.0, "99th_latency": 2385.0, "violate_rate": 6.069195275100053, "throughput": 3600}}}
{"masstree": {"519.lbm_r": {"95th_latency": 13195.0, "99th_latency": 17978.0, "violate_rate": 100.0, "throughput": 3600}, "544.nab_r": {"95th_latency": 3547.0, "99th_latency": 4507.0, "violate_rate": 83.74871264197895, "throughput": 3600}, "520.omnetpp_r": {"95th_latency": 8751.0, "99th_latency": 9324.0, "violate_rate": 44.68845352837548, "throughput": 3600}, "523.xalancbmk_r": {"95th_latency": 2937.0, "99th_latency": 3059.0, "violate_rate": 37.66410556528252, "throughput": 3600}, "557.xz_r": {"95th_latency": 3445.0, "99th_latency": 8688.0, "violate_rate": 83.94389414615718, "throughput": 3600}, "baseline": {"95th_latency": 2764.0, "99th_latency": 2978.0, "violate_rate": 54.98847628202845, "throughput": 3600}}}
{"masstree": {"519.lbm_r": {"95th_latency": 11735.0, "99th_latency": 30276.0, "violate_rate": 22.467340075186506, "throughput": 3600}, "544.nab_r": {"95th_latency": 6468.0, "99th_latency": 13611.0, "violate_rate": 88.12283514551271, "throughput": 3600}, "520.omnetpp_r": {"95th_latency": 3944.0, "99th_latency": 8150.0, "violate_rate": 84.18572239389545, "throughput": 3600}, "523.xalancbmk_r": {"95th_latency": 3841.0, "99th_latency": 6001.0, "violate_rate": 67.1392620733559, "throughput": 3600}, "557.xz_r": {"95th_latency": 7308.0, "99th_latency": 8908.0, "violate_rate": 68.71437531554288, "throughput": 3600}, "baseline": {"95th_latency": 8219.0, "99th_latency": 16045.000000000002, "violate_rate": 37.77610645596051, "throughput": 3600}}}
{"masstree": {"519.lbm_r": {"95th_latency": 12133.0, "99th_latency": 12673.0, "violate_rate": 14.60546650557123, "throughput": 3600}, "544.nab_r": {"95th_latency": 3452.0, "99th_latency": 3636.0, "violate_rate": 67.61741930580094, "throughput": 3600}, "520.omnetpp_r": {"95th_latency": 5136.0, "99th_latency": 7503.0, "violate_rate": 93.96378194062555, "throughput": 3600}, "523.xalancbmk_r": {"95th_latency": 1100.0, "99th_latency": 1249.0, "violate_rate": 0.0, "throughput": 3600}, "557.xz_r": {"95th_latency": 1068.0, "99th_latency": 1113.0, "violate_rate": 0.0, "throughput": 3600}, "baseline": {"95th_latency": 1033.0, "99th_latency": 1068.0, "violate_rate": 0.0, "throughput": 3600}}}
{"masstree": {"519.lbm_r": {"95th_latency": 6638.0, "99th_latency": 14201.0, "violate_rate": 24.534920501791255, "throughput": 3600}, "544.nab_r": {"95th_latency": 1978.0, "99th_latency": 2388.0, "violate_rate": 4.184100542528856, "throughput": 3600}, "520.omnetpp_r": {"95th_latency": 2081.0, "99th_latency": 2785.0, "violate_rate": 5.47752770600946, "throughput": 3600}, "523.xalancbmk_r": {"95th_latency": 1035.0, "99th_latency": 1062.0, "violate_rate": 0.0, "throughput": 3600}, "557.xz_r": {"95th_latency": 2735.0, "99th_latency": 3520.0, "violate_rate": 7.422303754107819, "throughput": 3600}, "baseline": {"95th_latency": 3363.0, "99th_latency": 5339.0, "violate_rate": 16.660441213716116, "throughput": 3600}}}
{"masstree": {"519.lbm_r": {"95th_latency": 11363.0, "99th_latency": 16198.0, "violate_rate": 76.94733642506036, "throughput": 3600}, "544.nab_r": {"95th_latency": 963.0, "99th_latency": 1063.0, "violate_rate": 0.0, "throughput": 3600}, "520.omnetpp_r": {"95th_latency": 1601.0, "99th_latency": 1828.0, "violate_rate": 0.0, "throughput": 3600}, "523.xalancbmk_r": {"95th_latency": 1041.0, "99th_latency": 1137.0, "violate_rate": 0.0, "throughput": 3600}, "557.xz_r": {"95th_latency": 1156.0, "99th_latency": 1281.0, "violate_rate": 0.0, "throughput": 3600}, "baseline": {"95th_latency": 2772.0, "99th_latency": 3282.0, "violate_rate": 26.01138450238709, "throughput": 3600}}}
