{"baseline": [458.25, 25294.846999999998], "519.lbm_r_100_100_130": [526.5, 25571.326999999997]}
{"baseline": [443.5, 25270.271], "519.lbm_r_100_100_130": [370.625, 25499.647]}
{"baseline": [437.375, 25450.495], "519.lbm_r_100_100_130": [450.25, 25387.006999999998]}
{"baseline": [476.375, 25583.615], "519.lbm_r_100_100_130": [256.625, 25206.783]}
{"baseline": [551.75, 25286.655], "519.lbm_r_100_100_130": [715.125, 25438.207]}
{"baseline": [661.875, 25511.934999999998], "519.lbm_r_100_100_130": [343.5, 25466.879]}
{"baseline": [715.375, 25276.415], "519.lbm_r_100_100_130": [384.0, 25288.703]}
{"baseline": [307.25, 25499.647], "519.lbm_r_100_100_130": [503.5, 25477.119]}
{"baseline": [445.625, 25403.391], "519.lbm_r_100_100_130": [429.125, 25296.895]}
{"baseline": [324.875, 25630.719], "519.lbm_r_100_100_130": [554.25, 25384.959]}
