{"baseline": [13010.625, 25479.167], "519.lbm_r_100_100_130": [12058.0, 25567.231]}
{"baseline": [16723.75, 25585.663], "519.lbm_r_100_100_130": [13333.125, 25638.911]}
{"baseline": [16911.75, 25491.454999999998], "519.lbm_r_100_100_130": [15202.75, 25653.247]}
{"baseline": [16979.875, 25575.423], "519.lbm_r_100_100_130": [15427.625, 25661.439]}
{"baseline": [18515.625, 25577.470999999998], "519.lbm_r_100_100_130": [12718.75, 25473.023]}
{"baseline": [17732.625, 25131.006999999998], "519.lbm_r_100_100_130": [18224.0, 25653.247]}
{"baseline": [16373.625, 25579.519], "519.lbm_r_100_100_130": [14672.75, 25456.639]}
{"baseline": [14634.875, 25692.159], "519.lbm_r_100_100_130": [14747.5, 25559.039]}
{"baseline": [16025.25, 25464.831], "519.lbm_r_100_100_130": [11614.25, 25346.047]}
{"baseline": [13019.625, 25663.487], "519.lbm_r_100_100_130": [10696.625, 25661.439]}
