{"baseline": [398.0, 25118.719], "519.lbm_r_100_100_130": [380.5, 24995.839]}
{"baseline": [422.125, 25341.951], "519.lbm_r_100_100_130": [540.875, 25407.487]}
{"baseline": [495.375, 25251.839], "519.lbm_r_100_100_130": [537.375, 25024.511]}
{"baseline": [680.25, 25348.095], "519.lbm_r_100_100_130": [575.25, 25075.711]}
{"baseline": [710.125, 25253.887], "519.lbm_r_100_100_130": [342.625, 25227.263]}
{"baseline": [535.75, 25360.382999999998], "519.lbm_r_100_100_130": [565.875, 25229.311]}
{"baseline": [834.5, 25163.774999999998], "519.lbm_r_100_100_130": [699.75, 25217.023]}
{"baseline": [532.375, 25356.287], "519.lbm_r_100_100_130": [587.0, 25341.951]}
{"baseline": [696.125, 25348.095], "519.lbm_r_100_100_130": [572.5, 25026.559]}
{"baseline": [747.25, 25352.191], "519.lbm_r_100_100_130": [538.125, 25221.119]}
