{"baseline": [553.875, 25649.150999999998], "519.lbm_r_100_100_130": [553.75, 25722.879]}
{"baseline": [378.5, 25843.711], "519.lbm_r_100_100_130": [480.375, 25720.831]}
{"baseline": [778.375, 25726.975], "519.lbm_r_100_100_130": [843.5, 25569.279]}
{"baseline": [567.0, 25831.423], "519.lbm_r_100_100_130": [890.75, 25616.383]}
{"baseline": [454.875, 25747.455], "519.lbm_r_100_100_130": [859.5, 25190.398999999998]}
{"baseline": [426.5, 25645.055], "519.lbm_r_100_100_130": [700.0, 25608.191]}
{"baseline": [510.75, 25757.695], "519.lbm_r_100_100_130": [663.625, 25577.470999999998]}
{"baseline": [691.125, 25651.199], "519.lbm_r_100_100_130": [567.5, 25729.023]}
{"baseline": [487.875, 25653.247], "519.lbm_r_100_100_130": [414.0, 25593.855]}
{"baseline": [414.875, 25632.767], "519.lbm_r_100_100_130": [537.5, 24999.935]}
