{"baseline": [691.125, 25528.319], "519.lbm_r_100_100_130": [779.25, 25397.247]}
{"baseline": [860.75, 25348.095], "519.lbm_r_100_100_130": [389.5, 25202.686999999998]}
{"baseline": [535.875, 25509.887], "519.lbm_r_100_100_130": [376.75, 25217.023]}
{"baseline": [535.125, 25440.255], "519.lbm_r_100_100_130": [553.0, 25296.895]}
{"baseline": [788.625, 25446.399], "519.lbm_r_100_100_130": [682.0, 24940.542999999998]}
{"baseline": [526.875, 25358.335], "519.lbm_r_100_100_130": [604.0, 25397.247]}
{"baseline": [859.75, 25618.431], "519.lbm_r_100_100_130": [695.625, 25307.135000000002]}
{"baseline": [707.75, 25524.222999999998], "519.lbm_r_100_100_130": [516.375, 25411.583]}
{"baseline": [567.75, 25407.487], "519.lbm_r_100_100_130": [393.625, 25393.150999999998]}
{"baseline": [526.75, 25415.679], "519.lbm_r_100_100_130": [440.5, 25499.647]}
