{"baseline": [617.25, 25540.607], "519.lbm_r_100_100_130": [416.625, 25569.279]}
{"baseline": [655.0, 25489.407], "519.lbm_r_100_100_130": [517.625, 25272.319]}
{"baseline": [828.125, 25575.423], "519.lbm_r_100_100_130": [616.0, 25470.975]}
{"baseline": [610.375, 25618.431], "519.lbm_r_100_100_130": [585.125, 25376.767]}
{"baseline": [512.25, 25591.807], "519.lbm_r_100_100_130": [406.375, 25387.006999999998]}
{"baseline": [465.375, 25606.143], "519.lbm_r_100_100_130": [590.875, 25483.263]}
{"baseline": [577.125, 25585.663], "519.lbm_r_100_100_130": [538.75, 25477.119]}
{"baseline": [626.75, 25296.895], "519.lbm_r_100_100_130": [563.75, 25374.719]}
{"baseline": [721.625, 25403.391], "519.lbm_r_100_100_130": [513.375, 25380.862999999998]}
{"baseline": [1644.75, 25518.078999999998], "519.lbm_r_100_100_130": [599.875, 25387.007]}
