{"baseline": [19822.75, 25374.718999999997], "519.lbm_r_100_100_130": [20311.5, 25485.311]}
{"baseline": [17001.375, 25491.455], "519.lbm_r_100_100_130": [18698.625, 25296.895]}
{"baseline": [21498.0, 25513.983], "519.lbm_r_100_100_130": [17895.5, 25481.215]}
{"baseline": [21556.625, 25507.839], "519.lbm_r_100_100_130": [21586.625, 25376.767]}
{"baseline": [22352.625, 25507.839], "519.lbm_r_100_100_130": [20282.75, 25313.279]}
{"baseline": [20555.125, 25591.807], "519.lbm_r_100_100_130": [20323.75, 25389.055]}
{"baseline": [21287.625, 25405.439], "519.lbm_r_100_100_130": [19101.125, 25401.343]}
{"baseline": [17487.125, 25497.599000000002], "519.lbm_r_100_100_130": [19549.875, 25401.343]}
{"baseline": [19569.5, 25487.359], "519.lbm_r_100_100_130": [15235.625, 25479.167]}
{"baseline": [24410.875, 25501.695], "519.lbm_r_100_100_130": [18018.875, 25581.567]}
