{"baseline": [1521.0, 25817.087], "519.lbm_r_100_100_130": [1837.625, 25612.287]}
{"baseline": [1922.5, 25722.879], "519.lbm_r_100_100_130": [1453.375, 25700.351]}
{"baseline": [2092.625, 25722.879], "519.lbm_r_100_100_130": [2181.125, 25587.711]}
{"baseline": [1550.125, 25702.399], "519.lbm_r_100_100_130": [1063.875, 25612.287]}
{"baseline": [1661.25, 25698.303], "519.lbm_r_100_100_130": [1486.0, 25788.415]}
{"baseline": [1733.0, 25606.143], "519.lbm_r_100_100_130": [1802.375, 25606.143]}
{"baseline": [2415.25, 25712.639], "519.lbm_r_100_100_130": [1375.375, 25696.255]}
{"baseline": [1497.75, 25503.743000000002], "519.lbm_r_100_100_130": [1716.25, 25692.159]}
{"baseline": [1900.5, 25720.831], "519.lbm_r_100_100_130": [1908.125, 25694.207]}
{"baseline": [1790.875, 25708.542999999998], "519.lbm_r_100_100_130": [1895.75, 25694.207]}
