{"baseline": [499.125, 25387.006999999998], "519.lbm_r_100_100_130": [782.25, 25462.783]}
{"baseline": [407.75, 25772.031], "519.lbm_r_100_100_130": [641.125, 25440.255]}
{"baseline": [913.125, 25487.359], "519.lbm_r_100_100_130": [772.875, 25430.015]}
{"baseline": [784.875, 25460.735], "519.lbm_r_100_100_130": [408.875, 25260.031]}
{"baseline": [731.25, 25655.295], "519.lbm_r_100_100_130": [440.25, 25458.686999999998]}
{"baseline": [746.25, 25675.775], "519.lbm_r_100_100_130": [1039.125, 25456.639]}
{"baseline": [602.875, 25690.111], "519.lbm_r_100_100_130": [597.375, 25565.183]}
{"baseline": [488.0, 25581.567], "519.lbm_r_100_100_130": [500.75, 25452.542999999998]}
{"baseline": [1089.375, 25774.079], "519.lbm_r_100_100_130": [687.375, 25563.135]}
{"baseline": [803.875, 25683.967], "519.lbm_r_100_100_130": [518.25, 25462.783]}
