{"baseline": [14174.125, 25491.455], "519.lbm_r_100_100_130": [12588.125, 25473.023]}
{"baseline": [15520.875, 25620.479], "519.lbm_r_100_100_130": [15498.375, 25362.431]}
{"baseline": [14023.25, 25599.999], "519.lbm_r_100_100_130": [13213.875, 24981.503]}
{"baseline": [15924.375, 25499.647], "519.lbm_r_100_100_130": [15812.125, 24989.695]}
{"baseline": [16673.25, 25487.359], "519.lbm_r_100_100_130": [13640.25, 25395.199]}
{"baseline": [15229.125, 25618.431], "519.lbm_r_100_100_130": [12925.5, 25487.359]}
{"baseline": [12886.25, 25602.047], "519.lbm_r_100_100_130": [12965.625, 25272.319]}
{"baseline": [16871.25, 25327.614999999998], "519.lbm_r_100_100_130": [14416.0, 25352.191]}
{"baseline": [13261.375, 25202.686999999998], "519.lbm_r_100_100_130": [14659.75, 25380.862999999998]}
{"baseline": [14043.375, 25618.431], "519.lbm_r_100_100_130": [15654.625, 25274.367]}
