{"baseline": [22886.875, 25282.559], "519.lbm_r_100_100_130": [17925.625, 25196.542999999998]}
{"baseline": [20677.625, 25456.639], "519.lbm_r_100_100_130": [16221.0, 25229.310999999998]}
{"baseline": [20072.0, 25266.175], "519.lbm_r_100_100_130": [16658.25, 25317.375]}
{"baseline": [23923.0, 25096.191], "519.lbm_r_100_100_130": [23478.375, 25317.375]}
{"baseline": [20831.25, 25114.623], "519.lbm_r_100_100_130": [19581.75, 25120.767]}
{"baseline": [21949.375, 25296.895], "519.lbm_r_100_100_130": [19360.625, 25128.959]}
{"baseline": [23733.875, 25280.511], "519.lbm_r_100_100_130": [19131.875, 25339.903]}
{"baseline": [20121.875, 25552.895], "519.lbm_r_100_100_130": [17753.125, 25229.311]}
{"baseline": [18529.25, 25274.367], "519.lbm_r_100_100_130": [15790.75, 25321.470999999998]}
{"baseline": [22481.0, 25526.271], "519.lbm_r_100_100_130": [21776.375, 25235.455]}
