{"baseline": [7316.375, 25141.247], "519.lbm_r_100_100_130": [5591.75, 25581.567]}
{"baseline": [6289.125, 25599.999], "519.lbm_r_100_100_130": [7019.0, 25165.823]}
{"baseline": [6830.625, 25501.695], "519.lbm_r_100_100_130": [7212.75, 25294.846999999998]}
{"baseline": [6773.75, 25618.431], "519.lbm_r_100_100_130": [5916.875, 25387.006999999998]}
{"baseline": [6562.75, 25591.807], "519.lbm_r_100_100_130": [5431.25, 25372.671]}
{"baseline": [5879.625, 25585.663], "519.lbm_r_100_100_130": [7483.125, 25473.023]}
{"baseline": [7784.75, 25530.367], "519.lbm_r_100_100_130": [6008.5, 25280.511]}
{"baseline": [6389.25, 25700.351], "519.lbm_r_100_100_130": [6877.5, 25489.407]}
{"baseline": [6552.125, 25405.439], "519.lbm_r_100_100_130": [6875.375, 25389.055]}
{"baseline": [6458.375, 25513.983], "519.lbm_r_100_100_130": [5979.625, 25493.503]}
