{"baseline": [329.25, 25835.519], "519.lbm_r_100_100_130": [438.125, 25530.367]}
{"baseline": [616.75, 25841.663], "519.lbm_r_100_100_130": [300.0, 25638.911]}
{"baseline": [675.75, 25780.222999999998], "519.lbm_r_100_100_130": [311.5, 25729.023]}
{"baseline": [411.375, 25737.215], "519.lbm_r_100_100_130": [332.125, 25432.063]}
{"baseline": [595.0, 25538.559], "519.lbm_r_100_100_130": [280.625, 25622.527000000002]}
{"baseline": [800.875, 25546.751], "519.lbm_r_100_100_130": [587.25, 25303.039]}
{"baseline": [894.0, 25638.911], "519.lbm_r_100_100_130": [353.75, 25530.367]}
{"baseline": [484.25, 25548.799], "519.lbm_r_100_100_130": [337.375, 25731.071]}
{"baseline": [811.125, 25735.167], "519.lbm_r_100_100_130": [499.125, 25448.447]}
{"baseline": [734.625, 25776.127], "519.lbm_r_100_100_130": [526.25, 25427.967]}
