{"baseline": [535608.375, 25550.847], "519.lbm_r_100_100_130": [406123.25, 25628.671]}
{"baseline": [499280.125, 25753.599000000002], "519.lbm_r_100_100_130": [217484.25, 25452.543]}
{"baseline": [233114.75, 25753.599000000002], "519.lbm_r_100_100_130": [471020.375, 25640.959]}
{"baseline": [360029.625, 25645.055], "519.lbm_r_100_100_130": [379422.25, 25430.015]}
{"baseline": [332138.625, 25845.759], "519.lbm_r_100_100_130": [418876.625, 25626.623]}
{"baseline": [455456.125, 25759.743], "519.lbm_r_100_100_130": [410176.375, 25430.015]}
{"baseline": [541487.5, 25726.975], "519.lbm_r_100_100_130": [410294.0, 25434.111]}
{"baseline": [313014.625, 25647.103], "519.lbm_r_100_100_130": [424751.375, 25423.871]}
{"baseline": [417742.5, 25733.119], "519.lbm_r_100_100_130": [451849.25, 25634.815]}
{"baseline": [410925.125, 25737.215], "519.lbm_r_100_100_130": [471472.375, 25350.143]}
