{"baseline": [251.625, 25737.215], "519.lbm_r_100_100_130": [434.25, 25630.719]}
{"baseline": [374.375, 25524.222999999998], "519.lbm_r_100_100_130": [205.25, 25456.639]}
{"baseline": [525.625, 25757.695], "519.lbm_r_100_100_130": [210.5, 25630.719]}
{"baseline": [252.25, 25643.007], "519.lbm_r_100_100_130": [302.5, 25729.023]}
{"baseline": [274.625, 25759.743000000002], "519.lbm_r_100_100_130": [246.625, 25434.110999999997]}
{"baseline": [529.0, 25452.542999999998], "519.lbm_r_100_100_130": [279.625, 25583.614999999998]}
{"baseline": [227.5, 25647.103], "519.lbm_r_100_100_130": [218.75, 25534.463]}
{"baseline": [411.125, 25442.303], "519.lbm_r_100_100_130": [238.875, 25532.415]}
{"baseline": [243.25, 25835.519], "519.lbm_r_100_100_130": [250.375, 25425.918999999998]}
{"baseline": [250.875, 25663.487], "519.lbm_r_100_100_130": [368.0, 25276.415]}
