{"baseline": [247.875, 25182.207], "519.lbm_r_100_100_130": [223.125, 25241.599]}
{"baseline": [259.875, 25135.103], "519.lbm_r_100_100_130": [240.0, 25298.943]}
{"baseline": [325.0, 25335.807], "519.lbm_r_100_100_130": [258.5, 25413.631]}
{"baseline": [268.25, 25149.439], "519.lbm_r_100_100_130": [237.125, 25411.583]}
{"baseline": [242.0, 25126.911], "519.lbm_r_100_100_130": [305.125, 25186.303]}
{"baseline": [273.0, 25245.695], "519.lbm_r_100_100_130": [207.375, 25393.150999999998]}
{"baseline": [195.75, 25171.967], "519.lbm_r_100_100_130": [201.0, 25235.454999999998]}
{"baseline": [241.5, 25516.031], "519.lbm_r_100_100_130": [202.75, 25376.767]}
{"baseline": [220.5, 25376.767], "519.lbm_r_100_100_130": [238.125, 25423.871]}
{"baseline": [267.75, 25315.327], "519.lbm_r_100_100_130": [223.125, 25300.990999999998]}
