{"baseline": [14685.875, 25495.551], "519.lbm_r_100_100_130": [12881.375, 25219.071]}
{"baseline": [16223.375, 25290.751], "519.lbm_r_100_100_130": [11950.5, 25341.951]}
{"baseline": [17199.75, 25432.063000000002], "519.lbm_r_100_100_130": [10887.625, 25309.183]}
{"baseline": [23702.625, 25200.639], "519.lbm_r_100_100_130": [14336.25, 25305.087]}
{"baseline": [16506.625, 25348.095], "519.lbm_r_100_100_130": [14842.125, 25313.279]}
{"baseline": [16964.125, 25239.551], "519.lbm_r_100_100_130": [14009.875, 25331.711]}
{"baseline": [18827.875, 25382.911], "519.lbm_r_100_100_130": [15267.875, 25100.287]}
{"baseline": [16790.75, 25430.015], "519.lbm_r_100_100_130": [14090.625, 25331.711]}
{"baseline": [15255.25, 25346.047], "519.lbm_r_100_100_130": [12669.25, 25196.542999999998]}
{"baseline": [16000.625, 25348.095], "519.lbm_r_100_100_130": [16102.125, 25212.927]}
