{"519.lbm_r": [[47.125, 0.0], [2970.5, 1.173338095238098]], "baseline": [[43.5, 0.0], [2965.0, 1.2151970238095284]]}
{"519.lbm_r": [[47.0, 0.0], [2961.25, 1.1051803571428596]], "baseline": [[44.0, 0.0], [2921.25, 0.8721041666666602]]}
{"519.lbm_r": [[48.0, 0.0], [2899.75, 0.8660605158730089]], "baseline": [[43.75, 0.0], [2916.25, 0.7869263888888806]]}
