{"519.lbm_r": [[56.5, 0.0], [2967.0, 1.089452976190481]], "baseline": [[50.375, 0.0], [2939.0, 0.8861914682539654]]}
{"519.lbm_r": [[56.25, 0.0], [2975.5, 1.424016437728939]], "baseline": [[49.875, 0.0], [2958.0, 0.9138827380952366]]}
{"519.lbm_r": [[58.375, 0.0], [2971.75, 1.1741720238095272]], "baseline": [[50.625, 0.0], [2968.0, 1.4731438852813872]]}
