{"519.lbm_r": [[41.25, 0.0], [2818.75, 0.5726851190476236]], "baseline": [[41.125, 0.0], [2988.75, 1.2616709706959701]]}
{"519.lbm_r": [[41.25, 0.0], [2979.25, 1.3106922619047632]], "baseline": [[40.125, 0.0], [2809.0, 0.6555440476190493]]}
{"519.lbm_r": [[41.625, 0.0], [2981.25, 1.309694688644689]], "baseline": [[40.0, 0.0], [2903.75, 0.811145238095232]]}
