{"519.lbm_r": [[64.25, 0.0], [2762.25, 0.4434299603174639]], "baseline": [[51.125, 0.0], [2754.75, 0.5961999999999978]]}
{"519.lbm_r": [[67.625, 0.0], [2737.0, 0.6354391025641019]], "baseline": [[51.0, 0.0], [2764.75, 0.39636197691197456]]}
{"519.lbm_r": [[63.75, 0.0], [2742.75, 0.5201382575757568]], "baseline": [[50.25, 0.0], [2771.0, 0.6195811507936538]]}
