{"519.lbm_r": [[49.5, 0.0], [2744.75, 0.8005951659451644]], "baseline": [[44.875, 0.0], [2757.0, 0.6237350829725854]]}
{"519.lbm_r": [[49.5, 0.0], [2741.0, 0.6626643939393924]], "baseline": [[44.375, 0.0], [2732.5, 0.9073930846930879]]}
{"519.lbm_r": [[48.125, 0.0], [2728.5, 0.5659300144300146]], "baseline": [[44.375, 0.0], [2753.0, 0.5714609890109891]]}
