{"519.lbm_r": [[56.0, 0.0], [3216.0, 1.7339401260504212]], "baseline": [[50.5, 0.0], [2975.25, 1.1582441993464065]]}
{"519.lbm_r": [[56.75, 0.0], [2955.5, 1.4765936683006546]], "baseline": [[50.5, 0.0], [3017.5, 1.491859433581125]]}
{"519.lbm_r": [[53.875, 0.0], [2949.25, 1.1697388888888913]], "baseline": [[50.0, 0.0], [2936.5, 0.9798269841269813]]}
