{"519.lbm_r": [[41.0, 0.0], [2743.5, 0.6373681623931626]], "baseline": [[41.25, 0.0], [2781.25, 0.9136533276772315]]}
{"519.lbm_r": [[41.625, 0.0], [2702.5, 0.70083345959596]], "baseline": [[40.75, 0.0], [2769.0, 0.5262446428571456]]}
{"519.lbm_r": [[40.625, 0.0], [2680.0, 0.5935157106782062]], "baseline": [[41.125, 0.0], [2744.0, 0.5357238095238114]]}
