{"519.lbm_r": [[141.75, 1.300815484282786], [2970.25, 1.180102164502169]], "baseline": [[129.0, 0.830253600054485], [2971.0, 1.333116071428574]]}
{"519.lbm_r": [[154.625, 1.4397444949798393], [2968.0, 1.2133253246753284]], "baseline": [[100.75, 0.6864188199232731], [2914.25, 0.839197222222214]]}
{"519.lbm_r": [[159.5, 1.6574061361807562], [2949.0, 1.1735678571428525]], "baseline": [[83.75, 0.0], [2962.0, 1.1498232142857165]]}
