{"519.lbm_r": [[40.75, 0.0], [2630.25, 0.44821525974026016]], "baseline": [[40.625, 0.0], [2695.0, 0.5173220238095195]]}
{"519.lbm_r": [[40.625, 0.0], [2667.0, 0.6929164141414113]], "baseline": [[40.625, 0.0], [2676.25, 0.44360119047619045]]}
{"519.lbm_r": [[40.875, 0.0], [2623.0, 0.5951577922077892]], "baseline": [[39.875, 0.0], [2642.25, 0.5462980800653585]]}
