{"519.lbm_r": [[65.375, 0.0], [2669.25, 0.829220725108226]], "baseline": [[50.375, 0.0], [2615.75, 0.4855375228937727]]}
{"519.lbm_r": [[62.125, 0.0], [2690.75, 0.3857466269841262]], "baseline": [[50.25, 0.0], [2621.25, 0.7425752622377615]]}
{"519.lbm_r": [[62.5, 0.0], [2682.0, 0.5494472222222236]], "baseline": [[50.75, 0.0], [2634.75, 0.565553479853479]]}
