{"519.lbm_r": [[45.625, 0.0], [2939.25, 1.2183548160173159]], "baseline": [[44.375, 0.0], [2946.0, 0.9724486111111088]]}
{"519.lbm_r": [[46.625, 0.0], [2994.0, 1.2338295231729055]], "baseline": [[44.375, 0.0], [2949.0, 1.096047222222223]]}
{"519.lbm_r": [[47.0, 0.0], [2960.5, 1.1803166666666687]], "baseline": [[43.625, 0.0], [2932.5, 1.1337736111111079]]}
