{"519.lbm_r": [[41.625, 0.0], [2984.25, 1.4086137196545283]], "baseline": [[40.125, 0.0], [2968.0, 1.291245054945055]]}
