{"519.lbm_r": [[42.375, 0.0], [2931.75, 0.723625468975466]], "baseline": [[40.125, 0.0], [2978.5, 1.4225609890109894]]}
{"519.lbm_r": [[42.125, 0.0], [2960.5, 1.1244357142857158]], "baseline": [[40.125, 0.0], [2966.25, 1.140702380952383]]}
{"519.lbm_r": [[42.125, 0.0], [2960.25, 1.0448226190476206]], "baseline": [[41.0, 0.0], [2974.5, 1.3060482142857177]]}
