{"519.lbm_r": [[48.125, 0.0], [2638.75, 0.5494153138528117]], "baseline": [[43.875, 0.0], [2687.75, 0.6427569444444418]]}
{"519.lbm_r": [[48.625, 0.0], [2652.5, 0.3739520292207816]], "baseline": [[44.875, 0.0], [2648.5, 0.43028636363636463]]}
{"519.lbm_r": [[49.125, 0.0], [2634.25, 0.7149407051282026]], "baseline": [[44.25, 0.0], [2692.25, 0.6496791666666619]]}
