{"519.lbm_r": [[44.5, 0.0], [2945.75, 1.1487847222222223]], "baseline": [[41.375, 0.0], [6517.0, 2.7575351506988426]]}
{"519.lbm_r": [[43.75, 0.0], [2985.25, 1.408294946311858]], "baseline": [[41.0, 0.0], [2951.25, 1.180329166666669]]}
{"519.lbm_r": [[42.75, 0.0], [2990.75, 1.3207359025627783]], "baseline": [[40.5, 0.0], [2948.75, 1.267202976190477]]}
