{"519.lbm_r": [[40.75, 0.0], [2734.75, 0.6069195707070691]], "baseline": [[40.25, 0.0], [2752.0, 0.6259238636363637]]}
{"519.lbm_r": [[40.75, 0.0], [2746.5, 0.4733583333333326]], "baseline": [[40.125, 0.0], [2746.25, 0.6873508838383846]]}
{"519.lbm_r": [[40.25, 0.0], [2738.75, 0.566902777777777]], "baseline": [[40.375, 0.0], [2763.0, 0.5587617784992812]]}
