{"519.lbm_r": [[165.375, 1.6221501169022652], [5006.5, 2.0822217349439773]], "baseline": [[88.125, 0.0], [2956.5, 1.3316746031746036]]}
{"519.lbm_r": [[143.5, 1.55260327188016], [2941.25, 1.0121652777777745]], "baseline": [[102.625, 0.0], [2949.25, 1.0679438492063504]]}
{"519.lbm_r": [[156.125, 1.4465706471711164], [2942.0, 1.2259888888888895]], "baseline": [[81.625, 0.0], [2976.25, 1.143405555555557]]}
