{"519.lbm_r": [[189.875, 1.50471553449123], [2654.75, 0.6120417735042714]], "baseline": [[82.875, 0.2403846153846154], [2683.25, 0.435309081196582]]}
{"519.lbm_r": [[193.0, 1.485408857361435], [2659.5, 0.491069029581529]], "baseline": [[108.875, 0.4553310613437196], [2679.0, 0.5309476370851316]]}
{"519.lbm_r": [[203.125, 1.4510872059149043], [2664.5, 0.5469482864357855]], "baseline": [[113.75, 0.699185058806447], [2620.25, 0.4348998015873008]]}
