{"519.lbm_r": [[197.5, 1.4770893215648069], [2769.0, 0.6225027777777817]], "baseline": [[100.875, 0.6713429002425414], [2759.25, 0.5602480699855701]]}
{"519.lbm_r": [[200.625, 1.4575966188340208], [2758.5, 0.6477009615384647]], "baseline": [[94.5, 0.0], [2731.0, 0.7295321428571389]]}
{"519.lbm_r": [[183.125, 1.5269479631184448], [2771.0, 0.6218083333333373]], "baseline": [[92.875, 0.2465277777777778], [2759.0, 0.6143865079365067]]}
