{"519.lbm_r": [[40.75, 0.0], [2645.25, 0.5346145833333324]], "baseline": [[40.625, 0.0], [2621.5, 0.4991890567765568]]}
{"519.lbm_r": [[41.0, 0.0], [2726.25, 0.6670726190476185]], "baseline": [[40.25, 0.0], [2695.5, 0.6328132756132763]]}
{"519.lbm_r": [[40.875, 0.0], [2711.75, 0.7719503968253971]], "baseline": [[40.125, 0.0], [2703.75, 0.5157898809523761]]}
