{"519.lbm_r": [[958.5, 1.0702585469935213], [3005.25, 1.400224242424242]], "baseline": [[926.75, 1.0709735535567035], [3002.0, 1.3985844696969691]]}
{"519.lbm_r": [[971.75, 1.0691252675206826], [3002.5, 1.376520075757575]], "baseline": [[949.25, 1.070890261813539], [3214.25, 2.3004137845849804]]}
{"519.lbm_r": [[830.0, 1.079945145041828], [3059.0, 1.6606833333333335]], "baseline": [[1090.625, 1.0648905810840517], [3005.5, 1.5226973484848483]]}
