{"519.lbm_r": [[513.625, 1.1499200234700648], [6466.0, 2.5101985234701196]], "baseline": [[532.875, 1.144388647449411], [2967.0, 1.254500549450553]]}
{"519.lbm_r": [[483.625, 1.1828784069278984], [2955.5, 1.0461811965811971]], "baseline": [[489.625, 1.166119017087643], [22283.0, 2.6988149436678848]]}
{"519.lbm_r": [[544.875, 1.138103995474252], [2959.75, 1.2800686507936492]], "baseline": [[524.375, 1.1700300881951593], [3029.25, 1.7055372023809534]]}
