{"519.lbm_r": [[725.625, 1.0919090878420206], [5477.5, 2.3716880341880344]], "baseline": [[718.5, 1.1006691677740654], [2991.25, 1.2481161630036615]]}
{"519.lbm_r": [[720.5, 1.1008787898895103], [9285.0, 3.070168242491657]], "baseline": [[729.875, 1.0934674758263445], [2986.5, 1.2660901098901083]]}
{"519.lbm_r": [[776.25, 1.0890055793578763], [2975.75, 1.2920910714285727]], "baseline": [[765.625, 1.1072521902228853], [3050.0, 1.5810447802197816]]}
