{"519.lbm_r": [[555.875, 1.1277766864809522], [2990.75, 1.1666166666666649]], "baseline": [[641.0, 1.1173868616204699], [2989.0, 1.2409537878787862]]}
{"519.lbm_r": [[539.875, 1.1367374988901537], [2989.5, 1.2216432900432896]], "baseline": [[559.0, 1.129881718182174], [2996.25, 1.4962235431235424]]}
{"519.lbm_r": [[574.5, 1.1239895563713473], [2982.5, 1.1974617424242437]], "baseline": [[621.0, 1.1276593930629055], [3044.5, 1.4598212121212135]]}
