{"519.lbm_r": [[866.25, 1.0768882845861452], [3032.75, 1.629756993006994]], "baseline": [[699.0, 1.1016159310664084], [3018.0, 1.5432715909090915]]}
{"519.lbm_r": [[800.25, 1.0843070736313285], [3034.0, 1.6006181818181835]], "baseline": [[682.25, 1.102498662654036], [3015.75, 1.6067185606060612]]}
{"519.lbm_r": [[836.625, 1.0828144403080082], [3050.5, 1.6590386363636371]], "baseline": [[828.125, 1.0807208543259548], [3038.75, 1.5745797979797993]]}
