{"519.lbm_r": [[808.0, 1.08817181606902], [3026.5, 1.5034623737373751]], "baseline": [[777.5, 1.0923459382851666], [3031.25, 1.3321555555555569]]}
{"519.lbm_r": [[818.25, 1.0897520977158461], [3091.0, 1.8868170454545439]], "baseline": [[826.625, 1.093272042836614], [3011.75, 1.1805887626262623]]}
{"519.lbm_r": [[843.0, 1.0823386989919643], [3003.75, 1.590184722222222]], "baseline": [[788.5, 1.0896244726160405], [4012.75, 2.542708333333333]]}
