{"519.lbm_r": [[758.25, 1.095153363799258], [5175.5, 2.7659375]], "baseline": [[849.25, 1.0782659706859905], [5475.0, 2.798666007905138]]}
{"519.lbm_r": [[858.125, 1.0799314316144948], [3547.25, 2.4881494185162665]], "baseline": [[836.125, 1.0863536040883062], [3035.75, 1.598701602564104]]}
{"519.lbm_r": [[734.125, 1.0923832028192695], [3006.75, 1.3482720279720275]], "baseline": [[891.75, 1.0768004380502425], [3077.0, 1.871582051282051]]}
