{"519.lbm_r": [[447.625, 1.1819287551904198], [2998.75, 1.4048992424242417]], "baseline": [[504.125, 1.158575446864367], [3021.5, 1.5082636363636373]]}
{"519.lbm_r": [[497.5, 1.1764669438321174], [3034.5, 1.7306735431235447]], "baseline": [[415.0, 1.1843540423733376], [3000.0, 1.2067414044289033]]}
{"519.lbm_r": [[515.75, 1.1416621495252446], [11168.0, 2.9332378404051944]], "baseline": [[459.875, 1.1700317987180435], [2998.5, 1.5630512529137524]]}
