{"519.lbm_r": [[950.875, 1.0695491936521644], [12597.0, 3.6744467212957166]], "baseline": [[877.875, 1.0771368857742492], [2975.5, 1.3939111263736277]]}
{"519.lbm_r": [[929.625, 1.0709770226882145], [2966.75, 1.460519917582422]], "baseline": [[911.875, 1.0725679849642016], [2975.75, 1.2398279761904778]]}
{"519.lbm_r": [[990.875, 1.0684456609222848], [10293.0, 3.455467454729937]], "baseline": [[828.625, 1.0862776730359125], [2980.75, 1.3361587287712284]]}
