{"519.lbm_r": [[710.75, 1.1000800609233834], [3120.75, 2.1810472953216373]], "baseline": [[678.25, 1.1078127100380262], [3046.75, 1.7762277777777782]]}
{"519.lbm_r": [[772.75, 1.092064263591134], [3032.25, 1.6614958333333345]], "baseline": [[649.375, 1.116684705774352], [3058.5, 1.9058886363636363]]}
{"519.lbm_r": [[713.625, 1.0937912889118102], [3037.0, 1.5206482323232338]], "baseline": [[700.625, 1.0977838170997825], [3028.75, 1.7734750000000012]]}
