{"519.lbm_r": [[644.125, 1.1083865314500863], [3051.0, 1.5496230769230783]], "baseline": [[817.375, 1.0837347156026156], [2977.25, 1.215854807692309]]}
{"519.lbm_r": [[607.25, 1.1185164181211644], [2986.25, 1.295966483516482]], "baseline": [[633.5, 1.1122078617073055], [2983.5, 1.3737366300366283]]}
{"519.lbm_r": [[655.25, 1.1076695842721116], [3019.0, 1.280654761904762]], "baseline": [[627.625, 1.1101672846701016], [2970.75, 1.1543975274725327]]}
