{"519.lbm_r": [[563.25, 1.133772295513067], [3019.0, 1.4495215909090915]], "baseline": [[540.0, 1.1417069983514088], [11011.0, 3.4205120573870573]]}
{"519.lbm_r": [[616.5, 1.1175026438695186], [3002.25, 1.2615935897435888]], "baseline": [[531.875, 1.1421899760769731], [3013.25, 1.4074519230769231]]}
{"519.lbm_r": [[620.0, 1.1164578895148398], [2998.0, 1.296251893939393]], "baseline": [[580.625, 1.1365045035880077], [3038.25, 1.529879545454547]]}
