{"519.lbm_r": [[981.125, 1.0691491513544105], [2985.75, 1.3482051767676762]], "baseline": [[991.75, 1.06738931937748], [2994.0, 1.3379833333333322]]}
{"519.lbm_r": [[939.75, 1.0697343222611362], [2989.25, 1.2925636363636348]], "baseline": [[990.0, 1.0658684288737537], [2982.5, 1.2720111111111134]]}
{"519.lbm_r": [[949.125, 1.0697534952696246], [3005.5, 1.3860467532467529]], "baseline": [[1081.375, 1.0604072633145207], [2986.75, 1.3564840909090892]]}
