{"519.lbm_r": [[597.875, 1.1288354190654917], [4805.5, 2.306153533387265]], "baseline": [[535.0, 1.1417649829476095], [6084.5, 3.04818930148232]]}
{"519.lbm_r": [[562.5, 1.128908939988841], [3010.25, 1.239677727052359]], "baseline": [[585.125, 1.1220913141237618], [18197.0, 4.328056318484482]]}
{"519.lbm_r": [[597.25, 1.1250894095600275], [16147.0, 3.3484451812694296]], "baseline": [[573.75, 1.1252085577415776], [2975.5, 1.1278488095238128]]}
