{"519.lbm_r": [[721.125, 1.1005867990154052], [4571.0, 2.4483138736263736]], "baseline": [[710.5, 1.1015153908375834], [3029.75, 1.4989112762237773]]}
{"519.lbm_r": [[794.875, 1.0838765282794542], [2987.75, 1.2523538461538446]], "baseline": [[717.0, 1.098524183614896], [3169.5, 1.97681108058608]]}
{"519.lbm_r": [[771.0, 1.0931000604666405], [7802.0, 2.996971153846154]], "baseline": [[763.75, 1.0912018238328862], [2980.5, 1.319081135531136]]}
