{"519.lbm_r": [[628.25, 1.1185748495552787], [3007.75, 1.5291666666666666]], "baseline": [[550.875, 1.133234684050703], [3020.5, 1.6395435606060618]]}
{"519.lbm_r": [[521.625, 1.1400822131053716], [3015.5, 1.562084722222223]], "baseline": [[623.375, 1.1180120901555737], [3025.0, 1.307821717171718]]}
{"519.lbm_r": [[536.625, 1.1342075573253252], [3003.5, 1.6172680555555554]], "baseline": [[632.75, 1.1199556809667726], [3004.5, 1.4126926767676764]]}
