{"519.lbm_r": [[905.625, 1.0725282745686833], [3208.5, 1.988266222002635]], "baseline": [[833.125, 1.0804240751029275], [3028.5, 1.5742625000000015]]}
{"519.lbm_r": [[990.125, 1.066690783469656], [3101.75, 1.798330798368297]], "baseline": [[848.75, 1.0789160579382542], [3029.5, 1.5517246212121227]]}
{"519.lbm_r": [[956.75, 1.0682093020284675], [3039.5, 1.687223484848486]], "baseline": [[959.875, 1.0685794477677297], [3014.5, 1.4981027777777782]]}
