{"519.lbm_r": [[849.125, 1.0823746649633332], [2998.25, 1.1431916666666655]], "baseline": [[866.625, 1.0774771503909821], [2989.5, 1.213491666666665]]}
{"519.lbm_r": [[874.125, 1.076640244748893], [2979.0, 1.1990628787878812]], "baseline": [[857.25, 1.0789440986289494], [2992.5, 1.0919517482517467]]}
{"519.lbm_r": [[855.25, 1.0791241190424408], [2993.5, 1.0435834498834482]], "baseline": [[842.875, 1.0827866088190938], [2994.5, 1.1615329545454531]]}
