{"519.lbm_r": [[797.875, 1.082971085871745], [2965.5, 1.2509899918300698]], "baseline": [[957.125, 1.0753610270276641], [11552.0, 3.2098024069326057]]}
{"519.lbm_r": [[809.875, 1.0871612601994145], [3300.75, 2.089350722480315]], "baseline": [[884.375, 1.079030771236618], [3216.5, 1.877776824566194]]}
{"519.lbm_r": [[960.375, 1.0698961192860812], [3082.75, 1.6807358838272162]], "baseline": [[880.0, 1.081802681938551], [3066.25, 1.662067728758171]]}
