{"519.lbm_r": [[703.0, 1.0979774091637093], [3217.0, 2.2922538807189543]], "baseline": [[685.375, 1.1047411444186177], [2940.75, 0.7363773809523777]]}
{"519.lbm_r": [[780.875, 1.0867350365377093], [2945.75, 0.9940134920634875]], "baseline": [[606.5, 1.117326799617143], [3066.75, 1.889812499999999]]}
{"519.lbm_r": [[702.25, 1.0975124674122343], [3023.75, 1.614193055555557]], "baseline": [[804.625, 1.0849367482040626], [3056.0, 1.8806236111111105]]}
