{"519.lbm_r": [[731.5, 1.0945326540259315], [2974.0, 1.2766305555555584]], "baseline": [[766.5, 1.0935518208637571], [3008.5, 1.3151373737373735]]}
{"519.lbm_r": [[681.0, 1.1058750841311193], [2958.75, 1.2829738095238064]], "baseline": [[773.0, 1.0967690555794625], [3003.0, 1.466038636363636]]}
{"519.lbm_r": [[688.625, 1.101462952554405], [3011.0, 1.367013888888889]], "baseline": [[626.5, 1.1165163296764933], [3008.0, 1.3622806818181816]]}
