{"519.lbm_r": [[726.375, 1.0967356443532694], [7167.5, 2.4244637705593646]], "baseline": [[748.625, 1.0924993904809708], [7704.5, 3.2109961378819136]]}
{"519.lbm_r": [[748.625, 1.103189879011836], [5466.5, 2.386082792057312]], "baseline": [[736.875, 1.0950967417116229], [9337.0, 2.8347078275754747]]}
{"519.lbm_r": [[782.5, 1.0891959101600777], [2976.0, 1.3467910714285731]], "baseline": [[634.75, 1.1113600558724102], [3052.5, 1.5388830357142873]]}
