{"519.lbm_r": [[1031.125, 1.0639717071691563], [3021.75, 1.401226136363637]], "baseline": [[892.625, 1.0755211981117963], [2999.75, 1.5064443181818175]]}
{"519.lbm_r": [[1078.875, 1.059110153036344], [3052.5, 1.6157738344988353]], "baseline": [[838.25, 1.0790334455892034], [4322.5, 2.188599249482402]]}
{"519.lbm_r": [[940.25, 1.0691507279199315], [5371.5, 2.3976826414326413]], "baseline": [[957.875, 1.0678766826111659], [3060.5, 1.9514694444444443]]}
