{"519.lbm_r": [[965.25, 1.0699573089257812], [6108.5, 1.8714335728012435]], "baseline": [[1017.625, 1.0635663615097073], [3089.25, 1.8507937500000005]]}
{"519.lbm_r": [[1029.25, 1.0627101298660337], [2961.0, 1.0666013888888908]], "baseline": [[965.75, 1.069512124736217], [3081.25, 1.755211764705883]]}
{"519.lbm_r": [[956.25, 1.0731484798978992], [13198.0, 2.8811156138591802]], "baseline": [[920.5, 1.0711212883041847], [2948.75, 1.1986916666666683]]}
