{"519.lbm_r": [[526.25, 1.1465015232564073], [2984.25, 1.2952756410256403]], "baseline": [[533.0, 1.1426190698870469], [2980.5, 1.4505240384615379]]}
{"519.lbm_r": [[572.625, 1.1257339023840547], [2979.25, 1.2772101190476204]], "baseline": [[505.375, 1.1704759712577706], [4917.5, 2.821105072463768]]}
{"519.lbm_r": [[548.75, 1.1319644010441743], [2976.0, 1.4546695054945058]], "baseline": [[539.0, 1.1383538776050122], [3014.75, 1.4038461538461537]]}
