{"519.lbm_r": [[560.75, 1.1298886330616846], [3014.25, 1.5768416666666674]], "baseline": [[536.875, 1.1415962115792317], [2955.25, 1.0017827380952342]]}
{"519.lbm_r": [[499.125, 1.1582983819489097], [3048.5, 1.8984437500000002]], "baseline": [[448.375, 1.1808905913780168], [2968.0, 1.1796440476190493]]}
{"519.lbm_r": [[517.5, 1.1812201524706882], [3188.75, 2.1251029314888013]], "baseline": [[503.125, 1.14672633761675], [3026.25, 1.5805125000000015]]}
