{"519.lbm_r": [[576.25, 1.129359606644214], [3103.0, 1.9980511363636353]], "baseline": [[503.125, 1.1452304007232015], [3024.5, 1.3498040404040412]]}
{"519.lbm_r": [[539.625, 1.1350238630293272], [3019.5, 1.4398625000000007]], "baseline": [[490.125, 1.1565052340167294], [3014.5, 1.219570707070707]]}
{"519.lbm_r": [[575.625, 1.1259582868937732], [3081.0, 1.9755332516339854]], "baseline": [[561.0, 1.1314203767847704], [3001.5, 1.4046135101010095]]}
