{"519.lbm_r": [[746.125, 1.0921379461006206], [3134.25, 1.7361250291375276]], "baseline": [[836.625, 1.079635536278848], [3199.0, 2.2232789855072466]]}
{"519.lbm_r": [[861.625, 1.079464893873444], [3400.5, 2.518624114412158]], "baseline": [[843.625, 1.0801870835542249], [2996.75, 1.1888647435897424]]}
{"519.lbm_r": [[880.625, 1.073888414434936], [2998.25, 1.2780409382284372]], "baseline": [[887.125, 1.0796334544855684], [3174.75, 1.7255060185185171]]}
