{"519.lbm_r": [[484.75, 1.1540471634576583], [3134.5, 1.924834794372294]], "baseline": [[450.875, 1.170025018880319], [3005.75, 1.2968624999999996]]}
{"519.lbm_r": [[502.0, 1.1514825312276704], [3039.0, 1.488486111111112]], "baseline": [[459.125, 1.1905760862476804], [3698.5, 2.411999458874459]]}
{"519.lbm_r": [[533.625, 1.1338302109604177], [2963.0, 1.1851190476190476]], "baseline": [[512.875, 1.1467136722605726], [3019.25, 1.4567484848484857]]}
