{"519.lbm_r": [[690.75, 1.1038747773779998], [3019.5, 1.5254685606060612]], "baseline": [[731.125, 1.0998666921807718], [2981.75, 1.283000162337662]]}
{"519.lbm_r": [[763.0, 1.0876233607428398], [2973.25, 1.175201388888891]], "baseline": [[779.375, 1.091031893716961], [2989.5, 1.4194874999999985]]}
{"519.lbm_r": [[659.625, 1.1094382320743552], [2953.5, 1.122138690476185]], "baseline": [[874.75, 1.0904440156748638], [2985.25, 1.1621079004329007]]}
