{"519.lbm_r": [[539.25, 1.1351229719057274], [3033.5, 1.647650198412699]], "baseline": [[499.875, 1.155205196306356], [2943.5, 1.0934894841269802]]}
{"519.lbm_r": [[546.75, 1.1304581683317418], [3054.75, 1.8385291666666663]], "baseline": [[477.375, 1.1709642237453004], [3030.5, 1.4478736111111126]]}
{"519.lbm_r": [[568.875, 1.136918411066659], [3018.5, 1.5451638888888897]], "baseline": [[490.375, 1.1529735150363802], [3078.5, 1.8941527777777767]]}
