{"519.lbm_r": [[793.875, 1.0900725553150794], [3019.5, 1.3573972222222228]], "baseline": [[851.75, 1.0812355458850484], [3167.25, 1.7134446169772257]]}
{"519.lbm_r": [[701.375, 1.1000224089029185], [3037.5, 1.4102190656565667]], "baseline": [[802.25, 1.0840735294285697], [12557.0, 3.2981403844175583]]}
{"519.lbm_r": [[797.25, 1.0846907830690908], [3081.25, 1.8881444444444428]], "baseline": [[800.0, 1.08489641645821], [3005.75, 1.3156124999999996]]}
