{"519.lbm_r": [[981.125, 1.066007817377682], [2970.25, 1.2186758241758284]], "baseline": [[1003.5, 1.06805836794247], [2969.5, 1.3616720238095272]]}
{"519.lbm_r": [[1012.125, 1.0642244152302816], [3024.75, 1.2135851190476192]], "baseline": [[1041.75, 1.0625849964582148], [2983.75, 1.4061999999999983]]}
{"519.lbm_r": [[1001.5, 1.0656831635214854], [3292.5, 2.259750748185815]], "baseline": [[1042.875, 1.065458993200991], [3196.75, 2.328970797720798]]}
