{"519.lbm_r": [[1007.375, 1.0642696352831098], [3016.0, 1.389201262626263]], "baseline": [[912.375, 1.0717343953147633], [2981.75, 1.2379430555555588]]}
{"519.lbm_r": [[910.375, 1.0700430824605065], [6028.0, 3.0091015892002733]], "baseline": [[889.625, 1.0792613161897706], [3007.25, 1.6694630952380956]]}
{"519.lbm_r": [[1033.5, 1.0638580737502215], [3032.5, 1.7439611111111124]], "baseline": [[921.375, 1.0698727501890588], [3026.25, 1.623568055555557]]}
