{"519.lbm_r": [[525.5, 1.1493042343061493], [4190.0, 2.8910818713450293]], "baseline": [[591.0, 1.119527095349934], [3037.0, 1.519562500000001]]}
{"519.lbm_r": [[549.75, 1.1316166467105748], [3014.25, 1.3619916666666672]], "baseline": [[685.5, 1.1038240926014344], [6543.5, 2.7473214285714285]]}
{"519.lbm_r": [[664.625, 1.1063520464323433], [3037.5, 1.5855347222222234]], "baseline": [[528.625, 1.1483888697735778], [3029.25, 1.5382651515151526]]}
