{"519.lbm_r": [[530.875, 1.1445120029587323], [3010.75, 1.4794333333333336]], "baseline": [[561.0, 1.137033661045187], [2962.25, 0.9526166666666636]]}
{"519.lbm_r": [[432.625, 1.1857709049945924], [2985.75, 1.411715277777777]], "baseline": [[541.0, 1.14511093889763], [3002.0, 1.5109249999999996]]}
{"519.lbm_r": [[474.625, 1.1630504628954115], [3009.25, 1.2944776515151513]], "baseline": [[577.125, 1.139590228389428], [3023.0, 1.5018541666666678]]}
