{"519.lbm_r": [[668.75, 1.1093136139528248], [2990.25, 1.336592294461643]], "baseline": [[770.125, 1.0952706311857203], [3599.25, 2.2196853129338243]]}
{"519.lbm_r": [[683.5, 1.1095568318975075], [3000.0, 1.4696693335667594]], "baseline": [[668.0, 1.1058687744986417], [2935.75, 1.1833001262626248]]}
{"519.lbm_r": [[665.125, 1.1074978892461376], [2952.25, 0.9050998015873024]], "baseline": [[729.0, 1.1021438985610672], [2949.0, 1.3713013888888912]]}
