{"519.lbm_r": [[784.625, 1.085855712188101], [2984.0, 1.3675549242424236]], "baseline": [[788.25, 1.0931278832126412], [2984.75, 1.4199674825174808]]}
{"519.lbm_r": [[804.0, 1.086386750875147], [2979.0, 1.4357249084249089]], "baseline": [[769.375, 1.0892851213342019], [2985.75, 1.407620454545453]]}
{"519.lbm_r": [[659.5, 1.103848940853024], [2982.75, 1.19945037878788]], "baseline": [[862.625, 1.0834687712359548], [2983.75, 1.3450982142857135]]}
