{"519.lbm_r": [[543.375, 1.1322633595002771], [3016.25, 1.4777097222222229]], "baseline": [[555.25, 1.134362889964663], [3045.0, 1.7313430555555558]]}
{"519.lbm_r": [[596.625, 1.1274270288363797], [2942.0, 0.806317857142854]], "baseline": [[536.625, 1.1615664349496333], [3043.75, 1.6232888888888897]]}
{"519.lbm_r": [[602.375, 1.1202462856032376], [2962.75, 1.2648499999999985]], "baseline": [[559.875, 1.1355692903708967], [2959.5, 1.1101748015873032]]}
