{"519.lbm_r": [[658.375, 1.1066232713118953], [3137.5, 1.9909468406593398]], "baseline": [[724.875, 1.1036943250388422], [3000.75, 1.461705723443223]]}
{"519.lbm_r": [[801.625, 1.0828295410037019], [2990.25, 1.3191669871794858]], "baseline": [[714.5, 1.1090718899547671], [3040.25, 1.5543907051282067]]}
{"519.lbm_r": [[766.25, 1.0925455927215908], [3007.5, 1.4757276515151512]], "baseline": [[762.125, 1.0943197951018686], [3009.75, 1.4976325757575757]]}
