{"519.lbm_r": [[579.75, 1.1298136255402909], [3094.5, 1.8935878787878773]], "baseline": [[522.75, 1.1421300946615023], [10802.0, 2.8700133547008546]]}
{"519.lbm_r": [[525.5, 1.1347501593076585], [4423.75, 2.5975613275613276]], "baseline": [[525.75, 1.1452190646829756], [3118.25, 1.9304127964426867]]}
{"519.lbm_r": [[547.0, 1.1353631971755338], [3009.5, 1.4212677884615383]], "baseline": [[490.625, 1.1488875800897973], [3036.75, 1.646279545454547]]}
