{"519.lbm_r": [[873.625, 1.0773258130300962], [3115.25, 1.8096866300366288]], "baseline": [[891.875, 1.0792682313331257], [3012.75, 1.488392857142857]]}
{"519.lbm_r": [[885.75, 1.074792757870383], [2973.75, 1.4267882783882806]], "baseline": [[912.625, 1.0760467510354916], [2981.5, 1.3766916208791202]]}
{"519.lbm_r": [[872.0, 1.0763631687434083], [3053.75, 1.3423119047619065]], "baseline": [[885.125, 1.0760944951247409], [2967.0, 1.3285905219780254]]}
