{"519.lbm_r": [[468.875, 1.1632227120524843], [3000.25, 1.343377777777777]], "baseline": [[401.25, 1.2079478390089702], [3012.25, 1.4688430555555558]]}
{"519.lbm_r": [[570.125, 1.1294317856442566], [3032.5, 1.5549111111111127]], "baseline": [[417.875, 1.1896298517233117], [3037.25, 1.4700185606060618]]}
{"519.lbm_r": [[476.625, 1.1969908209426419], [3067.5, 2.0594305555555548]], "baseline": [[555.5, 1.1335366749805127], [3028.0, 1.702133333333335]]}
