{"519.lbm_r": [[501.375, 1.1684546041368409], [2990.25, 1.185118997668996]], "baseline": [[518.25, 1.1423699798942508], [3006.25, 1.3752970862470857]]}
{"519.lbm_r": [[465.875, 1.1736442717102777], [3018.0, 1.485862587412588]], "baseline": [[503.25, 1.1546929368322592], [2992.5, 1.2321550407925392]]}
{"519.lbm_r": [[491.625, 1.1582219067391248], [3886.0, 2.410358436853002]], "baseline": [[558.375, 1.1415301382515948], [3006.5, 1.3491825757575753]]}
