{"519.lbm_r": [[774.25, 1.0871427144658374], [3048.25, 1.7404513888888888]], "baseline": [[828.0, 1.082358747367758], [3011.0, 1.5529638888888893]]}
{"519.lbm_r": [[915.625, 1.079797593785544], [3042.0, 1.8563430555555558]], "baseline": [[744.875, 1.0909075639446155], [3035.75, 1.5008250000000014]]}
{"519.lbm_r": [[914.5, 1.071515663796683], [2988.0, 1.3870712121212105]], "baseline": [[821.875, 1.0816889769812754], [2958.75, 1.077734523809519]]}
