{"519.lbm_r": [[694.25, 1.10830456772627], [3117.75, 2.0195231601731596]], "baseline": [[681.375, 1.1064122539825147], [3297.25, 2.4840476396417177]]}
{"519.lbm_r": [[617.5, 1.1208204656488612], [3017.0, 1.3424541666666667]], "baseline": [[580.0, 1.1461367621174798], [3031.5, 1.578525412087913]]}
{"519.lbm_r": [[524.375, 1.1356864920984873], [3005.75, 1.5349496794871793]], "baseline": [[499.375, 1.1527300385623225], [12924.0, 3.4796568023988]]}
