{"519.lbm_r": [[773.75, 1.092138624601466], [3025.75, 1.6527347222222237]], "baseline": [[711.25, 1.0971652019290066], [3020.75, 1.6094930555555567]]}
{"519.lbm_r": [[727.75, 1.0928363160562073], [3019.0, 1.473827146464647]], "baseline": [[667.625, 1.1030164494631198], [3122.0, 2.138335876623376]]}
{"519.lbm_r": [[721.0, 1.0956889696465075], [3033.25, 1.6745765151515168]], "baseline": [[663.625, 1.1031053841784937], [3036.5, 1.5260143939393953]]}
