{"519.lbm_r": [[574.25, 1.121699453173688], [3955.5, 1.994428916177908]], "baseline": [[508.375, 1.1437044248118262], [2944.75, 0.9919175505050489]]}
{"519.lbm_r": [[618.625, 1.1182501893455028], [2941.75, 1.1174013888888878]], "baseline": [[540.875, 1.1383292170984318], [4142.0, 2.024681160342925]]}
{"519.lbm_r": [[553.25, 1.1427506325367303], [2963.5, 1.150360164835167]], "baseline": [[527.125, 1.1432539404565434], [2953.25, 0.985952976190477]]}
