{"519.lbm_r": [[609.125, 1.1157461152797858], [3038.75, 1.6024555555555564]], "baseline": [[527.5, 1.1465437924508681], [3040.5, 1.7304875000000006]]}
{"519.lbm_r": [[617.125, 1.1206363739778258], [3015.5, 1.5547125000000008]], "baseline": [[584.625, 1.1249319919220429], [3015.0, 1.363727777777778]]}
{"519.lbm_r": [[598.75, 1.1234674571653116], [3023.75, 1.5630583333333345]], "baseline": [[575.25, 1.1235529688924766], [3138.5, 1.9873355263157895]]}
