{"519.lbm_r": [[950.375, 1.0725972387231606], [2945.25, 1.155558333333331]], "baseline": [[942.875, 1.0714194851670524], [3021.25, 1.5785113636363648]]}
{"519.lbm_r": [[894.625, 1.0762966865321448], [3057.75, 1.9795694444444434]], "baseline": [[880.875, 1.074398179568109], [2964.5, 1.2216672619047626]]}
{"519.lbm_r": [[929.5, 1.071471873059494], [3015.75, 1.4787513888888895]], "baseline": [[924.25, 1.070918849738807], [3022.5, 1.526079166666668]]}
