{"519.lbm_r": [[906.375, 1.0724541728650205], [2998.25, 1.4260166666666658]], "baseline": [[984.875, 1.0707478373275223], [3313.25, 2.013673245614035]]}
{"519.lbm_r": [[787.125, 1.0847118193290692], [2988.25, 1.3025068181818165]], "baseline": [[881.125, 1.0750002730830637], [2986.5, 1.4044954545454529]]}
{"519.lbm_r": [[881.75, 1.0766615851844947], [2991.5, 1.311532954545453]], "baseline": [[896.375, 1.0795087362234752], [2987.5, 1.3726772727272711]]}
