{"519.lbm_r": [[833.125, 1.081808867389468], [3016.5, 1.463820833333334]], "baseline": [[815.75, 1.0901694898342744], [3076.25, 1.7650666666666655]]}
{"519.lbm_r": [[890.875, 1.0750560105214932], [3068.75, 1.917056944444443]], "baseline": [[683.25, 1.1039024960767307], [3032.0, 1.5914516414141426]]}
{"519.lbm_r": [[917.625, 1.0726507930790585], [3038.25, 1.5494236111111122]], "baseline": [[776.0, 1.085808703915464], [3693.75, 2.4559542074058665]]}
