{"519.lbm_r": [[670.5, 1.1063082176859542], [3075.5, 1.781302272727272]], "baseline": [[680.25, 1.1102671325274196], [3074.0, 1.6031104312354312]]}
{"519.lbm_r": [[807.375, 1.0919528064600974], [4106.5, 2.397215515792165]], "baseline": [[686.5, 1.101648676970024], [3024.5, 1.441339148351649]]}
{"519.lbm_r": [[762.625, 1.0905811222775086], [3295.25, 2.3933306277056277]], "baseline": [[668.625, 1.1103180971618303], [6408.0, 2.9986458333333332]]}
