{"519.lbm_r": [[921.125, 1.071282743006007], [3011.75, 1.34375]], "baseline": [[912.0, 1.0772969882948995], [2992.25, 1.320008333333332]]}
{"519.lbm_r": [[1006.5, 1.0660338333449295], [3081.75, 1.765003535353534]], "baseline": [[909.25, 1.073477011768987], [3019.75, 1.498462500000001]]}
{"519.lbm_r": [[1019.375, 1.0663420402144772], [3006.5, 1.426295833333333]], "baseline": [[927.25, 1.0740998364941783], [3043.0, 1.6362247377622385]]}
