{"519.lbm_r": [[502.375, 1.1475381109450211], [3025.25, 1.6867625000000015]], "baseline": [[505.25, 1.1455326677851254], [3076.5, 1.8248977272727263]]}
{"519.lbm_r": [[475.25, 1.1577771769394463], [3061.5, 1.6836000000000002]], "baseline": [[555.375, 1.1290463855219905], [3105.0, 1.8953680555555543]]}
{"519.lbm_r": [[580.375, 1.1284353895780075], [9552.0, 3.17375]], "baseline": [[492.25, 1.1487439016901382], [5186.0, 2.6005717418546364]]}
