{"519.lbm_r": [[743.5, 1.0913575837904819], [3043.25, 1.7629984848484856]], "baseline": [[672.5, 1.1076448621122], [3243.0, 2.6115652056277057]]}
{"519.lbm_r": [[705.75, 1.1018181324947982], [3772.0, 2.7472146739130436]], "baseline": [[732.0, 1.108599629459061], [3012.25, 1.4695375000000002]]}
{"519.lbm_r": [[634.5, 1.1125882104725524], [3021.0, 1.5949113636363645]], "baseline": [[815.25, 1.088147258274416], [3062.5, 1.6579428571428578]]}
