{"519.lbm_r": [[918.5, 1.0715907609541966], [3011.0, 1.3541721237096236]], "baseline": [[911.625, 1.0747219496022655], [5952.0, 2.994532198377307]]}
{"519.lbm_r": [[991.0, 1.0658905993685088], [3030.0, 1.6001431235431247]], "baseline": [[896.25, 1.0788293537005287], [3034.0, 1.5640643648018664]]}
{"519.lbm_r": [[913.375, 1.0735592898640653], [3015.0, 1.5726924242424247]], "baseline": [[975.5, 1.0671256836423033], [3318.75, 2.4572557471264367]]}
