{"519.lbm_r": [[856.625, 1.0876316999512214], [3011.0, 1.4085227272727272]], "baseline": [[820.5, 1.0912380187564465], [3015.75, 1.5405569444444451]]}
{"519.lbm_r": [[832.5, 1.0820189491457373], [3015.25, 1.4487972222222227]], "baseline": [[774.25, 1.0938864908547072], [3056.0, 1.5329969696969703]]}
{"519.lbm_r": [[795.5, 1.086079710079067], [3039.0, 1.671125000000001]], "baseline": [[876.75, 1.079652845787148], [3019.25, 1.6134088383838392]]}
