{"519.lbm_r": [[608.0, 1.120742532275857], [2981.5, 1.2636495879120884]], "baseline": [[579.0, 1.1271351475450508], [3122.25, 1.8126603937728931]]}
{"519.lbm_r": [[634.25, 1.1177049348408383], [3010.0, 1.3934518543956043]], "baseline": [[618.0, 1.1139073366734424], [3150.75, 1.9111514870998556]]}
{"519.lbm_r": [[626.375, 1.116280192960864], [3133.25, 1.978047794117646]], "baseline": [[654.875, 1.111247281606019], [2995.5, 1.3703184523809513]]}
