{"519.lbm_r": [[841.75, 1.0818279653107354], [3028.0, 1.4546003787878798]], "baseline": [[815.875, 1.0826452375866427], [8966.0, 3.1404761904761904]]}
{"519.lbm_r": [[845.875, 1.0804422437571872], [3103.75, 1.796979545454544]], "baseline": [[849.75, 1.083755602016795], [3090.25, 1.9224056818181805]]}
{"519.lbm_r": [[886.75, 1.0770325770078057], [3224.5, 2.463452979876161]], "baseline": [[686.625, 1.1054701426488642], [3121.0, 2.152982026143791]]}
