{"519.lbm_r": [[612.125, 1.1155455059611086], [2996.5, 1.1949888278388265]], "baseline": [[674.5, 1.11108930590182], [2982.75, 1.329644917582417]]}
{"519.lbm_r": [[610.125, 1.1184235702503331], [2993.0, 1.334182967032966]], "baseline": [[618.5, 1.122256043747864], [3147.25, 1.9887491334752196]]}
{"519.lbm_r": [[663.75, 1.1053428355568464], [3848.5, 2.6676959815546772]], "baseline": [[759.0, 1.1047857732175517], [2974.5, 1.2351101648351672]]}
