{"519.lbm_r": [[1034.0, 1.06573232208456], [3067.0, 1.712161898028443]], "baseline": [[979.75, 1.0675260482159477], [3876.5, 2.1222511783173545]]}
{"519.lbm_r": [[905.125, 1.075424477699418], [4533.0, 2.3941422462435393]], "baseline": [[982.75, 1.0749365017609138], [5077.5, 2.5152834746941046]]}
{"519.lbm_r": [[826.875, 1.0832794041391103], [3276.5, 2.026530200192177]], "baseline": [[969.0, 1.0714622212477678], [2988.5, 1.426645192307691]]}
