{"519.lbm_r": [[832.875, 1.086337664456393], [3009.25, 1.5761217948717947]], "baseline": [[805.125, 1.092699746286894], [3021.0, 1.6863238636363647]]}
{"519.lbm_r": [[818.875, 1.0850473948392567], [3100.0, 1.7701977272727258]], "baseline": [[759.375, 1.0914613864178437], [3018.5, 1.3646431818181823]]}
{"519.lbm_r": [[829.0, 1.0814452412761615], [3031.0, 1.60022870879121]], "baseline": [[726.5, 1.0934293661560068], [3007.25, 1.4645825466200464]]}
