{"519.lbm_r": [[815.375, 1.0828230631844586], [3032.75, 1.6142121212121223]], "baseline": [[770.875, 1.0897507679932878], [12021.0, 2.786399827024827]]}
{"519.lbm_r": [[2653.625, 1.023287609780165], [3512.5, 2.231354434199262]], "baseline": [[825.0, 1.0809457611792306], [9487.0, 3.2184140478424017]]}
{"519.lbm_r": [[888.5, 1.0767865550414035], [3088.5, 1.9310355861244008]], "baseline": [[802.75, 1.0822141166992503], [4847.0, 2.735044941471572]]}
