{"519.lbm_r": [[673.375, 1.1014306645837877], [3036.25, 1.807744444444445]], "baseline": [[727.25, 1.0955126717131058], [3034.75, 1.7109434343434355]]}
{"519.lbm_r": [[658.625, 1.120425991697697], [3034.25, 1.5628215909090921]], "baseline": [[653.125, 1.1050223862194752], [3072.0, 2.052647222222221]]}
{"519.lbm_r": [[720.625, 1.1037706405071936], [3047.75, 1.7942708333333333]], "baseline": [[699.25, 1.1005555018045905], [3017.25, 1.7925722222222236]]}
