{"519.lbm_r": [[937.625, 1.072837842720062], [3024.0, 1.5509055555555569]], "baseline": [[941.75, 1.0719207599748926], [3008.5, 1.428125]]}
{"519.lbm_r": [[1013.5, 1.0659712171929698], [3015.25, 1.503056944444445]], "baseline": [[815.125, 1.08266693877943], [2945.0, 0.8629587301587263]]}
{"519.lbm_r": [[1019.75, 1.0649638272804185], [3027.5, 1.464193055555557]], "baseline": [[892.25, 1.0752253375978291], [3154.75, 1.9660068523023244]]}
