{"519.lbm_r": [[591.875, 1.1206965933878887], [3026.0, 1.624423611111112]], "baseline": [[611.125, 1.1241275230786112], [3017.75, 1.2519238636363639]]}
{"519.lbm_r": [[656.125, 1.110590193702708], [3021.25, 1.5314959595959605]], "baseline": [[572.625, 1.1280254355368338], [4621.0, 2.5782617518351216]]}
{"519.lbm_r": [[573.375, 1.1319863730251982], [3102.25, 2.030342803030302]], "baseline": [[644.5, 1.1124267787706414], [3036.0, 1.7176859848484858]]}
