{"519.lbm_r": [[778.5, 1.091872406930328], [3010.0, 1.48109503968254]], "baseline": [[736.5, 1.104377894099187], [2943.0, 0.702039682539678]]}
{"519.lbm_r": [[663.625, 1.1086955380376926], [3097.75, 2.1121729274165797]], "baseline": [[716.25, 1.1008162991230597], [2939.25, 0.9420166666666626]]}
{"519.lbm_r": [[704.875, 1.0966866240371205], [2961.75, 0.8439857142857112]], "baseline": [[651.375, 1.1083107225040971], [3063.0, 1.7855777777777773]]}
