{"519.lbm_r": [[879.5, 1.0743278842742179], [3388.75, 2.0196162292349897]], "baseline": [[859.0, 1.0792761508505255], [9485.0, 2.9122565929781]]}
{"519.lbm_r": [[849.75, 1.0780822552715426], [2986.5, 1.5958431818181806]], "baseline": [[773.75, 1.0900907599851273], [2975.25, 1.354505219780221]]}
{"519.lbm_r": [[847.5, 1.079970888984929], [3012.25, 1.326501877289377]], "baseline": [[844.625, 1.080649397986574], [24829.0, 3.5529116966999092]]}
