{"519.lbm_r": [[604.0, 1.128438036788575], [3041.5, 1.9350880952380956]], "baseline": [[572.875, 1.1301836762440765], [2953.25, 1.312140476190473]]}
{"519.lbm_r": [[662.375, 1.1084668081664015], [3046.5, 1.6479291666666671]], "baseline": [[529.125, 1.142936727173834], [3071.25, 1.8536888888888874]]}
{"519.lbm_r": [[640.5, 1.110682925178196], [3039.25, 1.4623513888888897]], "baseline": [[551.875, 1.1399165465833918], [3012.25, 1.6454180555555562]]}
