{"519.lbm_r": [[984.0, 1.0676470681740282], [3012.75, 1.3678013888888891]], "baseline": [[924.75, 1.071226527104638], [2946.75, 1.03735714285714]]}
{"519.lbm_r": [[907.25, 1.0740530240635433], [3005.5, 1.19574356060606]], "baseline": [[899.625, 1.0782324229222195], [3014.5, 1.6145152777777785]]}
{"519.lbm_r": [[934.125, 1.0722197141034282], [2968.25, 1.2549416666666682]], "baseline": [[1000.0, 1.0678169437365737], [2973.5, 1.1127416666666696]]}
