{"519.lbm_r": [[542.875, 1.1468882740025876], [3010.0, 1.4074652777777779]], "baseline": [[536.625, 1.1489181970520983], [3017.5, 1.4636787878787885]]}
{"519.lbm_r": [[549.0, 1.1276684366483], [3011.5, 1.2710069444444445]], "baseline": [[510.75, 1.1497942392991602], [3004.0, 1.579073611111111]]}
{"519.lbm_r": [[499.75, 1.1483174931423643], [3040.25, 1.9885541666666673]], "baseline": [[545.0, 1.1337085314081305], [3023.75, 1.383831818181819]]}
