{"519.lbm_r": [[858.875, 1.077308894102021], [3074.5, 1.8269636363636357]], "baseline": [[935.125, 1.0697302711360521], [3000.25, 1.6165266899766895]]}
{"519.lbm_r": [[1047.75, 1.0621111872417537], [3063.5, 1.9515499999999997]], "baseline": [[900.0, 1.0728995867826117], [3021.25, 1.4724382575757582]]}
{"519.lbm_r": [[880.125, 1.075859321411998], [3044.5, 1.64584090909091]], "baseline": [[917.375, 1.0722430191321082], [3018.5, 1.2837420454545456]]}
