{"519.lbm_r": [[482.5, 1.1589537053730825], [2974.5, 1.2004506868131883]], "baseline": [[570.375, 1.135618092409052], [10792.0, 3.4113509528031587]]}
{"519.lbm_r": [[469.875, 1.166134060911491], [2973.0, 1.3425065476190474]], "baseline": [[546.125, 1.1369082505149273], [9919.0, 2.6064183284200775]]}
{"519.lbm_r": [[524.5, 1.1392831068515963], [2974.5, 1.2363366758241756]], "baseline": [[446.875, 1.168203150594416], [2972.0, 1.342105906593408]]}
