{"519.lbm_r": [[781.0, 1.0856225094212153], [3793.0, 2.0515990028490028]], "baseline": [[669.75, 1.1067546189844375], [3024.5, 1.5357556818181828]]}
{"519.lbm_r": [[769.0, 1.0874738560570303], [3018.5, 1.2780602272727275]], "baseline": [[690.75, 1.0998220570957162], [3020.0, 1.408028962703963]]}
{"519.lbm_r": [[765.25, 1.091887890084581], [3005.0, 1.5652162878787876]], "baseline": [[695.875, 1.100043012633171], [5246.5, 2.5403024916494745]]}
