{"519.lbm_r": [[566.625, 1.1356284584015195], [3024.0, 1.3815291666666674]], "baseline": [[618.75, 1.1214963548677903], [5220.0, 2.5040760869565215]]}
{"519.lbm_r": [[544.625, 1.1498681261644643], [3007.25, 1.3553274725274722]], "baseline": [[641.625, 1.113871247978607], [2996.25, 1.2173393939393926]]}
{"519.lbm_r": [[599.625, 1.124471864867894], [3143.5, 1.9796671245421236]], "baseline": [[601.375, 1.1207851800096034], [3006.0, 1.5575000457875456]]}
