{"519.lbm_r": [[682.0, 1.10306068249453], [9191.0, 2.945250149342891]], "baseline": [[686.25, 1.1044126182129639], [3042.5, 1.5061392170329686]]}
{"519.lbm_r": [[763.125, 1.0881723008988804], [5625.5, 2.371951466978144]], "baseline": [[618.625, 1.1148651050435043], [10458.0, 2.921267661892662]]}
{"519.lbm_r": [[713.0, 1.098917987297236], [2984.75, 1.3198904761904744]], "baseline": [[726.625, 1.096912583151692], [2973.75, 1.2103470467032948]]}
