{"519.lbm_r": [[882.875, 1.0759237866389255], [2969.25, 1.078462698412702]], "baseline": [[852.375, 1.0844156524514443], [3002.75, 1.3906596688034183]]}
{"519.lbm_r": [[884.75, 1.076343569679536], [3540.0, 2.0712706043956044]], "baseline": [[833.375, 1.0994243445054268], [4065.5, 2.2418810900428547]]}
{"519.lbm_r": [[749.125, 1.0935109612707437], [2960.25, 1.158292857142859]], "baseline": [[859.125, 1.084957645652407], [2988.75, 1.291399702380951]]}
