{"519.lbm_r": [[991.375, 1.0683548899070372], [2999.75, 1.3454611111111103]], "baseline": [[794.75, 1.083366118862497], [3036.0, 1.8101005952380957]]}
{"519.lbm_r": [[892.125, 1.0771399228186962], [3026.75, 1.457329166666668]], "baseline": [[871.25, 1.0771496846177646], [3037.5, 1.5197643939393954]]}
{"519.lbm_r": [[804.75, 1.0842372137655556], [2965.25, 1.0061291666666643]], "baseline": [[951.75, 1.0719893306051664], [3099.0, 2.2955950163398686]]}
