{"519.lbm_r": [[559.375, 1.1282840208358886], [3024.0, 1.7109750000000012]], "baseline": [[620.0, 1.139799075535853], [3027.5, 1.5598386363636376]]}
{"519.lbm_r": [[637.25, 1.1091821403735695], [2999.5, 1.227501893939393]], "baseline": [[601.5, 1.1208017726961672], [3036.75, 1.5750375000000012]]}
{"519.lbm_r": [[615.625, 1.1306650235649476], [3046.25, 1.7858204545454555]], "baseline": [[576.5, 1.1301750200386502], [3010.5, 1.2759170454545452]]}
