{"519.lbm_r": [[842.5, 1.0846298262447271], [3011.25, 1.497315277777778]], "baseline": [[829.75, 1.081011670303711], [3007.25, 1.3943513888888888]]}
{"519.lbm_r": [[915.0, 1.0763661909441231], [2969.25, 1.0743458333333342]], "baseline": [[737.75, 1.0978977734916033], [2965.0, 1.0054749999999983]]}
{"519.lbm_r": [[825.5, 1.0816088549419034], [3007.5, 1.407924621212121]], "baseline": [[861.5, 1.082252091838038], [3008.75, 1.4826388888888888]]}
