{"519.lbm_r": [[785.75, 1.0869134812519543], [9863.0, 3.0317137287382003]], "baseline": [[840.75, 1.0847481345485361], [3301.75, 2.250302509642749]]}
{"519.lbm_r": [[764.625, 1.0880256273205722], [13261.0, 3.6033006871060436]], "baseline": [[777.75, 1.0878344354226948], [4244.25, 2.258360334729503]]}
{"519.lbm_r": [[715.5, 1.0961927990428872], [2971.5, 1.2817521978021993]], "baseline": [[719.25, 1.094836693209174], [2963.75, 1.4763412087912122]]}
