{"519.lbm_r": [[907.125, 1.0755599672272953], [4721.5, 2.571845134032634]], "baseline": [[962.5, 1.067771611334556], [3016.0, 1.2939693181818184]]}
{"519.lbm_r": [[883.0, 1.0755671223017795], [3034.75, 1.7858819444444456]], "baseline": [[926.75, 1.0705621815841584], [3050.0, 1.8007227272727278]]}
{"519.lbm_r": [[1041.25, 1.0620595487386686], [3045.25, 1.5641000000000012]], "baseline": [[1006.25, 1.0681135751153437], [14963.0, 3.020750164690382]]}
