{"519.lbm_r": [[632.875, 1.1113964411431234], [2965.25, 1.1822170634920626]], "baseline": [[684.75, 1.1036092892114189], [3054.0, 1.8038310897435905]]}
{"519.lbm_r": [[704.125, 1.1049767245661837], [9210.0, 3.48688405419649]], "baseline": [[668.0, 1.108352746378995], [6291.5, 2.7804815303864494]]}
{"519.lbm_r": [[692.5, 1.10624100190442], [3601.0, 2.230867938718241]], "baseline": [[777.75, 1.092878640395377], [2981.5, 1.285962211902303]]}
