{"519.lbm_r": [[917.5, 1.0721065871439028], [2978.5, 1.1063052489177523]], "baseline": [[1012.625, 1.0684557044198453], [2988.5, 1.243940384615383]]}
{"519.lbm_r": [[988.0, 1.065957672769435], [3032.0, 1.547404195804197]], "baseline": [[1080.125, 1.0637796554611492], [3142.25, 1.9000118669374089]]}
{"519.lbm_r": [[881.125, 1.0795006320587972], [3072.25, 1.7706148018648018]], "baseline": [[1013.625, 1.0638932501122687], [2990.75, 1.2662251373626359]]}
