{"519.lbm_r": [[489.75, 1.1623203525068928], [2958.0, 1.070889285714281]], "baseline": [[486.75, 1.1548227618604368], [3035.75, 1.646410732323233]]}
{"519.lbm_r": [[470.875, 1.165431614235525], [3001.5, 1.542150198412698]], "baseline": [[397.375, 1.2193562577926225], [3038.0, 1.5133250000000014]]}
{"519.lbm_r": [[541.5, 1.1423089502369204], [2985.0, 1.3865013888888893]], "baseline": [[476.25, 1.1520066384967602], [3010.25, 1.604799206349207]]}
