{"519.lbm_r": [[698.5, 1.0975044592567416], [2985.75, 1.4314840909090893]], "baseline": [[789.25, 1.0924000010424488], [2988.25, 1.3152909090909073]]}
{"519.lbm_r": [[635.0, 1.11660331800912], [2987.5, 1.3863136363636346]], "baseline": [[666.375, 1.1038159636522695], [2996.5, 1.3757644480519482]]}
{"519.lbm_r": [[629.375, 1.1103258242460292], [3030.5, 1.656342919580421]], "baseline": [[641.5, 1.1140386290551174], [3001.5, 1.4269789918414912]]}
