{"519.lbm_r": [[1023.375, 1.0627110401148063], [3028.25, 1.4107913170163178]], "baseline": [[1056.375, 1.0622474588116477], [2989.25, 1.082048763736263]]}
{"519.lbm_r": [[972.75, 1.0704485105729329], [2992.5, 1.236343560606059]], "baseline": [[1064.375, 1.0632179598308735], [4447.5, 2.1358180994729907]]}
{"519.lbm_r": [[953.125, 1.0676879075518217], [2984.5, 1.1942372294372299]], "baseline": [[1146.5, 1.0580869739302656], [3000.0, 1.5029405303030297]]}
