{"519.lbm_r": [[519.875, 1.1419349644965642], [2990.5, 1.2374499999999984]], "baseline": [[496.875, 1.1624242901694417], [2986.25, 1.4061999999999983]]}
{"519.lbm_r": [[603.875, 1.1187287547372093], [3001.0, 1.2985545454545446]], "baseline": [[579.0, 1.1537590473006487], [2991.75, 1.1760863636363619]]}
{"519.lbm_r": [[552.875, 1.1342081893538802], [2987.25, 1.2307178030303023]], "baseline": [[595.5, 1.1198362570376479], [2960.75, 0.9849982142857119]]}
