{"519.lbm_r": [[632.75, 1.111131729151065], [4212.25, 2.336699193017128]], "baseline": [[621.75, 1.1195956204320512], [2983.5, 1.3391458333333328]]}
{"519.lbm_r": [[695.625, 1.0975417075995975], [3170.0, 2.223981775108949]], "baseline": [[598.625, 1.121353943824826], [2988.0, 1.3152909090909075]]}
{"519.lbm_r": [[621.375, 1.117277910564002], [2983.5, 1.3045591991341976]], "baseline": [[693.75, 1.1027850435202666], [2991.75, 1.1097256410256393]]}
