{"519.lbm_r": [[918.625, 1.0734452088022481], [3168.0, 1.7543195553221276]], "baseline": [[975.0, 1.0703403750718958], [11208.0, 3.595793135255735]]}
{"519.lbm_r": [[1060.5, 1.0612917549080942], [3094.25, 1.9393494922969186]], "baseline": [[902.5, 1.0752870817301192], [3028.75, 1.4797754578754587]]}
{"519.lbm_r": [[994.125, 1.065623551512996], [3004.5, 1.342131547619047]], "baseline": [[961.375, 1.0694020743094803], [3278.25, 2.227918292456336]]}
