{"519.lbm_r": [[509.75, 1.1454609623091807], [9817.0, 3.3611626407129456]], "baseline": [[562.625, 1.131853296778202], [3040.75, 1.6888017676767688]]}
{"519.lbm_r": [[538.375, 1.1403078423207067], [3027.25, 1.6811438131313146]], "baseline": [[457.5, 1.1711038715436557], [3010.0, 1.4914772727272727]]}
{"519.lbm_r": [[509.75, 1.1489175667277238], [3118.75, 1.9435920919723544]], "baseline": [[503.0, 1.1774677439997943], [6310.5, 3.241469559314954]]}
