{"519.lbm_r": [[765.125, 1.0927447647027348], [14254.0, 2.339846133538304]], "baseline": [[738.0, 1.091017920928606], [2931.0, 1.2858357323232312]]}
{"519.lbm_r": [[686.75, 1.0977052466153414], [7021.5, 2.2353242423095363]], "baseline": [[729.875, 1.0964140870504102], [12245.0, 3.4169928232899043]]}
{"519.lbm_r": [[681.125, 1.1083142959733447], [2985.75, 1.3734414215686273]], "baseline": [[704.5, 1.0999545106222692], [3188.5, 1.9584628422920878]]}
