{"519.lbm_r": [[619.875, 1.1109646186689], [3067.5, 1.6885060439560446]], "baseline": [[612.125, 1.1289997032274712], [2981.5, 1.4927384615384598]]}
{"519.lbm_r": [[563.0, 1.1257663067447123], [2994.0, 0.9954857142857126]], "baseline": [[557.125, 1.133887194822411], [3003.0, 1.5272024725274722]]}
{"519.lbm_r": [[609.25, 1.1134221499971106], [2985.25, 1.355792994505494]], "baseline": [[562.0, 1.137559892784439], [6018.0, 2.70017933584427]]}
