{"519.lbm_r": [[718.375, 1.0980030693691247], [3010.5, 1.6380333333333337]], "baseline": [[726.625, 1.0999272094889994], [3014.75, 1.3105097222222224]]}
{"519.lbm_r": [[712.625, 1.0971332244185978], [3013.5, 1.5474083333333337]], "baseline": [[681.0, 1.119382385232229], [3005.0, 1.5377541666666665]]}
{"519.lbm_r": [[711.25, 1.102505857746792], [3055.5, 1.7270659090909093]], "baseline": [[715.625, 1.0976537393028505], [3010.25, 1.3895833333333334]]}
