{"519.lbm_r": [[774.625, 1.0890427804792053], [2965.5, 1.15]], "baseline": [[792.375, 1.0848695247819224], [3028.25, 1.5334671717171728]]}
{"519.lbm_r": [[785.875, 1.0856637038803583], [3017.25, 1.5225944444444452]], "baseline": [[804.125, 1.0861854561538926], [2941.0, 1.0654386904761874]]}
{"519.lbm_r": [[799.25, 1.0856166684530522], [2946.25, 0.9413749999999972]], "baseline": [[776.25, 1.0896733915966457], [3024.25, 1.669562500000001]]}
