{"519.lbm_r": [[585.5, 1.1304642212135119], [2999.5, 1.2193579545454536]], "baseline": [[585.875, 1.123083450176259], [3009.25, 1.282924621212121]]}
{"519.lbm_r": [[649.375, 1.112649823902565], [3014.0, 1.3861410353535355]], "baseline": [[580.0, 1.1462071952456636], [2966.5, 1.221875]]}
{"519.lbm_r": [[682.25, 1.136073469412652], [2970.5, 1.2473833333333364]], "baseline": [[612.0, 1.121566158096883], [3036.75, 1.6683472222222233]]}
