{"519.lbm_r": [[497.25, 1.1525051463453626], [2973.0, 1.3271677197802196]], "baseline": [[470.375, 1.1634890355449128], [3040.25, 1.546360960612316]]}
{"519.lbm_r": [[531.75, 1.1471045095735226], [3105.5, 1.589673855311355]], "baseline": [[493.625, 1.1591973561121125], [3113.75, 1.6875288461538451]]}
{"519.lbm_r": [[528.5, 1.1475197273816526], [19619.0, 3.322989177145685]], "baseline": [[460.125, 1.1719911278822113], [2975.5, 1.428509340659342]]}
