{"519.lbm_r": [[635.25, 1.1212432223827065], [2991.0, 1.2158238553113552]], "baseline": [[575.25, 1.1350126717175517], [13573.0, 3.1377962595200497]]}
{"519.lbm_r": [[641.375, 1.1109526932741056], [3975.25, 2.354598668794441]], "baseline": [[579.25, 1.131471211118522], [7234.0, 2.2760143602248863]]}
{"519.lbm_r": [[594.375, 1.1224847805369982], [2966.75, 1.3200912087912104]], "baseline": [[623.125, 1.127350101049937], [3096.5, 1.6116443452380953]]}
