{"519.lbm_r": [[696.625, 1.0972492546974495], [3218.5, 2.6421130952380953]], "baseline": [[661.375, 1.119972029324793], [3034.25, 1.4845703282828295]]}
{"519.lbm_r": [[728.75, 1.0987818972791885], [3198.0, 2.0066624843977534]], "baseline": [[692.625, 1.1028440763250358], [3019.75, 1.6546319444444455]]}
{"519.lbm_r": [[702.625, 1.100077964779957], [3046.5, 1.4654431818181828]], "baseline": [[702.5, 1.0993428401567698], [3017.25, 1.4150851010101015]]}
