{"masstree": {"519.lbm_r": {"95th_latency": 525.0, "99th_latency": 814.0, "violate_rate": 0.36615331777704446, "throughput": 1000}, "baseline": {"95th_latency": 403.0, "99th_latency": 618.0, "violate_rate": 0.35400155021127727, "throughput": 1000}}}
{"masstree": {"519.lbm_r": {"95th_latency": 526.0, "99th_latency": 821.0, "violate_rate": 0.4046296598054784, "throughput": 1000}, "baseline": {"95th_latency": 403.0, "99th_latency": 632.0, "violate_rate": 0.5864545656193462, "throughput": 1000}}}
{"masstree": {"519.lbm_r": {"95th_latency": 528.0, "99th_latency": 826.0, "violate_rate": 0.3850228241799933, "throughput": 1000}, "baseline": {"95th_latency": 401.0, "99th_latency": 632.0, "violate_rate": 0.3506319374522194, "throughput": 1000}}}
{"masstree": {"519.lbm_r": {"95th_latency": 525.0, "99th_latency": 825.0, "violate_rate": 0.2495463875059227, "throughput": 1000}, "baseline": {"95th_latency": 403.0, "99th_latency": 637.0, "violate_rate": 0.4538968318204154, "throughput": 1000}}}
{"masstree": {"519.lbm_r": {"95th_latency": 527.0, "99th_latency": 822.0, "violate_rate": 0.24797154390965237, "throughput": 1000}, "baseline": {"95th_latency": 405.0, "99th_latency": 636.0, "violate_rate": 0.7896898356499714, "throughput": 1000}}}
{"masstree": {"519.lbm_r": {"95th_latency": 528.0, "99th_latency": 823.0, "violate_rate": 0.29849983953459774, "throughput": 1000}, "baseline": {"95th_latency": 402.0, "99th_latency": 630.0, "violate_rate": 0.6104710268838346, "throughput": 1000}}}
{"masstree": {"519.lbm_r": {"95th_latency": 528.0, "99th_latency": 823.0, "violate_rate": 0.2906035476174254, "throughput": 1000}, "baseline": {"95th_latency": 403.0, "99th_latency": 627.0, "violate_rate": 0.3505361110927416, "throughput": 1000}}}
{"masstree": {"519.lbm_r": {"95th_latency": 528.0, "99th_latency": 820.0, "violate_rate": 0.33861746000066867, "throughput": 1000}, "baseline": {"95th_latency": 402.0, "99th_latency": 634.0, "violate_rate": 0.41264071667915386, "throughput": 1000}}}
{"masstree": {"519.lbm_r": {"95th_latency": 527.0, "99th_latency": 826.0, "violate_rate": 0.4991264854507177, "throughput": 1000}, "baseline": {"95th_latency": 403.0, "99th_latency": 633.0, "violate_rate": 0.4363526723282263, "throughput": 1000}}}
{"masstree": {"519.lbm_r": {"95th_latency": 527.0, "99th_latency": 829.0, "violate_rate": 0.31259204842496474, "throughput": 1000}, "baseline": {"95th_latency": 403.0, "99th_latency": 627.0, "violate_rate": 0.47617655616500043, "throughput": 1000}}}
