{"masstree": {"519.lbm_r": {"95th_latency": 878.0, "99th_latency": 1538.0, "violate_rate": 0.04727280627176435, "throughput": 2000}, "baseline": {"95th_latency": 602.0, "99th_latency": 1081.0, "violate_rate": 0.14104792170744954, "throughput": 2000}}}
{"masstree": {"519.lbm_r": {"95th_latency": 889.0, "99th_latency": 1567.0, "violate_rate": 0.04385021206723768, "throughput": 2000}, "baseline": {"95th_latency": 599.0, "99th_latency": 1074.0, "violate_rate": 0.12703945087022292, "throughput": 2000}}}
{"masstree": {"519.lbm_r": {"95th_latency": 889.0, "99th_latency": 1636.0, "violate_rate": 0.03598542111664509, "throughput": 2000}, "baseline": {"95th_latency": 600.0, "99th_latency": 1066.0, "violate_rate": 0.14614908686398279, "throughput": 2000}}}
{"masstree": {"519.lbm_r": {"95th_latency": 885.0, "99th_latency": 1579.0, "violate_rate": 0.03514984702649769, "throughput": 2000}, "baseline": {"95th_latency": 604.0, "99th_latency": 1074.0, "violate_rate": 0.13908874808731866, "throughput": 2000}}}
{"masstree": {"519.lbm_r": {"95th_latency": 887.0, "99th_latency": 1556.0, "violate_rate": 0.03698373081841184, "throughput": 2000}, "baseline": {"95th_latency": 602.0, "99th_latency": 1079.0, "violate_rate": 0.12468521329817871, "throughput": 2000}}}
{"masstree": {"519.lbm_r": {"95th_latency": 886.0, "99th_latency": 1592.0, "violate_rate": 0.03452197094722219, "throughput": 2000}, "baseline": {"95th_latency": 606.0, "99th_latency": 1087.0, "violate_rate": 0.1679327376644511, "throughput": 2000}}}
{"masstree": {"519.lbm_r": {"95th_latency": 887.0, "99th_latency": 1567.0, "violate_rate": 0.044122197808203006, "throughput": 2000}, "baseline": {"95th_latency": 604.0, "99th_latency": 1064.0, "violate_rate": 0.12784957728991733, "throughput": 2000}}}
{"masstree": {"519.lbm_r": {"95th_latency": 885.0, "99th_latency": 1556.0, "violate_rate": 0.047911809100759956, "throughput": 2000}, "baseline": {"95th_latency": 604.0, "99th_latency": 1075.0, "violate_rate": 0.107912022032275, "throughput": 2000}}}
{"masstree": {"519.lbm_r": {"95th_latency": 885.0, "99th_latency": 1564.0, "violate_rate": 0.03774127532442065, "throughput": 2000}, "baseline": {"95th_latency": 603.0, "99th_latency": 1064.0, "violate_rate": 0.15569117523208098, "throughput": 2000}}}
{"masstree": {"519.lbm_r": {"95th_latency": 894.0, "99th_latency": 1573.0, "violate_rate": 0.040150250129227925, "throughput": 2000}, "baseline": {"95th_latency": 603.0, "99th_latency": 1068.0, "violate_rate": 0.1432092311657978, "throughput": 2000}}}
