{"masstree": {"519.lbm_r": {"95th_latency": 15765545.0, "99th_latency": 16392721.000000002, "violate_rate": 99.01050250175956, "throughput": 5000}, "baseline": {"95th_latency": 10595.0, "99th_latency": 31235.0, "violate_rate": 48.98606676221073, "throughput": 5000}}}
{"masstree": {"519.lbm_r": {"95th_latency": 15502323.0, "99th_latency": 16165924.0, "violate_rate": 99.01092756045453, "throughput": 5000}, "baseline": {"95th_latency": 12035.0, "99th_latency": 31990.0, "violate_rate": 49.404428976249726, "throughput": 5000}}}
{"masstree": {"519.lbm_r": {"95th_latency": 15494460.0, "99th_latency": 16103676.0, "violate_rate": 99.01064742071499, "throughput": 5000}, "baseline": {"95th_latency": 12866.0, "99th_latency": 32073.999999999996, "violate_rate": 49.20175213446853, "throughput": 5000}}}
{"masstree": {"519.lbm_r": {"95th_latency": 15426171.0, "99th_latency": 16027070.0, "violate_rate": 99.0101006182352, "throughput": 5000}, "baseline": {"95th_latency": 12784.0, "99th_latency": 32537.0, "violate_rate": 51.125912010312305, "throughput": 5000}}}
{"masstree": {"519.lbm_r": {"95th_latency": 15262927.0, "99th_latency": 15899297.0, "violate_rate": 99.01097776546708, "throughput": 5000}, "baseline": {"95th_latency": 12808.0, "99th_latency": 32136.000000000004, "violate_rate": 48.153783068377024, "throughput": 5000}}}
{"masstree": {"519.lbm_r": {"95th_latency": 15572827.0, "99th_latency": 16192498.0, "violate_rate": 99.01114106882761, "throughput": 5000}, "baseline": {"95th_latency": 12109.0, "99th_latency": 31272.0, "violate_rate": 47.84519126536357, "throughput": 5000}}}
{"masstree": {"519.lbm_r": {"95th_latency": 15144285.0, "99th_latency": 15731035.0, "violate_rate": 99.01134686728138, "throughput": 5000}, "baseline": {"95th_latency": 12208.0, "99th_latency": 31806.0, "violate_rate": 49.79662570202686, "throughput": 5000}}}
{"masstree": {"519.lbm_r": {"95th_latency": 15650054.0, "99th_latency": 16262362.0, "violate_rate": 99.01083748414995, "throughput": 5000}, "baseline": {"95th_latency": 13738.0, "99th_latency": 32860.0, "violate_rate": 52.44134269632854, "throughput": 5000}}}
{"masstree": {"519.lbm_r": {"95th_latency": 15395098.0, "99th_latency": 16003930.0, "violate_rate": 99.01091625636158, "throughput": 5000}, "baseline": {"95th_latency": 12503.0, "99th_latency": 31921.0, "violate_rate": 49.34162858041049, "throughput": 5000}}}
{"masstree": {"519.lbm_r": {"95th_latency": 15936316.0, "99th_latency": 16573356.0, "violate_rate": 99.01069821214614, "throughput": 5000}, "baseline": {"95th_latency": 12054.0, "99th_latency": 31681.0, "violate_rate": 48.271402673380464, "throughput": 5000}}}
