{"masstree": {"519.lbm_r": {"95th_latency": 7252.0, "99th_latency": 24933.0, "violate_rate": 28.213492257940043, "throughput": 4000}, "baseline": {"95th_latency": 2414.0, "99th_latency": 6979.0, "violate_rate": 6.452606237783495, "throughput": 4000}}}
{"masstree": {"519.lbm_r": {"95th_latency": 7261.0, "99th_latency": 25496.0, "violate_rate": 29.521382396687248, "throughput": 4000}, "baseline": {"95th_latency": 2463.0, "99th_latency": 7111.0, "violate_rate": 6.277997062477595, "throughput": 4000}}}
{"masstree": {"519.lbm_r": {"95th_latency": 7036.0, "99th_latency": 24664.0, "violate_rate": 28.600809126565398, "throughput": 4000}, "baseline": {"95th_latency": 2461.0, "99th_latency": 7163.0, "violate_rate": 6.3510083858922, "throughput": 4000}}}
{"masstree": {"519.lbm_r": {"95th_latency": 7228.0, "99th_latency": 25367.0, "violate_rate": 29.299836034328532, "throughput": 4000}, "baseline": {"95th_latency": 2433.0, "99th_latency": 7103.0, "violate_rate": 6.3655031418822805, "throughput": 4000}}}
{"masstree": {"519.lbm_r": {"95th_latency": 7205.0, "99th_latency": 25040.0, "violate_rate": 29.646558279555048, "throughput": 4000}, "baseline": {"95th_latency": 2444.0, "99th_latency": 7049.0, "violate_rate": 6.363273668305735, "throughput": 4000}}}
{"masstree": {"519.lbm_r": {"95th_latency": 7355.0, "99th_latency": 25568.0, "violate_rate": 29.016599425505532, "throughput": 4000}, "baseline": {"95th_latency": 2424.0, "99th_latency": 7089.0, "violate_rate": 6.416388912036992, "throughput": 4000}}}
{"masstree": {"519.lbm_r": {"95th_latency": 7112.0, "99th_latency": 25072.0, "violate_rate": 29.391130262409998, "throughput": 4000}, "baseline": {"95th_latency": 2442.0, "99th_latency": 6994.0, "violate_rate": 6.331822336203939, "throughput": 4000}}}
{"masstree": {"519.lbm_r": {"95th_latency": 7475.0, "99th_latency": 25183.0, "violate_rate": 29.4713228131274, "throughput": 4000}, "baseline": {"95th_latency": 2457.0, "99th_latency": 7154.0, "violate_rate": 6.244175078263823, "throughput": 4000}}}
{"masstree": {"519.lbm_r": {"95th_latency": 7411.0, "99th_latency": 25129.0, "violate_rate": 29.893409499135483, "throughput": 4000}, "baseline": {"95th_latency": 2395.0, "99th_latency": 7023.0, "violate_rate": 6.546264864295414, "throughput": 4000}}}
{"masstree": {"519.lbm_r": {"95th_latency": 7467.0, "99th_latency": 25149.0, "violate_rate": 29.678740899364424, "throughput": 4000}, "baseline": {"95th_latency": 2397.0, "99th_latency": 6985.0, "violate_rate": 6.5229120364791715, "throughput": 4000}}}
