{"masstree": {"519.lbm_r": {"95th_latency": 674.0, "99th_latency": 1088.0, "violate_rate": 0.11526549373262052, "throughput": 1500}, "baseline": {"95th_latency": 472.0, "99th_latency": 822.0, "violate_rate": 0.1942656850798324, "throughput": 1500}}}
{"masstree": {"519.lbm_r": {"95th_latency": 674.0, "99th_latency": 1086.0, "violate_rate": 0.13618565779436156, "throughput": 1500}, "baseline": {"95th_latency": 475.0, "99th_latency": 829.0, "violate_rate": 0.27387700897809186, "throughput": 1500}}}
{"masstree": {"519.lbm_r": {"95th_latency": 675.0, "99th_latency": 1085.0, "violate_rate": 0.09271792904538577, "throughput": 1500}, "baseline": {"95th_latency": 477.0, "99th_latency": 835.0, "violate_rate": 0.28345826876790436, "throughput": 1500}}}
{"masstree": {"519.lbm_r": {"95th_latency": 673.0, "99th_latency": 1093.0, "violate_rate": 0.14143519735410431, "throughput": 1500}, "baseline": {"95th_latency": 473.0, "99th_latency": 828.0, "violate_rate": 0.22823021432552118, "throughput": 1500}}}
{"masstree": {"519.lbm_r": {"95th_latency": 672.0, "99th_latency": 1084.0, "violate_rate": 0.12637505547654732, "throughput": 1500}, "baseline": {"95th_latency": 475.0, "99th_latency": 832.0, "violate_rate": 0.28474121451612283, "throughput": 1500}}}
{"masstree": {"519.lbm_r": {"95th_latency": 676.0, "99th_latency": 1097.0, "violate_rate": 0.11489029797276522, "throughput": 1500}, "baseline": {"95th_latency": 476.0, "99th_latency": 830.0, "violate_rate": 0.29315431465935965, "throughput": 1500}}}
{"masstree": {"519.lbm_r": {"95th_latency": 672.0, "99th_latency": 1078.0, "violate_rate": 0.14260332713928747, "throughput": 1500}, "baseline": {"95th_latency": 477.0, "99th_latency": 836.0, "violate_rate": 0.26782858058208514, "throughput": 1500}}}
{"masstree": {"519.lbm_r": {"95th_latency": 676.0, "99th_latency": 1104.0, "violate_rate": 0.15966951154557216, "throughput": 1500}, "baseline": {"95th_latency": 477.0, "99th_latency": 837.0, "violate_rate": 0.23074844686341087, "throughput": 1500}}}
{"masstree": {"519.lbm_r": {"95th_latency": 674.0, "99th_latency": 1089.0, "violate_rate": 0.13216212200368357, "throughput": 1500}, "baseline": {"95th_latency": 476.0, "99th_latency": 843.0, "violate_rate": 0.2668689772658909, "throughput": 1500}}}
{"masstree": {"519.lbm_r": {"95th_latency": 679.0, "99th_latency": 1098.0, "violate_rate": 0.1263598544598433, "throughput": 1500}, "baseline": {"95th_latency": 474.0, "99th_latency": 833.0, "violate_rate": 0.23003065003197298, "throughput": 1500}}}
