{"masstree": {"519.lbm_r": {"95th_latency": 3280.0, "99th_latency": 10283.0, "violate_rate": 10.844682685002606, "throughput": 3500}, "baseline": {"95th_latency": 1437.0, "99th_latency": 3993.0, "violate_rate": 2.054467296775125, "throughput": 3500}}}
{"masstree": {"519.lbm_r": {"95th_latency": 3243.0, "99th_latency": 10182.0, "violate_rate": 9.138384212514948, "throughput": 3500}, "baseline": {"95th_latency": 1474.0, "99th_latency": 4113.0, "violate_rate": 3.8794292887110475, "throughput": 3500}}}
{"masstree": {"519.lbm_r": {"95th_latency": 3338.0, "99th_latency": 10296.0, "violate_rate": 10.82820155808475, "throughput": 3500}, "baseline": {"95th_latency": 1446.0, "99th_latency": 3937.0, "violate_rate": 2.038494096940048, "throughput": 3500}}}
{"masstree": {"519.lbm_r": {"95th_latency": 3344.0, "99th_latency": 10535.0, "violate_rate": 10.777541288804029, "throughput": 3500}, "baseline": {"95th_latency": 1454.0, "99th_latency": 3998.0, "violate_rate": 2.037785926484963, "throughput": 3500}}}
{"masstree": {"519.lbm_r": {"95th_latency": 3224.0, "99th_latency": 10253.0, "violate_rate": 9.14258554764791, "throughput": 3500}, "baseline": {"95th_latency": 1440.0, "99th_latency": 4018.0, "violate_rate": 2.0473123490887892, "throughput": 3500}}}
{"masstree": {"519.lbm_r": {"95th_latency": 3248.0, "99th_latency": 10335.0, "violate_rate": 10.975196334369254, "throughput": 3500}, "baseline": {"95th_latency": 1455.0, "99th_latency": 4033.0000000000005, "violate_rate": 3.990913776149778, "throughput": 3500}}}
{"masstree": {"519.lbm_r": {"95th_latency": 3268.0, "99th_latency": 10084.0, "violate_rate": 9.030926737071596, "throughput": 3500}, "baseline": {"95th_latency": 1459.0, "99th_latency": 4096.0, "violate_rate": 2.0094047877631844, "throughput": 3500}}}
{"masstree": {"519.lbm_r": {"95th_latency": 3366.0, "99th_latency": 10259.0, "violate_rate": 10.663319962615581, "throughput": 3500}, "baseline": {"95th_latency": 1424.0, "99th_latency": 3890.0, "violate_rate": 2.083812019855261, "throughput": 3500}}}
{"masstree": {"519.lbm_r": {"95th_latency": 3289.0, "99th_latency": 10419.0, "violate_rate": 10.759635220573335, "throughput": 3500}, "baseline": {"95th_latency": 1441.0, "99th_latency": 3851.0, "violate_rate": 2.0389183193073785, "throughput": 3500}}}
{"masstree": {"519.lbm_r": {"95th_latency": 3284.0, "99th_latency": 10123.0, "violate_rate": 9.090319228201194, "throughput": 3500}, "baseline": {"95th_latency": 1450.0, "99th_latency": 4025.0000000000005, "violate_rate": 2.0159751602926055, "throughput": 3500}}}
