{"masstree": {"519.lbm_r": {"95th_latency": 1759.0, "99th_latency": 4831.0, "violate_rate": 3.004370228537309, "throughput": 3000}, "baseline": {"95th_latency": 1077.0, "99th_latency": 2670.0, "violate_rate": 1.344345289455624, "throughput": 3000}}}
{"masstree": {"519.lbm_r": {"95th_latency": 1738.0, "99th_latency": 4663.0, "violate_rate": 3.1036077927774244, "throughput": 3000}, "baseline": {"95th_latency": 1038.0, "99th_latency": 2521.0, "violate_rate": 1.448376060523291, "throughput": 3000}}}
{"masstree": {"519.lbm_r": {"95th_latency": 1754.0, "99th_latency": 4738.0, "violate_rate": 3.0432731593270503, "throughput": 3000}, "baseline": {"95th_latency": 1030.0, "99th_latency": 2489.0, "violate_rate": 1.4766506921126963, "throughput": 3000}}}
{"masstree": {"519.lbm_r": {"95th_latency": 1753.0, "99th_latency": 4810.0, "violate_rate": 3.0461881384884952, "throughput": 3000}, "baseline": {"95th_latency": 1038.0, "99th_latency": 2498.0, "violate_rate": 1.4674651964063756, "throughput": 3000}}}
{"masstree": {"519.lbm_r": {"95th_latency": 1747.0, "99th_latency": 4764.0, "violate_rate": 3.053654070782878, "throughput": 3000}, "baseline": {"95th_latency": 1035.0, "99th_latency": 2467.0, "violate_rate": 1.4828913518162858, "throughput": 3000}}}
{"masstree": {"519.lbm_r": {"95th_latency": 1764.0, "99th_latency": 4762.0, "violate_rate": 3.0076332021074292, "throughput": 3000}, "baseline": {"95th_latency": 1061.0, "99th_latency": 2582.0, "violate_rate": 1.3995654035940337, "throughput": 3000}}}
{"masstree": {"519.lbm_r": {"95th_latency": 1760.0, "99th_latency": 4782.0, "violate_rate": 3.011859805103971, "throughput": 3000}, "baseline": {"95th_latency": 1046.0, "99th_latency": 2543.0, "violate_rate": 1.422848704840719, "throughput": 3000}}}
{"masstree": {"519.lbm_r": {"95th_latency": 1773.0, "99th_latency": 4837.0, "violate_rate": 4.939399598858368, "throughput": 3000}, "baseline": {"95th_latency": 1032.0, "99th_latency": 2426.0, "violate_rate": 1.508469085686624, "throughput": 3000}}}
{"masstree": {"519.lbm_r": {"95th_latency": 1781.0, "99th_latency": 4849.0, "violate_rate": 4.894238561180058, "throughput": 3000}, "baseline": {"95th_latency": 1043.0, "99th_latency": 2485.0, "violate_rate": 1.471880185764061, "throughput": 3000}}}
{"masstree": {"519.lbm_r": {"95th_latency": 1788.0, "99th_latency": 4855.0, "violate_rate": 4.855661763498664, "throughput": 3000}, "baseline": {"95th_latency": 1037.0, "99th_latency": 2529.0, "violate_rate": 1.442028549871207, "throughput": 3000}}}
