{"masstree": {"519.lbm_r": {"95th_latency": 2517662.0, "99th_latency": 2623023.0, "violate_rate": 99.06171560532538, "throughput": 4500}, "baseline": {"95th_latency": 4284.0, "99th_latency": 14703.0, "violate_rate": 15.944933779856568, "throughput": 4500}}}
{"masstree": {"519.lbm_r": {"95th_latency": 2727198.0, "99th_latency": 2833325.0, "violate_rate": 99.0478240398687, "throughput": 4500}, "baseline": {"95th_latency": 4274.0, "99th_latency": 14471.0, "violate_rate": 14.278123794209852, "throughput": 4500}}}
{"masstree": {"519.lbm_r": {"95th_latency": 2716435.0, "99th_latency": 2820964.0, "violate_rate": 99.05095480671014, "throughput": 4500}, "baseline": {"95th_latency": 4366.0, "99th_latency": 14751.0, "violate_rate": 15.662350286067761, "throughput": 4500}}}
{"masstree": {"519.lbm_r": {"95th_latency": 2692373.0, "99th_latency": 2799060.0, "violate_rate": 99.06608059070291, "throughput": 4500}, "baseline": {"95th_latency": 4293.0, "99th_latency": 14347.0, "violate_rate": 14.424470438648695, "throughput": 4500}}}
{"masstree": {"519.lbm_r": {"95th_latency": 2616140.0, "99th_latency": 2721073.0, "violate_rate": 99.04490964290711, "throughput": 4500}, "baseline": {"95th_latency": 4438.0, "99th_latency": 14509.0, "violate_rate": 15.670109991096288, "throughput": 4500}}}
{"masstree": {"519.lbm_r": {"95th_latency": 2751181.0, "99th_latency": 2873423.0, "violate_rate": 99.0496550353186, "throughput": 4500}, "baseline": {"95th_latency": 4187.0, "99th_latency": 14553.0, "violate_rate": 14.030845546109948, "throughput": 4500}}}
{"masstree": {"519.lbm_r": {"95th_latency": 2547383.0, "99th_latency": 2638995.0, "violate_rate": 99.0686236054784, "throughput": 4500}, "baseline": {"95th_latency": 4253.0, "99th_latency": 14247.0, "violate_rate": 14.190481898509082, "throughput": 4500}}}
{"masstree": {"519.lbm_r": {"95th_latency": 2935748.0, "99th_latency": 3030195.0, "violate_rate": 99.05315730470925, "throughput": 4500}, "baseline": {"95th_latency": 4255.0, "99th_latency": 14572.0, "violate_rate": 15.992720064986145, "throughput": 4500}}}
{"masstree": {"519.lbm_r": {"95th_latency": 2621621.0, "99th_latency": 2724354.0, "violate_rate": 99.06430744654598, "throughput": 4500}, "baseline": {"95th_latency": 4237.0, "99th_latency": 14674.0, "violate_rate": 15.970690330068873, "throughput": 4500}}}
{"masstree": {"519.lbm_r": {"95th_latency": 2655986.0, "99th_latency": 2751499.0, "violate_rate": 99.04456019350687, "throughput": 4500}, "baseline": {"95th_latency": 4294.0, "99th_latency": 14360.0, "violate_rate": 14.03567533815471, "throughput": 4500}}}
