{"masstree": {"519.lbm_r": {"95th_latency": 1226.0, "99th_latency": 2718.0, "violate_rate": 1.2406721040730733, "throughput": 2500}, "baseline": {"95th_latency": 783.0, "99th_latency": 1517.0, "violate_rate": 0.04222176979977184, "throughput": 2500}}}
{"masstree": {"519.lbm_r": {"95th_latency": 1226.0, "99th_latency": 2775.0, "violate_rate": 1.216232753063703, "throughput": 2500}, "baseline": {"95th_latency": 772.0, "99th_latency": 1514.0, "violate_rate": 0.04910214093717351, "throughput": 2500}}}
{"masstree": {"519.lbm_r": {"95th_latency": 1234.0, "99th_latency": 2763.0, "violate_rate": 1.212913604184547, "throughput": 2500}, "baseline": {"95th_latency": 786.0, "99th_latency": 1514.0, "violate_rate": 0.0407112383617648, "throughput": 2500}}}
{"masstree": {"519.lbm_r": {"95th_latency": 1225.0, "99th_latency": 2665.0, "violate_rate": 1.25971720683938, "throughput": 2500}, "baseline": {"95th_latency": 772.0, "99th_latency": 1514.0, "violate_rate": 0.040725458860025605, "throughput": 2500}}}
{"masstree": {"519.lbm_r": {"95th_latency": 1223.0, "99th_latency": 2735.0, "violate_rate": 1.2336983150927878, "throughput": 2500}, "baseline": {"95th_latency": 782.0, "99th_latency": 1524.0, "violate_rate": 0.040103359242732846, "throughput": 2500}}}
{"masstree": {"519.lbm_r": {"95th_latency": 1236.0, "99th_latency": 2674.0, "violate_rate": 1.2365993470757173, "throughput": 2500}, "baseline": {"95th_latency": 784.0, "99th_latency": 1537.0, "violate_rate": 0.024246630971967116, "throughput": 2500}}}
{"masstree": {"519.lbm_r": {"95th_latency": 1238.0, "99th_latency": 2660.0, "violate_rate": 1.2535145650506336, "throughput": 2500}, "baseline": {"95th_latency": 785.0, "99th_latency": 1515.0, "violate_rate": 0.04134255630543976, "throughput": 2500}}}
{"masstree": {"519.lbm_r": {"95th_latency": 1240.0, "99th_latency": 2731.0, "violate_rate": 1.2137963407593868, "throughput": 2500}, "baseline": {"95th_latency": 785.0, "99th_latency": 1550.0, "violate_rate": 0.03378406565445706, "throughput": 2500}}}
{"masstree": {"519.lbm_r": {"95th_latency": 1225.0, "99th_latency": 2683.0, "violate_rate": 1.244172576503178, "throughput": 2500}, "baseline": {"95th_latency": 780.0, "99th_latency": 1529.0, "violate_rate": 0.022012285534493938, "throughput": 2500}}}
{"masstree": {"519.lbm_r": {"95th_latency": 1227.0, "99th_latency": 2627.0, "violate_rate": 1.2789079383143922, "throughput": 2500}, "baseline": {"95th_latency": 777.0, "99th_latency": 1492.0, "violate_rate": 0.0520609327891859, "throughput": 2500}}}
