{"masstree": {"519.lbm_r": {"95th_latency": 11753145.0, "99th_latency": 12276849.0, "violate_rate": 100.0, "throughput": 2500}, "507.cactuBSSN_r": {"95th_latency": 5801.0, "99th_latency": 15524.0, "violate_rate": 21.585943903940517, "throughput": 2500}, "500.perlbench_r": {"95th_latency": 1555.0, "99th_latency": 4365.0, "violate_rate": 3.7944342005361262, "throughput": 2500}, "502.gcc_r": {"95th_latency": 3412.0, "99th_latency": 11015.0, "violate_rate": 8.2438196292287, "throughput": 2500}, "503.bwaves_r": {"95th_latency": 997.0, "99th_latency": 2630.0, "violate_rate": 1.3898884184915767, "throughput": 2500}, "505.mcf_r": {"95th_latency": 7318.0, "99th_latency": 20449.0, "violate_rate": 21.420356261461368, "throughput": 2500}, "508.namd_r": {"95th_latency": 1465.0, "99th_latency": 4295.0, "violate_rate": 2.0240851944372587, "throughput": 2500}, "510.parest_r": {"95th_latency": 11059.0, "99th_latency": 22728.0, "violate_rate": 39.350973227579075, "throughput": 2500}, "511.povray_r": {"95th_latency": 1006.9999999999999, "99th_latency": 2773.0, "violate_rate": 1.3266355178117646, "throughput": 2500}, "520.omnetpp_r": {"95th_latency": 10931.0, "99th_latency": 21799.0, "violate_rate": 40.85600897830172, "throughput": 2500}, "521.wrf_r": {"95th_latency": 998.0, "99th_latency": 2676.0, "violate_rate": 1.3672541926854298, "throughput": 2500}, "523.xalancbmk_r": {"95th_latency": 11813.0, "99th_latency": 23299.0, "violate_rate": 36.56527185321036, "throughput": 2500}, "525.x264_r": {"95th_latency": 1452.0, "99th_latency": 4547.0, "violate_rate": 3.7491500499520445, "throughput": 2500}, "526.blender_r": {"95th_latency": 2369.0, "99th_latency": 7400.0, "violate_rate": 6.621168208149902, "throughput": 2500}, "527.cam4_r": {"95th_latency": 1018.0, "99th_latency": 2760.0, "violate_rate": 1.3224324266757363, "throughput": 2500}, "531.deepsjeng_r": {"95th_latency": 1347.0, "99th_latency": 3915.0, "violate_rate": 2.3716045778488066, "throughput": 2500}, "538.imagick_r": {"95th_latency": 1131.0, "99th_latency": 3042.0, "violate_rate": 1.1662092086210891, "throughput": 2500}, "541.leela_r": {"95th_latency": 1069.0, "99th_latency": 2773.0, "violate_rate": 1.292173538495416, "throughput": 2500}, "544.nab_r": {"95th_latency": 1248.0, "99th_latency": 3411.0, "violate_rate": 2.8395303175822, "throughput": 2500}, "548.exchange2_r": {"95th_latency": 1008.0, "99th_latency": 2794.0, "violate_rate": 1.3137401229610914, "throughput": 2500}, "549.fotonik3d_r": {"95th_latency": 1014.0, "99th_latency": 2754.0, "violate_rate": 1.3218465527610526, "throughput": 2500}, "554.roms_r": {"95th_latency": 1000.0, "99th_latency": 2707.0, "violate_rate": 1.345123838058179, "throughput": 2500}, "557.xz_r": {"95th_latency": 2414.0, "99th_latency": 7668.0, "violate_rate": 6.4739397023038805, "throughput": 2500}, "baseline": {"95th_latency": 1012.0, "99th_latency": 2845.0, "violate_rate": 1.2864769413466963, "throughput": 2500}}}
{"masstree": {"519.lbm_r": {"95th_latency": 11223970.0, "99th_latency": 11753042.0, "violate_rate": 100.0, "throughput": 2500}, "507.cactuBSSN_r": {"95th_latency": 5762.0, "99th_latency": 15496.0, "violate_rate": 20.268876254503247, "throughput": 2500}, "500.perlbench_r": {"95th_latency": 1540.0, "99th_latency": 4280.0, "violate_rate": 3.8767024544844912, "throughput": 2500}, "502.gcc_r": {"95th_latency": 3405.0, "99th_latency": 11406.0, "violate_rate": 8.21116500031142, "throughput": 2500}, "503.bwaves_r": {"95th_latency": 1012.0, "99th_latency": 2791.0, "violate_rate": 1.3154652687329613, "throughput": 2500}, "505.mcf_r": {"95th_latency": 7331.0, "99th_latency": 20374.0, "violate_rate": 21.36154450299901, "throughput": 2500}, "508.namd_r": {"95th_latency": 1464.0, "99th_latency": 4100.0, "violate_rate": 2.0683402744290165, "throughput": 2500}, "510.parest_r": {"95th_latency": 11082.0, "99th_latency": 22977.0, "violate_rate": 39.08795592822486, "throughput": 2500}, "511.povray_r": {"95th_latency": 1008.0, "99th_latency": 2808.0, "violate_rate": 1.3075349311329107, "throughput": 2500}, "520.omnetpp_r": {"95th_latency": 10807.0, "99th_latency": 21567.0, "violate_rate": 40.992725817825004, "throughput": 2500}, "521.wrf_r": {"95th_latency": 1018.9999999999999, "99th_latency": 2778.0, "violate_rate": 1.3157047823833652, "throughput": 2500}, "523.xalancbmk_r": {"95th_latency": 11531.0, "99th_latency": 22975.0, "violate_rate": 36.91551364253229, "throughput": 2500}, "525.x264_r": {"95th_latency": 1403.0, "99th_latency": 4424.0, "violate_rate": 3.9037004962295505, "throughput": 2500}, "526.blender_r": {"95th_latency": 2324.0, "99th_latency": 7433.0, "violate_rate": 6.794947880182778, "throughput": 2500}, "527.cam4_r": {"95th_latency": 1012.9999999999999, "99th_latency": 2750.0, "violate_rate": 1.3204458778850987, "throughput": 2500}, "531.deepsjeng_r": {"95th_latency": 1325.0, "99th_latency": 3685.0, "violate_rate": 2.482950693684504, "throughput": 2500}, "538.imagick_r": {"95th_latency": 1134.0, "99th_latency": 2954.0, "violate_rate": 1.1746621789587595, "throughput": 2500}, "541.leela_r": {"95th_latency": 1074.0, "99th_latency": 2946.0, "violate_rate": 1.2115774742481968, "throughput": 2500}, "544.nab_r": {"95th_latency": 1246.0, "99th_latency": 3479.0, "violate_rate": 2.8205142524917153, "throughput": 2500}, "548.exchange2_r": {"95th_latency": 1012.0, "99th_latency": 2866.0, "violate_rate": 1.274021315243884, "throughput": 2500}, "549.fotonik3d_r": {"95th_latency": 1024.0, "99th_latency": 2846.0, "violate_rate": 1.2763334221867124, "throughput": 2500}, "554.roms_r": {"95th_latency": 1008.0, "99th_latency": 2794.0, "violate_rate": 1.2992768758211009, "throughput": 2500}, "557.xz_r": {"95th_latency": 2512.0, "99th_latency": 7750.0, "violate_rate": 6.127883726211201, "throughput": 2500}, "baseline": {"95th_latency": 1024.0, "99th_latency": 2736.0, "violate_rate": 1.3175732642308333, "throughput": 2500}}}
{"masstree": {"519.lbm_r": {"95th_latency": 11574081.0, "99th_latency": 12122159.0, "violate_rate": 100.0, "throughput": 2500}, "507.cactuBSSN_r": {"95th_latency": 6035.0, "99th_latency": 15926.0, "violate_rate": 22.592500069745835, "throughput": 2500}, "500.perlbench_r": {"95th_latency": 1538.0, "99th_latency": 4333.0, "violate_rate": 3.922314253591467, "throughput": 2500}, "502.gcc_r": {"95th_latency": 3389.0, "99th_latency": 10842.0, "violate_rate": 8.43009972174285, "throughput": 2500}, "503.bwaves_r": {"95th_latency": 1010.0, "99th_latency": 2826.0, "violate_rate": 1.3050901769159828, "throughput": 2500}, "505.mcf_r": {"95th_latency": 7426.0, "99th_latency": 20714.0, "violate_rate": 21.320799631210537, "throughput": 2500}, "508.namd_r": {"95th_latency": 1459.0, "99th_latency": 4208.0, "violate_rate": 2.0765980106023814, "throughput": 2500}, "510.parest_r": {"95th_latency": 11167.0, "99th_latency": 22708.0, "violate_rate": 39.33316838487568, "throughput": 2500}, "511.povray_r": {"95th_latency": 1012.0, "99th_latency": 2711.0, "violate_rate": 1.345342156358013, "throughput": 2500}, "520.omnetpp_r": {"95th_latency": 10982.0, "99th_latency": 21769.0, "violate_rate": 40.9305720763976, "throughput": 2500}, "521.wrf_r": {"95th_latency": 1018.0, "99th_latency": 2704.0, "violate_rate": 1.3326904354550269, "throughput": 2500}, "523.xalancbmk_r": {"95th_latency": 11596.0, "99th_latency": 23383.0, "violate_rate": 36.61566164688274, "throughput": 2500}, "525.x264_r": {"95th_latency": 1410.0, "99th_latency": 4498.0, "violate_rate": 3.9563982233656603, "throughput": 2500}, "526.blender_r": {"95th_latency": 2366.0, "99th_latency": 7134.0, "violate_rate": 6.68836185805211, "throughput": 2500}, "527.cam4_r": {"95th_latency": 1012.0, "99th_latency": 2842.0, "violate_rate": 1.2933396526074081, "throughput": 2500}, "531.deepsjeng_r": {"95th_latency": 1323.0, "99th_latency": 3882.0, "violate_rate": 2.4427650714305873, "throughput": 2500}, "538.imagick_r": {"95th_latency": 1146.0, "99th_latency": 2975.0, "violate_rate": 1.1657097599045596, "throughput": 2500},