{
    "masstree": {
        "519.lbm_r": {
            "95th_latency": 1577.0,
            "99th_latency": 2754.0,
            "violate_rate": 2.237220212352014,
            "throughput": 1000
        },
        "507.cactuBSSN_r": {
            "95th_latency": 943.0,
            "99th_latency": 1861.0,
            "violate_rate": 0.04308476130165697,
            "throughput": 1000
        },
        "500.perlbench_r": {
            "95th_latency": 779.0,
            "99th_latency": 1634.0,
            "violate_rate": 0.1256741269533179,
            "throughput": 1000
        },
        "502.gcc_r": {
            "95th_latency": 771.0,
            "99th_latency": 1600.0,
            "violate_rate": 0.11528384890574046,
            "throughput": 1000
        },
        "503.bwaves_r": {
            "95th_latency": 710.0,
            "99th_latency": 1264.0,
            "violate_rate": 0.18446625413795056,
            "throughput": 1000
        },
        "505.mcf_r": {
            "95th_latency": 986.0,
            "99th_latency": 1835.0,
            "violate_rate": 0.04771629378224469,
            "throughput": 1000
        },
        "508.namd_r": {
            "95th_latency": 740.0,
            "99th_latency": 1600.0,
            "violate_rate": 0.08411668207530133,
            "throughput": 1000
        },
        "510.parest_r": {
            "95th_latency": 1182.0,
            "99th_latency": 1903.0,
            "violate_rate": 0.02957828128415718,
            "throughput": 1000
        },
        "511.povray_r": {
            "95th_latency": 668.0,
            "99th_latency": 1103.0,
            "violate_rate": 0.19389868437751612,
            "throughput": 1000
        },
        "520.omnetpp_r": {
            "95th_latency": 1052.0,
            "99th_latency": 1992.0,
            "violate_rate": 0.0018886839090890067,
            "throughput": 1000
        },
        "521.wrf_r": {
            "95th_latency": 707.0,
            "99th_latency": 1216.0,
            "violate_rate": 0.14532376605879743,
            "throughput": 1000
        },
        "523.xalancbmk_r": {
            "95th_latency": 1195.0,
            "99th_latency": 2119.0,
            "violate_rate": 1.711872247170322,
            "throughput": 1000
        },
        "525.x264_r": {
            "95th_latency": 729.0,
            "99th_latency": 1496.0,
            "violate_rate": 0.1385439932096437,
            "throughput": 1000
        },
        "526.blender_r": {
            "95th_latency": 798.0,
            "99th_latency": 1647.0,
            "violate_rate": 0.09367793400305281,
            "throughput": 1000
        },
        "527.cam4_r": {
            "95th_latency": 712.0,
            "99th_latency": 1369.0,
            "violate_rate": 0.1333975212264277,
            "throughput": 1000
        },
        "531.deepsjeng_r": {
            "95th_latency": 708.0,
            "99th_latency": 1407.0,
            "violate_rate": 0.16395458409600785,
            "throughput": 1000
        },
        "538.imagick_r": {
            "95th_latency": 684.0,
            "99th_latency": 1175.0,
            "violate_rate": 0.18326967210022657,
            "throughput": 1000
        },
        "541.leela_r": {
            "95th_latency": 675.0,
            "99th_latency": 1120.0,
            "violate_rate": 0.20503677281377627,
            "throughput": 1000
        },
        "544.nab_r": {
            "95th_latency": 695.0,
            "99th_latency": 1367.0,
            "violate_rate": 0.12772779576677468,
            "throughput": 1000
        },
        "548.exchange2_r": {
            "95th_latency": 697.0,
            "99th_latency": 1197.0,
            "violate_rate": 0.19215366042419438,
            "throughput": 1000
        },
        "549.fotonik3d_r": {
            "95th_latency": 702.0,
            "99th_latency": 1252.0,
            "violate_rate": 0.14456745217407305,
            "throughput": 1000
        },
        "554.roms_r": {
            "95th_latency": 706.0,
            "99th_latency": 1223.0,
            "violate_rate": 0.17145347169238076,
            "throughput": 1000
        },
        "557.xz_r": {
            "95th_latency": 903.0,
            "99th_latency": 1766.0,
            "violate_rate": 0.054091514337498495,
            "throughput": 1000
        },
        "baseline": {
            "95th_latency": 716.0,
            "99th_latency": 1330.0,
            "violate_rate": 0.1502232807142972,
            "throughput": 1000
        }
    }
}{"masstree": {"519.lbm_r": {"95th_latency": 1606.0, "99th_latency": 2774.0, "violate_rate": 2.10628224265036, "throughput": 1000}, "507.cactuBSSN_r": {"95th_latency": 953.0, "99th_latency": 1854.0, "violate_rate": 0.04059443034425509, "throughput": 1000}, "500.perlbench_r": {"95th_latency": 786.0, "99th_latency": 1646.0, "violate_rate": 0.07514758686407244, "throughput": 1000}, "502.gcc_r": {"95th_latency": 774.0, "99th_latency": 1627.0, "violate_rate": 0.0892655681281796, "throughput": 1000}, "503.bwaves_r": {"95th_latency": 703.0, "99th_latency": 1174.0, "violate_rate": 0.14992552081706428, "throughput": 1000}, "505.mcf_r": {"95th_latency": 986.0, "99th_latency": 1833.0, "violate_rate": 0.050299248490458116, "throughput": 1000}, "508.namd_r": {"95th_latency": 734.0, "99th_latency": 1553.0, "violate_rate": 0.09806595141649616, "throughput": 1000}, "510.parest_r": {"95th_latency": 1191.0, "99th_latency": 1895.0, "violate_rate": 0.024549372449969988, "throughput": 1000}, "511.povray_r": {"95th_latency": 670.0, "99th_latency": 1086.0, "violate_rate": 0.23026772548612273, "throughput": 1000}, "520.omnetpp_r": {"95th_latency": 1068.0, "99th_latency": 2045.9999999999998, "violate_rate": 1.8821637009150964, "throughput": 1000}, "521.wrf_r": {"95th_latency": 704.0, "99th_latency": 1196.0, "violate_rate": 0.13246855767120658, "throughput": 1000}, "523.xalancbmk_r": {"95th_latency": 1207.0, "99th_latency": 2152.0, "violate_rate": 1.6424292325855563, "throughput": 1000}, "525.x264_r": {"95th_latency": 724.0, "99th_latency": 1497.0, "violate_rate": 0.11679966758324421, "throughput": 1000}, "526.blender_r": {"95th_latency": 799.0, "99th_latency": 1654.0, "violate_rate": 0.08247305854172493, "throughput": 1000}, "527.cam4_r": {"95th_latency": 705.0, "99th_latency": 1244.0, "violate_rate": 0.15641184206544864, "throughput": 1000}, "531.deepsjeng_r": {"95th_latency": 712.0, "99th_latency": 1441.0, "violate_rate": 0.1236617725811904, "throughput": 1000}, "538.imagick_r": {"95th_latency": 685.0, "99th_latency": 1184.0, "violate_rate": 0.22601667967986097, "throughput": 1000}, "541.leela_r": {"95th_latency": 672.0, "99th_latency": 1096.0, "violate_rate": 0.20607969141884927, "throughput": 1000}, "544.nab_r": {"95th_latency": 693.0, "99th_latency": 1334.0, "violate_rate": 0.1396993369996442, "throughput": 1000}, "548.exchange2_r": {"95th_latency": 716.0, "99th_latency": 1317.0, "violate_rate": 0.1283238311176619, "throughput": 1000}, "549.fotonik3d_r": {"95th_latency": 715.0, "99th_latency": 1304.0, "violate_rate": 0.1495896897721859, "throughput": 1000}, "554.roms_r": {"95th_latency": 716.0, "99th_latency": 1286.0, "violate_rate": 0.14693099052833886, "throughput": 1000}, "557.xz_r": {"95th_latency": 901.0, "99th_latency": 1798.0, "violate_rate": 0.05403580677991831, "throughput": 1000}, "baseline": {"95th_latency": 712.0, "99th_latency": 1295.0, "violate_rate": 0.16299768541221202, "throughput": 1000}}}
{"masstree": {"519.lbm_r": {"95th_latency": 1576.0, "99th_latency": 2759.0, "violate_rate": 2.2544019434432365, "throughput": 1000}, "507.cactuBSSN_r": {"95th_latency": 947.0, "99th_latency": 1831.0, "violate_rate": 0.051591062189302477, "throughput": 1000}, "500.perlbench_r": {"95th_latency": 777.0, "99th_latency": 1635.0, "violate_rate": 0.07863403728995232, "throughput": 1000}, "502.gcc_r": {"95th_latency": 779.0, "99th_latency": 1640.0, "violate_rate": 0.08342500258987354, "throughput": 1000},