{"519.lbm_r": [[1550.0, 0.08650505359649943]], "507.cactuBSSN_r": [[2129230.0, 7.0004326608280865]], "baseline": [[1618.0, 0.03331822927946073]]}
{"519.lbm_r": [[3965.0, 1.1426611145785133]], "507.cactuBSSN_r": [[1640.0, 0.21301227933233421]], "baseline": [[1985186.0, 7.0007699279167]]}
{"519.lbm_r": [[634726.0, 3.0072477731353797]], "507.cactuBSSN_r": [[1613.0, 0.07152501624939647]], "baseline": [[2003220.0, 7.000721844390442]]}
{"519.lbm_r": [[1483.0, 0.08566948874051336]], "507.cactuBSSN_r": [[2315894.0, 8.145495564518958]], "baseline": [[1626.0, 0.08241156364120913]]}
{"519.lbm_r": [[1771204.0, 6.000349122447891]], "507.cactuBSSN_r": [[407911.0, 2.0026386289788847]], "baseline": [[3163532.0, 10.003250875171]]}
{"519.lbm_r": [[1527.0, 0.20081857665616717]], "507.cactuBSSN_r": [[548226.0, 2.0001690770625213]], "baseline": [[1856094.0, 7.019006748650343]]}
{"519.lbm_r": [[2544525.0, 8.000237338177559]], "507.cactuBSSN_r": [[631761.0, 3.0223015909790627]], "baseline": [[1531.0, 0.026996395560952173]]}
{"519.lbm_r": [[1515.0, 0.0659130441888954]], "507.cactuBSSN_r": [[265769.0, 2.0092865005141025]], "baseline": [[2487566.0, 8.000462543185428]]}
{"519.lbm_r": [[1769.0, 0.011679639356161842]], "507.cactuBSSN_r": [[1157469.0, 5.043752554609802]], "baseline": [[1522.0, 0.12992665750387014]]}
{"519.lbm_r": [[1726936.0, 6.00050932553525]], "507.cactuBSSN_r": [[1523.0, 0.1553146338311902]], "baseline": [[1505.0, 0.13085142200885028]]}
{"519.lbm_r": [[1571.0, 0.17833857353111993]], "507.cactuBSSN_r": [[588891.0, 3.676300122017702]], "baseline": [[1592.0, 0.0757455750800268]]}
{"519.lbm_r": [[712465.0, 3.0023998258461755]], "507.cactuBSSN_r": [[1697208.0, 7.795540946206766]], "baseline": [[3453920.0, 10.00001920101258]]}
{"519.lbm_r": [[1745943.0, 7.995746975766453]], "507.cactuBSSN_r": [[1541.0, 0.14133993005269446]], "baseline": [[1518.0, 0.11474767739971124]]}
{"519.lbm_r": [[1869485.0, 7.001868124936592]], "507.cactuBSSN_r": [[1531.0, 0.06485279298618123]], "baseline": [[452619.0, 2.000930475877744]]}
{"519.lbm_r": [[2227629.0, 8.006087669970436]], "507.cactuBSSN_r": [[1786912.0, 7.8880516716400795]], "baseline": [[1766.0, 0.0021382705293287257]]}
{"519.lbm_r": [[1561.0, 0.06694769300393812]], "507.cactuBSSN_r": [[2086101.9999999998, 7.000679413634692]], "baseline": [[681274.0, 3.0059417251498624]]}
{"519.lbm_r": [[2035772.0, 7.0007029732517205]], "507.cactuBSSN_r": [[1455.0, 0.12084604400759053]], "baseline": [[1515.0, 0.0900752017338419]]}
{"519.lbm_r": [[1583.0, 0.09730917597615531]], "507.cactuBSSN_r": [[3754806.0, 11.006646309513783]], "baseline": [[3359616.0, 10.000309702970558]]}
{"519.lbm_r": [[1604.0, 0.157915461608748]], "507.cactuBSSN_r": [[1483.0, 0.06659131940091839]], "baseline": [[1558.0, 0.12432234426686677]]}
{"519.lbm_r": [[1568.0, 0.19369661428591473]], "507.cactuBSSN_r": [[1675.0, 0.01814923838808034]], "baseline": [[1549.0, 0.17926319655267267]]}
