{"519.lbm_r": [[1438.0, 0.14931036637986345]], "507.cactuBSSN_r": [[1588.0, 0.10753504792469996]], "baseline": [[2040705.0, 7.000308181700175]]}
{"519.lbm_r": [[2067203.0, 7.000584487001751]], "507.cactuBSSN_r": [[1600.0, 0.12053438068432008]], "baseline": [[2442459.0, 8.000223213096838]]}
{"519.lbm_r": [[1462.0, 0.20950266414832341]], "507.cactuBSSN_r": [[1527.0, 0.125067230043318]], "baseline": [[1522.0, 0.1027674177764495]]}
{"519.lbm_r": [[1501.0, 0.22698551022361627]], "507.cactuBSSN_r": [[1586.0, 0.0824051155807999]], "baseline": [[1530.0, 0.1836433210557602]]}
{"519.lbm_r": [[2864613.0, 9.000431040283939]], "507.cactuBSSN_r": [[1556.0, 0.06824451844784493]], "baseline": [[3999419.0, 12.006799838765517]]}
{"519.lbm_r": [[1554.0, 0.058599633335526355]], "507.cactuBSSN_r": [[1470.0, 0.14826595551307886]], "baseline": [[1574.0, 0.10228285876815016]]}
{"519.lbm_r": [[1622.0, 0.04903418941115298]], "507.cactuBSSN_r": [[1535.0, 0.1334887705711246]], "baseline": [[1591.0, 0.06705493116286382]]}
{"519.lbm_r": [[2610.0, 1.4365096946578442]], "507.cactuBSSN_r": [[1551.0, 0.18581196647076081]], "baseline": [[1562.0, 0.03764859982309134]]}
{"519.lbm_r": [[1704.0, 0.029531578693838215]], "507.cactuBSSN_r": [[1517.0, 0.1105168942115598]], "baseline": [[143116.0, 1.0015247126524778]]}
{"519.lbm_r": [[2236592.0, 8.707782111929593]], "507.cactuBSSN_r": [[1808.0, 0.001190986395117854]], "baseline": [[1588.0, 0.07142490108840346]]}
{"519.lbm_r": [[2613907.0, 8.000132172996851]], "507.cactuBSSN_r": [[1549.0, 0.14481991115963275]], "baseline": [[1592.0, 0.06968122081737363]]}
{"519.lbm_r": [[412728.0, 2.002792805870905]], "507.cactuBSSN_r": [[2567520.0, 8.000123474963281]], "baseline": [[64035.0, 1.0038847863515652]]}
{"519.lbm_r": [[3169956.0, 10.057755066288166]], "507.cactuBSSN_r": [[1515.0, 0.13685034418328795]], "baseline": [[1557.0, 0.09662364607342663]]}
{"519.lbm_r": [[1668.0, 0.021096456467150568]], "507.cactuBSSN_r": [[1640.0, 0.03411955257339478]], "baseline": [[1513.0, 0.1344386117868245]]}
{"519.lbm_r": [[357525.0, 2.0067864120713597]], "507.cactuBSSN_r": [[1699.0, 0.005320974676419335]], "baseline": [[231599.0, 2.9243239042843947]]}
{"519.lbm_r": [[1503.0, 0.1836765822099649]], "507.cactuBSSN_r": [[1542.0, 0.11384086711972495]], "baseline": [[1576.0, 0.15343284428230589]]}
{"519.lbm_r": [[1503.0, 0.17714061814439908]], "507.cactuBSSN_r": [[2429710.0, 8.000531642024404]], "baseline": [[493833.0, 2.0010010899168718]]}
{"519.lbm_r": [[1732559.0, 6.0000980372792885]], "507.cactuBSSN_r": [[1683.0, 0.008242541711853539]], "baseline": [[2830279.0, 9.000685949495526]]}
{"519.lbm_r": [[3063879.0, 10.99519251778421]], "507.cactuBSSN_r": [[1807373.0, 7.012079253253659]], "baseline": [[1607.0, 0.11960199947790925]]}
{"519.lbm_r": [[1788048.0, 7.660464574516787]], "507.cactuBSSN_r": [[1596.0, 0.05589377624220895]], "baseline": [[1947948.0, 7.001065560459661]]}
