{"519.lbm_r": [[1642401.0, 6.000042901912777]], "507.cactuBSSN_r": [[1537.0, 0.1822434969835094]], "baseline": [[1819293.0, 7.166945068295823]]}
{"519.lbm_r": [[2596851.0, 8.000038347838052]], "507.cactuBSSN_r": [[5290716.0, 15.375991042410245]], "baseline": [[1540.0, 0.12097574232606806]]}
{"519.lbm_r": [[1665598.0, 7.9779288989132295]], "507.cactuBSSN_r": [[1588.0, 0.0654768606522998]], "baseline": [[2153073.0, 7.0002479463091305]]}
{"519.lbm_r": [[1483.0, 0.17294489316052877]], "507.cactuBSSN_r": [[1587.0, 0.017241183503317523]], "baseline": [[1604.0, 0.060683556503769304]]}
{"519.lbm_r": [[2044934.0, 8.004568052697223]], "507.cactuBSSN_r": [[3261207.0, 10.002224843400377]], "baseline": [[1538.0, 0.11463342652075431]]}
{"519.lbm_r": [[2126053.0, 7.000217437700883]], "507.cactuBSSN_r": [[1476.0, 0.16266156799339102]], "baseline": [[1827516.0, 7.028784043707891]]}
{"519.lbm_r": [[2508349.0, 8.00005463191556]], "507.cactuBSSN_r": [[1573.0, 0.1088222270921761]], "baseline": [[1820209.0, 7.023591372160785]]}
{"519.lbm_r": [[2683702.0, 9.046558801363645]], "507.cactuBSSN_r": [[3073887.0, 10.854854835380683]], "baseline": [[1982583.0, 7.000760891377675]]}
{"519.lbm_r": [[1514.0, 0.15355250326037168]], "507.cactuBSSN_r": [[1502.0, 0.12416824082159462]], "baseline": [[1658.0, 0.06175478015495069]]}
{"519.lbm_r": [[1633.0, 0.14317874360770325]], "507.cactuBSSN_r": [[1566.0, 0.25218268969438806]], "baseline": [[1958361.0, 7.000958669341557]]}
{"519.lbm_r": [[1492.0, 0.06089068647043548]], "507.cactuBSSN_r": [[1918756.0, 7.002011329785883]], "baseline": [[2580305.0, 8.000238169484714]]}
{"519.lbm_r": [[1600.0, 0.07224289249485195]], "507.cactuBSSN_r": [[1547.0, 0.15914619703369925]], "baseline": [[1665335.0, 6.0002870400008295]]}
{"519.lbm_r": [[1551.0, 0.09709479313471688]], "507.cactuBSSN_r": [[1464.0, 0.19409659374769656]], "baseline": [[1487.0, 0.2394062389301994]]}
{"519.lbm_r": [[231957.0, 2.8315356176413453]], "507.cactuBSSN_r": [[1561.0, 0.06895073801410274]], "baseline": [[413589.0, 2.0020463622533624]]}
{"519.lbm_r": [[1529.0, 0.08974619004109241]], "507.cactuBSSN_r": [[1611.0, 0.019233337059822345]], "baseline": [[504712.0, 2.000692074565589]]}
{"519.lbm_r": [[1509.0, 0.18068007976458264]], "507.cactuBSSN_r": [[1545.0, 0.14816036737385416]], "baseline": [[1491.0, 0.08278270186745647]]}
{"519.lbm_r": [[1791194.0, 7.556233528073043]], "507.cactuBSSN_r": [[3221301.0, 10.004008660668271]], "baseline": [[3168887.0, 10.002186405138799]]}
{"519.lbm_r": [[1612.0, 0.09110299894590157]], "507.cactuBSSN_r": [[1598.0, 0.04357171269250651]], "baseline": [[2291902.0, 8.00541735205774]]}
{"519.lbm_r": [[3178585.0, 10.008153887833506]], "507.cactuBSSN_r": [[1618.0, 0.0739474824321071]], "baseline": [[1546.0, 0.11107130686526033]]}
{"519.lbm_r": [[1612.0, 0.08321625147500639]], "507.cactuBSSN_r": [[589016.0, 3.6066254542588427]], "baseline": [[1712389.0, 7.897049480817287]]}
