{"519.lbm_r": [[1488.0, 0.13321351068169765]], "507.cactuBSSN_r": [[2230942.0, 8.524099660152853]], "baseline": [[2621827.0, 8.00005701950915]]}
{"519.lbm_r": [[1803512.0, 7.018626985035033]], "507.cactuBSSN_r": [[656951.0, 3.007533164942571]], "baseline": [[1535.0, 0.10834964292522407]]}
{"519.lbm_r": [[1505.0, 0.19158776550725634]], "507.cactuBSSN_r": [[1431.0, 0.12063501831644119]], "baseline": [[1637.0, 0.0916051366012177]]}
{"519.lbm_r": [[1562.0, 0.04466236645609029]], "507.cactuBSSN_r": [[2050496.0, 7.000659615970396]], "baseline": [[1654.0, 0.08133757711948264]]}
{"519.lbm_r": [[204439.0, 1.000067967440603]], "507.cactuBSSN_r": [[2652081.0, 9.68866463762112]], "baseline": [[1993468.0, 7.00038913855709]]}
{"519.lbm_r": [[1598.0, 0.09033435290630666]], "507.cactuBSSN_r": [[1466.0, 0.1295586275531161]], "baseline": [[1642.0, 0.03444417844546562]]}
{"519.lbm_r": [[623016.0, 3.080492901993996]], "507.cactuBSSN_r": [[1517.0, 0.3067892060863075]], "baseline": [[1704.0, 0.01502880110075095]]}
{"519.lbm_r": [[1577.0, 0.047355671331870415]], "507.cactuBSSN_r": [[1573.0, 0.06346059377720083]], "baseline": [[3324604.0, 10.0003841401661]]}
{"519.lbm_r": [[1438.0, 0.1768136368235623]], "507.cactuBSSN_r": [[1434.0, 0.19202534338948354]], "baseline": [[2005.0, 1.991422815000538]]}
{"519.lbm_r": [[2118181.0, 7.000200908868726]], "507.cactuBSSN_r": [[1531.0, 0.15475957416663666]], "baseline": [[1526.0, 0.11557848252994567]]}
{"519.lbm_r": [[1556.0, 0.1956207434038665]], "507.cactuBSSN_r": [[1586.0, 0.0746389750632675]], "baseline": [[98463.0, 1.0023568638993856]]}
{"519.lbm_r": [[1433182.0, 6.037180817864959]], "507.cactuBSSN_r": [[2302472.0, 8.003235869294272]], "baseline": [[1125063.0, 5.507035634594717]]}
{"519.lbm_r": [[683487.0, 3.005996232316017]], "507.cactuBSSN_r": [[1725.0, 0.01847695727063131]], "baseline": [[1539.0, 0.2030052482878462]]}
{"519.lbm_r": [[1828891.0, 7.007517469643244]], "507.cactuBSSN_r": [[1535.0, 0.11807195404825922]], "baseline": [[1561.0, 0.05107834476125164]]}
{"519.lbm_r": [[3205052.0, 10.013297674272323]], "507.cactuBSSN_r": [[1559.0, 0.10265688225514609]], "baseline": [[2234513.0, 8.01266560262793]]}
{"519.lbm_r": [[522092.0, 3.9803276044547413]], "507.cactuBSSN_r": [[1573.0, 0.10379181089491417]], "baseline": [[1576.0, 0.07207280368104999]]}
{"519.lbm_r": [[1989791.0, 7.000898178061119]], "507.cactuBSSN_r": [[1808122.0, 7.025030401976946]], "baseline": [[1523.0, 0.21328651905035134]]}
{"519.lbm_r": [[1648.0, 0.14044554400837844]], "507.cactuBSSN_r": [[345718.0, 2.008763160815721]], "baseline": [[1578.0, 0.14052892694485028]]}
{"519.lbm_r": [[2631605.0, 9.78023592759371]], "507.cactuBSSN_r": [[661313.0, 3.006891049460383]], "baseline": [[1517.0, 0.09219156066701034]]}
{"519.lbm_r": [[1532.0, 0.07673662330052829]], "507.cactuBSSN_r": [[168925.0, 1.0005354795428605]], "baseline": [[1685.0, 0.033679140692744525]]}
