{"519.lbm_r": [[1462.0, 0.11040969007812652]], "507.cactuBSSN_r": [[1485.0, 0.21411016513387718]], "baseline": [[1970542.0, 7.001552223231058]]}
{"519.lbm_r": [[2600455.0, 8.000073312022565]], "507.cactuBSSN_r": [[2236773.0, 8.009065077846037]], "baseline": [[1465.0, 0.26206918307047866]]}
{"519.lbm_r": [[3578519.0, 10.000064851802257]], "507.cactuBSSN_r": [[1471.0, 0.20717299703223893]], "baseline": [[2452786.0, 8.000594944611874]]}
{"519.lbm_r": [[2615795.0, 8.00025703392883]], "507.cactuBSSN_r": [[1434.0, 0.17119676927854782]], "baseline": [[1331.0, 0.21165048214469215]]}
{"519.lbm_r": [[1360.0, 0.12982181697721062]], "507.cactuBSSN_r": [[1494.0, 0.22169871516690726]], "baseline": [[1911833.0, 7.001920023241546]]}
{"519.lbm_r": [[418243.0, 2.0036710946621143]], "507.cactuBSSN_r": [[1489.0, 0.11888876611840497]], "baseline": [[3695503.0, 11.000502425723507]]}
{"519.lbm_r": [[2311925.0, 8.021573885542892]], "507.cactuBSSN_r": [[1519.0, 0.0943475728098716]], "baseline": [[1420.0, 0.2185325194772699]]}
{"519.lbm_r": [[1541.0, 0.021613180300787214]], "507.cactuBSSN_r": [[1455.0, 0.10201099339649666]], "baseline": [[1452.0, 0.2349041450053573]]}
{"519.lbm_r": [[1413.0, 0.21710945664739836]], "507.cactuBSSN_r": [[1483.0, 0.0800249010394969]], "baseline": [[1554.0, 0.029729957604227163]]}
{"519.lbm_r": [[1454.0, 0.0928813058167989]], "507.cactuBSSN_r": [[1472.0, 0.14225732946508618]], "baseline": [[3178156.0, 10.0686574953767]]}
{"519.lbm_r": [[1758489.0, 7.913867008419315]], "507.cactuBSSN_r": [[2666167.0, 9.005184081551295]], "baseline": [[3214039.0, 10.015918600469982]]}
{"519.lbm_r": [[1863149.0, 7.002927775848416]], "507.cactuBSSN_r": [[1520.0, 0.020859846745622655]], "baseline": [[2557361.0, 8.00034733727199]]}
{"519.lbm_r": [[2745342.0, 9.012308995475008]], "507.cactuBSSN_r": [[231943.0, 2.78547052529668]], "baseline": [[1378.0, 0.13949989113612077]]}
{"519.lbm_r": [[1948740.0, 7.001717195629963]], "507.cactuBSSN_r": [[1599.0, 0.04120644579456694]], "baseline": [[1370.0, 0.12867095172717252]]}
{"519.lbm_r": [[3288047.0, 10.000497131721048]], "507.cactuBSSN_r": [[1552.0, 0.1782174191973504]], "baseline": [[1899403.0, 7.002106761925905]]}
{"519.lbm_r": [[2140842.0, 7.000311171318757]], "507.cactuBSSN_r": [[1417.0, 0.16840191509793728]], "baseline": [[3587056.0, 11.018374363600264]]}
{"519.lbm_r": [[1478.0, 0.11427794780557333]], "507.cactuBSSN_r": [[3075999.0, 10.367638962348922]], "baseline": [[487635.0, 2.002007531434163]]}
{"519.lbm_r": [[3406623.0, 10.000432029228026]], "507.cactuBSSN_r": [[1527605.0, 6.004294636266627]], "baseline": [[1407.0, 0.1478942021102999]]}
{"519.lbm_r": [[1854409.0, 7.014933719001447]], "507.cactuBSSN_r": [[1505.0, 0.12285658890142444]], "baseline": [[1493.0, 0.1276517187502469]]}
{"519.lbm_r": [[4132388.0, 12.006239099480155]], "507.cactuBSSN_r": [[1546.0, 0.1694162033300439]], "baseline": [[2765095.0, 9.008055247450159]]}
