{"519.lbm_r": [[1394.0, 0.2039501646262346]], "507.cactuBSSN_r": [[2578241.0, 8.000495216494455]], "baseline": [[2270285.0, 8.13510827268515]]}
{"519.lbm_r": [[1989810.0, 7.001465077470414]], "507.cactuBSSN_r": [[2151057.0, 7.000698058828342]], "baseline": [[1545.0, 0.041846953230362936]]}
{"519.lbm_r": [[1448.0, 0.13474529498773252]], "507.cactuBSSN_r": [[1407.0, 0.16358279035961465]], "baseline": [[1871777.0, 7.004767485351589]]}
{"519.lbm_r": [[1930744.0, 7.001847192997339]], "507.cactuBSSN_r": [[2912052.0, 9.000639221955058]], "baseline": [[1428.0, 0.26520768815088963]]}
{"519.lbm_r": [[1503.0, 0.04165305959737471]], "507.cactuBSSN_r": [[1396.0, 0.09707584179967266]], "baseline": [[1454.0, 0.1028293152877851]]}
{"519.lbm_r": [[1403.0, 0.0812751193936104]], "507.cactuBSSN_r": [[148271.0, 1.002483250700659]], "baseline": [[1373.0, 0.13768831490343414]]}
{"519.lbm_r": [[1392.0, 0.4363523344641405]], "507.cactuBSSN_r": [[1430.0, 0.11268599228389377]], "baseline": [[1541.0, 0.043676911996854695]]}
{"519.lbm_r": [[4116281.0, 12.011893743039568]], "507.cactuBSSN_r": [[1383.0, 0.28561987793871546]], "baseline": [[2214180.0, 8.572817201783979]]}
{"519.lbm_r": [[1730428.0, 6.000696077351745]], "507.cactuBSSN_r": [[1474.0, 0.18703318773512204]], "baseline": [[1431.0, 0.1223128185190505]]}
{"519.lbm_r": [[1414.0, 0.11818002712272478]], "507.cactuBSSN_r": [[1334.0, 0.18343141917316502]], "baseline": [[1206450.0, 5.017308888527322]]}
{"519.lbm_r": [[4412436.0, 13.268057550680965]], "507.cactuBSSN_r": [[1539.0, 0.022121132027635288]], "baseline": [[1654331.0, 6.001163450660401]]}
{"519.lbm_r": [[1400.0, 0.16792963572281155]], "507.cactuBSSN_r": [[1399.0, 0.15295289823828223]], "baseline": [[1351.0, 0.3954601420683361]]}
{"519.lbm_r": [[2133584.0, 8.103695954499182]], "507.cactuBSSN_r": [[3846104.0, 11.000380551866497]], "baseline": [[2106404.0, 7.0007434815573975]]}
{"519.lbm_r": [[3180156.0, 10.003877506039514]], "507.cactuBSSN_r": [[3308402.0, 10.000432025461118]], "baseline": [[2183103.0, 8.988682957487914]]}
{"519.lbm_r": [[1568.0, 0.04398009699756258]], "507.cactuBSSN_r": [[1423.0, 0.1191979891894639]], "baseline": [[1530.0, 0.09844109756811449]]}
{"519.lbm_r": [[1511.0, 0.022055654127930507]], "507.cactuBSSN_r": [[1922899.0, 7.001649619612424]], "baseline": [[2288262.0, 8.00607275088081]]}
{"519.lbm_r": [[2186125.0, 7.000587182419173]], "507.cactuBSSN_r": [[1473.0, 0.04251272375612304]], "baseline": [[1536.0, 0.047983734828071466]]}
{"519.lbm_r": [[2114465.0, 7.000271439022317]], "507.cactuBSSN_r": [[1599.0, 0.008571967915112935]], "baseline": [[391258.0, 2.004639112405963]]}
{"519.lbm_r": [[1416.0, 0.11035759192604903]], "507.cactuBSSN_r": [[412140.0, 2.0039260594558925]], "baseline": [[1435.0, 0.23133863289756867]]}
{"519.lbm_r": [[1410.0, 0.07481343014078637]], "507.cactuBSSN_r": [[308500.0, 2.058115505827933]], "baseline": [[1443.0, 0.08917190992006144]]}
