{"519.lbm_r": [[2588694.0, 8.000045777883072]], "507.cactuBSSN_r": [[3698700.0, 11.024950158670563]], "baseline": [[2273216.0, 8.033315102458674]]}
{"519.lbm_r": [[1406.0, 0.14852257220890713]], "507.cactuBSSN_r": [[1545.0, 0.08650406408754953]], "baseline": [[1653.0, 0.06987677464260016]]}
{"519.lbm_r": [[1613.0, 0.040445129042913135]], "507.cactuBSSN_r": [[1580.0, 0.022747109276484635]], "baseline": [[1455.0, 0.15727820008346116]]}
{"519.lbm_r": [[2189863.0, 7.000215414349963]], "507.cactuBSSN_r": [[2964805.0, 9.000332398845261]], "baseline": [[1615.0, 0.02772453043041426]]}
{"519.lbm_r": [[3307956.0, 10.01205950522784]], "507.cactuBSSN_r": [[2549054.0, 8.000364396058533]], "baseline": [[1607.0, 0.12459199882147941]]}
{"519.lbm_r": [[2789116.0, 9.043132971493558]], "507.cactuBSSN_r": [[1608.0, 0.152885737727227]], "baseline": [[2342882.0, 8.013737301140106]]}
{"519.lbm_r": [[2593022.0, 8.000359188682834]], "507.cactuBSSN_r": [[1547.0, 0.15178592320122516]], "baseline": [[2232799.0, 8.766080529352829]]}
{"519.lbm_r": [[3686262.0, 10.000053804180398]], "507.cactuBSSN_r": [[2814579.0, 9.002715454690925]], "baseline": [[1506.0, 0.10216403928535314]]}
{"519.lbm_r": [[1430444.0, 6.046769773645708]], "507.cactuBSSN_r": [[2031783.0, 7.00077205760454]], "baseline": [[1971435.0, 7.001664386412975]]}
{"519.lbm_r": [[1719850.0, 6.000537129617516]], "507.cactuBSSN_r": [[1555.0, 0.08747120844619714]], "baseline": [[337225.0, 2.017808888032047]]}
{"519.lbm_r": [[1688.0, 0.017518220287063405]], "507.cactuBSSN_r": [[1453.0, 0.3404034301204176]], "baseline": [[3372030.0, 10.000418648195623]]}
{"519.lbm_r": [[3177670.0, 10.9111357597404]], "507.cactuBSSN_r": [[1557.0, 0.11114268636657713]], "baseline": [[1634.0, 0.06098928015788161]]}
{"519.lbm_r": [[1548.0, 0.10409449736715688]], "507.cactuBSSN_r": [[1534.0, 0.21509048030755987]], "baseline": [[1755818.0, 6.000198091010875]]}
{"519.lbm_r": [[1524.0, 0.13170097687123472]], "507.cactuBSSN_r": [[187091.0, 1.000370739252748]], "baseline": [[1627.0, 0.13516823211649218]]}
{"519.lbm_r": [[1515.0, 0.25265384589864714]], "507.cactuBSSN_r": [[1752.0, 0.004287554890517257]], "baseline": [[1536.0, 0.16002118546232716]]}
{"519.lbm_r": [[3279556.0, 10.030088355766532]], "507.cactuBSSN_r": [[2095132.0, 7.000446997756375]], "baseline": [[1975542.0, 7.000839688984738]]}
{"519.lbm_r": [[1665.0, 0.034349014264374526]], "507.cactuBSSN_r": [[3157158.0, 10.03825520952242]], "baseline": [[1610.0, 0.07660657221254388]]}
{"519.lbm_r": [[1524.0, 0.17569891167693194]], "507.cactuBSSN_r": [[3288000.0, 10.005731766880464]], "baseline": [[2548271.0, 9.921822200294503]]}
{"519.lbm_r": [[1559.0, 0.05934888435882953]], "507.cactuBSSN_r": [[2199272.0, 8.945721296009275]], "baseline": [[1632.0, 0.08545450237433742]]}
{"519.lbm_r": [[1708.0, 0.014993886994809512]], "507.cactuBSSN_r": [[2189205.0, 8.125415416786032]], "baseline": [[508313.0, 2.000054046558614]]}
