{"519.lbm_r": [[3709605.0, 11.01146149856936]], "507.cactuBSSN_r": [[1516.0, 0.12793903093943182]], "baseline": [[2101768.0, 7.000836337048599]]}
{"519.lbm_r": [[1481.0, 0.11097755347259113]], "507.cactuBSSN_r": [[1552.0, 0.08082772288432481]], "baseline": [[1923206.0, 7.00186578722833]]}
{"519.lbm_r": [[677621.0, 3.0088860188178637]], "507.cactuBSSN_r": [[1725.0, 0.002186262500396771]], "baseline": [[2102157.0, 7.000663823933293]]}
{"519.lbm_r": [[238250.0, 1.0006239347592114]], "507.cactuBSSN_r": [[1546.0, 0.1332730083522571]], "baseline": [[1478.0, 0.04036647309776138]]}
{"519.lbm_r": [[1419.0, 0.11075246057884788]], "507.cactuBSSN_r": [[1479.0, 0.1624172680614675]], "baseline": [[1358.0, 0.13741228365235963]]}
{"519.lbm_r": [[1380.0, 0.1842765162079793]], "507.cactuBSSN_r": [[1555.0, 0.05814075229898414]], "baseline": [[543966.0, 2.0010161863455456]]}
{"519.lbm_r": [[1444.0, 0.1063406422568437]], "507.cactuBSSN_r": [[1566.0, 0.05001655886096033]], "baseline": [[1375.0, 0.38075303648580316]]}
{"519.lbm_r": [[1752254.0, 6.000389388820582]], "507.cactuBSSN_r": [[1531.0, 0.0549693355836308]], "baseline": [[547654.0, 2.000849980477852]]}
{"519.lbm_r": [[1768542.0, 6.000258946513662]], "507.cactuBSSN_r": [[520878.00000000006, 2.0007098955832023]], "baseline": [[2260934.0, 8.012173245640899]]}
{"519.lbm_r": [[1385.0, 0.10703522038675181]], "507.cactuBSSN_r": [[1533.0, 0.09864063492457809]], "baseline": [[1455.0, 0.13187446802097721]]}
{"519.lbm_r": [[1867745.0, 7.019313333540873]], "507.cactuBSSN_r": [[1575.0, 0.18313389962406715]], "baseline": [[1561.0, 0.020484289329931307]]}
{"519.lbm_r": [[3942904.0, 11.00020868258225]], "507.cactuBSSN_r": [[1539.0, 0.11595973996165972]], "baseline": [[2745188.0, 9.007498626512378]]}
{"519.lbm_r": [[73103.0, 1.0056760992125817]], "507.cactuBSSN_r": [[1557.0, 0.07975357424220765]], "baseline": [[1464.0, 0.09896996231665263]]}
{"519.lbm_r": [[2852609.0, 9.000732575840713]], "507.cactuBSSN_r": [[1547.0, 0.18877822226596197]], "baseline": [[3075976.0, 10.014338580213728]]}
{"519.lbm_r": [[1371.0, 0.14236915167707762]], "507.cactuBSSN_r": [[1574.0, 0.10302908086086049]], "baseline": [[1525.0, 0.028406593824850383]]}
{"519.lbm_r": [[2245106.0, 7.0002946074091525]], "507.cactuBSSN_r": [[1570.0, 0.052925652180612896]], "baseline": [[1463.0, 0.20068832688943347]]}
{"519.lbm_r": [[3363872.0, 10.000545753114562]], "507.cactuBSSN_r": [[1572.0, 0.0237948793351099]], "baseline": [[3051895.0, 9.000295448685977]]}
{"519.lbm_r": [[3915595.0, 15.013441589710741]], "507.cactuBSSN_r": [[1579.0, 0.04502819521570803]], "baseline": [[3061989.0, 9.000174738490802]]}
{"519.lbm_r": [[1840665.0, 7.0178298063703055]], "507.cactuBSSN_r": [[1514.0, 0.1563061517740627]], "baseline": [[1302.0, 0.2390157312493836]]}
{"519.lbm_r": [[3387973.0, 10.000472237945162]], "507.cactuBSSN_r": [[1583.0, 0.11812780454543055]], "baseline": [[1458.0, 0.11556525493546799]]}
