{"519.lbm_r": [[2155115.0, 7.000322944184063]], "507.cactuBSSN_r": [[1403.0, 0.1463810652049705]], "baseline": [[1468.0, 0.08513344341480937]]}
{"519.lbm_r": [[1524.0, 0.05602227992041806]], "507.cactuBSSN_r": [[1371.0, 0.14455226692640216]], "baseline": [[1393.0, 0.06055224086425158]]}
{"519.lbm_r": [[2333296.0, 8.009450728688943]], "507.cactuBSSN_r": [[1382.0, 0.2592211877923618]], "baseline": [[1397.0, 0.10762989266921971]]}
{"519.lbm_r": [[2420747.0, 8.00098835159087]], "507.cactuBSSN_r": [[2057094.0, 7.0010938566959595]], "baseline": [[1497.0, 0.03168543525886232]]}
{"519.lbm_r": [[1402.0, 0.1285172281381022]], "507.cactuBSSN_r": [[1370.0, 0.11954358531016947]], "baseline": [[1473.0, 0.2840712503178934]]}
{"519.lbm_r": [[3536654.0, 11.26700140036673]], "507.cactuBSSN_r": [[1360.0, 0.0824432475814025]], "baseline": [[1453.0, 0.16974312222557172]]}
{"519.lbm_r": [[2192406.0, 8.927032399104213]], "507.cactuBSSN_r": [[1399.0, 0.25245909715314513]], "baseline": [[1518.0, 0.025773789983137882]]}
{"519.lbm_r": [[1726397.0, 7.933146745781658]], "507.cactuBSSN_r": [[1444.0, 0.11530897336273738]], "baseline": [[1576.0, 0.016758012386876645]]}
{"519.lbm_r": [[3673749.0, 18.001172951326975]], "507.cactuBSSN_r": [[1403.0, 0.11837052438557849]], "baseline": [[1369.0, 0.11371394871014522]]}
{"519.lbm_r": [[2065190.9999999998, 7.000857912365963]], "507.cactuBSSN_r": [[1311.0, 0.11959459193510442]], "baseline": [[1762012.0, 7.388611131720139]]}
{"519.lbm_r": [[1698696.0, 6.000841066018782]], "507.cactuBSSN_r": [[2098325.0, 7.000191031512071]], "baseline": [[1469.0, 0.07233891128923171]]}
{"519.lbm_r": [[1481.0, 0.03549480456251147]], "507.cactuBSSN_r": [[2589307.0, 8.000395117739613]], "baseline": [[702904.0, 3.0053404856432717]]}
{"519.lbm_r": [[3209629.0, 10.00065020409965]], "507.cactuBSSN_r": [[1387.0, 0.16708612021307856]], "baseline": [[70694.0, 1.006277910313419]]}
{"519.lbm_r": [[1467.0, 0.10462007127273586]], "507.cactuBSSN_r": [[3113805.0, 9.0000132055034]], "baseline": [[1311.0, 0.3432626227791542]]}
{"519.lbm_r": [[1415.0, 0.09284043103300887]], "507.cactuBSSN_r": [[1432.0, 0.13960033986127382]], "baseline": [[1407.0, 0.24035017115859003]]}
{"519.lbm_r": [[3167974.0, 10.077131253128218]], "507.cactuBSSN_r": [[1415.0, 0.14855072362632085]], "baseline": [[623288.0, 3.039082109305361]]}
{"519.lbm_r": [[4741731.0, 14.360940283169157]], "507.cactuBSSN_r": [[1552.0, 0.026508580417902775]], "baseline": [[1372.0, 0.30508167807842224]]}
{"519.lbm_r": [[378830.0, 2.0065536961161405]], "507.cactuBSSN_r": [[2531512.0, 8.000412869834514]], "baseline": [[3232471.0, 10.00064344161404]]}
{"519.lbm_r": [[1513.0, 0.026380056948851188]], "507.cactuBSSN_r": [[1486.0, 0.2490503779103172]], "baseline": [[2199245.0, 8.031254694959367]]}
{"519.lbm_r": [[1430.0, 0.2241270410503049]], "507.cactuBSSN_r": [[2143635.0, 8.914522357471713]], "baseline": [[1852530.0, 7.0037191721197765]]}
