{"519.lbm_r": [[475862.0, 2.002494184913765]], "507.cactuBSSN_r": [[1445.0, 0.14583010322973436]], "baseline": [[673057.0, 3.007383609508838]]}
{"519.lbm_r": [[333418.0, 2.022203072931262]], "507.cactuBSSN_r": [[1461.0, 0.10188890970451882]], "baseline": [[1474.0, 0.05652844728366782]]}
{"519.lbm_r": [[1495.0, 0.02786030484862611]], "507.cactuBSSN_r": [[1531.0, 0.021336448326878255]], "baseline": [[2741748.0, 9.001171821572]]}
{"519.lbm_r": [[4058121.0, 12.004200676872506]], "507.cactuBSSN_r": [[1940304.0, 7.001860395624757]], "baseline": [[1380.0, 0.1515839891658301]]}
{"519.lbm_r": [[2082183.0, 7.000607306935007]], "507.cactuBSSN_r": [[2507701.0, 8.000557222723836]], "baseline": [[713519.0, 3.004189714705467]]}
{"519.lbm_r": [[19673.0, 1.0236338110923129]], "507.cactuBSSN_r": [[1410.0, 0.07204220605101493]], "baseline": [[347017.0, 2.0122158509890262]]}
{"519.lbm_r": [[1383.0, 0.1632944359242903]], "507.cactuBSSN_r": [[1357.0, 0.21829964948608324]], "baseline": [[1500.0, 0.055596346044244876]]}
{"519.lbm_r": [[1359.0, 0.2924094346065352]], "507.cactuBSSN_r": [[2110210.0, 7.000135055551507]], "baseline": [[2112669.0, 7.000565905097193]]}
{"519.lbm_r": [[1319.0, 0.3667827857260746]], "507.cactuBSSN_r": [[1447.0, 0.23121746067723695]], "baseline": [[1442.0, 0.22511026830152758]]}
{"519.lbm_r": [[1418.0, 0.13334643747700572]], "507.cactuBSSN_r": [[1403.0, 0.2138634398751492]], "baseline": [[1475.0, 0.09922676454025134]]}
{"519.lbm_r": [[1328.0, 0.12738160477397703]], "507.cactuBSSN_r": [[1322.0, 0.26504982589369763]], "baseline": [[1363.0, 0.3762492943518344]]}
{"519.lbm_r": [[1484.0, 0.1250903544844072]], "507.cactuBSSN_r": [[1387.0, 0.2064623754808018]], "baseline": [[2774906.0, 9.000856132334953]]}
{"519.lbm_r": [[1425.0, 0.09835650829480569]], "507.cactuBSSN_r": [[1687897.0, 6.000716640437152]], "baseline": [[1348.0, 0.15576089379329594]]}
{"519.lbm_r": [[3478516.0, 10.000322716405654]], "507.cactuBSSN_r": [[1389.0, 0.1765622024611844]], "baseline": [[2396183.0, 8.001039204946624]]}
{"519.lbm_r": [[1385.0, 0.1011149061051195]], "507.cactuBSSN_r": [[1462.0, 0.3223475151824088]], "baseline": [[1403.0, 0.1178313659792026]]}
{"519.lbm_r": [[1383.0, 0.18380952710998383]], "507.cactuBSSN_r": [[1697285.0, 7.877786638572605]], "baseline": [[1380.0, 0.13809199777011416]]}
{"519.lbm_r": [[4051527.0, 12.00708851603329]], "507.cactuBSSN_r": [[1347.0, 0.38238291128843477]], "baseline": [[2683437.0, 9.1322821809656]]}
{"519.lbm_r": [[314233.0, 2.0385110293522746]], "507.cactuBSSN_r": [[1427.0, 0.1412313801022635]], "baseline": [[1436.0, 0.08167564109617755]]}
{"519.lbm_r": [[1380.0, 0.2065363921522189]], "507.cactuBSSN_r": [[1401.0, 0.16377483237971557]], "baseline": [[2611107.0, 8.000209686456165]]}
{"519.lbm_r": [[1422.0, 0.1071114139921997]], "507.cactuBSSN_r": [[2002725.0, 7.001452859979872]], "baseline": [[2228374.0, 8.057628552413814]]}
