{"519.lbm_r": [[2395941.0, 8.000804327785048]], "507.cactuBSSN_r": [[1540.0, 0.07466261923717211]], "baseline": [[1611.0, 0.0276700245232047]]}
{"519.lbm_r": [[1928193.0, 7.001538219386983]], "507.cactuBSSN_r": [[1973533.0, 7.0009781443937]], "baseline": [[1626.0, 0.0742471632394835]]}
{"519.lbm_r": [[1574.0, 0.06954696375817683]], "507.cactuBSSN_r": [[1722936.0, 7.001304943495585]], "baseline": [[1671.0, 0.0172926301046916]]}
{"519.lbm_r": [[1614.0, 0.07040630249953399]], "507.cactuBSSN_r": [[1488.0, 0.23658512925150274]], "baseline": [[1522.0, 0.12242135001425872]]}
{"519.lbm_r": [[1609.0, 0.06580219042721712]], "507.cactuBSSN_r": [[1685937.0, 6.000618792558869]], "baseline": [[1572429.0, 6.001427531473035]]}
{"519.lbm_r": [[1486913.0, 6.005070636797085]], "507.cactuBSSN_r": [[319096.0, 2.0350270843318627]], "baseline": [[1567.0, 0.28360092161294176]]}
{"519.lbm_r": [[1622.0, 0.045911330064087846]], "507.cactuBSSN_r": [[1543.0, 0.09301656063696948]], "baseline": [[1568.0, 0.04869689786469556]]}
{"519.lbm_r": [[2478715.0, 8.000355820845762]], "507.cactuBSSN_r": [[1820167.0, 7.020935165736179]], "baseline": [[1620.0, 0.13189708501142705]]}
{"519.lbm_r": [[1592.0, 0.09187603881811497]], "507.cactuBSSN_r": [[1675.0, 0.02793612446431945]], "baseline": [[1895381.0, 7.003778854129456]]}
{"519.lbm_r": [[1869236.0, 7.008277392475096]], "507.cactuBSSN_r": [[452640.0, 2.000674706198718]], "baseline": [[1585.0, 0.11104170630736701]]}
{"519.lbm_r": [[2258.0, 1.6444302563983828]], "507.cactuBSSN_r": [[2484764.0, 8.000489246214556]], "baseline": [[1716.0, 0.014061360526445842]]}
{"519.lbm_r": [[309396.0, 2.1263621321601036]], "507.cactuBSSN_r": [[1591.0, 0.06659310635400997]], "baseline": [[1526.0, 0.10056294077187689]]}
{"519.lbm_r": [[2213264.0, 8.920276736486336]], "507.cactuBSSN_r": [[1675.0, 0.013130999681959627]], "baseline": [[1578.0, 0.035485163198460117]]}
{"519.lbm_r": [[1535.0, 0.1046257459359605]], "507.cactuBSSN_r": [[1757.0, 0.0031735483495152665]], "baseline": [[1548.0, 0.16527778186205136]]}
{"519.lbm_r": [[1548.0, 0.04969641827726016]], "507.cactuBSSN_r": [[1590.0, 0.07503113136227396]], "baseline": [[1636.0, 0.08848936344837965]]}
{"519.lbm_r": [[1537.0, 0.12050048782941807]], "507.cactuBSSN_r": [[1570.0, 0.2290666365543765]], "baseline": [[1495.0, 0.179369756026602]]}
{"519.lbm_r": [[1946313.0, 7.001363040084426]], "507.cactuBSSN_r": [[510606.0, 2.000715150756982]], "baseline": [[476463.0, 2.000875344988676]]}
{"519.lbm_r": [[1594.0, 0.17981151605513357]], "507.cactuBSSN_r": [[1502.0, 0.23517138561689335]], "baseline": [[1574.0, 0.09793540325324758]]}
{"519.lbm_r": [[3587625.0, 11.223678536901717]], "507.cactuBSSN_r": [[1618.0, 0.11098847083076012]], "baseline": [[129185.0, 1.001779429498396]]}
{"519.lbm_r": [[159309.0, 1.000700680254574]], "507.cactuBSSN_r": [[2315018.0, 8.060865651187115]], "baseline": [[3023180.0, 9.000252377978434]]}
