{"519.lbm_r": [[1629.0, 0.08712610710799581]], "507.cactuBSSN_r": [[1585.0, 0.08966702403777696]], "baseline": [[1578.0, 0.14134280776633842]]}
{"519.lbm_r": [[2547358.0, 8.000289146952676]], "507.cactuBSSN_r": [[1622.0, 0.10474770805466387]], "baseline": [[1635.0, 0.0356697876609552]]}
{"519.lbm_r": [[2208386.0, 8.03182337508978]], "507.cactuBSSN_r": [[2286560.0, 8.050977265118576]], "baseline": [[2266669.0, 8.002474864971763]]}
{"519.lbm_r": [[1600.0, 0.07039420622432291]], "507.cactuBSSN_r": [[2462708.0, 8.000512432140914]], "baseline": [[1759930.0, 7.04800134261827]]}
{"519.lbm_r": [[2242328.0, 8.498669983062548]], "507.cactuBSSN_r": [[1632.0, 0.087214069123389]], "baseline": [[1537.0, 0.12579623583045046]]}
{"519.lbm_r": [[1609.0, 0.036044146490290536]], "507.cactuBSSN_r": [[1520.0, 0.09657336227884825]], "baseline": [[1530.0, 0.11427498928711215]]}
{"519.lbm_r": [[2174661.0, 7.00005616779062]], "507.cactuBSSN_r": [[2547492.0, 8.000309538707826]], "baseline": [[1520.0, 0.11205878995926719]]}
{"519.lbm_r": [[1602.0, 0.1974344476762416]], "507.cactuBSSN_r": [[1580.0, 0.0885048466467897]], "baseline": [[1592.0, 0.03181165684099706]]}
{"519.lbm_r": [[1509.0, 0.12996008973744694]], "507.cactuBSSN_r": [[1446.0, 0.254336813816198]], "baseline": [[1723475.0, 7.483480417065114]]}
{"519.lbm_r": [[1553.0, 0.11311741410120474]], "507.cactuBSSN_r": [[1518.0, 0.2731430643130876]], "baseline": [[1573.0, 0.12218479177186777]]}
{"519.lbm_r": [[1585.0, 0.1562908645275388]], "507.cactuBSSN_r": [[1640.0, 0.021207930437033673]], "baseline": [[1967002.0, 7.000984281080219]]}
{"519.lbm_r": [[2091300.0000000002, 7.000290018829738]], "507.cactuBSSN_r": [[1519.0, 0.1895264304271839]], "baseline": [[1671.0, 0.021637363142608265]]}
{"519.lbm_r": [[2147289.0, 8.933379569545485]], "507.cactuBSSN_r": [[1588.0, 0.20636989674321016]], "baseline": [[3789533.0, 11.000227490314295]]}
{"519.lbm_r": [[2003466.0, 7.0006909473495025]], "507.cactuBSSN_r": [[1635.0, 0.1354979337080708]], "baseline": [[1558.0, 0.12783486548434958]]}
{"519.lbm_r": [[1567.0, 0.12324920532767128]], "507.cactuBSSN_r": [[2428471.0, 8.000554092550734]], "baseline": [[1590.0, 0.06729091752835634]]}
{"519.lbm_r": [[1718477.0, 7.031766072058928]], "507.cactuBSSN_r": [[2697612.0, 9.248438458315482]], "baseline": [[1500.0, 0.13093577517329644]]}
{"519.lbm_r": [[2151645.0, 8.89303818316538]], "507.cactuBSSN_r": [[1694.0, 0.017670665893440903]], "baseline": [[1916189.0, 7.001480894923777]]}
{"519.lbm_r": [[1497.0, 0.13580143358611582]], "507.cactuBSSN_r": [[1434.0, 0.22761383943951405]], "baseline": [[1562.0, 0.21958562210282523]]}
{"519.lbm_r": [[4496165.0, 13.005495565710804]], "507.cactuBSSN_r": [[3599738.0, 11.02343085363417]], "baseline": [[2577508.0, 8.000318823391561]]}
{"519.lbm_r": [[2532529.0, 8.000276389846483]], "507.cactuBSSN_r": [[2350743.0, 8.007146803851711]], "baseline": [[713743.0, 3.0026081823316666]]}
{"519.lbm_r": [[2436815.0, 8.00051618952142]], "507.cactuBSSN_r": [[1372.0, 0.1833820260959238]], "baseline": [[1518.0, 0.10202594981952615]]}
{"519.lbm_r": [[1552.0, 0.0427613124174189]], "507.cactuBSSN_r": [[1512.0, 0.11100264289927134]], "baseline": [[1543.0, 0.0805917954001344]]}
{"519.lbm_r": [[1620.0, 0.07366926609567406]], "507.cactuBSSN_r": [[265497.0, 2.6200778056522998]], "baseline": [[3081856.0, 9.000086387317518]]}
{"519.lbm_r": [[2673289.0, 9.395242204790499]], "507.cactuBSSN_r": [[1579.0, 0.06473122447466358]], "baseline": [[1596.0, 0.0622202353603921]]}
{"519.lbm_r": [[1517.0, 0.22809337975905317]], "507.cactuBSSN_r": [[1510.0, 0.2009294425216327]], "baseline": [[1598.0, 0.09916218426316223]]}
{"519.lbm_r": [[1670.0, 0.030113876628395424]], "507.cactuBSSN_r": [[1567.0, 0.12366189163804732]], "baseline": [[2978760.0, 9.000228882514559]]}
{"519.lbm_r": [[1500.0, 0.10027809783164475]], "507.cactuBSSN_r": [[2494266.0, 9.481561411252802]], "baseline": [[620560.0, 3.0874069236757635]]}
{"519.lbm_r": [[1570.0, 0.19241025329480557]], "507.cactuBSSN_r": [[1678.0, 0.041271250379009874]], "baseline": [[1572.0, 0.1453682808221112]]}
{"519.lbm_r": [[1438.0, 0.27838257551602347]], "507.cactuBSSN_r": [[1947963.0, 7.001000792231772]], "baseline": [[2440445.0, 8.00059617415782]]}
{"519.lbm_r": [[1422.0, 0.17185276097081062]], "507.cactuBSSN_r": [[2749112.0, 9.006648144280527]], "baseline": [[1552.0, 0.10539297632033076]]}
{"519.lbm_r": [[1489.0, 0.28376853597811913]], "507.cactuBSSN_r": [[1589.0, 0.21152763439059266]], "baseline": [[1628.0, 0.09202435437192344]]}
{"519.lbm_r": [[1771453.0, 7.909456057293243]], "507.cactuBSSN_r": [[540069.0, 2.000321638148703]], "baseline": [[1558.0, 0.14903444930693135]]}
{"519.lbm_r": [[2280811.0, 8.003086735624931]], "507.cactuBSSN_r": [[1774103.0, 7.06599514948891]], "baseline": [[4119702.0, 12.003019272789325]]}
{"519.lbm_r": [[1561.0, 0.21848996168554813]], "507.cactuBSSN_r": [[183245.0, 1.0010390034429004]], "baseline": [[1513.0, 0.18183265184872183]]}
{"519.lbm_r": [[227700.0, 2.4841782370147474]], "507.cactuBSSN_r": [[1759.0, 0.0022153792550073394]], "baseline": [[1484.0, 0.15684476508993594]]}
{"519.lbm_r": [[4156.0, 1.1759167410350118]], "507.cactuBSSN_r": [[1972100.0, 7.0010264850099775]], "baseline": [[1581.0, 0.07949392908389158]]}
{"519.lbm_r": [[1537.0, 0.1771891610596268]], "507.cactuBSSN_r": [[1514.0, 0.12207822628410216]], "baseline": [[1935208.0, 7.001339226202125]]}
{"519.lbm_r": [[1619.0, 0.06749645851785607]], "507.cactuBSSN_r": [[2594043.0, 8.000173039699526]], "baseline": [[1565.0, 0.2001894558122328]]}
{"519.lbm_r": [[1368.0, 0.17704376591082432]], "507.cactuBSSN_r": [[2303910.0, 8.017884227043735]], "baseline": [[2343725.0, 8.004121448158228]]}
{"519.lbm_r": [[1534.0, 0.10551161995389295]], "507.cactuBSSN_r": [[1640.0, 0.044855883691152725]], "baseline": [[1503.0, 0.13592158906025487]]}
{"519.lbm_r": [[1677.0, 0.029647767827184247]], "507.cactuBSSN_r": [[1545.0, 0.1972475939605576]], "baseline": [[1563.0, 0.1480836651416794]]}
{"519.lbm_r": [[1565.0, 0.10308469847893986]], "507.cactuBSSN_r": [[1929154.0, 7.00127611185863]], "baseline": [[1571.0, 0.12732145502422687]]}
{"519.lbm_r": [[1562.0, 0.17510922150837444]], "507.cactuBSSN_r": [[1610.0, 0.06491429135274901]], "baseline": [[1537.0, 0.07578530476700222]]}
{"519.lbm_r": [[1601.0, 0.04064265632204794]], "507.cactuBSSN_r": [[1626.0, 0.07168150278728919]], "baseline": [[329842.0, 2.0038296332807177]]}
{"519.lbm_r": [[2140546.0, 7.000414115603447]], "507.cactuBSSN_r": [[1534.0, 0.17252289416262784]], "baseline": [[2118801.0, 7.000111076900927]]}
{"519.lbm_r": [[1730336.0, 6.000226031584168]], "507.cactuBSSN_r": [[4150517.0, 12.004215003410822]], "baseline": [[1514.0, 0.09798116981274334]]}
{"519.lbm_r": [[1461.0, 0.1389956254124894]], "507.cactuBSSN_r": [[1554.0, 0.18404581620702926]], "baseline": [[1941126.0, 7.001688697917136]]}
{"519.lbm_r": [[1529.0, 0.12085443580908134]], "507.cactuBSSN_r": [[3659247.0, 11.009497559659778]], "baseline": [[1547.0, 0.03751972023493017]]}
{"519.lbm_r": [[1566.0, 0.09177153556177417]], "507.cactuBSSN_r": [[1526.0, 0.1283054784734349]], "baseline": [[1548.0, 0.1038205419345903]]}
{"519.lbm_r": [[1668.0, 0.024207081982194446]], "507.cactuBSSN_r": [[745945.0, 3.002125586636998]], "baseline": [[1536.0, 0.10142401580907853]]}
