{"519.lbm_r": [[1385.0, 0.11191659708590583]], "507.cactuBSSN_r": [[2599109.0, 8.000420458301317]], "baseline": [[1404.0, 0.2650983363265803]]}
{"519.lbm_r": [[316296.0, 2.067165519805423]], "507.cactuBSSN_r": [[2115825.0, 7.00082352329635]], "baseline": [[1399.0, 0.08657089120170533]]}
{"519.lbm_r": [[1430.0, 0.43898660014869023]], "507.cactuBSSN_r": [[1352.0, 0.16834513345732427]], "baseline": [[1426.0, 0.1554420608578995]]}
{"519.lbm_r": [[1477.0, 0.08470327083422478]], "507.cactuBSSN_r": [[1431.0, 0.18079207769696692]], "baseline": [[1403.0, 0.2661043577639585]]}
{"519.lbm_r": [[1406.0, 0.1944374861600605]], "507.cactuBSSN_r": [[2540649.0, 8.000551264847212]], "baseline": [[1354.0, 0.1400629454016391]]}
{"519.lbm_r": [[1313.0, 0.31212024633169866]], "507.cactuBSSN_r": [[1350.0, 0.46678606138987977]], "baseline": [[1357.0, 0.1944949508021945]]}
{"519.lbm_r": [[1882856.0, 7.00272350170257]], "507.cactuBSSN_r": [[1406.0, 0.18890065837337486]], "baseline": [[1467.0, 0.3154891140635204]]}
{"519.lbm_r": [[1946697.0, 7.00150537480602]], "507.cactuBSSN_r": [[1870104.0, 7.003129572934682]], "baseline": [[1398.0, 0.2295870648938974]]}
{"519.lbm_r": [[1385.0, 0.24306228215017275]], "507.cactuBSSN_r": [[257951.00000000003, 1.000461650753923]], "baseline": [[1484.0, 0.13094706006821255]]}
{"519.lbm_r": [[2911010.0, 9.000595337788221]], "507.cactuBSSN_r": [[1048725.0, 4.001976635594188]], "baseline": [[2402777.0, 8.001058957424597]]}
{"519.lbm_r": [[1440.0, 0.14648872357924927]], "507.cactuBSSN_r": [[1427.0, 0.07715619006006091]], "baseline": [[1512.0, 0.15311612321881682]]}
{"519.lbm_r": [[1810200.0, 7.012953737607473]], "507.cactuBSSN_r": [[1399.0, 0.13181344703251555]], "baseline": [[1363.0, 0.18236074476113293]]}
{"519.lbm_r": [[1501.0, 0.027256287727829478]], "507.cactuBSSN_r": [[1426.0, 0.17630731436944594]], "baseline": [[2569966.0, 8.000495789617787]]}
{"519.lbm_r": [[3028453.0, 9.00039777195288]], "507.cactuBSSN_r": [[1421.0, 0.20385124365087642]], "baseline": [[1478.0, 0.17962553762336]]}
{"519.lbm_r": [[2144716.0, 8.353701052275587]], "507.cactuBSSN_r": [[1809420.0, 7.012966141644825]], "baseline": [[1320.0, 0.18060085270636606]]}
{"519.lbm_r": [[2167179.0, 8.236544119746934]], "507.cactuBSSN_r": [[1515.0, 0.14136835389892702]], "baseline": [[1487.0, 0.09760461915463829]]}
{"519.lbm_r": [[1436.0, 0.10442292449085278]], "507.cactuBSSN_r": [[2104436.0, 7.000558156183525]], "baseline": [[1368.0, 0.17556590901929758]]}
{"519.lbm_r": [[3090607.0, 10.02034925739775]], "507.cactuBSSN_r": [[1431725.0, 6.01392973947452]], "baseline": [[2862222.0, 9.000256895254465]]}
{"519.lbm_r": [[774734.0, 3.0023234487978754]], "507.cactuBSSN_r": [[2022710.0, 7.001022069579908]], "baseline": [[1819487.0, 7.014751126649879]]}
{"519.lbm_r": [[1411.0, 0.09369040900965017]], "507.cactuBSSN_r": [[1921780.0, 7.001870514512307]], "baseline": [[1382.0, 0.09922174351184876]]}
{"519.lbm_r": [[282053.0, 2.7034402389386853]], "507.cactuBSSN_r": [[1354.0, 0.1831907206708392]], "baseline": [[1349.0, 0.3356592304103646]]}
{"519.lbm_r": [[173446.0, 1.0021699598526168]], "507.cactuBSSN_r": [[1530.0, 0.0497326304577805]], "baseline": [[1404.0, 0.12243574610737898]]}
{"519.lbm_r": [[1449.0, 0.13815085344491382]], "507.cactuBSSN_r": [[1549.0, 0.024820687398726983]], "baseline": [[2591079.0, 8.000128930640255]]}
{"519.lbm_r": [[1430.0, 0.027853692308119696]], "507.cactuBSSN_r": [[4375467.0, 13.012851930702308]], "baseline": [[1458.0, 0.02172026402554168]]}
{"519.lbm_r": [[1545.0, 0.02799866967224378]], "507.cactuBSSN_r": [[1426.0, 0.14378549406072985]], "baseline": [[1434.0, 0.17016365235930886]]}
