{"519.lbm_r": [[2299296.0, 8.002923738105062]], "507.cactuBSSN_r": [[1692204.0, 7.460828328085968]], "baseline": [[1579.0, 0.1319957565631746]]}
{"519.lbm_r": [[1773976.0, 7.310567424724404]], "507.cactuBSSN_r": [[1567.0, 0.11627817533719931]], "baseline": [[1554.0, 0.18236469735022176]]}
{"519.lbm_r": [[2021241.0, 7.000718502720572]], "507.cactuBSSN_r": [[316811.0, 2.046354329710392]], "baseline": [[1466.0, 0.10910579525299552]]}
{"519.lbm_r": [[1497.0, 0.35538107739850955]], "507.cactuBSSN_r": [[1560.0, 0.10288707673298544]], "baseline": [[364904.0, 2.0052756479239693]]}
{"519.lbm_r": [[1799808.0, 7.3324736069081515]], "507.cactuBSSN_r": [[1548.0, 0.04080374960336401]], "baseline": [[2362119.0, 8.000828279900512]]}
{"519.lbm_r": [[2796227.0, 9.012079585626052]], "507.cactuBSSN_r": [[1600.0, 0.08927386622454164]], "baseline": [[1631.0, 0.018736058815400337]]}
{"519.lbm_r": [[2050139.9999999998, 7.000639990704362]], "507.cactuBSSN_r": [[1547.0, 0.10117967992620912]], "baseline": [[1439.0, 0.26819485017995337]]}
{"519.lbm_r": [[1575.0, 0.09814519181873003]], "507.cactuBSSN_r": [[1537.0, 0.08522627969440498]], "baseline": [[1612.0, 0.24969092702791432]]}
{"519.lbm_r": [[475647.0, 2.0013932391768807]], "507.cactuBSSN_r": [[1766858.0, 7.027986042014806]], "baseline": [[1586.0, 0.09256571992553388]]}
{"519.lbm_r": [[1478.0, 0.112800183376242]], "507.cactuBSSN_r": [[1468.0, 0.35766866535155795]], "baseline": [[1688495.0, 6.000135735797038]]}
{"519.lbm_r": [[3487924.0, 11.031710772119286]], "507.cactuBSSN_r": [[1530.0, 0.12706136863497564]], "baseline": [[1762.0, 0.0048060696271875]]}
{"519.lbm_r": [[1828422.0, 7.092541854283173]], "507.cactuBSSN_r": [[1924771.0, 7.00099408102333]], "baseline": [[1410.0, 0.16834762908735346]]}
{"519.lbm_r": [[3124897.0, 9.00003472718164]], "507.cactuBSSN_r": [[1606.0, 0.04323885050343244]], "baseline": [[750378.0, 3.0016473011906695]]}
{"519.lbm_r": [[4780400.0, 13.000169185507119]], "507.cactuBSSN_r": [[2329041.0, 8.00049748512548]], "baseline": [[1889962.0, 7.003217227702288]]}
{"519.lbm_r": [[2281911.0, 8.100999890628762]], "507.cactuBSSN_r": [[1502.0, 0.095341847236355]], "baseline": [[1511.0, 0.0851617434165798]]}
{"519.lbm_r": [[1472.0, 0.1700879158789282]], "507.cactuBSSN_r": [[1511.0, 0.22521009862512045]], "baseline": [[1684.0, 0.04039078734756218]]}
{"519.lbm_r": [[2274590.0, 8.018816379922788]], "507.cactuBSSN_r": [[1558.0, 0.060514897600945666]], "baseline": [[1450.0, 0.11202461615183802]]}
{"519.lbm_r": [[4076671.0, 12.032952842773957]], "507.cactuBSSN_r": [[1579.0, 0.1106034409732331]], "baseline": [[1530.0, 0.11568002050693445]]}
{"519.lbm_r": [[1485.0, 0.15020858687124966]], "507.cactuBSSN_r": [[1600.0, 0.04361182165034106]], "baseline": [[1465.0, 0.15997757990372055]]}
{"519.lbm_r": [[1836120.0, 7.01328349224775]], "507.cactuBSSN_r": [[1529.0, 0.16446924239263586]], "baseline": [[2981443.0, 9.000077254387914]]}
