{"519.lbm_r": [[2657095.0, 9.282392519975849]], "507.cactuBSSN_r": [[2111961.0, 7.000627971108118]], "baseline": [[1315.0, 0.30753306927347446]]}
{"519.lbm_r": [[723803.0, 3.004082458324514]], "507.cactuBSSN_r": [[2040514.0, 7.000942290775817]], "baseline": [[1438.0, 0.1259520326670398]]}
{"519.lbm_r": [[2700636.0, 9.039560440824788]], "507.cactuBSSN_r": [[1585.0, 0.02519343413087622]], "baseline": [[1554.0, 0.029086869158106984]]}
{"519.lbm_r": [[1591.0, 0.03113178229935797]], "507.cactuBSSN_r": [[1394.0, 0.12687192180347126]], "baseline": [[1425.0, 0.08093944408387849]]}
{"519.lbm_r": [[1423.0, 0.19085199645218995]], "507.cactuBSSN_r": [[1506.0, 0.03562140038974356]], "baseline": [[3393417.0, 10.000428222214754]]}
{"519.lbm_r": [[169421.0, 1.0017510872836917]], "507.cactuBSSN_r": [[2491093.0, 8.000417746219973]], "baseline": [[1537.0, 0.1576108319828802]]}
{"519.lbm_r": [[1834192.0, 7.013159556085744]], "507.cactuBSSN_r": [[1724423.0, 6.000424873861434]], "baseline": [[1721313.0, 7.982403777641052]]}
{"519.lbm_r": [[1409.0, 0.158884859435135]], "507.cactuBSSN_r": [[3807552.0, 11.000428376740645]], "baseline": [[1457.0, 0.2045553996769825]]}
{"519.lbm_r": [[3082121.0, 10.002106300207302]], "507.cactuBSSN_r": [[2311631.0, 8.001513082486008]], "baseline": [[3437010.0, 10.00036987064589]]}
{"519.lbm_r": [[2922693.0, 9.000508127463615]], "507.cactuBSSN_r": [[1423.0, 0.1472761795049197]], "baseline": [[1398.0, 0.061850633791232665]]}
{"519.lbm_r": [[1392.0, 0.26907625089645276]], "507.cactuBSSN_r": [[1476.0, 0.12228704614435974]], "baseline": [[2469144.0, 8.000669922415161]]}
{"519.lbm_r": [[2960146.0, 9.000425650242484]], "507.cactuBSSN_r": [[1473.0, 0.059733887056074395]], "baseline": [[1483.0, 0.031942175513635415]]}
{"519.lbm_r": [[1459.0, 0.11280353890050304]], "507.cactuBSSN_r": [[1530.0, 0.0537573690990626]], "baseline": [[1420.0, 0.2344106366011927]]}
{"519.lbm_r": [[2392710.0, 8.000987094619616]], "507.cactuBSSN_r": [[1359.0, 0.12163411262394033]], "baseline": [[1422.0, 0.20940292806823763]]}
{"519.lbm_r": [[1572.0, 0.023735986987106054]], "507.cactuBSSN_r": [[2830563.0, 9.000763406244731]], "baseline": [[1466.0, 0.14056776094440215]]}
{"519.lbm_r": [[1687181.0, 6.000290301963725]], "507.cactuBSSN_r": [[1404.0, 0.1904547386739107]], "baseline": [[1437.0, 0.13492416917945851]]}
{"519.lbm_r": [[1382.0, 0.12616685106016795]], "507.cactuBSSN_r": [[1971923.0, 7.001299141403703]], "baseline": [[1378.0, 0.2717155076132564]]}
{"519.lbm_r": [[1379.0, 0.1588761379614569]], "507.cactuBSSN_r": [[1404.0, 0.40501325557494505]], "baseline": [[1441.0, 0.22698402346803215]]}
{"519.lbm_r": [[1470.0, 0.14133772690448035]], "507.cactuBSSN_r": [[2261140.0, 8.035094571246859]], "baseline": [[1427.0, 0.1385660420406113]]}
{"519.lbm_r": [[1801034.0, 7.103667784273656]], "507.cactuBSSN_r": [[1360.0, 0.449695902955583]], "baseline": [[2635617.0, 9.828099229616543]]}
{"519.lbm_r": [[1439.0, 0.0505947874749499]], "507.cactuBSSN_r": [[2403407.0, 8.000863833962255]], "baseline": [[2769937.0, 9.000907918534166]]}
{"519.lbm_r": [[1527.0, 0.02497110434322128]], "507.cactuBSSN_r": [[1417.0, 0.204265026037391]], "baseline": [[1359.0, 0.19289008334206653]]}
{"519.lbm_r": [[1474.0, 0.0673951742865819]], "507.cactuBSSN_r": [[1989804.0, 7.001079148818581]], "baseline": [[2179280.0, 8.876402864567769]]}
{"519.lbm_r": [[1373.0, 0.12552412547926967]], "507.cactuBSSN_r": [[1815473.0, 7.014493935736707]], "baseline": [[2520164.0, 8.00023056648716]]}
{"519.lbm_r": [[2472549.0, 8.000541338410036]], "507.cactuBSSN_r": [[1442.0, 0.13108075121075863]], "baseline": [[1473.0, 0.19639282986359877]]}
{"519.lbm_r": [[1839562.0, 7.014073576376108]], "507.cactuBSSN_r": [[1523794.0, 6.002826889305072]], "baseline": [[1442.0, 0.12221114994568714]]}
{"519.lbm_r": [[1465.0, 0.20609548126033295]], "507.cactuBSSN_r": [[1369.0, 0.40590822075514743]], "baseline": [[2043284.0, 7.001079272858283]]}
{"519.lbm_r": [[2033925.0, 7.001142288022019]], "507.cactuBSSN_r": [[1535.0, 0.026928100672272075]], "baseline": [[1402.0, 0.32870555269862756]]}
{"519.lbm_r": [[1399.0, 0.1445912264727029]], "507.cactuBSSN_r": [[665678.0, 3.010001571424725]], "baseline": [[2641406.0, 8.000140342985501]]}
{"519.lbm_r": [[1329.0, 0.12450117611048543]], "507.cactuBSSN_r": [[1473.0, 0.06467365356502046]], "baseline": [[1685.0, 0.00213593533405299]]}
{"519.lbm_r": [[1125548.0, 4.000980175076567]], "507.cactuBSSN_r": [[362386.0, 2.0083110132188784]], "baseline": [[2112165.0, 8.864829518981823]]}
{"519.lbm_r": [[1777765.0, 7.045442774409364]], "507.cactuBSSN_r": [[1721810.0, 7.516317918021337]], "baseline": [[2998115.0, 9.0003415937625]]}
{"519.lbm_r": [[2258366.0, 8.00910393693921]], "507.cactuBSSN_r": [[2382648.0, 8.00118522191039]], "baseline": [[1473.0, 0.19941727097781006]]}
{"519.lbm_r": [[2227927.0, 7.000032352421866]], "507.cactuBSSN_r": [[1483.0, 0.14432682909224254]], "baseline": [[1403.0, 0.18420652384382158]]}
{"519.lbm_r": [[1567650.0, 6.003408852022099]], "507.cactuBSSN_r": [[1807019.0, 7.004106842001984]], "baseline": [[2475364.0, 8.000724339209384]]}
{"519.lbm_r": [[1513.0, 0.06645626430282611]], "507.cactuBSSN_r": [[330645.0, 2.024808940090329]], "baseline": [[1424.0, 0.1480578773077393]]}
{"519.lbm_r": [[1411.0, 0.15201657393271734]], "507.cactuBSSN_r": [[3025001.0, 10.72053122025283]], "baseline": [[1408.0, 0.15875659603650644]]}
{"519.lbm_r": [[1362.0, 0.21261766446761632]], "507.cactuBSSN_r": [[1478.0, 0.10450465748768747]], "baseline": [[2470551.0, 8.000773713000108]]}
{"519.lbm_r": [[3021871.0, 9.000476210609744]], "507.cactuBSSN_r": [[1524.0, 0.0643529227320624]], "baseline": [[1347.0, 0.4166994691326017]]}
{"519.lbm_r": [[2225892.0, 8.430668617076499]], "507.cactuBSSN_r": [[1353.0, 0.24007474737148135]], "baseline": [[551910.0, 2.0009256756619154]]}
{"519.lbm_r": [[1374.0, 0.21133724127463716]], "507.cactuBSSN_r": [[2171075.0, 8.050958093653607]], "baseline": [[3463738.0, 14.002182940997503]]}
{"519.lbm_r": [[573573.0, 3.235733328740106]], "507.cactuBSSN_r": [[1481.0, 0.11956744676090021]], "baseline": [[1383.0, 0.390771357429612]]}
{"519.lbm_r": [[1520.0, 0.07108303205427116]], "507.cactuBSSN_r": [[1793963.0, 7.013869017394838]], "baseline": [[1439.0, 0.11350458288070248]]}
{"519.lbm_r": [[3534600.0, 11.946735797707351]], "507.cactuBSSN_r": [[1485.0, 0.03995937592884642]], "baseline": [[1467.0, 0.0810774139895937]]}
{"519.lbm_r": [[1326.0, 0.1124739103074478]], "507.cactuBSSN_r": [[1461.0, 0.1680791607123293]], "baseline": [[2409198.0, 8.000950922235182]]}
{"519.lbm_r": [[2660025.0, 9.140810127104002]], "507.cactuBSSN_r": [[1961290.0, 7.001719516764935]], "baseline": [[515886.99999999994, 2.0009321318765605]]}
{"519.lbm_r": [[1721326.0, 6.000385217010484]], "507.cactuBSSN_r": [[1444.0, 0.22956630698622835]], "baseline": [[1367.0, 0.270365620835776]]}
{"519.lbm_r": [[1419.0, 0.351445290616251]], "507.cactuBSSN_r": [[1466.0, 0.07768961578583625]], "baseline": [[2448830.0, 8.00089209540409]]}
{"519.lbm_r": [[2735857.0, 9.010346509730898]], "507.cactuBSSN_r": [[2019499.0, 7.001139057379918]], "baseline": [[1472.0, 0.27058043117337044]]}
{"519.lbm_r": [[1440.0, 0.16685984988359703]], "507.cactuBSSN_r": [[1400.0, 0.14140867676941304]], "baseline": [[1503.0, 0.02660479352666746]]}
