{"519.lbm_r": [[1389.0, 0.09397336542020611]], "507.cactuBSSN_r": [[1779458.0, 6.000232157107642]], "baseline": [[1458.0, 0.05520711816425962]]}
{"519.lbm_r": [[1362.0, 0.11214505807524712]], "507.cactuBSSN_r": [[1925287.0, 7.013324812161642]], "baseline": [[550070.0, 2.0008266668873094]]}
{"519.lbm_r": [[1451.0, 0.14766819186783836]], "507.cactuBSSN_r": [[514453.0, 2.001565420785924]], "baseline": [[1537545.0, 6.003699302325478]]}
{"519.lbm_r": [[1990913.0, 7.0015232909000735]], "507.cactuBSSN_r": [[471508.0, 2.002485292037401]], "baseline": [[322007.0, 2.0401319219980327]]}
{"519.lbm_r": [[1571.0, 0.008460657063027673]], "507.cactuBSSN_r": [[1458.0, 0.0947236576770673]], "baseline": [[1397.0, 0.18162072210506666]]}
{"519.lbm_r": [[1570.0, 0.022437496424173]], "507.cactuBSSN_r": [[1485.0, 0.03229731269011044]], "baseline": [[1480.0, 0.11395734685386276]]}
{"519.lbm_r": [[1781090.0, 6.000552016640766]], "507.cactuBSSN_r": [[1746777.0, 6.000671093744538]], "baseline": [[1838586.0, 7.014997835023989]]}
{"519.lbm_r": [[2950815.0, 9.000675985768593]], "507.cactuBSSN_r": [[3365522.0, 10.00052386625751]], "baseline": [[3028248.0, 9.000336470919624]]}
{"519.lbm_r": [[415882.0, 2.0026721232370526]], "507.cactuBSSN_r": [[1338.0, 0.12203818852378746]], "baseline": [[1517.0, 0.10245842193566855]]}
{"519.lbm_r": [[2267078.0, 8.234080819720255]], "507.cactuBSSN_r": [[2811671.0, 9.010260687586271]], "baseline": [[1381.0, 0.17174131681616842]]}
{"519.lbm_r": [[4855178.0, 14.051287539510222]], "507.cactuBSSN_r": [[2952814.0, 9.000641104389572]], "baseline": [[1904853.0, 7.001671132569354]]}
{"519.lbm_r": [[712787.0, 3.0041939549535845]], "507.cactuBSSN_r": [[1927586.0, 7.023523034195175]], "baseline": [[1356.0, 0.19623100434575083]]}
{"519.lbm_r": [[1351.0, 0.12725370502342637]], "507.cactuBSSN_r": [[1434.0, 0.09094922364751416]], "baseline": [[1395.0, 0.4101590371224503]]}
{"519.lbm_r": [[1357.0, 0.22156278390611267]], "507.cactuBSSN_r": [[1669011.0, 6.001294872129397]], "baseline": [[1464.0, 0.10296712297140463]]}
{"519.lbm_r": [[2553160.0, 8.000537485791797]], "507.cactuBSSN_r": [[2761392.0, 9.816287466948967]], "baseline": [[1790679.0, 6.000386761898299]]}
{"519.lbm_r": [[1979.0, 9.313455036978864e-05]], "507.cactuBSSN_r": [[1694378.0, 6.001189151805853]], "baseline": [[2863460.0, 9.000813759789107]]}
{"519.lbm_r": [[1708162.0, 7.184693405849843]], "507.cactuBSSN_r": [[412983.0, 2.003893025063231]], "baseline": [[581691.0, 3.391263463499933]]}
{"519.lbm_r": [[1437.0, 0.21171029550535897]], "507.cactuBSSN_r": [[376382.0, 2.0062232608597443]], "baseline": [[1376.0, 0.1408682390953778]]}
{"519.lbm_r": [[1377.0, 0.10988985134935322]], "507.cactuBSSN_r": [[2667995.0, 8.000317366349684]], "baseline": [[1445.0, 0.06137795595426072]]}
{"519.lbm_r": [[1643381.0, 6.001835017974964]], "507.cactuBSSN_r": [[3425754.0, 10.000463069693389]], "baseline": [[1371.0, 0.17740982459750562]]}
