{"519.lbm_r": [[498253.0, 2.0016183904766915]], "507.cactuBSSN_r": [[1521.0, 0.10003108443275543]], "baseline": [[3160778.0, 10.035941517141561]]}
{"519.lbm_r": [[2177787.0, 8.636041206788976]], "507.cactuBSSN_r": [[1460.0, 0.23602559868041714]], "baseline": [[1345.0, 0.12333711419491661]]}
{"519.lbm_r": [[3722167.0, 11.000512967971098]], "507.cactuBSSN_r": [[1400.0, 0.16848786970929422]], "baseline": [[1439.0, 0.1906545755101083]]}
{"519.lbm_r": [[1797836.0, 7.040349619820932]], "507.cactuBSSN_r": [[518861.99999999994, 2.001121000861933]], "baseline": [[1430.0, 0.24863398174271834]]}
{"519.lbm_r": [[2511044.0, 8.000640585676011]], "507.cactuBSSN_r": [[493459.0, 2.0013990267451196]], "baseline": [[1970670.0, 7.001587773148234]]}
{"519.lbm_r": [[1387.0, 0.2102396983887633]], "507.cactuBSSN_r": [[1447.0, 0.17885327772527485]], "baseline": [[1995226.0, 7.001397186453363]]}
{"519.lbm_r": [[1416.0, 0.07069831077079694]], "507.cactuBSSN_r": [[1485.0, 0.14059010771374428]], "baseline": [[2419710.0, 8.000755816442316]]}
{"519.lbm_r": [[1371.0, 0.1302306785393189]], "507.cactuBSSN_r": [[1499.0, 0.05840886796426763]], "baseline": [[1556.0, 0.03755518147623505]]}
{"519.lbm_r": [[133605.0, 1.002920157618248]], "507.cactuBSSN_r": [[1961113.0, 7.00111204900418]], "baseline": [[3008176.0, 9.000441156476695]]}
{"519.lbm_r": [[1501.0, 0.023889266565927866]], "507.cactuBSSN_r": [[1716.0, 0.0017771834272940952]], "baseline": [[270191.0, 2.0545341306668723]]}
{"519.lbm_r": [[1418.0, 0.16274030520692648]], "507.cactuBSSN_r": [[665706.0, 3.0086664664804466]], "baseline": [[361155.0, 2.008145053089207]]}
{"519.lbm_r": [[2088920.9999999998, 7.000974368998098]], "507.cactuBSSN_r": [[1467.0, 0.14532383449280734]], "baseline": [[1395.0, 0.19420107050207905]]}
{"519.lbm_r": [[2108489.0, 7.000850176195373]], "507.cactuBSSN_r": [[1653983.0, 6.000646652859712]], "baseline": [[1828599.0, 7.00946065119286]]}
{"519.lbm_r": [[1493.0, 0.03687240173287898]], "507.cactuBSSN_r": [[1442.0, 0.09996062905833455]], "baseline": [[3464773.0, 10.00019191372327]]}
{"519.lbm_r": [[1648533.0, 7.472349613205045]], "507.cactuBSSN_r": [[2730585.0, 9.005592725151084]], "baseline": [[2488524.0, 8.000534142000552]]}
{"519.lbm_r": [[1538.0, 0.057622963484919736]], "507.cactuBSSN_r": [[1965132.0, 7.0015370025018635]], "baseline": [[2340005.0, 8.001247408276617]]}
{"519.lbm_r": [[659839.0, 3.0028084856198087]], "507.cactuBSSN_r": [[1469.0, 0.12672357747163734]], "baseline": [[321676.0, 2.0399006989521373]]}
{"519.lbm_r": [[2534986.0, 8.000564543107728]], "507.cactuBSSN_r": [[185694.0, 1.001373190385319]], "baseline": [[2440469.0, 8.000776547911867]]}
{"519.lbm_r": [[521640.0, 2.0009303932472906]], "507.cactuBSSN_r": [[1478.0, 0.06083508347646481]], "baseline": [[2964677.0, 9.000201313682629]]}
{"519.lbm_r": [[1555.0, 0.04325981412718572]], "507.cactuBSSN_r": [[1472.0, 0.18006732745522275]], "baseline": [[3891447.0, 11.000311293863248]]}
