{"519.lbm_r": [[1511.0, 0.05470809676005405]], "507.cactuBSSN_r": [[1727231.0, 6.000167750618875]], "baseline": [[1432.0, 0.16617289906529448]]}
{"519.lbm_r": [[1457.0, 0.11817244953802106]], "507.cactuBSSN_r": [[1422.0, 0.07568073698703]], "baseline": [[1463.0, 0.09210398128459338]]}
{"519.lbm_r": [[347837.0, 2.0103565506222525]], "507.cactuBSSN_r": [[1842392.0, 7.0233180821038665]], "baseline": [[1511.0, 0.04995876727048079]]}
{"519.lbm_r": [[1759.0, 0.0014794649274074807]], "507.cactuBSSN_r": [[476980.0, 2.0015413200345926]], "baseline": [[1463.0, 0.07477123982202215]]}
{"519.lbm_r": [[1587.0, 0.022788286430125784]], "507.cactuBSSN_r": [[1717840.0, 6.000682493265778]], "baseline": [[1375.0, 0.24508116404888586]]}
{"519.lbm_r": [[1451.0, 0.2589995090182449]], "507.cactuBSSN_r": [[1487.0, 0.08198374359295825]], "baseline": [[1473.0, 0.22503621432836882]]}
{"519.lbm_r": [[1484.0, 0.12081539086250234]], "507.cactuBSSN_r": [[1444.0, 0.14837020580401997]], "baseline": [[2550644.0, 8.000596977119534]]}
{"519.lbm_r": [[1475.0, 0.10637771838942116]], "507.cactuBSSN_r": [[1862465.0, 7.017023863508165]], "baseline": [[1332.0, 0.4148180731906469]]}
{"519.lbm_r": [[271680.0, 2.7779213103319322]], "507.cactuBSSN_r": [[1883571.0, 7.010471126555562]], "baseline": [[1444.0, 0.08958355122647939]]}
{"519.lbm_r": [[1406.0, 0.18536362830601294]], "507.cactuBSSN_r": [[1458.0, 0.4159344184070868]], "baseline": [[1471.0, 0.28580799780275506]]}
{"519.lbm_r": [[2480191.0, 8.000591592707794]], "507.cactuBSSN_r": [[1435.0, 0.15392532299014267]], "baseline": [[1424.0, 0.17852383004278846]]}
{"519.lbm_r": [[1939.0, 0.0002679391045248054]], "507.cactuBSSN_r": [[647094.0, 3.0078646610981523]], "baseline": [[1527.0, 0.10516941396153737]]}
{"519.lbm_r": [[1417.0, 0.18177531334870514]], "507.cactuBSSN_r": [[1373.0, 0.12292158193024177]], "baseline": [[705761.0, 3.0030239204514775]]}
{"519.lbm_r": [[2084138.0, 8.977013383907984]], "507.cactuBSSN_r": [[2074657.0000000002, 7.000639072661452]], "baseline": [[2632573.0, 8.000362519889086]]}
{"519.lbm_r": [[1716929.0, 6.000580864267546]], "507.cactuBSSN_r": [[1531.0, 0.09490512871060738]], "baseline": [[1998684.0, 7.00136389300332]]}
{"519.lbm_r": [[2218202.0, 8.702498551920131]], "507.cactuBSSN_r": [[1497.0, 0.08146052301445386]], "baseline": [[1510.0, 0.04004541122275724]]}
{"519.lbm_r": [[247490.0, 1.00007894375131]], "507.cactuBSSN_r": [[1520.0, 0.12401047189062893]], "baseline": [[266292.0, 2.328100904832941]]}
{"519.lbm_r": [[1507.0, 0.02344989912244146]], "507.cactuBSSN_r": [[663393.0, 3.010183729201183]], "baseline": [[1401.0, 0.20562640240474844]]}
{"519.lbm_r": [[1444.0, 0.14669216626812442]], "507.cactuBSSN_r": [[2363692.0, 8.012264953842429]], "baseline": [[1637055.0, 6.00138375205695]]}
{"519.lbm_r": [[1346.0, 0.11226972682394953]], "507.cactuBSSN_r": [[1600.0, 0.036636485513531374]], "baseline": [[1405.0, 0.16203901489470593]]}
