{"519.lbm_r": [[1472.0, 0.06529766459916149]], "507.cactuBSSN_r": [[2436177.0, 11.658262755378091]], "baseline": [[2959401.0, 10.538088594778655]]}
{"519.lbm_r": [[1840461.0, 7.013563213524]], "507.cactuBSSN_r": [[1360.0, 0.12578407338282357]], "baseline": [[1493.0, 0.13495996624576065]]}
{"519.lbm_r": [[3085381.0, 9.000178583553174]], "507.cactuBSSN_r": [[2062594.0, 7.001227673008951]], "baseline": [[2708430.0, 9.313093766348466]]}
{"519.lbm_r": [[1494.0, 0.1253405472806684]], "507.cactuBSSN_r": [[1452.0, 0.1484093451807755]], "baseline": [[1321.0, 0.3956571634272287]]}
{"519.lbm_r": [[1396.0, 0.0711248647311518]], "507.cactuBSSN_r": [[283363.0, 2.5019111536984084]], "baseline": [[2586.0, 1.5264790090796878]]}
{"519.lbm_r": [[2581058.0, 8.000463713985203]], "507.cactuBSSN_r": [[1414.0, 0.24242098529097778]], "baseline": [[420300.0, 2.0035269491240575]]}
{"519.lbm_r": [[1356.0, 0.19829027510944242]], "507.cactuBSSN_r": [[1907577.0, 7.010813012671343]], "baseline": [[1426.0, 0.17823519919040814]]}
{"519.lbm_r": [[1403.0, 0.22895281925876704]], "507.cactuBSSN_r": [[1443.0, 0.05501487064208209]], "baseline": [[1418.0, 0.1735740957959573]]}
{"519.lbm_r": [[1362.0, 0.1780559294638451]], "507.cactuBSSN_r": [[1855041.0, 7.026779770759259]], "baseline": [[2732394.0, 9.013221617394137]]}
{"519.lbm_r": [[1425.0, 0.1515091147073141]], "507.cactuBSSN_r": [[1398.0, 0.08931282798403077]], "baseline": [[363045.0, 2.0081286475123417]]}
{"519.lbm_r": [[1414.0, 0.30218382007889244]], "507.cactuBSSN_r": [[1871051.0, 7.030621874433181]], "baseline": [[1458.0, 0.15777358439502512]]}
{"519.lbm_r": [[2561598.0, 8.000597401242104]], "507.cactuBSSN_r": [[1687.0, 0.0018827896271795088]], "baseline": [[1374.0, 0.17282653086525637]]}
{"519.lbm_r": [[2589137.0, 8.000412695202673]], "507.cactuBSSN_r": [[1373.0, 0.11534256653287212]], "baseline": [[2718015.0, 9.002335502916509]]}
{"519.lbm_r": [[415600.0, 2.0039614923366535]], "507.cactuBSSN_r": [[1361.0, 0.15571935879035737]], "baseline": [[1445.0, 0.12482436561610649]]}
{"519.lbm_r": [[247317.0, 2.7042634177647296]], "507.cactuBSSN_r": [[1939559.0, 7.001836199378472]], "baseline": [[1377.0, 0.17416856349033843]]}
{"519.lbm_r": [[1395.0, 0.1419311218437563]], "507.cactuBSSN_r": [[1406.0, 0.08873872696242341]], "baseline": [[1960690.0, 7.001683955404228]]}
{"519.lbm_r": [[1449.0, 0.07052882943980145]], "507.cactuBSSN_r": [[1594.0, 0.0032789966656321177]], "baseline": [[299986.0, 2.2093669948776373]]}
{"519.lbm_r": [[1515.0, 0.09185415154361201]], "507.cactuBSSN_r": [[1721378.0, 6.000717041801609]], "baseline": [[1476.0, 0.11362414695664651]]}
{"519.lbm_r": [[2258399.0, 8.159334951927269]], "507.cactuBSSN_r": [[1799993.0, 6.00019405812052]], "baseline": [[2011126.0, 7.001098306762863]]}
{"519.lbm_r": [[1930676.0, 7.002229141926904]], "507.cactuBSSN_r": [[480932.0, 2.001722691147999]], "baseline": [[1409.0, 0.046465058970824875]]}
