{"519.lbm_r": [[461565.0, 2.001551279656931]], "507.cactuBSSN_r": [[1456.0, 0.22909531715923903]], "baseline": [[1856.0, 0.0007033522135140919]]}
{"519.lbm_r": [[1687352.0, 6.00067869139151]], "507.cactuBSSN_r": [[2924670.0, 9.000368059591663]], "baseline": [[1547.0, 0.2135579329667725]]}
{"519.lbm_r": [[1895578.0, 7.0068397944998155]], "507.cactuBSSN_r": [[1562.0, 0.0798457040699376]], "baseline": [[1648.0, 0.03963364633835746]]}
{"519.lbm_r": [[3741669.0, 11.006754413010956]], "507.cactuBSSN_r": [[2558421.0, 8.000279612642707]], "baseline": [[1586.0, 0.1733852183207975]]}
{"519.lbm_r": [[1525.0, 0.19646228982900105]], "507.cactuBSSN_r": [[1935292.0, 7.001135583692799]], "baseline": [[1537.0, 0.2671375543717639]]}
{"519.lbm_r": [[1642.0, 0.13749523042560577]], "507.cactuBSSN_r": [[1557.0, 0.12051387021054616]], "baseline": [[1503.0, 0.16464165598215108]]}
{"519.lbm_r": [[1593.0, 0.04684588348008582]], "507.cactuBSSN_r": [[2617339.0, 9.551132981250744]], "baseline": [[2141653.0, 7.000488063272709]]}
{"519.lbm_r": [[242696.0, 2.925321974101775]], "507.cactuBSSN_r": [[1561.0, 0.172979112144941]], "baseline": [[1556.0, 0.11485270913489039]]}
{"519.lbm_r": [[129042.0, 1.000793584653185]], "507.cactuBSSN_r": [[2782708.0, 9.00703439025718]], "baseline": [[1776212.0, 7.872072515954622]]}
{"519.lbm_r": [[1864583.0, 7.009974037707804]], "507.cactuBSSN_r": [[3131878.0, 10.093851007082534]], "baseline": [[1589.0, 0.11717976097171776]]}
{"519.lbm_r": [[4538662.0, 13.00649908108184]], "507.cactuBSSN_r": [[1564.0, 0.09260804884903287]], "baseline": [[1487.0, 0.12178574787680792]]}
{"519.lbm_r": [[2084991.0, 7.00028596304165]], "507.cactuBSSN_r": [[1502.0, 0.12597676001728378]], "baseline": [[1563.0, 0.228147981055442]]}
{"519.lbm_r": [[2358030.0, 8.001016601718073]], "507.cactuBSSN_r": [[716266.0, 3.002307156930419]], "baseline": [[1564.0, 0.18667787729803345]]}
{"519.lbm_r": [[1584.0, 0.0677124699883865]], "507.cactuBSSN_r": [[1642.0, 0.03865772858189968]], "baseline": [[1551.0, 0.14808658258952745]]}
{"519.lbm_r": [[1659.0, 0.01693992572133295]], "507.cactuBSSN_r": [[1935250.0, 7.001496000277198]], "baseline": [[408979.0, 2.0022655996471754]]}
{"519.lbm_r": [[2063331.9999999998, 7.0006595112767664]], "507.cactuBSSN_r": [[1947720.0, 7.001161391293734]], "baseline": [[9337.0, 1.0405921637912094]]}
{"519.lbm_r": [[1561.0, 0.26477981480310075]], "507.cactuBSSN_r": [[1517.0, 0.08163567991291108]], "baseline": [[1531.0, 0.09985949569372643]]}
{"519.lbm_r": [[2699661.0, 9.850831970100542]], "507.cactuBSSN_r": [[1593.0, 0.03991149084638968]], "baseline": [[3323154.0, 10.000340669153436]]}
{"519.lbm_r": [[1621.0, 0.10378767522265245]], "507.cactuBSSN_r": [[1640.0, 0.06907124103859642]], "baseline": [[1860336.0, 7.010624960980475]]}
{"519.lbm_r": [[1549.0, 0.23179899851265034]], "507.cactuBSSN_r": [[1581.0, 0.09954186215767395]], "baseline": [[1599.0, 0.023689570006745042]]}
