{"519.lbm_r": [[713602.0, 3.004798874974684]], "507.cactuBSSN_r": [[1405.0, 0.23002787166516117]], "baseline": [[434361.0, 2.003132714956788]]}
{"519.lbm_r": [[2829505.0, 9.017815195773299]], "507.cactuBSSN_r": [[634604.0, 3.0072713855100472]], "baseline": [[1765818.0, 7.013334461045148]]}
{"519.lbm_r": [[1436.0, 0.1949141383624026]], "507.cactuBSSN_r": [[1314.0, 0.20381091284052597]], "baseline": [[2428622.0, 8.000926899015294]]}
{"519.lbm_r": [[2406600.0, 8.01124017237858]], "507.cactuBSSN_r": [[2309234.0, 8.003625556849183]], "baseline": [[1421.0, 0.11842779089387365]]}
{"519.lbm_r": [[391865.0, 2.005311069463291]], "507.cactuBSSN_r": [[1534.0, 0.05777464994053152]], "baseline": [[1388.0, 0.13046563661832408]]}
{"519.lbm_r": [[1804736.0, 7.01478025259791]], "507.cactuBSSN_r": [[1382.0, 0.10330205539065845]], "baseline": [[2811784.0, 9.001045637153744]]}
{"519.lbm_r": [[1441.0, 0.1501815026401023]], "507.cactuBSSN_r": [[1411.0, 0.1299148452106982]], "baseline": [[1509.0, 0.09308381042695273]]}
{"519.lbm_r": [[1400.0, 0.1185952030151307]], "507.cactuBSSN_r": [[1367.0, 0.18413639518343577]], "baseline": [[2992383.0, 9.000360954366]]}
{"519.lbm_r": [[1421.0, 0.08087972581928055]], "507.cactuBSSN_r": [[1388.0, 0.12011749206892156]], "baseline": [[1558.0, 0.05146127838175196]]}
{"519.lbm_r": [[2889186.0, 9.000699978638874]], "507.cactuBSSN_r": [[2045087.0, 7.001168592140518]], "baseline": [[1467.0, 0.19085021982869402]]}
{"519.lbm_r": [[2128318.0, 7.000681177762864]], "507.cactuBSSN_r": [[1776059.0, 7.375977037626585]], "baseline": [[1453.0, 0.11681048212942649]]}
{"519.lbm_r": [[1719236.0, 6.000607699738866]], "507.cactuBSSN_r": [[1581.0, 0.019379619673554758]], "baseline": [[2386389.0, 8.001237340761682]]}
{"519.lbm_r": [[1405.0, 0.18319929055890527]], "507.cactuBSSN_r": [[1522.0, 0.038239291061946845]], "baseline": [[1430.0, 0.10907571016908332]]}
{"519.lbm_r": [[2407039.0, 8.000954092009863]], "507.cactuBSSN_r": [[1875483.0, 7.009476929593423]], "baseline": [[1403.0, 0.17787036090341196]]}
{"519.lbm_r": [[2532219.0, 8.00071392589861]], "507.cactuBSSN_r": [[1429.0, 0.2798388276040537]], "baseline": [[1491.0, 0.0900798030897035]]}
{"519.lbm_r": [[1318.0, 0.3799706751142536]], "507.cactuBSSN_r": [[2176398.0, 7.000053906251153]], "baseline": [[1945218.0, 7.0016965263347375]]}
{"519.lbm_r": [[1449.0, 0.13853263439469346]], "507.cactuBSSN_r": [[1691280.0, 6.000790139273079]], "baseline": [[1382.0, 0.2564214165396247]]}
{"519.lbm_r": [[1407.0, 0.05791217669997906]], "507.cactuBSSN_r": [[1974005.0, 7.001493681823641]], "baseline": [[1583.0, 0.008160876462377486]]}
{"519.lbm_r": [[1370.0, 0.40879283208771583]], "507.cactuBSSN_r": [[1840278.0, 7.062435968171991]], "baseline": [[3245222.0, 10.002686972941094]]}
{"519.lbm_r": [[1410.0, 0.11219073197160426]], "507.cactuBSSN_r": [[1783745.0, 7.069162773094608]], "baseline": [[1429.0, 0.3465628876225488]]}
