{"519.lbm_r": [[1504.0, 0.35717916425197405]], "507.cactuBSSN_r": [[1620.0, 0.17850923170904595]], "baseline": [[1560.0, 0.1952988607284345]]}
{"519.lbm_r": [[2095248.9999999998, 7.000450446242238]], "507.cactuBSSN_r": [[1609.0, 0.08893907102772582]], "baseline": [[1516.0, 0.11623654646247164]]}
{"519.lbm_r": [[1516.0, 0.1910295467238895]], "507.cactuBSSN_r": [[1726.0, 0.026788874556488755]], "baseline": [[1604.0, 0.1477284267815832]]}
{"519.lbm_r": [[3087733.0, 10.019482635534027]], "507.cactuBSSN_r": [[2244117.0, 8.00071526964786]], "baseline": [[3473646.0, 11.995511756780388]]}
{"519.lbm_r": [[2159121.0, 7.000433012593756]], "507.cactuBSSN_r": [[1638.0, 0.1358348269373159]], "baseline": [[1830474.0, 7.023882819076874]]}
{"519.lbm_r": [[2585372.0, 8.000378934392627]], "507.cactuBSSN_r": [[1569.0, 0.14065266166940812]], "baseline": [[1755.0, 0.002161561153483414]]}
{"519.lbm_r": [[418691.0, 2.0022671768998075]], "507.cactuBSSN_r": [[1628.0, 0.0920485982666414]], "baseline": [[1606.0, 0.034234155266675836]]}
{"519.lbm_r": [[1556.0, 0.12817305439461457]], "507.cactuBSSN_r": [[1592.0, 0.18272830545690588]], "baseline": [[1975488.0, 7.0007646763817215]]}
{"519.lbm_r": [[1505.0, 0.1213771647645532]], "507.cactuBSSN_r": [[1596.0, 0.04355956013389192]], "baseline": [[2102122.0, 7.0004600847743]]}
{"519.lbm_r": [[2640334.0, 8.000332607122633]], "507.cactuBSSN_r": [[1630.0, 0.09243903169601575]], "baseline": [[1556.0, 0.020147507988313208]]}
{"519.lbm_r": [[334445.0, 2.0096263150215745]], "507.cactuBSSN_r": [[1634.0, 0.021207372756148497]], "baseline": [[1552.0, 0.1553134521258473]]}
{"519.lbm_r": [[1589.0, 0.18903649696866875]], "507.cactuBSSN_r": [[1636.0, 0.12462341299247434]], "baseline": [[1556.0, 0.07043457620215]]}
{"519.lbm_r": [[2958456.0, 13.005441380644083]], "507.cactuBSSN_r": [[1618.0, 0.14746156600063556]], "baseline": [[301054.0, 2.1003909600295296]]}
{"519.lbm_r": [[1492470.0, 6.003082369975224]], "507.cactuBSSN_r": [[1599.0, 0.16261270355292265]], "baseline": [[1886601.0, 7.002008017209354]]}
{"519.lbm_r": [[2178978.0, 7.0003031581112225]], "507.cactuBSSN_r": [[1622.0, 0.06599183831227902]], "baseline": [[1554.0, 0.06920231859165084]]}
{"519.lbm_r": [[2355853.0, 8.643834968733742]], "507.cactuBSSN_r": [[1591.0, 0.10153490244704587]], "baseline": [[1528.0, 0.27042985203516867]]}
{"519.lbm_r": [[2106.0, 1.8572261812426816]], "507.cactuBSSN_r": [[1571.0, 0.13125243174399548]], "baseline": [[1765150.0, 7.702029484929634]]}
{"519.lbm_r": [[2692829.0, 9.000875009902009]], "507.cactuBSSN_r": [[1603.0, 0.11363247018311287]], "baseline": [[1624.0, 0.067745250580837]]}
{"519.lbm_r": [[4992.0, 1.134689003161047]], "507.cactuBSSN_r": [[1524.0, 0.12325709734197349]], "baseline": [[1417.0, 0.17064171303455747]]}
{"519.lbm_r": [[1624.0, 0.07738319299714153]], "507.cactuBSSN_r": [[509196.0, 3.728862522351671]], "baseline": [[1531.0, 0.09594856166818976]]}
