{"519.lbm_r": [[1391.0, 0.4393750870132907]], "507.cactuBSSN_r": [[1371.0, 0.08966147361679588]], "baseline": [[3123601.0, 10.100668586712944]]}
{"519.lbm_r": [[1415.0, 0.14088583666582524]], "507.cactuBSSN_r": [[2737346.0, 9.010865427632355]], "baseline": [[1450.0, 0.03018266334822289]]}
{"519.lbm_r": [[1402.0, 0.16979442607209902]], "507.cactuBSSN_r": [[1472.0, 0.09626379246182634]], "baseline": [[1533.0, 0.024527327013390533]]}
{"519.lbm_r": [[1441.0, 0.20128730576911924]], "507.cactuBSSN_r": [[1380.0, 0.10713966628552053]], "baseline": [[1618.0, 0.019469996540835827]]}
{"519.lbm_r": [[514679.99999999994, 2.0004422595244282]], "507.cactuBSSN_r": [[1438.0, 0.09806619088908457]], "baseline": [[696342.0, 3.003991606512829]]}
{"519.lbm_r": [[2063043.9999999998, 7.0011410808936585]], "507.cactuBSSN_r": [[1376.0, 0.10228088514275001]], "baseline": [[1446.0, 0.11167923361326768]]}
{"519.lbm_r": [[1644054.0, 6.001951517697978]], "507.cactuBSSN_r": [[3228967.0, 15.001664367771246]], "baseline": [[622926.0, 3.0221645776063837]]}
{"519.lbm_r": [[1497.0, 0.12405372871365358]], "507.cactuBSSN_r": [[1413.0, 0.10821254980947886]], "baseline": [[1578.0, 0.08661598175854698]]}
{"519.lbm_r": [[2438868.0, 8.008113671750777]], "507.cactuBSSN_r": [[1826.0, 0.0008757491889852223]], "baseline": [[1379.0, 0.23946524115643192]]}
{"519.lbm_r": [[1652008.0, 6.001510940486065]], "507.cactuBSSN_r": [[1498.0, 0.10163016642212172]], "baseline": [[3531684.0, 11.148019264331667]]}
{"519.lbm_r": [[69743.0, 1.0061936048815077]], "507.cactuBSSN_r": [[2526200.0, 8.00068699794046]], "baseline": [[1350.0, 0.19194906512465987]]}
{"519.lbm_r": [[2323146.0, 8.191415161064828]], "507.cactuBSSN_r": [[1518.0, 0.049148177339107625]], "baseline": [[1412.0, 0.14440879009817234]]}
{"519.lbm_r": [[2496217.0, 8.000231371440258]], "507.cactuBSSN_r": [[517582.0, 2.0009790037858446]], "baseline": [[2480139.0, 8.000566394271102]]}
{"519.lbm_r": [[323360.0, 2.0137768205230944]], "507.cactuBSSN_r": [[1553.0, 0.03892504625860349]], "baseline": [[1764951.0, 7.539184806858097]]}
{"519.lbm_r": [[2640289.0, 8.000260103867411]], "507.cactuBSSN_r": [[285179.0, 2.4870739023357795]], "baseline": [[300912.0, 2.181380921327242]]}
{"519.lbm_r": [[1963828.0, 7.00157129399816]], "507.cactuBSSN_r": [[2625350.0, 8.00023715867279]], "baseline": [[2107736.0, 7.000735498174802]]}
{"519.lbm_r": [[1287.0, 0.13519796384658267]], "507.cactuBSSN_r": [[1442.0, 0.10682787217733775]], "baseline": [[1429.0, 0.15150418918303404]]}
{"519.lbm_r": [[2010725.0, 7.00124708137168]], "507.cactuBSSN_r": [[1378.0, 0.18605853147766255]], "baseline": [[1414.0, 0.1830274739499918]]}
{"519.lbm_r": [[1668534.0, 6.001371484874454]], "507.cactuBSSN_r": [[1739042.0, 6.000844297939178]], "baseline": [[1413.0, 0.11045818838344275]]}
{"519.lbm_r": [[1741706.0, 6.000752176949649]], "507.cactuBSSN_r": [[1456.0, 0.08403024229059451]], "baseline": [[1834719.0, 7.020002910234574]]}
