{"519.lbm_r": [[785961.0, 3.0014121703323235]], "507.cactuBSSN_r": [[1437.0, 0.06752279609988229]], "baseline": [[1432.0, 0.1268957409677225]]}
{"519.lbm_r": [[2728695.0, 9.223255105213642]], "507.cactuBSSN_r": [[1482.0, 0.11828783547863504]], "baseline": [[1309.0, 0.35818868874189413]]}
{"519.lbm_r": [[3259379.0, 10.000702480079639]], "507.cactuBSSN_r": [[1488.0, 0.21808918210308223]], "baseline": [[1875977.0, 7.002622859567889]]}
{"519.lbm_r": [[2259103.0, 8.049968879973758]], "507.cactuBSSN_r": [[1472.0, 0.10688526475898784]], "baseline": [[2703522.0, 9.010935013712253]]}
{"519.lbm_r": [[412797.0, 2.0038963817122784]], "507.cactuBSSN_r": [[2626240.0, 9.235877916003629]], "baseline": [[1344.0, 0.22817188877018407]]}
{"519.lbm_r": [[1345.0, 0.2817505037743014]], "507.cactuBSSN_r": [[93327.0, 1.0045426978172316]], "baseline": [[1361.0, 0.2610002793586582]]}
{"519.lbm_r": [[1844644.0, 7.008239686532531]], "507.cactuBSSN_r": [[3589120.0, 11.010490701698679]], "baseline": [[4058383.0, 12.01561946832984]]}
{"519.lbm_r": [[1828000.0, 7.017920096171605]], "507.cactuBSSN_r": [[1459.0, 0.28802964756081834]], "baseline": [[1367.0, 0.23261725872637876]]}
{"519.lbm_r": [[4818050.0, 13.000211812616918]], "507.cactuBSSN_r": [[1510.0, 0.09185951024616537]], "baseline": [[641624.0, 3.0182212596629094]]}
{"519.lbm_r": [[1482.0, 0.09187405564908938]], "507.cactuBSSN_r": [[1459.0, 0.12111726640550967]], "baseline": [[2003868.0, 7.001261021983386]]}
{"519.lbm_r": [[2642522.0, 9.203811190985338]], "507.cactuBSSN_r": [[2303562.0, 8.001417327389836]], "baseline": [[2778682.0, 9.000919206178404]]}
{"519.lbm_r": [[1991225.0, 7.001379303596671]], "507.cactuBSSN_r": [[2034852.0, 7.00101408995061]], "baseline": [[515736.99999999994, 2.001415718749844]]}
{"519.lbm_r": [[1378.0, 0.2425558194258629]], "507.cactuBSSN_r": [[1444.0, 0.061328618597484744]], "baseline": [[2737176.0, 9.012172726601294]]}
{"519.lbm_r": [[2649028.0, 8.00038608330047]], "507.cactuBSSN_r": [[2702628.0, 9.011027336194301]], "baseline": [[1350.0, 0.07263017786563518]]}
{"519.lbm_r": [[1437.0, 0.15642055107971467]], "507.cactuBSSN_r": [[1386.0, 0.24859499039063757]], "baseline": [[716313.0, 3.0041008725964695]]}
{"519.lbm_r": [[702877.0, 3.0053191296062036]], "507.cactuBSSN_r": [[2237561.0, 8.015743074475754]], "baseline": [[1351.0, 0.1800234273153029]]}
{"519.lbm_r": [[2233091.0, 8.494910066502795]], "507.cactuBSSN_r": [[2101473.0, 7.000159981652987]], "baseline": [[417955.0, 2.003412309840654]]}
{"519.lbm_r": [[1405.0, 0.05965035069794165]], "507.cactuBSSN_r": [[1505.0, 0.09213145037725552]], "baseline": [[1362.0, 0.44415646770042955]]}
{"519.lbm_r": [[1424.0, 0.0870471135596899]], "507.cactuBSSN_r": [[1392.0, 0.19606356597734823]], "baseline": [[1908578.0, 7.001950090802438]]}
{"519.lbm_r": [[3153388.0, 10.606247900084272]], "507.cactuBSSN_r": [[2452037.0, 8.000593690661209]], "baseline": [[1382.0, 0.14010066662466972]]}
{"519.lbm_r": [[1817176.0, 7.2167105474098845]], "507.cactuBSSN_r": [[1416.0, 0.12689142354798674]], "baseline": [[666779.0, 3.0115864247980073]]}
{"519.lbm_r": [[2013.9999999999998, 1.9799599276238418]], "507.cactuBSSN_r": [[1946477.0, 7.001647216351661]], "baseline": [[2690788.0, 9.976435054113468]]}
{"519.lbm_r": [[1559.0, 0.003505809564040911]], "507.cactuBSSN_r": [[1445.0, 0.145851602540033]], "baseline": [[3054203.0, 10.622344446880058]]}
{"519.lbm_r": [[173284.0, 1.0023339744964403]], "507.cactuBSSN_r": [[1496.0, 0.15307236294980472]], "baseline": [[1867226.0, 7.014515330760044]]}
{"519.lbm_r": [[2384419.0, 8.001124606881511]], "507.cactuBSSN_r": [[1401.0, 0.17632255586762874]], "baseline": [[1454.0, 0.08735116431482115]]}
{"519.lbm_r": [[1453.0, 0.061028481686962566]], "507.cactuBSSN_r": [[1515.0, 0.06126205062511957]], "baseline": [[1453.0, 0.05120695318371929]]}
{"519.lbm_r": [[3398949.0, 10.000506510475207]], "507.cactuBSSN_r": [[1449.0, 0.14334002229941897]], "baseline": [[1348.0, 0.15353216013753937]]}
{"519.lbm_r": [[1469.0, 0.03942346730106831]], "507.cactuBSSN_r": [[3128438.0, 10.012288033176713]], "baseline": [[1370.0, 0.17283517654889685]]}
{"519.lbm_r": [[2700251.0, 9.890953187237415]], "507.cactuBSSN_r": [[1421.0, 0.2561602824528349]], "baseline": [[1377.0, 0.1661266727962491]]}
{"519.lbm_r": [[1507.0, 0.060813270324180886]], "507.cactuBSSN_r": [[1408.0, 0.08832515386696885]], "baseline": [[1344.0, 0.20258691843337193]]}
{"519.lbm_r": [[1852212.0, 7.032079122737723]], "507.cactuBSSN_r": [[1422.0, 0.12767000502855588]], "baseline": [[2408202.0, 8.000934760019769]]}
{"519.lbm_r": [[1818567.0, 7.025777874630928]], "507.cactuBSSN_r": [[1661502.0, 6.000114948690314]], "baseline": [[2895177.0, 9.000725486037204]]}
{"519.lbm_r": [[1910042.0, 7.002509706334509]], "507.cactuBSSN_r": [[1440.0, 0.18516570924129597]], "baseline": [[1397.0, 0.1100561224939912]]}
{"519.lbm_r": [[1401.0, 0.13814081621918586]], "507.cactuBSSN_r": [[2691443.0, 9.012130331111186]], "baseline": [[1313.0, 0.4483950509527229]]}
{"519.lbm_r": [[2046099.0, 7.001188931322646]], "507.cactuBSSN_r": [[1526.0, 0.03079407280190417]], "baseline": [[1383.0, 0.20929276575407513]]}
{"519.lbm_r": [[1425.0, 0.18332727792069892]], "507.cactuBSSN_r": [[2613474.0, 9.072481363927913]], "baseline": [[2523614.0, 8.000474093547828]]}
{"519.lbm_r": [[452134.0, 2.001736264315236]], "507.cactuBSSN_r": [[1934140.0, 7.00189946545114]], "baseline": [[1849107.0, 7.003896687884642]]}
{"519.lbm_r": [[1937433.0, 7.000789919683125]], "507.cactuBSSN_r": [[1400.0, 0.13389847713135486]], "baseline": [[1460.0, 0.031179487391146243]]}
{"519.lbm_r": [[1485.0, 0.1029394106264315]], "507.cactuBSSN_r": [[2536464.0, 8.00034228982825]], "baseline": [[2037144.0, 7.001025496381347]]}
{"519.lbm_r": [[1445.0, 0.027023301206511734]], "507.cactuBSSN_r": [[1505.0, 0.008582203057054635]], "baseline": [[2308824.0, 8.00306051649037]]}
{"519.lbm_r": [[1434.0, 0.20923731070465218]], "507.cactuBSSN_r": [[1522.0, 0.11477086598985936]], "baseline": [[1719.0, 0.0013404208939818254]]}
{"519.lbm_r": [[1406.0, 0.1708051146386496]], "507.cactuBSSN_r": [[2238796.0, 8.001761681731512]], "baseline": [[1405.0, 0.17172186088085473]]}
{"519.lbm_r": [[2179067.0, 7.0002058375525325]], "507.cactuBSSN_r": [[1427.0, 0.17272499698454122]], "baseline": [[3635703.0, 11.01643750578105]]}
{"519.lbm_r": [[1441.0, 0.14335436556155545]], "507.cactuBSSN_r": [[1563.0, 0.007020436164744198]], "baseline": [[1411.0, 0.3046156352745772]]}
{"519.lbm_r": [[1696440.0, 6.000731244796816]], "507.cactuBSSN_r": [[1692539.0, 7.946424992554501]], "baseline": [[1360.0, 0.13049253525171584]]}
