{"519.lbm_r": [[1393.0, 0.1901863900744545]], "507.cactuBSSN_r": [[2361908.0, 8.016147343256282]], "baseline": [[1516.0, 0.1466897202151584]]}
{"519.lbm_r": [[1548.0, 0.024163877482773034]], "507.cactuBSSN_r": [[1395.0, 0.22622649505984194]], "baseline": [[1404.0, 0.21584078257036277]]}
{"519.lbm_r": [[1440.0, 0.08475786264898492]], "507.cactuBSSN_r": [[588667.0, 2.0000256993669567]], "baseline": [[1393.0, 0.12449499818518356]]}
{"519.lbm_r": [[2715574.0, 9.010818691161587]], "507.cactuBSSN_r": [[1391.0, 0.1359313532212996]], "baseline": [[246934.0, 1.0004514408568654]]}
{"519.lbm_r": [[3812813.0, 11.00037220483951]], "507.cactuBSSN_r": [[1463.0, 0.04691483370994472]], "baseline": [[1424.0, 0.1273912974444276]]}
{"519.lbm_r": [[1446.0, 0.27176093666119144]], "507.cactuBSSN_r": [[1345.0, 0.5054587665628186]], "baseline": [[1380.0, 0.1744116821918455]]}
{"519.lbm_r": [[515154.0, 2.0013539673948983]], "507.cactuBSSN_r": [[1392.0, 0.15579920400471475]], "baseline": [[1413.0, 0.11094782731283001]]}
{"519.lbm_r": [[1407.0, 0.14954233750901022]], "507.cactuBSSN_r": [[1460.0, 0.09400065093201448]], "baseline": [[2999386.0, 10.941704714401812]]}
{"519.lbm_r": [[3335313.0, 10.00038609175716]], "507.cactuBSSN_r": [[357033.0, 2.0108109814781954]], "baseline": [[3140704.0, 10.009322788696966]]}
{"519.lbm_r": [[311468.0, 2.1765412065678813]], "507.cactuBSSN_r": [[1449.0, 0.07330412190295593]], "baseline": [[1394.0, 0.15362830342054165]]}
{"519.lbm_r": [[2838394.0, 9.008469557037932]], "507.cactuBSSN_r": [[1439.0, 0.1935896746452053]], "baseline": [[2827174.0, 9.000646138543408]]}
{"519.lbm_r": [[1414.0, 0.1782142999247237]], "507.cactuBSSN_r": [[1431.0, 0.06430150843189891]], "baseline": [[1438.0, 0.31505009627454733]]}
{"519.lbm_r": [[1446.0, 0.13641465234134134]], "507.cactuBSSN_r": [[1966987.0, 7.001557758577182]], "baseline": [[1379.0, 0.3043707053492673]]}
{"519.lbm_r": [[1909730.0, 7.002409751204134]], "507.cactuBSSN_r": [[4727207.0, 17.010820056934566]], "baseline": [[1471.0, 0.15054060944695177]]}
{"519.lbm_r": [[2427457.0, 8.000757192308361]], "507.cactuBSSN_r": [[1447.0, 0.15066951963974612]], "baseline": [[3075128.0, 9.000339805257624]]}
{"519.lbm_r": [[2066862.9999999998, 7.000966223522125]], "507.cactuBSSN_r": [[3649255.0, 11.020030396116397]], "baseline": [[5787492.0, 16.013854249234168]]}
{"519.lbm_r": [[2801066.0, 9.005203048840045]], "507.cactuBSSN_r": [[1654909.0, 6.000897188867737]], "baseline": [[1268885.0, 5.004597318656404]]}
{"519.lbm_r": [[1838945.0, 7.030323120656237]], "507.cactuBSSN_r": [[2935174.0, 9.000326523148795]], "baseline": [[2265853.0, 8.112717533508034]]}
{"519.lbm_r": [[2214941.0, 7.000211946249967]], "507.cactuBSSN_r": [[2278846.0, 8.752386929098545]], "baseline": [[2178026.0, 7.000215133699494]]}
{"519.lbm_r": [[1408.0, 0.19345929413284774]], "507.cactuBSSN_r": [[2393035.0, 8.00079287956356]], "baseline": [[2448390.0, 8.000844759075951]]}
