{"519.lbm_r": [[1423.0, 0.244003520274725]], "507.cactuBSSN_r": [[1366.0, 0.14056176636373122]], "baseline": [[1442.0, 0.18504313746744408]]}
{"519.lbm_r": [[1394.0, 0.16649280776298628]], "507.cactuBSSN_r": [[1347.0, 0.44951272041138257]], "baseline": [[1417.0, 0.176307126164603]]}
{"519.lbm_r": [[1489.0, 0.13002116978967584]], "507.cactuBSSN_r": [[1413.0, 0.15163156749308648]], "baseline": [[2597015.0, 8.000257887266251]]}
{"519.lbm_r": [[1907921.0, 7.002472531104448]], "507.cactuBSSN_r": [[1377.0, 0.1877330818888568]], "baseline": [[1385.0, 0.16933296567035852]]}
{"519.lbm_r": [[1343.0, 0.17275777520667315]], "507.cactuBSSN_r": [[1645573.0, 6.0006553953073745]], "baseline": [[1458.0, 0.06313671446371437]]}
{"519.lbm_r": [[1325.0, 0.15392131957122795]], "507.cactuBSSN_r": [[1492.0, 0.19359847727051005]], "baseline": [[1455.0, 0.05255383570651605]]}
{"519.lbm_r": [[265926.0, 2.3579052774079043]], "507.cactuBSSN_r": [[5283562.0, 15.01565466591773]], "baseline": [[568508.0, 3.757462072648381]]}
{"519.lbm_r": [[2958472.0, 9.000498150750406]], "507.cactuBSSN_r": [[1341.0, 0.1635745126238526]], "baseline": [[492047.0, 2.0016650774517406]]}
{"519.lbm_r": [[3866527.0, 11.000294399797342]], "507.cactuBSSN_r": [[1446.0, 0.19390537905431068]], "baseline": [[2022870.0, 7.0012759858173395]]}
{"519.lbm_r": [[1356.0, 0.32951272991915004]], "507.cactuBSSN_r": [[1435.0, 0.1644291743217508]], "baseline": [[1371.0, 0.14151281292824422]]}
{"519.lbm_r": [[1435.0, 0.10148801881756923]], "507.cactuBSSN_r": [[2747459.0, 9.001129448293543]], "baseline": [[1534.0, 0.026708276296285978]]}
{"519.lbm_r": [[1425.0, 0.06671281856629728]], "507.cactuBSSN_r": [[2573631.0, 9.817799850253895]], "baseline": [[4021320.0, 12.005437213138922]]}
{"519.lbm_r": [[1397.0, 0.14644016308108776]], "507.cactuBSSN_r": [[1376.0, 0.15692259653766508]], "baseline": [[2271455.0, 8.014744547805295]]}
{"519.lbm_r": [[1452.0, 0.05067516549133163]], "507.cactuBSSN_r": [[1359.0, 0.1957706089727485]], "baseline": [[2109222.0, 7.000371468984767]]}
{"519.lbm_r": [[1426.0, 0.17658102833701156]], "507.cactuBSSN_r": [[1476.0, 0.032484233009818106]], "baseline": [[1364.0, 0.5327205450050212]]}
{"519.lbm_r": [[1346.0, 0.2779722225803746]], "507.cactuBSSN_r": [[2321945.0, 8.001363241395346]], "baseline": [[2487814.0, 8.000870259098654]]}
{"519.lbm_r": [[2281296.0, 8.007089444710376]], "507.cactuBSSN_r": [[794452.0, 3.001501282448105]], "baseline": [[1500.0, 0.023273390917542193]]}
{"519.lbm_r": [[1520.0, 0.021516574832153103]], "507.cactuBSSN_r": [[2608490.0, 9.723748518111519]], "baseline": [[1396.0, 0.036479092858133]]}
{"519.lbm_r": [[508444.0, 2.001803698906727]], "507.cactuBSSN_r": [[1367.0, 0.1977245145829152]], "baseline": [[1462.0, 0.16389684886364764]]}
{"519.lbm_r": [[2147123.0, 7.000433363699146]], "507.cactuBSSN_r": [[2242906.0, 8.014660420687806]], "baseline": [[3001733.0, 9.000464634508223]]}
{"519.lbm_r": [[2122401.0, 7.000541265593778]], "507.cactuBSSN_r": [[447296.0, 2.0029443256380333]], "baseline": [[1354.0, 0.36014562349910056]]}
{"519.lbm_r": [[2081002.0, 7.000346972219454]], "507.cactuBSSN_r": [[2092862.9999999998, 7.000902492106869]], "baseline": [[3584306.0, 11.051421199037422]]}
{"519.lbm_r": [[1384.0, 0.13298420600707375]], "507.cactuBSSN_r": [[1395.0, 0.10081368919830572]], "baseline": [[1493.0, 0.1013377048295984]]}
{"519.lbm_r": [[1494.0, 0.03472294900989186]], "507.cactuBSSN_r": [[2186885.0, 8.171207198569142]], "baseline": [[1450.0, 0.11780244080111325]]}
{"519.lbm_r": [[2008.0, 1.9888267596079605]], "507.cactuBSSN_r": [[1516.0, 0.09280746346589955]], "baseline": [[3372798.0, 10.000488837442804]]}
{"519.lbm_r": [[1449.0, 0.03426326124727576]], "507.cactuBSSN_r": [[1417.0, 0.17215745279800979]], "baseline": [[301574.0, 2.3982662777121]]}
{"519.lbm_r": [[1468.0, 0.1746137903997618]], "507.cactuBSSN_r": [[4106100.0000000005, 12.009904266026167]], "baseline": [[1317.0, 0.17594798809996748]]}
{"519.lbm_r": [[1752742.0, 7.444297710462661]], "507.cactuBSSN_r": [[1790206.0, 7.035926579533666]], "baseline": [[3179244.0, 10.02325044014339]]}
{"519.lbm_r": [[1458.0, 0.10301014090458101]], "507.cactuBSSN_r": [[1396.0, 0.11269033616630204]], "baseline": [[2162060.0, 7.000254578418224]]}
{"519.lbm_r": [[1395.0, 0.16826914888916839]], "507.cactuBSSN_r": [[1742.0, 0.0013002988389433073]], "baseline": [[179163.0, 1.0018514137679186]]}
{"519.lbm_r": [[1400.0, 0.2715871487299391]], "507.cactuBSSN_r": [[2462437.0, 8.000745032891826]], "baseline": [[1731172.0, 7.988552596989386]]}
{"519.lbm_r": [[673904.0, 3.0082103897663117]], "507.cactuBSSN_r": [[5090023.0, 16.008335188218705]], "baseline": [[2825536.0, 9.000645878983445]]}
{"519.lbm_r": [[2331119.0, 8.001136595205441]], "507.cactuBSSN_r": [[1437.0, 0.16313601370487324]], "baseline": [[1476.0, 0.052857673913582266]]}
{"519.lbm_r": [[1446.0, 0.05097483201041811]], "507.cactuBSSN_r": [[1427.0, 0.14663199663964482]], "baseline": [[1833130.0, 7.005897958755012]]}
{"519.lbm_r": [[1454.0, 0.10073054368765048]], "507.cactuBSSN_r": [[1445.0, 0.1313240896582641]], "baseline": [[2224979.0, 8.008308141990616]]}
{"519.lbm_r": [[4279187.0, 12.000341974003014]], "507.cactuBSSN_r": [[2214992.0, 7.000349609914733]], "baseline": [[1831669.0, 7.00414075337211]]}
{"519.lbm_r": [[1441.0, 0.35255727268032566]], "507.cactuBSSN_r": [[1426.0, 0.17018378817956406]], "baseline": [[1416.0, 0.39227458927814673]]}
{"519.lbm_r": [[2280510.0, 8.001419357809564]], "507.cactuBSSN_r": [[665109.0, 3.0079529973211754]], "baseline": [[1418.0, 0.12078786511420812]]}
{"519.lbm_r": [[1357.0, 0.15745304397259163]], "507.cactuBSSN_r": [[1497.0, 0.0757730389341095]], "baseline": [[1409.0, 0.21013914681860432]]}
{"519.lbm_r": [[2658071.0, 9.096296606832766]], "507.cactuBSSN_r": [[1912694.0, 7.002282913072343]], "baseline": [[1449.0, 0.15177853860195803]]}
{"519.lbm_r": [[1321.0, 0.040046287528500514]], "507.cactuBSSN_r": [[2100217.0, 7.000955170445843]], "baseline": [[1442.0, 0.08764928145099077]]}
{"519.lbm_r": [[1396.0, 0.15143963670951935]], "507.cactuBSSN_r": [[1409.0, 0.09757631699591122]], "baseline": [[1425.0, 0.1749982359669665]]}
{"519.lbm_r": [[1396.0, 0.13174785524560448]], "507.cactuBSSN_r": [[1324.0, 0.18422566006669888]], "baseline": [[1425.0, 0.19903533446376115]]}
{"519.lbm_r": [[2788867.0, 9.000913700785265]], "507.cactuBSSN_r": [[1483.0, 0.1062986638996879]], "baseline": [[1411.0, 0.1777365430026024]]}
{"519.lbm_r": [[1452.0, 0.030476293994743046]], "507.cactuBSSN_r": [[410903.0, 2.0042764877403636]], "baseline": [[1383.0, 0.1932263619036943]]}
{"519.lbm_r": [[1970813.0, 7.001362247645249]], "507.cactuBSSN_r": [[1416.0, 0.24866445910114285]], "baseline": [[3619548.0, 11.008670261376228]]}
{"519.lbm_r": [[1462.0, 0.10715065062416695]], "507.cactuBSSN_r": [[2066804.9999999998, 7.00121036166918]], "baseline": [[2260091.0, 8.004928883903226]]}
{"519.lbm_r": [[1515.0, 0.04096348515286019]], "507.cactuBSSN_r": [[6415.0, 1.1089015597220473]], "baseline": [[1466.0, 0.2505339120994297]]}
{"519.lbm_r": [[1801.0, 0.0010971779205061437]], "507.cactuBSSN_r": [[357136.0, 2.009311105283644]], "baseline": [[2000.0, 1.5857058505000217e-06]]}
{"519.lbm_r": [[1368.0, 0.1261929601849389]], "507.cactuBSSN_r": [[1413.0, 0.10781149141285591]], "baseline": [[1383.0, 0.3197853720913921]]}
