{"519.lbm_r": [[2459678.0, 8.004990959542141]], "507.cactuBSSN_r": [[3025645.0, 9.000330554835921]], "baseline": [[667703.0, 3.0049891550572934]]}
{"519.lbm_r": [[1501.0, 0.1403885805832661]], "507.cactuBSSN_r": [[2119747.0, 7.000357301230365]], "baseline": [[344762.0, 2.0093832292411142]]}
{"519.lbm_r": [[1618000.0, 6.00106333008919]], "507.cactuBSSN_r": [[1944166.0, 7.009050361449518]], "baseline": [[3053023.0, 9.000239763724924]]}
{"519.lbm_r": [[1521.0, 0.1156002841078231]], "507.cactuBSSN_r": [[1662.0, 0.026987338198631815]], "baseline": [[1663622.0, 6.000213319399833]]}
{"519.lbm_r": [[2300286.0, 8.999720650098183]], "507.cactuBSSN_r": [[103571.0, 1.0023657347766946]], "baseline": [[1674.0, 0.0342186289990268]]}
{"519.lbm_r": [[2020740.0, 7.000977583527139]], "507.cactuBSSN_r": [[1696485.0, 6.0004681819500485]], "baseline": [[2310005.0, 8.008982963272114]]}
{"519.lbm_r": [[1611914.0, 6.000699157194182]], "507.cactuBSSN_r": [[2110615.0, 8.132520415734493]], "baseline": [[1669626.0, 6.000375880174912]]}
{"519.lbm_r": [[1526.0, 0.17295748683433224]], "507.cactuBSSN_r": [[3554467.0, 11.007465342719605]], "baseline": [[2077458.9999999998, 7.0004245464076815]]}
{"519.lbm_r": [[2655733.0, 9.982266655822814]], "507.cactuBSSN_r": [[2229786.0, 8.912344474273306]], "baseline": [[1797.0, 0.001483398754121315]]}
{"519.lbm_r": [[634478.0, 3.0095160301498893]], "507.cactuBSSN_r": [[1495.0, 0.13049879642338155]], "baseline": [[1534.0, 0.11909958150659464]]}
{"519.lbm_r": [[1500.0, 0.11749074583621005]], "507.cactuBSSN_r": [[2178798.0, 7.000165918074367]], "baseline": [[1644065.0, 6.0005166931591996]]}
{"519.lbm_r": [[2098695.0, 7.000599784583338]], "507.cactuBSSN_r": [[2438384.0, 8.001539893448586]], "baseline": [[2222679.0, 8.342414066242561]]}
{"519.lbm_r": [[2356217.0, 8.743594197766832]], "507.cactuBSSN_r": [[510472.0, 2.000670276499841]], "baseline": [[1711.0, 0.004409349267047265]]}
{"519.lbm_r": [[1951141.0, 7.015633898802386]], "507.cactuBSSN_r": [[1587.0, 0.22010592328705933]], "baseline": [[1630145.0, 6.000822256495474]]}
{"519.lbm_r": [[2118394.0, 7.000482782630232]], "507.cactuBSSN_r": [[1635.0, 0.02997992369691407]], "baseline": [[1558.0, 0.25339871504525147]]}
{"519.lbm_r": [[3112552.0, 9.000134134251008]], "507.cactuBSSN_r": [[510028.0, 2.0001212154208674]], "baseline": [[1603.0, 0.023115228331338698]]}
{"519.lbm_r": [[1875025.0, 7.682718074899184]], "507.cactuBSSN_r": [[2290520.0, 8.086573713070884]], "baseline": [[1718.0, 0.014641027978287199]]}
{"519.lbm_r": [[2616643.0, 8.000346266291416]], "507.cactuBSSN_r": [[1607.0, 0.03762778575363924]], "baseline": [[1636544.0, 6.000388430852018]]}
{"519.lbm_r": [[1980138.0, 7.00716905033378]], "507.cactuBSSN_r": [[1520.0, 0.07344727508026647]], "baseline": [[1736360.0, 7.950056781773666]]}
{"519.lbm_r": [[1576.0, 0.11299223929772317]], "507.cactuBSSN_r": [[1504.0, 0.13735788406883662]], "baseline": [[1577.0, 0.13020074665281625]]}
