{"519.lbm_r": [[1963915.0, 7.001052157349423]], "507.cactuBSSN_r": [[1535.0, 0.11531777324431676]], "baseline": [[1540.0, 0.08144048851497518]]}
{"519.lbm_r": [[1476.0, 0.3990365479866498]], "507.cactuBSSN_r": [[1543.0, 0.11195804695612047]], "baseline": [[1537.0, 0.20522232280335412]]}
{"519.lbm_r": [[1601.0, 0.11356968944094678]], "507.cactuBSSN_r": [[1497.0, 0.11797648238238062]], "baseline": [[1669.0, 0.03834176006126108]]}
{"519.lbm_r": [[550346.0, 3.6706226555666417]], "507.cactuBSSN_r": [[1453.0, 0.13531005584928815]], "baseline": [[1231176.0, 5.006877322455729]]}
{"519.lbm_r": [[1866337.0, 7.013528108864434]], "507.cactuBSSN_r": [[1569.0, 0.10052675791083399]], "baseline": [[1620.0, 0.17073172439477657]]}
{"519.lbm_r": [[1554.0, 0.09362139697654077]], "507.cactuBSSN_r": [[1698.0, 0.04401591080185992]], "baseline": [[1504.0, 0.16972559303688653]]}
{"519.lbm_r": [[683648.0, 3.0029257098458273]], "507.cactuBSSN_r": [[1676.0, 0.05854422616474243]], "baseline": [[467263.0, 2.0014093830026254]]}
{"519.lbm_r": [[2346558.0, 8.005763023344135]], "507.cactuBSSN_r": [[1568.0, 0.08869164120201026]], "baseline": [[1524.0, 0.09193024722167432]]}
{"519.lbm_r": [[1614317.0, 6.001082314906737]], "507.cactuBSSN_r": [[1632.0, 0.11676633596296121]], "baseline": [[1532.0, 0.13401496041194752]]}
{"519.lbm_r": [[1545.0, 0.05997488154175255]], "507.cactuBSSN_r": [[144776.0, 1.00148979882314]], "baseline": [[1789076.0, 7.978236377998284]]}
{"519.lbm_r": [[2016522.0, 7.000765937661763]], "507.cactuBSSN_r": [[1573.0, 0.11615402706537602]], "baseline": [[1789956.0, 7.501654298004339]]}
{"519.lbm_r": [[2274730.0, 8.004394648752777]], "507.cactuBSSN_r": [[1624.0, 0.09563155387857424]], "baseline": [[1501.0, 0.11622872615056122]]}
{"519.lbm_r": [[163100.0, 1.0007640245804028]], "507.cactuBSSN_r": [[2435021.0, 8.000648311815226]], "baseline": [[1610.0, 0.06173030357504771]]}
{"519.lbm_r": [[1576.0, 0.1690453951616441]], "507.cactuBSSN_r": [[1887.0, 0.0006529126161476399]], "baseline": [[1473.0, 0.21062905170444568]]}
{"519.lbm_r": [[1563.0, 0.07361258181913466]], "507.cactuBSSN_r": [[1551.0, 0.10504322908781298]], "baseline": [[2515149.0, 8.000410802256907]]}
{"519.lbm_r": [[511279.0, 2.0006806150482905]], "507.cactuBSSN_r": [[2983072.0, 9.000262602234818]], "baseline": [[1498.0, 0.2376977815954432]]}
{"519.lbm_r": [[1558.0, 0.21067116824762303]], "507.cactuBSSN_r": [[1549.0, 0.07551793634436091]], "baseline": [[1557.0, 0.07635177175828751]]}
{"519.lbm_r": [[2194851.0, 8.936333894401846]], "507.cactuBSSN_r": [[415490.0, 2.0021516332387885]], "baseline": [[1626.0, 0.12324979435842527]]}
{"519.lbm_r": [[1625.0, 0.045563058364917405]], "507.cactuBSSN_r": [[1823060.0, 7.046310660737394]], "baseline": [[1595.0, 0.1229719853116943]]}
{"519.lbm_r": [[2144515.0, 8.764718214551127]], "507.cactuBSSN_r": [[3022773.0, 9.00018871523963]], "baseline": [[2574622.0, 8.000178495096268]]}
