{"519.lbm_r": [[1396.0, 0.10058388578623646]], "507.cactuBSSN_r": [[1471.0, 0.08944861064988141]], "baseline": [[1361.0, 0.15091726524634994]]}
{"519.lbm_r": [[2617619.0, 8.000478040923817]], "507.cactuBSSN_r": [[1382.0, 0.15218713996009217]], "baseline": [[1362.0, 0.15745234402855585]]}
{"519.lbm_r": [[329969.0, 2.023412592377987]], "507.cactuBSSN_r": [[1578.0, 0.035586618227584826]], "baseline": [[2895554.0, 9.0007128735985]]}
{"519.lbm_r": [[3311084.0, 10.000576356182927]], "507.cactuBSSN_r": [[270640.0, 2.1786241532844417]], "baseline": [[2361851.0, 8.009962662534688]]}
{"519.lbm_r": [[1425.0, 0.1301850586460775]], "507.cactuBSSN_r": [[1686156.0, 6.001109485931741]], "baseline": [[2279490.0, 8.690938728188824]]}
{"519.lbm_r": [[1408.0, 0.16122160552086395]], "507.cactuBSSN_r": [[1393.0, 0.3124104625246768]], "baseline": [[1510.0, 0.09870766779742036]]}
{"519.lbm_r": [[1376.0, 0.20686502642458388]], "507.cactuBSSN_r": [[2195867.0, 7.000333849480897]], "baseline": [[1450.0, 0.1539320843105559]]}
{"519.lbm_r": [[1409.0, 0.10910872148795124]], "507.cactuBSSN_r": [[1460.0, 0.1022586886432686]], "baseline": [[1477.0, 0.0885171940751099]]}
{"519.lbm_r": [[1501.0, 0.023929561382981926]], "507.cactuBSSN_r": [[1412.0, 0.1295473237488694]], "baseline": [[1477.0, 0.03773895869716908]]}
{"519.lbm_r": [[2435107.0, 8.000985860555538]], "507.cactuBSSN_r": [[2604551.0, 9.813279464031387]], "baseline": [[1336.0, 0.3647025182004861]]}
{"519.lbm_r": [[1432.0, 0.060213466652478044]], "507.cactuBSSN_r": [[1562.0, 0.020604837655476216]], "baseline": [[1421.0, 0.16133173265621834]]}
{"519.lbm_r": [[1486.0, 0.024798472191997947]], "507.cactuBSSN_r": [[1534.0, 0.02837250869920244]], "baseline": [[1430.0, 0.11910304748257386]]}
{"519.lbm_r": [[1433.0, 0.10913065281910031]], "507.cactuBSSN_r": [[1482.0, 0.07571735206044732]], "baseline": [[1362.0, 0.1558475733770612]]}
{"519.lbm_r": [[1462.0, 0.2650279624406279]], "507.cactuBSSN_r": [[1359.0, 0.28697919258296356]], "baseline": [[1353.0, 0.15569140253771402]]}
{"519.lbm_r": [[1325.0, 0.1709117641898361]], "507.cactuBSSN_r": [[1472.0, 0.12771175693843356]], "baseline": [[2872369.0, 9.00072535828627]]}
{"519.lbm_r": [[1389.0, 0.07880484836704037]], "507.cactuBSSN_r": [[1410.0, 0.10680440620391367]], "baseline": [[1377.0, 0.08438479545179468]]}
{"519.lbm_r": [[1437.0, 0.07698042543392657]], "507.cactuBSSN_r": [[730784.0, 3.00351140817128]], "baseline": [[1431.0, 0.2090669297477227]]}
{"519.lbm_r": [[1329.0, 0.10792812013769564]], "507.cactuBSSN_r": [[2810296.0, 9.000827341131178]], "baseline": [[1372.0, 0.14787871425369228]]}
{"519.lbm_r": [[1366.0, 0.4486590217965882]], "507.cactuBSSN_r": [[1563.0, 0.02264393994960866]], "baseline": [[3340260.0, 10.000593639758238]]}
{"519.lbm_r": [[403333.0, 2.004604886253699]], "507.cactuBSSN_r": [[1934748.0, 7.001946957662308]], "baseline": [[683436.0, 3.006486407762955]]}
