{"519.lbm_r": [[307489.0, 2.0291731685577066]], "507.cactuBSSN_r": [[1458.0, 0.12457567358613492]], "baseline": [[1437.0, 0.04831420941031307]]}
{"519.lbm_r": [[1344.0, 0.4236633977647563]], "507.cactuBSSN_r": [[2562152.0, 8.000584365575213]], "baseline": [[1422.0, 0.5120196452246669]]}
{"519.lbm_r": [[2021531.0, 7.000771634953149]], "507.cactuBSSN_r": [[2309010.0, 8.017784671194466]], "baseline": [[463259.0, 2.0024619024099617]]}
{"519.lbm_r": [[1378.0, 0.13382328472627253]], "507.cactuBSSN_r": [[3025560.0, 9.000481779911429]], "baseline": [[704144.0, 3.0049857941787224]]}
{"519.lbm_r": [[1358.0, 0.19551325397025815]], "507.cactuBSSN_r": [[1679532.0, 6.001044977856564]], "baseline": [[1413.0, 0.2669240262668749]]}
{"519.lbm_r": [[2051625.0, 7.001128704071139]], "507.cactuBSSN_r": [[1998866.0, 7.001093674670913]], "baseline": [[1479.0, 0.029303633490988495]]}
{"519.lbm_r": [[1379.0, 0.1259547215989647]], "507.cactuBSSN_r": [[3283078.0, 10.000672752961984]], "baseline": [[1308.0, 0.19706411743607694]]}
{"519.lbm_r": [[580905.0, 3.199145523002441]], "507.cactuBSSN_r": [[2658882.0, 8.000375451936065]], "baseline": [[1470.0, 0.19669962512097042]]}
{"519.lbm_r": [[264999.0, 1.0004637104568197]], "507.cactuBSSN_r": [[1360.0, 0.44175481069842815]], "baseline": [[2378319.0, 8.001254281806808]]}
{"519.lbm_r": [[1397.0, 0.17673369833946434]], "507.cactuBSSN_r": [[2954855.0, 9.000500198756361]], "baseline": [[173271.0, 1.0019055009453939]]}
{"519.lbm_r": [[127993.0, 1.0032620817969053]], "507.cactuBSSN_r": [[2218238.0, 7.000251954752456]], "baseline": [[1428.0, 0.12056310649647646]]}
{"519.lbm_r": [[1936520.0, 7.001711526025346]], "507.cactuBSSN_r": [[1454.0, 0.08350992087504099]], "baseline": [[1541.0, 0.04820702352383648]]}
{"519.lbm_r": [[3730920.0, 11.000502777708506]], "507.cactuBSSN_r": [[714957.0, 3.0044210905992466]], "baseline": [[3446338.0, 10.000422495270588]]}
{"519.lbm_r": [[481163.0, 2.001812758609363]], "507.cactuBSSN_r": [[2053318.0000000002, 7.0011685889097635]], "baseline": [[1491.0, 0.028450407403367003]]}
{"519.lbm_r": [[1976791.0, 7.001540676092283]], "507.cactuBSSN_r": [[2299632.0, 8.010453049270016]], "baseline": [[2422623.0, 8.000809045787564]]}
{"519.lbm_r": [[1789684.0, 6.000270788586501]], "507.cactuBSSN_r": [[1696616.0, 6.00122210056355]], "baseline": [[10404.0, 1.0611984041394813]]}
{"519.lbm_r": [[2936187.0, 9.00067185764714]], "507.cactuBSSN_r": [[662844.0, 3.0095230105841013]], "baseline": [[2359802.0, 8.001340955526354]]}
{"519.lbm_r": [[2555618.0, 8.00051439620603]], "507.cactuBSSN_r": [[1300.0, 0.2865681596116513]], "baseline": [[345865.0, 2.012052227472545]]}
{"519.lbm_r": [[1933083.0, 7.00174188345586]], "507.cactuBSSN_r": [[1345.0, 0.165828371972065]], "baseline": [[2245377.0, 8.159226081150814]]}
{"519.lbm_r": [[2668035.0, 9.037655886633738]], "507.cactuBSSN_r": [[3648888.0, 11.015766926267757]], "baseline": [[2419328.0, 8.001034090039223]]}
