{"519.lbm_r": [[1437.0, 0.1455353099282744]], "507.cactuBSSN_r": [[1460.0, 0.037010625914121235]], "baseline": [[1487.0, 0.1169148674241449]]}
{"519.lbm_r": [[2779713.0, 9.002894971665778]], "507.cactuBSSN_r": [[1428.0, 0.1053957858916825]], "baseline": [[1700108.0, 7.472817194742671]]}
{"519.lbm_r": [[2604628.0, 9.209124432768629]], "507.cactuBSSN_r": [[899718.0, 4.286492781480951]], "baseline": [[1345.0, 0.18987550096003475]]}
{"519.lbm_r": [[1917620.0, 7.001653002838261]], "507.cactuBSSN_r": [[1473.0, 0.14127441543419794]], "baseline": [[1462.0, 0.1423751428291579]]}
{"519.lbm_r": [[1400.0, 0.16622352955509817]], "507.cactuBSSN_r": [[1603.0, 0.007002335764441538]], "baseline": [[1744915.0, 7.040961951284682]]}
{"519.lbm_r": [[2631737.0, 9.564031518981984]], "507.cactuBSSN_r": [[1423.0, 0.20400235812348383]], "baseline": [[1606.0, 0.008359426782479952]]}
{"519.lbm_r": [[1515.0, 0.08098102038010603]], "507.cactuBSSN_r": [[1793728.0, 7.652068275490176]], "baseline": [[1457.0, 0.12052208003086143]]}
{"519.lbm_r": [[2338547.0, 8.001215335197916]], "507.cactuBSSN_r": [[1407.0, 0.08386552578044451]], "baseline": [[2755663.0, 9.011884284941143]]}
{"519.lbm_r": [[1360.0, 0.22864084120642586]], "507.cactuBSSN_r": [[1331.0, 0.3093148096265351]], "baseline": [[1483.0, 0.10297220100970016]]}
{"519.lbm_r": [[1773906.0, 7.64343962878394]], "507.cactuBSSN_r": [[1616097.0, 6.002129976287904]], "baseline": [[1442.0, 0.3980435838903573]]}
{"519.lbm_r": [[1515.0, 0.11495701107110674]], "507.cactuBSSN_r": [[1596.0, 0.020662869120319713]], "baseline": [[1586074.0, 6.001431359927065]]}
{"519.lbm_r": [[1518.0, 0.021127345729097153]], "507.cactuBSSN_r": [[1518.0, 0.18408569915914297]], "baseline": [[2620874.0, 9.201101728523943]]}
{"519.lbm_r": [[2865016.0, 9.000391487231967]], "507.cactuBSSN_r": [[2084733.0000000002, 7.000496217603579]], "baseline": [[1887318.0, 7.002858187165777]]}
{"519.lbm_r": [[1410.0, 0.17958981853294448]], "507.cactuBSSN_r": [[1471.0, 0.1679727077483548]], "baseline": [[1384.0, 0.1639797663654924]]}
{"519.lbm_r": [[1414.0, 0.3109268277788445]], "507.cactuBSSN_r": [[1399.0, 0.11848341462202117]], "baseline": [[2134232.0, 7.000437396582285]]}
{"519.lbm_r": [[585430.0, 3.9184201793560107]], "507.cactuBSSN_r": [[1449.0, 0.16943257252222527]], "baseline": [[2096659.9999999998, 8.028153121989789]]}
{"519.lbm_r": [[2931720.0, 9.000597681204612]], "507.cactuBSSN_r": [[2442787.0, 8.000870053042348]], "baseline": [[677345.0, 3.0036755536758792]]}
{"519.lbm_r": [[2312716.0, 8.006241761627434]], "507.cactuBSSN_r": [[1484.0, 0.14190948376673435]], "baseline": [[1375.0, 0.27557470959128744]]}
{"519.lbm_r": [[2155923.0, 7.000582974991244]], "507.cactuBSSN_r": [[1484.0, 0.16467383252266832]], "baseline": [[3360973.0, 10.000408799089545]]}
{"519.lbm_r": [[1449.0, 0.32000802520387883]], "507.cactuBSSN_r": [[1385.0, 0.15793741195829664]], "baseline": [[1595.0, 0.028350932613366787]]}
