{"519.lbm_r": [[1567.0, 0.04221288240082667]], "507.cactuBSSN_r": [[1474.0, 0.15361701683632512]], "baseline": [[1375.0, 0.1508246486301027]]}
{"519.lbm_r": [[1499.0, 0.1078855876710698]], "507.cactuBSSN_r": [[1443.0, 0.12589516768452408]], "baseline": [[1497.0, 0.0682197105812737]]}
{"519.lbm_r": [[1523.0, 0.10218630316950147]], "507.cactuBSSN_r": [[1392.0, 0.10922141878984765]], "baseline": [[1488.0, 0.08128960143751493]]}
{"519.lbm_r": [[405628.0, 2.003505132039066]], "507.cactuBSSN_r": [[1948784.0, 7.001728339076627]], "baseline": [[806371.0, 3.001449996475142]]}
{"519.lbm_r": [[1553.0, 0.022348120382200003]], "507.cactuBSSN_r": [[1766140.0, 7.712605433935463]], "baseline": [[2119361.0, 7.000542415978416]]}
{"519.lbm_r": [[1610.0, 0.0036158004776377455]], "507.cactuBSSN_r": [[1452.0, 0.12650023859471177]], "baseline": [[3022093.0, 10.760597547091152]]}
{"519.lbm_r": [[1688723.0, 7.12409371480431]], "507.cactuBSSN_r": [[1394.0, 0.13175090728584302]], "baseline": [[1449.0, 0.16125849887687796]]}
{"519.lbm_r": [[1381.0, 0.4636447666124105]], "507.cactuBSSN_r": [[1804097.0, 7.405255582411111]], "baseline": [[1501.0, 0.07771402727147528]]}
{"519.lbm_r": [[2222635.0, 7.0001712493396555]], "507.cactuBSSN_r": [[1488.0, 0.04998020966672645]], "baseline": [[1528.0, 0.04987430434381191]]}
{"519.lbm_r": [[1446.0, 0.13519935678344044]], "507.cactuBSSN_r": [[4836644.0, 14.013347947979836]], "baseline": [[477101.0, 2.0017949138903903]]}
{"519.lbm_r": [[1836584.0, 7.13750486689228]], "507.cactuBSSN_r": [[2973179.0, 9.000520508636798]], "baseline": [[1415.0, 0.4237151238147574]]}
{"519.lbm_r": [[2287881.0, 8.19228258219378]], "507.cactuBSSN_r": [[2976596.0, 9.000587699229788]], "baseline": [[1452.0, 0.1395211272676247]]}
{"519.lbm_r": [[1433.0, 0.1362682830851962]], "507.cactuBSSN_r": [[1825015.0, 7.087856119041784]], "baseline": [[1546.0, 0.059213149348178645]]}
{"519.lbm_r": [[1535.0, 0.045773679984695316]], "507.cactuBSSN_r": [[1741736.0, 7.920485463220068]], "baseline": [[358782.0, 2.0097620591130405]]}
{"519.lbm_r": [[1384.0, 0.1638848272755102]], "507.cactuBSSN_r": [[1402.0, 0.1494178805951103]], "baseline": [[1392.0, 0.2479243975130705]]}
{"519.lbm_r": [[2143800.0, 7.000641691725984]], "507.cactuBSSN_r": [[1451.0, 0.2299195452385906]], "baseline": [[1835974.0, 7.024411719121263]]}
{"519.lbm_r": [[1908328.0, 7.002086786918687]], "507.cactuBSSN_r": [[1487.0, 0.08127139866531115]], "baseline": [[1522.0, 0.024211692644219754]]}
{"519.lbm_r": [[1414.0, 0.17734572041106417]], "507.cactuBSSN_r": [[2264905.0, 8.701437775782633]], "baseline": [[2355882.0, 8.009670192447798]]}
{"519.lbm_r": [[1994618.0, 7.001352878980509]], "507.cactuBSSN_r": [[4371731.0, 13.31981893104951]], "baseline": [[1491.0, 0.11646824120598451]]}
{"519.lbm_r": [[297895.0, 2.233951073888077]], "507.cactuBSSN_r": [[1916748.0, 7.001673396012428]], "baseline": [[3847232.0, 11.000437122184927]]}
