{"519.lbm_r": [[674589.0, 3.0038682455392385]], "507.cactuBSSN_r": [[1408.0, 0.10590456884161481]], "baseline": [[1512.0, 0.033489338468611005]]}
{"519.lbm_r": [[2098963.0, 7.000694254822601]], "507.cactuBSSN_r": [[1870464.0, 7.011729889299457]], "baseline": [[1506.0, 0.19903758471920796]]}
{"519.lbm_r": [[1453.0, 0.09747727266189465]], "507.cactuBSSN_r": [[1332.0, 0.2722580425396107]], "baseline": [[1460.0, 0.11091818928110579]]}
{"519.lbm_r": [[1504.0, 0.046357900043680844]], "507.cactuBSSN_r": [[1221274.0, 5.011509423142318]], "baseline": [[1734488.0, 6.000610935840023]]}
{"519.lbm_r": [[1472.0, 0.060829239651988165]], "507.cactuBSSN_r": [[1375.0, 0.2287181638564577]], "baseline": [[1427.0, 0.12502317863386903]]}
{"519.lbm_r": [[1473.0, 0.0923323217283434]], "507.cactuBSSN_r": [[269551.0, 2.7290730656826807]], "baseline": [[129002.99999999999, 1.0021190157317563]]}
{"519.lbm_r": [[2221729.0, 8.977865467475581]], "507.cactuBSSN_r": [[1706086.0, 7.8662811485068564]], "baseline": [[1783473.0, 7.317237974504306]]}
{"519.lbm_r": [[1456.0, 0.11464145643233002]], "507.cactuBSSN_r": [[1465.0, 0.16208970785872942]], "baseline": [[1369.0, 0.15182050851111964]]}
{"519.lbm_r": [[2410598.0, 8.000982301316112]], "507.cactuBSSN_r": [[789906.0, 3.0013823523152654]], "baseline": [[1447.0, 0.106218343109348]]}
{"519.lbm_r": [[1404.0, 0.19056957817215606]], "507.cactuBSSN_r": [[1456.0, 0.18316356967416111]], "baseline": [[1385.0, 0.35844915048628506]]}
{"519.lbm_r": [[1439.0, 0.08788451996185925]], "507.cactuBSSN_r": [[239861.0, 2.4655826008511403]], "baseline": [[1552.0, 0.04402113981097064]]}
{"519.lbm_r": [[66388.0, 1.0060241962927603]], "507.cactuBSSN_r": [[1477.0, 0.12270463296959638]], "baseline": [[1410.0, 0.12772460204009384]]}
{"519.lbm_r": [[1409.0, 0.1900619267490435]], "507.cactuBSSN_r": [[2852846.0, 9.000803972916772]], "baseline": [[1446.0, 0.12036620597553642]]}
{"519.lbm_r": [[3049964.0, 10.030554121674943]], "507.cactuBSSN_r": [[2530733.0, 8.000675649460758]], "baseline": [[1611728.0, 6.001950031560209]]}
{"519.lbm_r": [[2524505.0, 8.00071879521988]], "507.cactuBSSN_r": [[1459.0, 0.16276767087371663]], "baseline": [[1563.0, 0.03286856074096564]]}
{"519.lbm_r": [[1437.0, 0.12585190588432627]], "507.cactuBSSN_r": [[1458.0, 0.1765865373732327]], "baseline": [[1378.0, 0.12435740180549383]]}
{"519.lbm_r": [[1925485.0, 7.002145220458192]], "507.cactuBSSN_r": [[2057719.9999999998, 7.0007265383283]], "baseline": [[2428716.0, 8.000651212795326]]}
{"519.lbm_r": [[1432.0, 0.18706957236691596]], "507.cactuBSSN_r": [[1895896.0, 7.011118060579747]], "baseline": [[1364.0, 0.12522829000851593]]}
{"519.lbm_r": [[227762.0, 2.4873357877008293]], "507.cactuBSSN_r": [[1768378.0, 6.000516017864489]], "baseline": [[2257718.0, 8.589090251517876]]}
{"519.lbm_r": [[1565.0, 0.019296237397226145]], "507.cactuBSSN_r": [[1804423.0, 7.75931519523748]], "baseline": [[1375.0, 0.2211236511509289]]}
