{"519.lbm_r": [[1425.0, 0.18622215365545391]], "507.cactuBSSN_r": [[1393.0, 0.20680893281156526]], "baseline": [[1974537.0, 7.001626122458688]]}
{"519.lbm_r": [[1379.0, 0.11954630989112135]], "507.cactuBSSN_r": [[1387.0, 0.17431650934705917]], "baseline": [[1432.0, 0.11218119763027812]]}
{"519.lbm_r": [[1395.0, 0.1397818632411231]], "507.cactuBSSN_r": [[1434.0, 0.032035111528271744]], "baseline": [[1912932.0, 7.001565641331069]]}
{"519.lbm_r": [[683607.0, 3.0069893892510806]], "507.cactuBSSN_r": [[1388.0, 0.27605566077951654]], "baseline": [[3165313.0, 10.172230271145803]]}
{"519.lbm_r": [[1373.0, 0.14077324951739198]], "507.cactuBSSN_r": [[1500.0, 0.09531436048402463]], "baseline": [[1369.0, 0.15047238660361117]]}
{"519.lbm_r": [[1508.0, 0.043594946548295016]], "507.cactuBSSN_r": [[517618.00000000006, 2.0011647460919932]], "baseline": [[1466.0, 0.11650582835989388]]}
{"519.lbm_r": [[1457.0, 0.08860012816329078]], "507.cactuBSSN_r": [[1476.0, 0.09233106590474183]], "baseline": [[1378.0, 0.182370442826682]]}
{"519.lbm_r": [[1414.0, 0.1354046816809917]], "507.cactuBSSN_r": [[2221485.0, 7.0004197404684145]], "baseline": [[1373.0, 0.17304243715799583]]}
{"519.lbm_r": [[1380.0, 0.18136267672896333]], "507.cactuBSSN_r": [[1510.0, 0.024316926782729075]], "baseline": [[1913250.0, 7.002216840826163]]}
{"519.lbm_r": [[1394.0, 0.37124296438846127]], "507.cactuBSSN_r": [[1862685.0, 7.008923460677067]], "baseline": [[2125.0, 1.84573703527079]]}
{"519.lbm_r": [[1724342.0, 6.000190336872575]], "507.cactuBSSN_r": [[1647.0, 0.002238295525814192]], "baseline": [[1366.0, 0.19208892820907145]]}
{"519.lbm_r": [[1961650.0, 7.001717707666915]], "507.cactuBSSN_r": [[2132795.0, 7.000540367364155]], "baseline": [[2587111.0, 8.000510419175175]]}
{"519.lbm_r": [[1411.0, 0.0922895062340412]], "507.cactuBSSN_r": [[1378.0, 0.13660919797975166]], "baseline": [[1852583.0, 7.024013510584082]]}
{"519.lbm_r": [[1435.0, 0.18864180434628358]], "507.cactuBSSN_r": [[1920505.0, 7.002526616602742]], "baseline": [[2811181.0, 9.000875778480394]]}
{"519.lbm_r": [[2425296.0, 8.000868603066904]], "507.cactuBSSN_r": [[1415.0, 0.20369841387955992]], "baseline": [[1431.0, 0.13263083495714995]]}
{"519.lbm_r": [[1504.0, 0.02933970747992475]], "507.cactuBSSN_r": [[663966.0, 3.003586786423744]], "baseline": [[1562.0, 0.04876421821987763]]}
{"519.lbm_r": [[2548461.0, 8.000462847292019]], "507.cactuBSSN_r": [[1521.0, 0.02337664099697903]], "baseline": [[1360.0, 0.1440675175917236]]}
{"519.lbm_r": [[316172.0, 2.0299950454984588]], "507.cactuBSSN_r": [[1451.0, 0.14101674143205384]], "baseline": [[1729624.0, 6.000378245961633]]}
{"519.lbm_r": [[3837028.0, 11.000448573885711]], "507.cactuBSSN_r": [[2136568.0, 7.0006955023963275]], "baseline": [[1422.0, 0.04443797943356579]]}
{"519.lbm_r": [[1377.0, 0.2719504463141511]], "507.cactuBSSN_r": [[1399.0, 0.21571023923808308]], "baseline": [[1465.0, 0.1578692915572969]]}
