{"519.lbm_r": [[1317.0, 0.14416641778323885]], "507.cactuBSSN_r": [[1444.0, 0.0849695040444841]], "baseline": [[1756017.0, 7.2824843243300865]]}
{"519.lbm_r": [[1488.0, 0.03912914210182227]], "507.cactuBSSN_r": [[2365360.0, 8.001033625030571]], "baseline": [[1370.0, 0.15206369146630028]]}
{"519.lbm_r": [[1465.0, 0.07944326892684093]], "507.cactuBSSN_r": [[1456.0, 0.09769682778427369]], "baseline": [[204369.0, 1.0011990679970262]]}
{"519.lbm_r": [[1440.0, 0.12354799633702915]], "507.cactuBSSN_r": [[1480.0, 0.09815316706333281]], "baseline": [[2889265.0, 9.000690755675846]]}
{"519.lbm_r": [[1412.0, 0.12298978218527261]], "507.cactuBSSN_r": [[1380.0, 0.1256594288946966]], "baseline": [[2528519.0, 8.000520692539139]]}
{"519.lbm_r": [[1375.0, 0.12974292016333144]], "507.cactuBSSN_r": [[1445.0, 0.1561922059408181]], "baseline": [[1545.0, 0.039936501437725876]]}
{"519.lbm_r": [[1862653.0, 7.002944740852872]], "507.cactuBSSN_r": [[1971450.0, 7.0013816708487875]], "baseline": [[1425.0, 0.08306504754904845]]}
{"519.lbm_r": [[1435.0, 0.06055911172466309]], "507.cactuBSSN_r": [[1499.0, 0.11901274448970085]], "baseline": [[1499.0, 0.04985916362114076]]}
{"519.lbm_r": [[1495.0, 0.10105982155523827]], "507.cactuBSSN_r": [[1473.0, 0.055166440291373506]], "baseline": [[713270.0, 3.0053510444962654]]}
{"519.lbm_r": [[1452.0, 0.0713083728651178]], "507.cactuBSSN_r": [[1343.0, 0.14734575537723923]], "baseline": [[1515.0, 0.05786545426723826]]}
{"519.lbm_r": [[1829114.0, 7.008445693278779]], "507.cactuBSSN_r": [[338555.0, 2.01599964796061]], "baseline": [[787475.0, 3.0012751900129797]]}
{"519.lbm_r": [[1935651.0, 7.001862848436356]], "507.cactuBSSN_r": [[391459.0, 2.0041956953624505]], "baseline": [[1337.0, 0.11918249890192859]]}
{"519.lbm_r": [[1432.0, 0.22285768221700583]], "507.cactuBSSN_r": [[2006435.0, 7.0011832145576784]], "baseline": [[1369.0, 0.22585394631684838]]}
{"519.lbm_r": [[1418.0, 0.14729508211233622]], "507.cactuBSSN_r": [[1364.0, 0.11570057813460725]], "baseline": [[1743999.0, 7.291131663369669]]}
{"519.lbm_r": [[1701498.0, 6.000661967301915]], "507.cactuBSSN_r": [[1966143.0, 7.001552707070633]], "baseline": [[2079255.0, 8.9998086594974]]}
{"519.lbm_r": [[1913501.0, 7.002375866817611]], "507.cactuBSSN_r": [[2008320.0, 7.001346941314436]], "baseline": [[2350850.0, 8.00122840315859]]}
{"519.lbm_r": [[1496.0, 0.10329445762920128]], "507.cactuBSSN_r": [[2631691.0, 9.11511425928024]], "baseline": [[2086039.0000000002, 7.000489052534692]]}
{"519.lbm_r": [[3232028.0, 10.010744883700612]], "507.cactuBSSN_r": [[2343853.0, 8.001259034572625]], "baseline": [[3786646.0, 11.00027656441639]]}
{"519.lbm_r": [[1530.0, 0.12245941928321573]], "507.cactuBSSN_r": [[1486.0, 0.30789113483942326]], "baseline": [[145397.0, 1.0022527788248288]]}
{"519.lbm_r": [[1691814.0, 7.197286155253301]], "507.cactuBSSN_r": [[1457.0, 0.1325947310798051]], "baseline": [[2279835.0, 8.025328298180527]]}
