{"519.lbm_r": [[1561.0, 0.1014227795835311]], "507.cactuBSSN_r": [[2634261.0, 8.000155351260638]], "baseline": [[1585.0, 0.054904612561393555]]}
{"519.lbm_r": [[1528.0, 0.1058887698196246]], "507.cactuBSSN_r": [[1497.0, 0.1228538984445225]], "baseline": [[1544.0, 0.17604772421308432]]}
{"519.lbm_r": [[1988037.0, 7.000862415899702]], "507.cactuBSSN_r": [[1597.0, 0.21881212265706151]], "baseline": [[2449935.0, 8.000525604796007]]}
{"519.lbm_r": [[1467.0, 0.20931362698121253]], "507.cactuBSSN_r": [[4449873.0, 13.909276086185402]], "baseline": [[301429.0, 2.1701583526565753]]}
{"519.lbm_r": [[1936689.0, 7.008292695962813]], "507.cactuBSSN_r": [[1600.0, 0.17852140347334583]], "baseline": [[1552.0, 0.045554314419622925]]}
{"519.lbm_r": [[1630604.0, 6.001177155564575]], "507.cactuBSSN_r": [[2097209.0, 7.000077444369155]], "baseline": [[1662.0, 0.036830016288725745]]}
{"519.lbm_r": [[2903899.0, 9.000431796180193]], "507.cactuBSSN_r": [[1982023.0, 7.0008987294134855]], "baseline": [[2376.0, 1.55478790362334]]}
{"519.lbm_r": [[2539621.0, 8.000445152558884]], "507.cactuBSSN_r": [[1490.0, 0.33648873543515373]], "baseline": [[1574.0, 0.119982210663789]]}
{"519.lbm_r": [[2643769.0, 9.928311922031915]], "507.cactuBSSN_r": [[2055170.9999999998, 7.0007176955378885]], "baseline": [[2827919.0, 9.008044694790712]]}
{"519.lbm_r": [[1701761.0, 6.00042575982416]], "507.cactuBSSN_r": [[1437.0, 0.2536953909984395]], "baseline": [[2443893.0, 8.00048787278682]]}
{"519.lbm_r": [[5190770.0, 14.000052975485342]], "507.cactuBSSN_r": [[1629.0, 0.03202914453591946]], "baseline": [[4922028.0, 19.00926762057794]]}
{"519.lbm_r": [[3196407.0, 10.003447766276146]], "507.cactuBSSN_r": [[2667413.0, 9.556695361000829]], "baseline": [[1475.0, 0.1634457076267666]]}
{"519.lbm_r": [[2804364.0, 9.00611092894199]], "507.cactuBSSN_r": [[1516.0, 0.17346827210384738]], "baseline": [[3138585.0, 10.091999605164059]]}
{"519.lbm_r": [[1571.0, 0.09855025750218963]], "507.cactuBSSN_r": [[1597.0, 0.10273015719649406]], "baseline": [[1559.0, 0.14626035534120152]]}
{"519.lbm_r": [[227620.0, 1.0001447542772648]], "507.cactuBSSN_r": [[1596.0, 0.04047910723920465]], "baseline": [[2493776.0, 8.00045300020774]]}
{"519.lbm_r": [[1582.0, 0.11504561082064448]], "507.cactuBSSN_r": [[2377831.0, 8.0009848735044]], "baseline": [[1644.0, 0.17885556509409628]]}
{"519.lbm_r": [[2614714.0, 9.166432540826435]], "507.cactuBSSN_r": [[2159278.0, 7.000276206442215]], "baseline": [[2561371.0, 9.867529541222295]]}
{"519.lbm_r": [[510467.0, 3.413433463657198]], "507.cactuBSSN_r": [[1546.0, 0.1010697316325849]], "baseline": [[1547.0, 0.04853740152465471]]}
{"519.lbm_r": [[2271403.0, 8.01300021956142]], "507.cactuBSSN_r": [[2083896.0000000002, 7.000527956354108]], "baseline": [[2118765.0, 7.000364895496774]]}
{"519.lbm_r": [[371341.0, 2.0057296832935005]], "507.cactuBSSN_r": [[1580.0, 0.11932682720112398]], "baseline": [[1702088.0, 7.988544593853673]]}
