{"519.lbm_r": [[1389.0, 0.2380259999042687]], "507.cactuBSSN_r": [[1455.0, 0.11942871189594542]], "baseline": [[1992535.0, 7.00134569148892]]}
{"519.lbm_r": [[1822713.0, 7.0487447685727975]], "507.cactuBSSN_r": [[2124879.0, 7.000588670610455]], "baseline": [[1470.0, 0.18626104490981787]]}
{"519.lbm_r": [[2108875.0, 7.000599353086674]], "507.cactuBSSN_r": [[1382.0, 0.14461091058956474]], "baseline": [[1420.0, 0.23982433602131084]]}
{"519.lbm_r": [[1458.0, 0.12133528673239641]], "507.cactuBSSN_r": [[1404.0, 0.3443255767788916]], "baseline": [[1465.0, 0.15816172460626357]]}
{"519.lbm_r": [[1388.0, 0.1659196544382829]], "507.cactuBSSN_r": [[1511.0, 0.25236477785619765]], "baseline": [[1504.0, 0.11157125533857304]]}
{"519.lbm_r": [[1451.0, 0.07383464914124427]], "507.cactuBSSN_r": [[1441.0, 0.15497282832650225]], "baseline": [[3025459.0, 9.00043998328979]]}
{"519.lbm_r": [[1445.0, 0.18453508662750348]], "507.cactuBSSN_r": [[1504.0, 0.11664196350559528]], "baseline": [[1424.0, 0.1667069976789297]]}
{"519.lbm_r": [[674312.0, 3.0084920866792584]], "507.cactuBSSN_r": [[1391.0, 0.15516843881085102]], "baseline": [[1393.0, 0.24403258943799455]]}
{"519.lbm_r": [[1391.0, 0.22369559290392738]], "507.cactuBSSN_r": [[1462.0, 0.19778875166785576]], "baseline": [[1495.0, 0.08238403980055667]]}
{"519.lbm_r": [[2232509.0, 7.000065284884943]], "507.cactuBSSN_r": [[1466.0, 0.1416450459529025]], "baseline": [[1483.0, 0.0607204291902702]]}
{"519.lbm_r": [[1541.0, 0.04661175195642388]], "507.cactuBSSN_r": [[2441259.0, 8.000868062052604]], "baseline": [[1936651.0, 7.002240969699088]]}
{"519.lbm_r": [[1489.0, 0.12616322358689452]], "507.cactuBSSN_r": [[1466.0, 0.09811791707445741]], "baseline": [[1543.0, 0.05420916846356467]]}
{"519.lbm_r": [[1427.0, 0.18784805387601455]], "507.cactuBSSN_r": [[681537.0, 3.005844654687037]], "baseline": [[2438656.0, 8.000926324825828]]}
{"519.lbm_r": [[2437528.0, 8.000733511905828]], "507.cactuBSSN_r": [[2128798.0, 7.000128084803211]], "baseline": [[1432.0, 0.18971431756388565]]}
{"519.lbm_r": [[1395.0, 0.13727074471666934]], "507.cactuBSSN_r": [[1461.0, 0.0928628578092938]], "baseline": [[2671843.0, 8.000121880288557]]}
{"519.lbm_r": [[3052133.0, 9.000390908977446]], "507.cactuBSSN_r": [[1472.0, 0.16262128851884056]], "baseline": [[678600.0, 3.0056791078178793]]}
{"519.lbm_r": [[624329.0, 3.026050032259767]], "507.cactuBSSN_r": [[1369.0, 0.08266311554547495]], "baseline": [[1754234.0, 7.353398495369601]]}
{"519.lbm_r": [[1394.0, 0.12089484146554852]], "507.cactuBSSN_r": [[1464.0, 0.07634149784006217]], "baseline": [[1482977.0, 6.009589448354944]]}
{"519.lbm_r": [[1421.0, 0.15857308779254503]], "507.cactuBSSN_r": [[1878713.0, 7.006294658557161]], "baseline": [[1811458.0, 7.767140175530927]]}
{"519.lbm_r": [[1359.0, 0.23289876668581486]], "507.cactuBSSN_r": [[1588.0, 0.02142806432817779]], "baseline": [[1441.0, 0.1764953329060152]]}
