{"519.lbm_r": [[1942699.0, 7.001431989653551]], "507.cactuBSSN_r": [[1571.0, 0.20689939369163557]], "baseline": [[2541583.0, 8.000338444425095]]}
{"519.lbm_r": [[1528.0, 0.1091101617368284]], "507.cactuBSSN_r": [[481537.0, 2.0009336070331094]], "baseline": [[2706138.0, 9.005977020199625]]}
{"519.lbm_r": [[1625.0, 0.09229494655738266]], "507.cactuBSSN_r": [[1481.0, 0.06865891410057999]], "baseline": [[1499.0, 0.22421016980514677]]}
{"519.lbm_r": [[1597.0, 0.08292831674509202]], "507.cactuBSSN_r": [[4282651.0, 12.00021363782821]], "baseline": [[1548.0, 0.157088343074494]]}
{"519.lbm_r": [[674742.0, 3.0025005999681893]], "507.cactuBSSN_r": [[1624.0, 0.06465335310601492]], "baseline": [[1720.0, 0.02138978011882568]]}
{"519.lbm_r": [[1494.0, 0.12310683328390158]], "507.cactuBSSN_r": [[1527.0, 0.08703858962134578]], "baseline": [[1578.0, 0.13385131973130665]]}
{"519.lbm_r": [[565342.0, 3.00598511065569]], "507.cactuBSSN_r": [[1776.0, 0.001977291894424694]], "baseline": [[1532.0, 0.12521450893099562]]}
{"519.lbm_r": [[1473.0, 0.14930246673927566]], "507.cactuBSSN_r": [[1484.0, 0.1991593659874214]], "baseline": [[1601.0, 0.05620896545025492]]}
{"519.lbm_r": [[1708.0, 0.004978812591974823]], "507.cactuBSSN_r": [[1539.0, 0.23749565949346887]], "baseline": [[1658.0, 0.043478129085607525]]}
{"519.lbm_r": [[1593.0, 0.10318504477746485]], "507.cactuBSSN_r": [[1511126.0, 6.004176999056767]], "baseline": [[1611.0, 0.09688236237949319]]}
{"519.lbm_r": [[1519.0, 0.1625115724201476]], "507.cactuBSSN_r": [[1516.0, 0.10294866520718383]], "baseline": [[2193035.0, 8.890056033217812]]}
{"519.lbm_r": [[1565.0, 0.15436351018855857]], "507.cactuBSSN_r": [[3306914.0, 10.000381928263606]], "baseline": [[1559.0, 0.18311189088540286]]}
{"519.lbm_r": [[2314912.0, 8.021121306945025]], "507.cactuBSSN_r": [[338881.0, 2.003843574378535]], "baseline": [[634345.0, 3.0051167140636705]]}
{"519.lbm_r": [[1620.0, 0.07246863063742602]], "507.cactuBSSN_r": [[1582.0, 0.08339403574480435]], "baseline": [[1926483.0, 7.00113099179676]]}
{"519.lbm_r": [[1485.0, 0.2650363582080857]], "507.cactuBSSN_r": [[2074502.0, 7.0004353260110275]], "baseline": [[1636.0, 0.048981475631715246]]}
{"519.lbm_r": [[2452778.0, 8.00045840214321]], "507.cactuBSSN_r": [[1566.0, 0.09096192115578965]], "baseline": [[1649.0, 0.03943126075004631]]}
{"519.lbm_r": [[576759.0, 3.6034412445036015]], "507.cactuBSSN_r": [[1607.0, 0.05372101548337105]], "baseline": [[1595.0, 0.15546452613203326]]}
{"519.lbm_r": [[2590586.0, 8.000241590334468]], "507.cactuBSSN_r": [[1646.0, 0.032978482289549804]], "baseline": [[2339911.0, 8.00203092459647]]}
{"519.lbm_r": [[2925133.0, 9.000170693141346]], "507.cactuBSSN_r": [[1621.0, 0.09231077168507003]], "baseline": [[1571.0, 0.13336334849567566]]}
{"519.lbm_r": [[2341207.0, 8.02929701077525]], "507.cactuBSSN_r": [[1588.0, 0.019438863238972433]], "baseline": [[1579.0, 0.053442070207975985]]}
