{"519.lbm_r": [[483645.0, 2.0019765727761643]], "507.cactuBSSN_r": [[1483.0, 0.08810017709185225]], "baseline": [[1733960.0, 6.0004806863785705]]}
{"519.lbm_r": [[1497.0, 0.24221983865272412]], "507.cactuBSSN_r": [[1497.0, 0.2566165966163372]], "baseline": [[2120185.0, 7.0007477173420325]]}
{"519.lbm_r": [[1509.0, 0.02741696027587061]], "507.cactuBSSN_r": [[64290.00000000001, 1.0065890947286804]], "baseline": [[1415.0, 0.1476199911763952]]}
{"519.lbm_r": [[1942725.0, 7.002103930214694]], "507.cactuBSSN_r": [[1503.0, 0.0801401647834477]], "baseline": [[1401.0, 0.12269478173717452]]}
{"519.lbm_r": [[1298.0, 0.18698931061016613]], "507.cactuBSSN_r": [[1514.0, 0.17521874110555363]], "baseline": [[1402.0, 0.22697449946682208]]}
{"519.lbm_r": [[3689354.0, 11.013166951795295]], "507.cactuBSSN_r": [[2335126.0, 8.000322733510409]], "baseline": [[1362.0, 0.12865341538199407]]}
{"519.lbm_r": [[2806593.0, 9.015217707600488]], "507.cactuBSSN_r": [[1442.0, 0.09847602761499315]], "baseline": [[291614.0, 2.3493421864995327]]}
{"519.lbm_r": [[2134420.0, 7.000262919598698]], "507.cactuBSSN_r": [[22065.0, 1.0214934798545494]], "baseline": [[2190814.0, 7.000196636124363]]}
{"519.lbm_r": [[2516657.0, 8.00070394647984]], "507.cactuBSSN_r": [[1442.0, 0.1343500255728705]], "baseline": [[1469.0, 0.10496628737947099]]}
{"519.lbm_r": [[1328.0, 0.1859877551714814]], "507.cactuBSSN_r": [[1524.0, 0.13504718395828783]], "baseline": [[2170882.0, 8.420500681138883]]}
{"519.lbm_r": [[1429.0, 0.09227312356252543]], "507.cactuBSSN_r": [[352751.0, 2.0090311860854837]], "baseline": [[1387.0, 0.08424796847652134]]}
{"519.lbm_r": [[2162080.0, 7.00045324113886]], "507.cactuBSSN_r": [[578367.0, 3.8457765362616465]], "baseline": [[1729670.0, 7.078290044391077]]}
{"519.lbm_r": [[1788205.0, 7.017687231778611]], "507.cactuBSSN_r": [[1479.0, 0.14660551989190432]], "baseline": [[1410.0, 0.28777314623462524]]}
{"519.lbm_r": [[1494.0, 0.03597078500392777]], "507.cactuBSSN_r": [[2627530.0, 9.001138478155823]], "baseline": [[1407.0, 0.14419193742786157]]}
{"519.lbm_r": [[1842385.0, 7.018572631858737]], "507.cactuBSSN_r": [[1514.0, 0.1611001408038299]], "baseline": [[1593.0, 0.007095242371565583]]}
{"519.lbm_r": [[222016.0, 1.0008197382611792]], "507.cactuBSSN_r": [[1529.0, 0.11180197846462309]], "baseline": [[716078.0, 3.004962436176043]]}
{"519.lbm_r": [[3909947.0, 12.826952234499746]], "507.cactuBSSN_r": [[360413.0, 2.008614693661147]], "baseline": [[2537340.0, 8.00065797530909]]}
{"519.lbm_r": [[1408.0, 0.11886828213669638]], "507.cactuBSSN_r": [[1503.0, 0.03996240330122908]], "baseline": [[2167837.0, 7.0003355673392464]]}
{"519.lbm_r": [[2081585.9999999998, 7.00111010399662]], "507.cactuBSSN_r": [[1448.0, 0.40238030827330556]], "baseline": [[1473.0, 0.08518487128057876]]}
{"519.lbm_r": [[484897.0, 2.0018444880316433]], "507.cactuBSSN_r": [[1487.0, 0.240777302444671]], "baseline": [[1312.0, 0.15332636236692335]]}
{"519.lbm_r": [[1755861.0, 7.212780796028181]], "507.cactuBSSN_r": [[2090993.0, 8.004009951317103]], "baseline": [[711079.0, 3.004696628229988]]}
{"519.lbm_r": [[1432.0, 0.09364410165538957]], "507.cactuBSSN_r": [[1511.0, 0.09392192249044197]], "baseline": [[1497.0, 0.04258325442523717]]}
{"519.lbm_r": [[203205.0, 1.0013441272076806]], "507.cactuBSSN_r": [[1526.0, 0.11364416189016167]], "baseline": [[1473.0, 0.18423179741556325]]}
{"519.lbm_r": [[641953.0, 3.0014819251292266]], "507.cactuBSSN_r": [[1571.0, 0.020986979917747096]], "baseline": [[1361.0, 0.1685491281163483]]}
{"519.lbm_r": [[1306.0, 0.3256469257675557]], "507.cactuBSSN_r": [[1496.0, 0.13477523674263323]], "baseline": [[3550358.0, 11.005683987477697]]}
