{"519.lbm_r": [[1592.0, 0.09372351565749927]], "507.cactuBSSN_r": [[1643898.0, 6.000827323975083]], "baseline": [[1503.0, 0.08668964822679488]]}
{"519.lbm_r": [[2727828.0, 12.000263465114683]], "507.cactuBSSN_r": [[1600772.0, 6.001522642437701]], "baseline": [[1589.0, 0.04837876007889118]]}
{"519.lbm_r": [[1574.0, 0.032544125905999026]], "507.cactuBSSN_r": [[2428233.0, 8.000487395805049]], "baseline": [[1842897.0, 7.049526840625934]]}
{"519.lbm_r": [[1994442.0, 7.001090385115775]], "507.cactuBSSN_r": [[1540.0, 0.05840756871926256]], "baseline": [[673082.0, 3.0073980194295404]]}
{"519.lbm_r": [[1614.0, 0.09820538300325768]], "507.cactuBSSN_r": [[1554.0, 0.06998878825437595]], "baseline": [[1671.0, 0.02904154021553234]]}
{"519.lbm_r": [[1651.0, 0.07139270305628113]], "507.cactuBSSN_r": [[1568.0, 0.21679361202951677]], "baseline": [[2184855.0, 8.0612414959357]]}
{"519.lbm_r": [[1593.0, 0.05704759838965968]], "507.cactuBSSN_r": [[1368782.0, 6.411611512236004]], "baseline": [[1483.0, 0.30902042000006563]]}
{"519.lbm_r": [[1623.0, 0.020296269539641473]], "507.cactuBSSN_r": [[1591.0, 0.11733635960309556]], "baseline": [[553703.0, 3.96562950106563]]}
{"519.lbm_r": [[3173450.0, 10.666896462899889]], "507.cactuBSSN_r": [[1994279.0, 7.00052639824884]], "baseline": [[1598.0, 0.061695546868434925]]}
{"519.lbm_r": [[2307717.0, 8.017333829131605]], "507.cactuBSSN_r": [[3084621.0, 10.496942810452975]], "baseline": [[1516.0, 0.21852664980151815]]}
{"519.lbm_r": [[1704.0, 0.030610066280174483]], "507.cactuBSSN_r": [[306452.0, 2.0071834825481982]], "baseline": [[1499.0, 0.15719954191047883]]}
{"519.lbm_r": [[550835.0, 2.000029010936315]], "507.cactuBSSN_r": [[1719704.0, 6.000262914323754]], "baseline": [[1738939.0, 7.803957839739877]]}
{"519.lbm_r": [[1650.0, 0.06773227371594916]], "507.cactuBSSN_r": [[1630.0, 0.022773557123580302]], "baseline": [[1531.0, 0.12340077827635541]]}
{"519.lbm_r": [[1536.0, 0.15963887172321123]], "507.cactuBSSN_r": [[1711.0, 0.013173264996219106]], "baseline": [[3470755.0, 10.000003707574573]]}
{"519.lbm_r": [[1832257.0, 7.348327190915059]], "507.cactuBSSN_r": [[1664.0, 0.049427938179836324]], "baseline": [[2647948.0, 8.000036109183075]]}
{"519.lbm_r": [[1629.0, 0.04943622754982396]], "507.cactuBSSN_r": [[1590.0, 0.016611895080539604]], "baseline": [[2016056.0, 7.000774457865481]]}
{"519.lbm_r": [[1527.0, 0.03565479809679886]], "507.cactuBSSN_r": [[1628.0, 0.08340428341262751]], "baseline": [[1812475.0, 7.224363874351442]]}
{"519.lbm_r": [[1621.0, 0.017749781709282337]], "507.cactuBSSN_r": [[1645.0, 0.0731292863450566]], "baseline": [[1342637.0, 5.000303801213095]]}
{"519.lbm_r": [[1539.0, 0.11056533986451475]], "507.cactuBSSN_r": [[1704.0, 0.026880871637863527]], "baseline": [[1748410.0, 6.000084576662544]]}
{"519.lbm_r": [[1544350.0, 6.002920689521394]], "507.cactuBSSN_r": [[1609.0, 0.1002951252897434]], "baseline": [[708625.0, 3.003044680617762]]}
