{"519.lbm_r": [[1498.0, 0.05579411753874237]], "507.cactuBSSN_r": [[1516.0, 0.12537267373404762]], "baseline": [[1426.0, 0.10288030275889624]]}
{"519.lbm_r": [[2097604.0, 7.001012482227443]], "507.cactuBSSN_r": [[1515.0, 0.025431864484566906]], "baseline": [[1404.0, 0.06020860094535995]]}
{"519.lbm_r": [[2298407.0, 8.019697610751079]], "507.cactuBSSN_r": [[1424.0, 0.09712087050027775]], "baseline": [[2322154.0, 8.001345400342421]]}
{"519.lbm_r": [[1382.0, 0.14167337061270355]], "507.cactuBSSN_r": [[2050190.9999999998, 7.0006903592543654]], "baseline": [[1409.0, 0.14465888427638457]]}
{"519.lbm_r": [[1459.0, 0.1401109054832188]], "507.cactuBSSN_r": [[251032.0, 2.180195502743078]], "baseline": [[4212015.0, 12.000390949519314]]}
{"519.lbm_r": [[1375.0, 0.37269419570667256]], "507.cactuBSSN_r": [[628431.0, 3.00453650757158]], "baseline": [[1846299.0, 7.008939277572739]]}
{"519.lbm_r": [[1438.0, 0.12102850137613083]], "507.cactuBSSN_r": [[1497.0, 0.05922422902439506]], "baseline": [[1406.0, 0.19262221893825693]]}
{"519.lbm_r": [[1423.0, 0.12027848571843221]], "507.cactuBSSN_r": [[1338.0, 0.13493510221654476]], "baseline": [[1363.0, 0.13284847598196567]]}
{"519.lbm_r": [[1520.0, 0.06117648639487916]], "507.cactuBSSN_r": [[663641.0, 3.0034395438872363]], "baseline": [[2219778.0, 8.976134559597103]]}
{"519.lbm_r": [[1497.0, 0.11751030054308974]], "507.cactuBSSN_r": [[1425.0, 0.07252385523119984]], "baseline": [[2574457.0, 8.00043431075594]]}
{"519.lbm_r": [[1436.0, 0.11595031684597104]], "507.cactuBSSN_r": [[1410.0, 0.2039694254855613]], "baseline": [[2374997.0, 8.000957381345602]]}
{"519.lbm_r": [[2027901.0, 7.001304841029463]], "507.cactuBSSN_r": [[1465.0, 0.12263752492980796]], "baseline": [[1433170.0, 6.0113382430668825]]}
{"519.lbm_r": [[1524.0, 0.02035103784438751]], "507.cactuBSSN_r": [[1419.0, 0.2689626362840703]], "baseline": [[1817331.0, 7.012660810152114]]}
{"519.lbm_r": [[1484.0, 0.11547347268921258]], "507.cactuBSSN_r": [[1390.0, 0.13244744713891302]], "baseline": [[2751299.0, 9.008151456877911]]}
{"519.lbm_r": [[1967193.0, 7.001668206375584]], "507.cactuBSSN_r": [[1437.0, 0.1139650519428284]], "baseline": [[1725592.0, 7.064175956918903]]}
{"519.lbm_r": [[4519972.0, 13.02274691778892]], "507.cactuBSSN_r": [[1355.0, 0.16033984043985047]], "baseline": [[1397.0, 0.2341005565164682]]}
{"519.lbm_r": [[1469.0, 0.15566892188093645]], "507.cactuBSSN_r": [[1740710.0, 7.679329907142034]], "baseline": [[1385.0, 0.1533567940277943]]}
{"519.lbm_r": [[1462.0, 0.05143917477949439]], "507.cactuBSSN_r": [[705287.0, 3.002886176188079]], "baseline": [[1837494.0, 7.0271582373823485]]}
{"519.lbm_r": [[1491.0, 0.03250563041606911]], "507.cactuBSSN_r": [[2283319.0, 8.01433515746355]], "baseline": [[1481.0, 0.055266540727006125]]}
{"519.lbm_r": [[1347.0, 0.144642953501174]], "507.cactuBSSN_r": [[1508.0, 0.14564510651938326]], "baseline": [[1379.0, 0.18930554514789938]]}
