{"519.lbm_r": [[1440.0, 0.1366983874023295]], "507.cactuBSSN_r": [[268234.0, 2.603145933805978]], "baseline": [[1470.0, 0.09501744965273834]]}
{"519.lbm_r": [[1771865.0, 7.08171437138282]], "507.cactuBSSN_r": [[2217512.0, 7.000398140554027]], "baseline": [[1404.0, 0.13685936515476488]]}
{"519.lbm_r": [[2346485.0, 8.001143289435765]], "507.cactuBSSN_r": [[1453.0, 0.24496889905743138]], "baseline": [[1433.0, 0.1707705989527161]]}
{"519.lbm_r": [[1441.0, 0.40214442995646066]], "507.cactuBSSN_r": [[1359.0, 0.20460124664183876]], "baseline": [[175916.0, 1.001044448733852]]}
{"519.lbm_r": [[1353.0, 0.20976502241371248]], "507.cactuBSSN_r": [[1468.0, 0.16412711081501447]], "baseline": [[1384.0, 0.2133108972590717]]}
{"519.lbm_r": [[1496.0, 0.07747101056174954]], "507.cactuBSSN_r": [[1437.0, 0.03851834388689466]], "baseline": [[1358.0, 0.17038777222717874]]}
{"519.lbm_r": [[2441018.0, 8.000838779376219]], "507.cactuBSSN_r": [[2107539.0, 7.000575998764975]], "baseline": [[1716.0, 0.004614822873638869]]}
{"519.lbm_r": [[1503.0, 0.06950337513450731]], "507.cactuBSSN_r": [[2282473.0, 8.0164263311322]], "baseline": [[1540.0, 0.03711556640862577]]}
{"519.lbm_r": [[2441051.0, 8.000677058323758]], "507.cactuBSSN_r": [[2035937.0, 7.000696574421939]], "baseline": [[1439.0, 0.3207622979144623]]}
{"519.lbm_r": [[330419.0, 2.027547789954826]], "507.cactuBSSN_r": [[2508863.0, 8.000659147694602]], "baseline": [[1783382.0, 7.922056429732312]]}
{"519.lbm_r": [[2983050.0, 9.000481546782435]], "507.cactuBSSN_r": [[1845687.0, 7.0180602930168305]], "baseline": [[2391283.0, 8.00100507435594]]}
{"519.lbm_r": [[3111106.0, 10.015436617181802]], "507.cactuBSSN_r": [[1418.0, 0.18561083698528785]], "baseline": [[2941410.0, 9.00045488688778]]}
{"519.lbm_r": [[1578.0, 0.020777665472419337]], "507.cactuBSSN_r": [[2168256.0, 7.0004527544016195]], "baseline": [[1469.0, 0.06956750824915614]]}
{"519.lbm_r": [[1389.0, 0.30676126369344275]], "507.cactuBSSN_r": [[1463.0, 0.07646285474745931]], "baseline": [[2922167.0, 9.000548939864577]]}
{"519.lbm_r": [[687902.0, 3.007396844816916]], "507.cactuBSSN_r": [[2122061.0, 7.000668528024243]], "baseline": [[1402.0, 0.20739640140491059]]}
{"519.lbm_r": [[544239.0, 3.9216850853255187]], "507.cactuBSSN_r": [[1481.0, 0.17227479617634772]], "baseline": [[1556.0, 0.04365697326064204]]}
{"519.lbm_r": [[854350.0, 4.619402700258663]], "507.cactuBSSN_r": [[1475421.0, 6.013644332720641]], "baseline": [[1565.0, 0.019533077631304616]]}
{"519.lbm_r": [[1467.0, 0.08272428944072822]], "507.cactuBSSN_r": [[3482212.0, 11.01147996032097]], "baseline": [[1360.0, 0.12154499147891518]]}
{"519.lbm_r": [[2502374.0, 8.000471355740935]], "507.cactuBSSN_r": [[1348.0, 0.0887533268205689]], "baseline": [[1490.0, 0.13722581717738147]]}
{"519.lbm_r": [[1444.0, 0.2420536827948954]], "507.cactuBSSN_r": [[1615963.0, 6.001623021342017]], "baseline": [[2495278.0, 8.00052848908595]]}
