{"519.lbm_r": [[1445.0, 0.10048560081447]], "507.cactuBSSN_r": [[1387.0, 0.1751706371347976]], "baseline": [[3368647.0, 10.000554446963266]]}
{"519.lbm_r": [[2067745.0, 7.00086856563121]], "507.cactuBSSN_r": [[3661404.0, 11.002686217911199]], "baseline": [[3308924.0, 10.000610117748643]]}
{"519.lbm_r": [[1345.0, 0.3743641518612428]], "507.cactuBSSN_r": [[1660546.0, 6.001335770791631]], "baseline": [[726567.0, 3.0041001542335386]]}
{"519.lbm_r": [[1309.0, 0.30600528743571187]], "507.cactuBSSN_r": [[1500.0, 0.12550700203905987]], "baseline": [[3716262.0, 11.009669532143596]]}
{"519.lbm_r": [[1433.0, 0.14518997801227082]], "507.cactuBSSN_r": [[1836263.0, 7.021990725514221]], "baseline": [[1484.0, 0.06208565111103696]]}
{"519.lbm_r": [[2393117.0, 8.000723311259593]], "507.cactuBSSN_r": [[2296824.0, 8.009746572307092]], "baseline": [[1371.0, 0.15955049797822288]]}
{"519.lbm_r": [[2476842.0, 8.000667987940796]], "507.cactuBSSN_r": [[1468.0, 0.13812349982239877]], "baseline": [[1340.0, 0.14352506972140494]]}
{"519.lbm_r": [[2442501.0, 8.000986078567742]], "507.cactuBSSN_r": [[1418.0, 0.11253794416932829]], "baseline": [[1383.0, 0.28800487138367153]]}
{"519.lbm_r": [[2280985.0, 8.012587682357674]], "507.cactuBSSN_r": [[1505.0, 0.027870349032535418]], "baseline": [[1390.0, 0.12967872314807488]]}
{"519.lbm_r": [[1886986.0, 7.0024210417737685]], "507.cactuBSSN_r": [[1392.0, 0.21468261299174043]], "baseline": [[292033.0, 2.5117312124073385]]}
{"519.lbm_r": [[1437.0, 0.10316248583448169]], "507.cactuBSSN_r": [[1894546.0, 7.003281956152654]], "baseline": [[317549.0, 2.070048463261362]]}
{"519.lbm_r": [[1425.0, 0.09093517636430457]], "507.cactuBSSN_r": [[1435.0, 0.10709310798443765]], "baseline": [[1391.0, 0.14644545241717194]]}
{"519.lbm_r": [[1438.0, 0.29510110871475614]], "507.cactuBSSN_r": [[1358.0, 0.1396958645342754]], "baseline": [[1432.0, 0.10611819293661613]]}
{"519.lbm_r": [[530128.0, 2.00064242805879]], "507.cactuBSSN_r": [[2071178.0, 7.001115933949487]], "baseline": [[299189.0, 2.182978367174282]]}
{"519.lbm_r": [[1397.0, 0.13593014765198144]], "507.cactuBSSN_r": [[1417.0, 0.19907060660228681]], "baseline": [[1336.0, 0.3050584230971236]]}
{"519.lbm_r": [[2338615.0, 8.010399708002089]], "507.cactuBSSN_r": [[1447.0, 0.13472849719484334]], "baseline": [[2560086.0, 9.018459594842886]]}
{"519.lbm_r": [[1522.0, 0.04327602226226967]], "507.cactuBSSN_r": [[1763845.0, 7.216305713080236]], "baseline": [[1645425.0, 6.001571231683849]]}
{"519.lbm_r": [[1720.0, 0.0013345965723113428]], "507.cactuBSSN_r": [[1900033.0, 7.002456722742909]], "baseline": [[1514.0, 0.023816508969046673]]}
{"519.lbm_r": [[2243197.0, 7.000073471351378]], "507.cactuBSSN_r": [[1944710.0, 7.001005295839565]], "baseline": [[1284.0, 0.38812390307048156]]}
{"519.lbm_r": [[1508.0, 0.030631880778779232]], "507.cactuBSSN_r": [[2933168.0, 9.000669769174825]], "baseline": [[2031163.0, 7.001278581385406]]}
