{"519.lbm_r": [[1390.0, 0.20818135565315835]], "507.cactuBSSN_r": [[1692173.0, 6.001063263690423]], "baseline": [[2879926.0, 9.000754366183216]]}
{"519.lbm_r": [[3217941.0, 10.003675933077455]], "507.cactuBSSN_r": [[1686220.0, 6.000896786740038]], "baseline": [[1498.0, 0.0707124337546579]]}
{"519.lbm_r": [[3451087.0, 10.000452053975621]], "507.cactuBSSN_r": [[1736850.0, 6.000776211915718]], "baseline": [[1502.0, 0.02935495611539699]]}
{"519.lbm_r": [[1407.0, 0.15093814894366767]], "507.cactuBSSN_r": [[1659866.0, 6.001128416380324]], "baseline": [[1438.0, 0.1306977571118557]]}
{"519.lbm_r": [[2977147.0, 9.000572880546942]], "507.cactuBSSN_r": [[1399.0, 0.23367771769565268]], "baseline": [[1809000.0, 7.030320711332427]]}
{"519.lbm_r": [[1781232.0, 7.377616097952329]], "507.cactuBSSN_r": [[1415.0, 0.1473392760301013]], "baseline": [[4175250.0, 12.00050565051721]]}
{"519.lbm_r": [[1493.0, 0.05183201340236758]], "507.cactuBSSN_r": [[1393.0, 0.17477481162781974]], "baseline": [[634586.0, 3.0168149095660337]]}
{"519.lbm_r": [[1336.0, 0.21811268735802272]], "507.cactuBSSN_r": [[1927089.0, 7.017985188837315]], "baseline": [[1357.0, 0.1329705037495376]]}
{"519.lbm_r": [[2384558.0, 8.001160045290236]], "507.cactuBSSN_r": [[1440.0, 0.029700673477096325]], "baseline": [[3287394.0, 10.000309593001976]]}
{"519.lbm_r": [[2128872.0, 7.001038329921362]], "507.cactuBSSN_r": [[1930485.0, 7.001864511696698]], "baseline": [[2247600.0, 8.579275079142302]]}
{"519.lbm_r": [[4478029.0, 13.908701091936598]], "507.cactuBSSN_r": [[3981220.0, 12.023205503624707]], "baseline": [[2566766.0, 8.000514716385053]]}
{"519.lbm_r": [[1441.0, 0.1212203861844036]], "507.cactuBSSN_r": [[4714462.0, 13.00031806589686]], "baseline": [[4925661.0, 14.033718430304027]]}
{"519.lbm_r": [[2827340.0, 9.000894924429916]], "507.cactuBSSN_r": [[2605880.0, 8.000543458712118]], "baseline": [[1885045.0, 7.002371163518214]]}
{"519.lbm_r": [[1394.0, 0.08064770076463214]], "507.cactuBSSN_r": [[2893203.0, 9.000537003291031]], "baseline": [[1355.0, 0.05110752824617266]]}
{"519.lbm_r": [[368737.0, 2.00712335451115]], "507.cactuBSSN_r": [[1746614.0, 6.000564042976427]], "baseline": [[1429.0, 0.10606288446551225]]}
{"519.lbm_r": [[1453.0, 0.12701455667281522]], "507.cactuBSSN_r": [[1370.0, 0.15668440123736185]], "baseline": [[3561803.0, 11.005246444106279]]}
{"519.lbm_r": [[1455.0, 0.03858449471007852]], "507.cactuBSSN_r": [[1293.0, 0.2490051988155134]], "baseline": [[1458.0, 0.1537364176111525]]}
{"519.lbm_r": [[1337.0, 0.14807549724558444]], "507.cactuBSSN_r": [[1439.0, 0.08206910148047654]], "baseline": [[1326.0, 0.16355462586910177]]}
{"519.lbm_r": [[1712000.0, 6.000485933297552]], "507.cactuBSSN_r": [[241158.0, 1.0006934924812245]], "baseline": [[1380.0, 0.20291521777115262]]}
{"519.lbm_r": [[1995426.0, 7.00149309231891]], "507.cactuBSSN_r": [[2587897.0, 8.000602198511745]], "baseline": [[3160731.0, 10.009992195224042]]}
