{"519.lbm_r": [[2178200.0, 7.000542349692352]], "507.cactuBSSN_r": [[1438.0, 0.18919802554702425]], "baseline": [[1367.0, 0.17049232856854782]]}
{"519.lbm_r": [[1419.0, 0.12845412300707854]], "507.cactuBSSN_r": [[1932012.0, 7.001205099214071]], "baseline": [[1451.0, 0.029687030755053124]]}
{"519.lbm_r": [[1464.0, 0.04071026021872879]], "507.cactuBSSN_r": [[1330.0, 0.2060934572599312]], "baseline": [[1742436.0, 7.952615545228228]]}
{"519.lbm_r": [[1084163.0, 4.00159126702433]], "507.cactuBSSN_r": [[1413.0, 0.1511975209689346]], "baseline": [[1477.0, 0.13039617181766322]]}
{"519.lbm_r": [[2064219.0, 7.000749427081416]], "507.cactuBSSN_r": [[1383.0, 0.11897170865085555]], "baseline": [[1398.0, 0.21991451050145727]]}
{"519.lbm_r": [[1374.0, 0.16349043305546593]], "507.cactuBSSN_r": [[1311.0, 0.11259640221544887]], "baseline": [[1456.0, 0.14151360267421506]]}
{"519.lbm_r": [[1871485.0, 7.01645549642835]], "507.cactuBSSN_r": [[2201711.0, 7.000373344259446]], "baseline": [[1682000.0, 6.000784001834797]]}
{"519.lbm_r": [[1392.0, 0.15267818453954657]], "507.cactuBSSN_r": [[4497043.0, 13.01057493851044]], "baseline": [[1457.0, 0.076364612554297]]}
{"519.lbm_r": [[2138424.0, 7.000743199143513]], "507.cactuBSSN_r": [[1476.0, 0.02957023885109224]], "baseline": [[1453.0, 0.051864787559353774]]}
{"519.lbm_r": [[1353.0, 0.1965184765575196]], "507.cactuBSSN_r": [[436740.0, 2.0031992133453094]], "baseline": [[1439.0, 0.12182300240362305]]}
{"519.lbm_r": [[1345.0, 0.1539555622628761]], "507.cactuBSSN_r": [[2249574.0, 8.025297641006487]], "baseline": [[2188645.0, 8.04780607892427]]}
{"519.lbm_r": [[2205965.0, 7.000033118506971]], "507.cactuBSSN_r": [[2099640.0, 7.000609331729174]], "baseline": [[1395.0, 0.36373478487800276]]}
{"519.lbm_r": [[1353.0, 0.19795715069563868]], "507.cactuBSSN_r": [[1917885.0, 7.002164805515272]], "baseline": [[1455.0, 0.08829429800393969]]}
{"519.lbm_r": [[1428.0, 0.07688012161370304]], "507.cactuBSSN_r": [[1366.0, 0.37345025445305424]], "baseline": [[2108932.0, 7.000766850666616]]}
{"519.lbm_r": [[2210101.0, 8.495929775302221]], "507.cactuBSSN_r": [[1400.0, 0.16521651893342115]], "baseline": [[2499954.0, 8.000760417141054]]}
{"519.lbm_r": [[2386241.0, 8.00107963791045]], "507.cactuBSSN_r": [[1385.0, 0.16629641756929994]], "baseline": [[3527586.0, 11.127547036738088]]}
{"519.lbm_r": [[68304.0, 1.0074198673422123]], "507.cactuBSSN_r": [[2012386.0, 7.001448210181683]], "baseline": [[1429.0, 0.14352482881035442]]}
{"519.lbm_r": [[215456.0, 1.0011628549968727]], "507.cactuBSSN_r": [[2185672.0, 7.000499439113344]], "baseline": [[1416.0, 0.2003261995159294]]}
{"519.lbm_r": [[288597.0, 2.1755892535465153]], "507.cactuBSSN_r": [[1368.0, 0.1547889775548963]], "baseline": [[2143231.0, 7.000357074973693]]}
{"519.lbm_r": [[1551.0, 0.042313854163554473]], "507.cactuBSSN_r": [[1461.0, 0.16999268272522813]], "baseline": [[1367.0, 0.166161695975989]]}
