{"519.lbm_r": [[1040.375, 1.0617674299305941], [3478.75, 1.9475948161831782]], "baseline": [[842.25, 1.0774025327595398], [2970.0, 1.2231401098901142]]}
{"519.lbm_r": [[968.75, 1.0653140849489764], [3035.0, 1.3324540293040301]], "baseline": [[941.375, 1.0693418461906952], [8619.0, 2.31006830414158]]}
{"519.lbm_r": [[1019.25, 1.0650123248033831], [2997.0, 1.1697026556776544]], "baseline": [[914.25, 1.0728487842993468], [2973.5, 1.3332918040293056]]}
