{"519.lbm_r": [[1112.375, 1.0586626066376146], [2976.25, 1.5258159340659334]], "baseline": [[938.25, 1.0701852656456454], [3275.5, 2.2902726464148877]]}
{"519.lbm_r": [[923.5, 1.0719170450913609], [3239.0, 2.1854744380938347]], "baseline": [[1003.875, 1.065282708391606], [3569.75, 1.9006124036500671]]}
{"519.lbm_r": [[1079.625, 1.0606004654956154], [12088.0, 2.8385362987226577]], "baseline": [[1028.625, 1.0659695065318653], [2973.25, 1.3725226190476203]]}
