{"519.lbm_r": [[1219.625, 1.053377469342895], [2928.25, 1.098199116161613]], "baseline": [[1037.75, 1.0604337719964292], [2944.75, 1.0362228174603143]]}
{"519.lbm_r": [[1097.375, 1.0569035155780218], [2947.5, 0.791700793650791]], "baseline": [[1036.625, 1.0642121378033513], [2950.5, 1.0057694444444452]]}
{"519.lbm_r": [[917.0, 1.06912808912339], [2935.25, 1.0785930555555543]], "baseline": [[998.75, 1.065948329209856], [9007.0, 2.1701231216033845]]}
