{"519.lbm_r": [[1107.5, 1.055424357336547], [6534.5, 2.018331290849673]], "baseline": [[1031.75, 1.0632252525769577], [23313.0, 3.4360213904436154]]}
{"519.lbm_r": [[943.375, 1.0676913490255604], [16645.0, 3.445407802651094]], "baseline": [[1032.0, 1.0611462522713289], [6866.5, 2.814827862511052]]}
{"519.lbm_r": [[1190.875, 1.0484463255259207], [3285.75, 2.2901580459770114]], "baseline": [[1113.0, 1.0573124507789893], [3370.75, 2.16558908045977]]}
