{"519.lbm_r": [[1118.5, 1.0579802460241838], [8390.5, 2.461156834893048]], "baseline": [[954.375, 1.0680805287265236], [18865.0, 3.3629667096786404]]}
{"519.lbm_r": [[1085.625, 1.0595445098134344], [3020.5, 1.496595839783282]], "baseline": [[923.5, 1.0700487272766515], [2952.75, 1.217695833333333]]}
{"519.lbm_r": [[927.875, 1.0684907384775613], [3147.5, 1.775549352548036]], "baseline": [[969.875, 1.0715336599962246], [8353.5, 3.19233937178876]]}
{"519.lbm_r": [[1186.375, 1.0571159771544052], [9454.0, 2.4290940370903606]], "baseline": [[977.625, 1.0655765180121755], [2950.25, 1.0685980158730164]]}
{"519.lbm_r": [[1045.5, 1.0596781930380867], [2976.75, 1.5157063025210067]], "baseline": [[911.25, 1.071291195089307], [11503.0, 2.4540898141020446]]}
{"519.lbm_r": [[962.875, 1.0670174375141546], [24493.0, 2.589760296010296]], "baseline": [[914.625, 1.0707765599648695], [2929.25, 0.9732513888888867]]}
