{"519.lbm_r": [[1175.375, 1.0543803537090124], [3003.25, 1.5134662087912083]], "baseline": [[1065.5, 1.0607521946691087], [3057.25, 1.4815169642857158]]}
{"519.lbm_r": [[1160.375, 1.0467575959914543], [2985.25, 1.202412774725274]], "baseline": [[990.5, 1.0692263863860971], [2972.0, 1.3832901098901123]]}
{"519.lbm_r": [[949.0, 1.0657009435146894], [2980.25, 1.491021428571427]], "baseline": [[1104.375, 1.0609877157636327], [3155.25, 1.743597629001432]]}
