{"519.lbm_r": [[1056.625, 1.0595921770929109], [43483.0, 4.273523906410981]], "baseline": [[963.375, 1.0691397976520753], [64507.0, 4.192656897274199]]}
{"519.lbm_r": [[950.0, 1.0665543698294486], [48467.0, 3.92937684481319]], "baseline": [[922.375, 1.0715685178645726], [69567.0, 6.297018571966173]]}
