{"519.lbm_r": [[1085.625, 1.0614376194450146], [55099.0, 5.423693668234232]], "baseline": [[943.875, 1.0713612428765606], [31243.0, 3.5202730675641076]]}
{"519.lbm_r": [[965.25, 1.0666910517583315], [77783.0, 6.387205405448405]], "baseline": [[937.375, 1.0721807919291941], [25421.0, 3.4341282251122593]]}
{"519.lbm_r": [[962.75, 1.0661186473036273], [54691.0, 3.269959256863633]], "baseline": [[1009.0, 1.0655601417004377], [13064.0, 2.634127309577677]]}
