{"519.lbm_r": [[1123.375, 1.0561358420977498], [2977.25, 1.3611770604395608]], "baseline": [[939.25, 1.0726904348346407], [2981.75, 1.3946059981684975]]}
{"519.lbm_r": [[1037.75, 1.0594885445434596], [3064.0, 1.7021278388278394]], "baseline": [[938.375, 1.069277746420918], [8269.0, 2.6713090150590153]]}
{"519.lbm_r": [[1020.75, 1.0639301366454357], [3154.5, 2.1971327958273608]], "baseline": [[1076.5, 1.063264130053938], [2994.5, 1.275803846153845]]}
