{"519.lbm_r": [[1090.875, 1.0558219639518316], [2982.0, 1.4848401098901083]], "baseline": [[1051.75, 1.0618360095635067], [3025.25, 1.3326418498168502]]}
{"519.lbm_r": [[1059.5, 1.0569376212640198], [2982.75, 1.4711038461538446]], "baseline": [[1063.5, 1.0608564634475228], [3051.0, 1.5776107142857159]]}
{"519.lbm_r": [[1092.375, 1.0535906648392592], [17240.0, 3.5592376373626373]], "baseline": [[1106.0, 1.058869590218832], [3001.5, 1.441044093406593]]}
