{"519.lbm_r": [[1210.375, 1.0542529009027395], [3010.25, 1.516426282051282]], "baseline": [[1102.25, 1.0575904200162238], [2992.5, 1.3613224941724928]]}
{"519.lbm_r": [[2353.875, 1.397495611228222], [4055.75, 2.4096481216046435]], "baseline": [[1073.625, 1.0616770461267546], [4627.5, 1.8104728318804308]]}
{"519.lbm_r": [[1066.875, 1.0555320623662607], [2988.75, 1.2315205128205111]], "baseline": [[1041.625, 1.0638495809779696], [2979.0, 1.5470056818181812]]}
