{"519.lbm_r": [[1374.75, 1.053445789743655], [2974.75, 1.189694642857145]], "baseline": [[1006.25, 1.0643780990977691], [5048.0, 2.5035007122507125]]}
{"519.lbm_r": [[1066.125, 1.0599171911477905], [3094.25, 1.5507231738849385]], "baseline": [[853.375, 1.0795232824316088], [7565.0, 2.6672008547008548]]}
{"519.lbm_r": [[961.5, 1.0696579678858114], [17047.0, 2.820063025210084]], "baseline": [[1063.125, 1.0625268721044467], [6921.0, 2.392718596059113]]}
