{"519.lbm_r": [[1127.0, 1.0554717962604414], [3097.5, 1.6791904424681612]], "baseline": [[948.0, 1.0698068491107295], [12436.0, 2.787390608540637]]}
{"519.lbm_r": [[1015.0, 1.0633758652260352], [17649.0, 3.0003329248366013]], "baseline": [[1041.75, 1.0610976840662993], [26787.0, 3.5818698747052404]]}
{"519.lbm_r": [[1086.5, 1.0560036114272329], [16681.0, 2.823651358121151]], "baseline": [[1078.875, 1.0635967379807334], [5605.5, 1.7213236084628982]]}
