{"557.xz_r": [[1258.0, 2054.0, 1.8447535332460643]], "505.mcf_r": [[1386.0, 2250.0, 1.3411627622542246]], "baseline": [[1307.0, 2151.0, 1.596500057556037]]}
{"557.xz_r": [[1303.0, 2139.0, 1.6240406938705834]], "505.mcf_r": [[1324.0, 2134.0, 1.6162165555764483]], "baseline": [[1344.0, 2196.0, 1.4730911972691287]]}
{"557.xz_r": [[1257.0, 2090.0, 1.7572376348690202]], "505.mcf_r": [[1380.0, 2233.0, 1.3746321616707908]], "baseline": [[1290.0, 2112.0, 1.6896261384175335]]}
{"557.xz_r": [[1251.0, 2058.0, 1.83670406874072]], "505.mcf_r": [[1306.0, 2113.0, 1.6816934960830245]], "baseline": [[1319.0, 2135.0, 1.6190428899719072]]}
{"557.xz_r": [[1260.0, 2069.0, 1.8051046547693113]], "505.mcf_r": [[1308.0, 2138.0, 1.6200626406591314]], "baseline": [[1270.0, 2070.0, 1.802091170969446]]}
{"baseline": [[1327.0, 2161.0, 1.5607465274396435]], "557.xz_r": [[1297.0, 2141.0, 1.6241060364517508]], "505.mcf_r": [[1424.0, 2333.0, 1.1764020890377476]]}
