{"557.xz_r": [[1205.0, 2017.9999999999998, 1.948082476566348]], "505.mcf_r": [[1373.0, 2200.0, 1.4413243230956143]], "baseline": [[1307.0, 2122.0, 1.6579667171659942]]}
{"557.xz_r": [[1143.0, 1944.0, 0.0030280164412643143]], "505.mcf_r": [[1343.0, 2194.0, 1.483461671433594]], "baseline": [[1365.0, 2210.0, 1.432886551678602]]}
{"557.xz_r": [[1148.0, 1929.0, 0.005522268661357301]], "505.mcf_r": [[1277.0, 2099.0, 1.7277483987793651]], "baseline": [[1336.0, 2182.0, 1.5116716525861205]]}
{"557.xz_r": [[1237.0, 2051.0, 1.8574055356406158]], "505.mcf_r": [[1249.0, 2061.0, 1.8268808994561205]], "baseline": [[1325.0, 2165.0, 1.5580402097295045]]}
{"557.xz_r": [[1180.0, 1995.0, 0.00040996208834751945]], "505.mcf_r": [[1316.0, 2150.0, 1.593674549079096]], "baseline": [[1297.0, 2125.0, 1.6535857750629277]]}
{"baseline": [[1320.0, 2134.0, 1.623500924913238]], "557.xz_r": [[1230.0, 2025.0, 1.9258002680753425]], "505.mcf_r": [[1305.0, 2122.0, 1.6614464559637838]]}
{"baseline": [[1325.0, 2143.0, 1.5972615398268157]], "557.xz_r": [[1121.0, 1906.0, 0.0062961098630097715]], "505.mcf_r": [[1281.0, 2103.0, 1.7156211703991449]], "548.exchange2_r": [[1289.0, 2125.0, 1.6628628406824721]]}
