{"557.xz_r": [[1256.0, 2077.0, 1.787585655991953]], "505.mcf_r": [[1286.0, 2110.0, 1.6984069439823815]], "baseline": [[1343.0, 2182.0, 1.513177259676862]]}
{"557.xz_r": [[1301.0, 2127.0, 1.6489808452013408]], "505.mcf_r": [[1337.0, 2171.0, 1.530549477093178]], "baseline": [[1378.0, 2243.0, 1.362507058959367]]}
{"557.xz_r": [[1232.0, 2029.9999999999998, 1.9149005926514182]], "505.mcf_r": [[1289.0, 2111.0, 1.6886709211612507]], "baseline": [[1265.0, 2067.0, 1.8081926615739974]]}
{"557.xz_r": [[1228.0, 2040.0, 1.8893089019230431]], "505.mcf_r": [[1322.0, 2169.0, 1.5465777813474695]], "baseline": [[1358.0, 2202.0, 1.4483591295969704]]}
{"557.xz_r": [[1251.0, 2058.0, 1.8371739152511237]], "505.mcf_r": [[1286.0, 2141.0, 1.6358933765049302]], "baseline": [[1326.0, 2147.0, 1.5968464337819404]]}
{"baseline": [[1310.0, 2124.0, 1.6505766285250925]], "557.xz_r": [[1236.0, 2037.0, 1.8934749025070632]], "505.mcf_r": [[1317.0, 2140.0, 1.6129644718613139]]}
{"baseline": [[1282.0, 2108.0, 1.7003425359392574]], "557.xz_r": [[1235.0, 2045.0, 1.8731264553052234]], "505.mcf_r": [[1267.0, 2091.0, 1.7472407093821385]], "548.exchange2_r": [[1384.0, 2250.0, 1.3561932551579416]]}
