{"baseline": [[1327.0, 2151.0, 1.5794428427770357]], "557.xz_r": [[1219.0, 2015.0000000000002, 1.9562451807025312]], "505.mcf_r": [[1316.0, 2147.0, 1.6007580995762187]]}
