{"557.xz_r": [[1178.0, 1983.0, 0.0009901794594493311]], "505.mcf_r": [[1329.0, 2173.0, 1.5373291635201782]], "baseline": [[1376.0, 2266.0, 1.3323237325121196]]}
{"557.xz_r": [[1280.0, 2124.0, 1.6628912241739278]], "505.mcf_r": [[1403.0, 2251.0, 1.3101707791906423]], "baseline": [[1273.0, 2111.0, 1.7002032379229925]]}
{"557.xz_r": [[1234.0, 2041.9999999999998, 1.8814682204839333]], "505.mcf_r": [[1346.0, 2203.0, 1.4702487850506172]], "baseline": [[1340.0, 2200.0, 1.477260740087439]]}
{"557.xz_r": [[1203.0, 2013.0, 1.964446869882082]], "505.mcf_r": [[1268.0, 2071.0, 1.798914345349334]], "baseline": [[1289.0, 2086.0, 1.7549501570023593]]}
{"557.xz_r": [[1201.0, 2027.0000000000002, 1.926605289219497]], "505.mcf_r": [[1340.0, 2176.0, 1.5168468188904665]], "baseline": [[1350.0, 2184.0, 1.4995762780155426]]}
{"baseline": [[1312.0, 2137.0, 1.618573790683274]], "557.xz_r": [[1148.0, 1944.0, 0.0029860676250530287]], "505.mcf_r": [[1318.0, 2143.0, 1.603384679668082]]}
