{"557.xz_r": [[1327.0, 2176.0, 1.531589273333903]], "505.mcf_r": [[1251.0, 2067.0, 1.8130759954763853]], "baseline": [[1365.0, 2221.0, 1.4107724984638201]]}
{"557.xz_r": [[1296.0, 2131.0, 1.644619809573614]], "505.mcf_r": [[1301.0, 2145.0, 1.6089615008710023]], "baseline": [[1296.0, 2125.0, 1.658030684743443]]}
{"557.xz_r": [[1316.0, 2152.0, 1.5863195526860212]], "505.mcf_r": [[1297.0, 2119.0, 1.6692629280480604]], "baseline": [[1349.0, 2172.0, 1.5234732243949856]]}
{"557.xz_r": [[1323.0, 2155.0, 1.5752922860876502]], "505.mcf_r": [[1308.0, 2146.0, 1.606627378923247]], "baseline": [[1304.0, 2119.0, 1.6647913088430049]]}
{"557.xz_r": [[1389.0, 2238.0, 1.3600049477735898]], "505.mcf_r": [[1263.0, 2069.0, 1.8021509926073933]], "baseline": [[1266.0, 2073.0, 1.795432353280157]]}
{"baseline": [[1338.0, 2185.0, 1.502957723450847]], "557.xz_r": [[1287.0, 2099.0, 1.721487911981649]], "505.mcf_r": [[1312.0, 2165.0, 1.5647787470679706]]}
{"baseline": [[1359.0, 2195.0, 1.4705542278352173]], "557.xz_r": [[1302.0, 2114.0, 1.6824957416498703]], "505.mcf_r": [[1299.0, 2107.0, 1.700324863282018]], "548.exchange2_r": [[1291.0, 2105.0, 1.706238553209869]]}
