{"519.lbm_r_100_100_130": [6397.625, 25456.639], "baseline": [6000.75, 25327.614999999998]}
{"519.lbm_r_100_100_130": [7107.75, 25507.839], "baseline": [6662.25, 25473.023]}
{"519.lbm_r_100_100_130": [6226.125, 25423.871], "baseline": [5788.0, 25372.671]}
{"519.lbm_r_100_100_130": [6294.25, 25520.127], "baseline": [5944.875, 25452.542999999998]}
{"519.lbm_r_100_100_130": [7492.125, 25503.743], "baseline": [6299.0, 25341.951]}
{"519.lbm_r_100_100_130": [6226.625, 25196.542999999998], "baseline": [6779.125, 25247.743]}
{"519.lbm_r_100_100_130": [6987.875, 25624.575], "baseline": [6159.75, 25550.846999999998]}
{"519.lbm_r_100_100_130": [6435.125, 25409.535], "baseline": [6207.5, 25556.991]}
{"519.lbm_r_100_100_130": [6821.625, 25335.807], "baseline": [5487.625, 25415.679]}
{"519.lbm_r_100_100_130": [6997.25, 25462.783], "baseline": [6011.125, 25292.799]}
