{"519.lbm_r_100_100_130": [368.75, 25268.222999999998], "baseline": [486.875, 25292.799]}
{"519.lbm_r_100_100_130": [647.625, 25245.695], "baseline": [603.75, 25350.143]}
{"519.lbm_r_100_100_130": [295.625, 25421.823], "baseline": [551.375, 25307.135]}
{"519.lbm_r_100_100_130": [562.625, 25118.719], "baseline": [308.875, 25440.254999999997]}
{"519.lbm_r_100_100_130": [287.0, 25229.311], "baseline": [560.375, 25452.542999999998]}
{"519.lbm_r_100_100_130": [1755.875, 25108.479], "baseline": [378.5, 25251.839]}
{"519.lbm_r_100_100_130": [267.875, 25323.519], "baseline": [477.5, 25448.447]}
{"519.lbm_r_100_100_130": [527.625, 25147.391], "baseline": [349.75, 25161.727]}
{"519.lbm_r_100_100_130": [302.375, 25253.887], "baseline": [284.375, 25120.767]}
{"519.lbm_r_100_100_130": [304.125, 25128.959], "baseline": [457.25, 25272.319]}
