{"519.lbm_r_100_100_130": [15165.0, 25335.807], "baseline": [12477.625, 25579.519]}
{"519.lbm_r_100_100_130": [18353.375, 25542.655], "baseline": [17156.625, 25282.559]}
{"519.lbm_r_100_100_130": [13476.0, 25171.967], "baseline": [15685.625, 25370.623]}
{"519.lbm_r_100_100_130": [15855.875, 25358.335], "baseline": [18040.25, 25384.959]}
{"519.lbm_r_100_100_130": [15721.875, 25354.238999999998], "baseline": [13309.75, 25481.215]}
{"519.lbm_r_100_100_130": [15961.625, 25231.359], "baseline": [15086.25, 25180.159]}
{"519.lbm_r_100_100_130": [12237.625, 25460.735], "baseline": [9902.5, 25208.831]}
{"519.lbm_r_100_100_130": [16486.625, 25251.839], "baseline": [17098.75, 25276.415]}
{"519.lbm_r_100_100_130": [14205.5, 25387.006999999998], "baseline": [14559.25, 25124.863]}
{"519.lbm_r_100_100_130": [15168.875, 25389.055], "baseline": [14144.0, 25255.934999999998]}
