{"519.lbm_r_100_100_130": [648875.375, 24999.935], "baseline": [526875.75, 25335.807]}
{"519.lbm_r_100_100_130": [411458.75, 25161.727], "baseline": [496044.375, 25411.583]}
{"519.lbm_r_100_100_130": [303658.625, 25229.310999999998], "baseline": [143578.75, 24852.479]}
{"519.lbm_r_100_100_130": [579674.125, 25268.222999999998], "baseline": [503862.5, 25217.023]}
{"519.lbm_r_100_100_130": [382073.125, 25341.951], "baseline": [424370.125, 25448.447]}
{"519.lbm_r_100_100_130": [454985.625, 25229.310999999998], "baseline": [415425.125, 25061.375]}
{"519.lbm_r_100_100_130": [621760.0, 25225.215], "baseline": [350204.875, 25436.159]}
{"519.lbm_r_100_100_130": [413086.375, 25227.263], "baseline": [348011.375, 25272.319]}
{"519.lbm_r_100_100_130": [464392.375, 24866.815], "baseline": [323319.25, 25595.903]}
{"519.lbm_r_100_100_130": [416932.25, 25217.023], "baseline": [403257.75, 25462.783]}
