{"519.lbm_r_100_100_130": [2871.375, 25448.447], "baseline": [2891.75, 25278.463]}
{"519.lbm_r_100_100_130": [2909.625, 25243.646999999997], "baseline": [3927.5, 25550.847]}
{"519.lbm_r_100_100_130": [2765.25, 25460.735], "baseline": [2749.5, 25565.183]}
{"519.lbm_r_100_100_130": [3350.25, 25450.495], "baseline": [3600.125, 25651.199]}
{"519.lbm_r_100_100_130": [4403.5, 25413.631], "baseline": [2513.75, 25247.743]}
{"519.lbm_r_100_100_130": [3576.125, 25462.783], "baseline": [3163.25, 25774.078999999998]}
{"519.lbm_r_100_100_130": [2567.75, 25573.375], "baseline": [3443.125, 25604.095]}
{"519.lbm_r_100_100_130": [3188.625, 25538.559], "baseline": [3276.5, 25663.487]}
{"519.lbm_r_100_100_130": [3142.25, 25552.895], "baseline": [3537.125, 25401.343]}
{"519.lbm_r_100_100_130": [3222.375, 25368.575], "baseline": [3052.25, 25450.495]}
