{"519.lbm_r_100_100_130": [302051.0, 25698.303], "baseline": [210048.625, 25698.303]}
{"519.lbm_r_100_100_130": [420689.0, 25378.815], "baseline": [303168.25, 25581.567]}
{"519.lbm_r_100_100_130": [348666.75, 25698.303], "baseline": [376566.125, 25716.735]}
{"519.lbm_r_100_100_130": [215183.5, 25483.263], "baseline": [366764.125, 25798.655]}
{"519.lbm_r_100_100_130": [580503.0, 25593.855], "baseline": [176016.75, 25829.375]}
{"519.lbm_r_100_100_130": [292908.125, 25702.399], "baseline": [241890.75, 25298.943]}
{"519.lbm_r_100_100_130": [217101.875, 25491.454999999998], "baseline": [214557.625, 25509.887]}
{"519.lbm_r_100_100_130": [374585.375, 25532.415], "baseline": [385562.5, 25499.647]}
{"519.lbm_r_100_100_130": [220333.75, 25784.319], "baseline": [228726.875, 25786.367]}
{"519.lbm_r_100_100_130": [392816.25, 25597.951], "baseline": [300203.375, 25300.990999999998]}
