{"519.lbm_r_100_100_130": [192.375, 25427.967], "baseline": [221.75, 25253.887]}
{"519.lbm_r_100_100_130": [289.0, 25270.271], "baseline": [411.625, 25071.614999999998]}
{"519.lbm_r_100_100_130": [229.5, 25323.519], "baseline": [621.375, 25444.351]}
{"519.lbm_r_100_100_130": [227.375, 25325.567], "baseline": [230.375, 25434.111]}
{"519.lbm_r_100_100_130": [294.75, 25131.006999999998], "baseline": [228.5, 25444.351]}
{"519.lbm_r_100_100_130": [471.875, 25221.119], "baseline": [228.375, 25341.951]}
{"519.lbm_r_100_100_130": [219.875, 25221.119], "baseline": [283.125, 25432.063]}
{"519.lbm_r_100_100_130": [230.875, 24817.663], "baseline": [225.875, 25368.575]}
{"519.lbm_r_100_100_130": [276.625, 25233.407], "baseline": [216.125, 25442.303]}
{"519.lbm_r_100_100_130": [239.25, 25319.423], "baseline": [347.25, 25260.031]}
