{"519.lbm_r_100_100_130": [15138.125, 25509.887], "baseline": [15652.375, 25333.759]}
{"519.lbm_r_100_100_130": [14956.75, 25313.279], "baseline": [17817.75, 25563.135]}
{"519.lbm_r_100_100_130": [12949.875, 25440.255], "baseline": [13061.75, 25769.983]}
{"519.lbm_r_100_100_130": [18976.75, 25528.319], "baseline": [16019.75, 25540.607]}
{"519.lbm_r_100_100_130": [14500.25, 25522.175], "baseline": [15693.375, 25341.950999999997]}
{"519.lbm_r_100_100_130": [16363.25, 25296.895], "baseline": [16381.625, 25733.119]}
{"519.lbm_r_100_100_130": [16455.25, 25518.078999999998], "baseline": [13632.625, 25550.847]}
{"519.lbm_r_100_100_130": [17591.375, 25528.319], "baseline": [17276.0, 25489.407]}
{"519.lbm_r_100_100_130": [14142.5, 25538.559], "baseline": [16728.375, 25524.222999999998]}
{"519.lbm_r_100_100_130": [38931.125, 25432.063], "baseline": [16332.25, 25567.231]}
