{"519.lbm_r_100_100_130": [597959.25, 25538.559], "baseline": [602845.0, 25640.959]}
{"519.lbm_r_100_100_130": [543251.75, 25544.703], "baseline": [382693.5, 25735.167]}
{"519.lbm_r_100_100_130": [266599.25, 25638.911], "baseline": [379930.25, 25440.254999999997]}
{"519.lbm_r_100_100_130": [556342.0, 25536.511], "baseline": [465401.375, 25661.439]}
{"519.lbm_r_100_100_130": [505105.375, 25651.199], "baseline": [374116.625, 25661.439]}
{"519.lbm_r_100_100_130": [325692.75, 25538.559], "baseline": [330856.0, 25544.702999999998]}
{"519.lbm_r_100_100_130": [191215.625, 25630.719], "baseline": [350662.375, 25737.215]}
{"519.lbm_r_100_100_130": [526721.875, 25530.367], "baseline": [409916.375, 25567.231]}
{"519.lbm_r_100_100_130": [314477.25, 25503.743], "baseline": [242268.875, 25638.911]}
{"519.lbm_r_100_100_130": [716092.125, 25624.575], "baseline": [599958.375, 25432.063]}
