{"519.lbm_r_100_100_130": [2740.125, 25501.695], "baseline": [3011.875, 25626.623]}
{"519.lbm_r_100_100_130": [3340.875, 25698.303], "baseline": [4300.5, 25718.783]}
{"519.lbm_r_100_100_130": [4152.125, 25565.183], "baseline": [2894.5, 25204.735]}
{"519.lbm_r_100_100_130": [3239.75, 25804.799], "baseline": [4311.25, 25628.671000000002]}
{"519.lbm_r_100_100_130": [3381.75, 25602.047], "baseline": [3277.5, 25726.975000000002]}
{"519.lbm_r_100_100_130": [3612.625, 25516.031], "baseline": [5362.875, 25812.991]}
{"519.lbm_r_100_100_130": [3063.875, 25804.799], "baseline": [2488.25, 25735.167]}
{"519.lbm_r_100_100_130": [2692.0, 25696.255], "baseline": [3519.0, 25638.911]}
{"519.lbm_r_100_100_130": [2862.375, 25702.399], "baseline": [2596.125, 25595.903]}
{"519.lbm_r_100_100_130": [2345.75, 25487.359], "baseline": [2767.875, 25612.287]}
