{"519.lbm_r_100_100_130": [2723.125, 25593.855], "baseline": [1826.0, 25806.847]}
{"519.lbm_r_100_100_130": [1270.625, 25690.111], "baseline": [1711.5, 25585.663]}
{"519.lbm_r_100_100_130": [1554.25, 25780.222999999998], "baseline": [1534.625, 25716.735]}
{"519.lbm_r_100_100_130": [1900.375, 25700.351], "baseline": [1784.375, 25628.671]}
{"519.lbm_r_100_100_130": [1385.625, 25599.999], "baseline": [1238.0, 25714.686999999998]}
{"519.lbm_r_100_100_130": [1946.625, 25714.687], "baseline": [2115.5, 25806.847]}
{"519.lbm_r_100_100_130": [1314.5, 25585.663], "baseline": [1417.0, 25690.111]}
{"519.lbm_r_100_100_130": [1295.25, 25587.711], "baseline": [1700.625, 25915.391]}
{"519.lbm_r_100_100_130": [1677.5, 25690.111], "baseline": [1582.0, 25630.719]}
{"519.lbm_r_100_100_130": [1773.75, 25577.470999999998], "baseline": [1862.625, 25632.767]}
