{"519.lbm_r_100_100_130": [1841.375, 25473.023], "baseline": [1511.625, 25694.207000000002]}
{"519.lbm_r_100_100_130": [1430.625, 25657.343], "baseline": [1772.125, 25552.895]}
{"519.lbm_r_100_100_130": [1703.25, 25546.751], "baseline": [1551.625, 25591.807]}
{"519.lbm_r_100_100_130": [1709.5, 25364.479], "baseline": [1285.5, 25477.119]}
{"519.lbm_r_100_100_130": [2008.75, 25653.247], "baseline": [1497.125, 25548.799]}
{"519.lbm_r_100_100_130": [1561.75, 25456.639], "baseline": [1752.25, 25577.470999999998]}
{"519.lbm_r_100_100_130": [1522.875, 25452.542999999998], "baseline": [1632.625, 25473.023]}
{"519.lbm_r_100_100_130": [1706.25, 25458.686999999998], "baseline": [1650.375, 25589.759]}
{"519.lbm_r_100_100_130": [1694.875, 25440.255], "baseline": [1598.75, 25583.614999999998]}
{"519.lbm_r_100_100_130": [2464.25, 25337.855], "baseline": [1845.75, 25509.887]}
