{"519.lbm_r_100_100_130": [305.625, 25305.087], "baseline": [434.625, 25415.679]}
{"519.lbm_r_100_100_130": [403.875, 25501.695], "baseline": [598.625, 25352.191]}
{"519.lbm_r_100_100_130": [473.375, 25497.599], "baseline": [495.75, 25554.943]}
{"519.lbm_r_100_100_130": [399.75, 25384.959], "baseline": [565.375, 25446.398999999998]}
{"519.lbm_r_100_100_130": [301.375, 25395.199], "baseline": [568.625, 25354.239]}
{"519.lbm_r_100_100_130": [287.875, 25325.567], "baseline": [344.0, 25503.743]}
{"519.lbm_r_100_100_130": [338.625, 25503.743], "baseline": [418.875, 25522.175]}
{"519.lbm_r_100_100_130": [459.75, 25403.391], "baseline": [665.125, 25522.175]}
{"519.lbm_r_100_100_130": [483.5, 25391.103], "baseline": [630.375, 25462.783]}
{"519.lbm_r_100_100_130": [415.75, 25401.343], "baseline": [365.25, 25425.918999999998]}
