{"519.lbm_r_100_100_130": [376.875, 25452.543], "baseline": [583.75, 25604.095]}
{"519.lbm_r_100_100_130": [456.5, 25481.215], "baseline": [755.75, 25387.006999999998]}
{"519.lbm_r_100_100_130": [712.875, 25563.135], "baseline": [573.5, 25587.711]}
{"519.lbm_r_100_100_130": [704.625, 25239.551], "baseline": [700.75, 25464.831]}
{"519.lbm_r_100_100_130": [398.5, 25546.751], "baseline": [546.5, 25589.759]}
{"519.lbm_r_100_100_130": [380.625, 25552.895], "baseline": [538.25, 25583.615]}
{"519.lbm_r_100_100_130": [843.0, 25565.183], "baseline": [372.625, 25487.359]}
{"519.lbm_r_100_100_130": [377.75, 25481.215], "baseline": [463.625, 25767.934999999998]}
{"519.lbm_r_100_100_130": [541.375, 25370.623], "baseline": [713.75, 25468.927]}
{"519.lbm_r_100_100_130": [467.5, 25452.542999999998], "baseline": [836.125, 25704.447]}
