{"519.lbm_r_100_100_130": [11364.25, 25163.775], "baseline": [14619.875, 25520.127]}
{"519.lbm_r_100_100_130": [12777.625, 25294.846999999998], "baseline": [12877.25, 25448.447]}
{"519.lbm_r_100_100_130": [12945.25, 25329.663], "baseline": [14900.0, 25339.903]}
{"519.lbm_r_100_100_130": [18603.875, 25073.663], "baseline": [13853.125, 25343.999]}
{"519.lbm_r_100_100_130": [13297.875, 25090.047], "baseline": [16388.25, 25343.999]}
{"519.lbm_r_100_100_130": [14623.75, 25235.454999999998], "baseline": [20655.625, 25501.695]}
{"519.lbm_r_100_100_130": [13605.25, 25503.743], "baseline": [14038.625, 25423.871]}
{"519.lbm_r_100_100_130": [13855.25, 25196.542999999998], "baseline": [15563.125, 25329.663]}
{"519.lbm_r_100_100_130": [13762.875, 25108.479], "baseline": [12860.25, 25343.999]}
{"519.lbm_r_100_100_130": [18865.625, 25397.247], "baseline": [14409.375, 25442.303]}
