{"519.lbm_r_100_100_130": [16990.375, 25628.671000000002], "baseline": [20152.875, 25556.991]}
{"519.lbm_r_100_100_130": [22065.0, 25614.335], "baseline": [22781.625, 25479.167]}
{"519.lbm_r_100_100_130": [21901.5, 25430.015], "baseline": [19149.375, 25649.150999999998]}
{"519.lbm_r_100_100_130": [25432.25, 25692.159], "baseline": [19028.5, 25350.143]}
{"519.lbm_r_100_100_130": [23417.5, 25640.959], "baseline": [20436.125, 25657.343]}
{"519.lbm_r_100_100_130": [22876.875, 25618.431], "baseline": [18136.875, 25643.006999999998]}
{"519.lbm_r_100_100_130": [19250.25, 25448.447], "baseline": [21243.0, 25387.007]}
{"519.lbm_r_100_100_130": [27418.5, 25610.239], "baseline": [24052.125, 25638.911]}
{"519.lbm_r_100_100_130": [22033.5, 25540.607], "baseline": [19120.875, 25774.079]}
{"519.lbm_r_100_100_130": [21063.125, 25624.575], "baseline": [22690.5, 25743.359]}
