{"519.lbm_r_100_100_130": [701.875, 25458.686999999998], "baseline": [1765.75, 25681.919]}
{"519.lbm_r_100_100_130": [556.875, 25360.382999999998], "baseline": [528.0, 25483.263]}
{"519.lbm_r_100_100_130": [637.375, 25358.335], "baseline": [536.375, 25563.135]}
{"519.lbm_r_100_100_130": [405.875, 25556.990999999998], "baseline": [393.75, 25573.375]}
{"519.lbm_r_100_100_130": [684.625, 25096.191], "baseline": [423.5, 25671.679]}
{"519.lbm_r_100_100_130": [747.25, 25456.639], "baseline": [383.125, 25673.727]}
{"519.lbm_r_100_100_130": [469.625, 25569.279], "baseline": [473.5, 25100.287]}
{"519.lbm_r_100_100_130": [385.625, 25454.591], "baseline": [418.125, 25581.567]}
{"519.lbm_r_100_100_130": [400.375, 25552.895], "baseline": [754.125, 25495.551]}
{"519.lbm_r_100_100_130": [769.875, 25038.846999999998], "baseline": [604.375, 25567.231]}
