{"519.lbm_r_100_100_130": [14430.75, 25120.767], "baseline": [13847.5, 25251.839]}
{"519.lbm_r_100_100_130": [16254.125, 25325.567], "baseline": [15563.875, 25264.127]}
{"519.lbm_r_100_100_130": [16710.125, 25051.135], "baseline": [17479.25, 25249.790999999997]}
{"519.lbm_r_100_100_130": [13416.625, 25305.087], "baseline": [16823.375, 25255.934999999998]}
{"519.lbm_r_100_100_130": [14331.5, 25325.567], "baseline": [14033.625, 25167.871]}
{"519.lbm_r_100_100_130": [19290.375, 25135.103], "baseline": [18367.25, 25450.495]}
{"519.lbm_r_100_100_130": [13743.25, 25307.135], "baseline": [14617.75, 25155.583]}
{"519.lbm_r_100_100_130": [17763.5, 25135.103], "baseline": [18914.0, 25460.735]}
{"519.lbm_r_100_100_130": [17121.875, 25325.567], "baseline": [16708.0, 24967.167]}
{"519.lbm_r_100_100_130": [16393.5, 25221.119], "baseline": [17431.375, 25434.111]}
