{"519.lbm_r_100_100_130": [211.875, 25491.455], "baseline": [186.125, 25819.135]}
{"519.lbm_r_100_100_130": [220.25, 25716.735], "baseline": [256.5, 25534.463]}
{"519.lbm_r_100_100_130": [213.5, 25671.679], "baseline": [493.375, 25643.006999999998]}
{"519.lbm_r_100_100_130": [242.0, 25804.799], "baseline": [210.375, 25808.895]}
{"519.lbm_r_100_100_130": [227.75, 25696.255], "baseline": [185.875, 25710.591]}
{"519.lbm_r_100_100_130": [238.25, 25501.695], "baseline": [234.25, 25798.655]}
{"519.lbm_r_100_100_130": [236.875, 25698.303], "baseline": [234.125, 25716.735]}
{"519.lbm_r_100_100_130": [333.5, 25690.111], "baseline": [252.625, 25792.511]}
{"519.lbm_r_100_100_130": [270.125, 25704.447], "baseline": [263.875, 25538.559]}
{"519.lbm_r_100_100_130": [229.375, 25595.903], "baseline": [225.75, 25702.398999999998]}
