{"519.lbm_r_100_100_130": [246.625, 25452.542999999998], "baseline": [429.75, 25587.711]}
{"519.lbm_r_100_100_130": [197.625, 25546.751], "baseline": [229.375, 25661.439]}
{"519.lbm_r_100_100_130": [226.125, 25452.542999999998], "baseline": [203.625, 25577.471]}
{"519.lbm_r_100_100_130": [201.875, 25438.207], "baseline": [457.0, 25597.951]}
{"519.lbm_r_100_100_130": [207.375, 25548.799], "baseline": [247.125, 25692.159]}
{"519.lbm_r_100_100_130": [219.75, 25649.150999999998], "baseline": [259.5, 25573.375]}
{"519.lbm_r_100_100_130": [190.0, 25444.351], "baseline": [407.0, 25454.591]}
{"519.lbm_r_100_100_130": [224.75, 25343.999], "baseline": [247.25, 25409.535]}
{"519.lbm_r_100_100_130": [219.0, 25450.495], "baseline": [331.0, 25505.791]}
{"519.lbm_r_100_100_130": [230.125, 25470.975], "baseline": [267.375, 25481.215]}
