{"519.lbm_r_100_100_130": [22049.125, 25454.591], "baseline": [18029.25, 25139.199]}
{"519.lbm_r_100_100_130": [19291.875, 25559.039], "baseline": [21428.875, 25436.159]}
{"519.lbm_r_100_100_130": [15538.875, 25542.655], "baseline": [18614.875, 25325.567]}
{"519.lbm_r_100_100_130": [23051.5, 25450.495], "baseline": [19491.625, 25311.231]}
{"519.lbm_r_100_100_130": [18536.625, 25346.047], "baseline": [20255.625, 25452.542999999998]}
{"519.lbm_r_100_100_130": [23397.75, 25479.167], "baseline": [22212.625, 25155.583]}
{"519.lbm_r_100_100_130": [20191.0, 25176.063], "baseline": [22559.0, 25477.119]}
{"519.lbm_r_100_100_130": [21176.875, 25331.711], "baseline": [24364.75, 25352.191]}
{"519.lbm_r_100_100_130": [20222.5, 25245.695], "baseline": [19533.25, 25522.175]}
{"519.lbm_r_100_100_130": [21586.625, 25364.479], "baseline": [20642.625, 25524.222999999998]}
