{"519.lbm_r_100_100_130": [21820.25, 25380.863], "baseline": [18599.125, 25417.727]}
{"519.lbm_r_100_100_130": [20876.75, 25477.119], "baseline": [17497.375, 25288.703]}
{"519.lbm_r_100_100_130": [20810.625, 25376.767], "baseline": [16639.0, 25503.743]}
{"519.lbm_r_100_100_130": [18093.0, 25479.167], "baseline": [20986.5, 25505.791]}
{"519.lbm_r_100_100_130": [17258.625, 25577.471], "baseline": [19022.125, 25593.855]}
{"519.lbm_r_100_100_130": [23531.625, 25171.967], "baseline": [22410.375, 25227.263]}
{"519.lbm_r_100_100_130": [16194.75, 25303.039], "baseline": [19063.625, 25626.623]}
{"519.lbm_r_100_100_130": [18240.625, 25399.295], "baseline": [18456.375, 25595.903]}
{"519.lbm_r_100_100_130": [21825.125, 25389.055], "baseline": [21732.125, 25688.063000000002]}
{"519.lbm_r_100_100_130": [21411.75, 25346.047], "baseline": [31922.5, 25202.686999999998]}
