{"519.lbm_r_100_100_130": [513307.625, 25317.375], "baseline": [533826.75, 25313.279]}
{"519.lbm_r_100_100_130": [492490.625, 25300.991], "baseline": [408094.5, 25413.631]}
{"519.lbm_r_100_100_130": [327000.25, 25180.159], "baseline": [228538.125, 25118.719]}
{"519.lbm_r_100_100_130": [530601.375, 25354.238999999998], "baseline": [411624.25, 25214.975]}
{"519.lbm_r_100_100_130": [405567.75, 25176.063], "baseline": [412042.875, 25065.471]}
{"519.lbm_r_100_100_130": [505670.875, 25174.015], "baseline": [443808.375, 25292.799]}
{"519.lbm_r_100_100_130": [589215.5, 25149.439], "baseline": [439682.0, 25087.999]}
{"519.lbm_r_100_100_130": [428324.75, 25180.159], "baseline": [408443.5, 25221.119]}
{"519.lbm_r_100_100_130": [459407.25, 25292.799], "baseline": [531349.0, 25384.959]}
{"519.lbm_r_100_100_130": [628862.625, 25012.222999999998], "baseline": [405270.625, 25368.575]}
