{"519.lbm_r_100_100_130": [20575.75, 25401.343], "baseline": [19276.625, 25731.071]}
{"519.lbm_r_100_100_130": [21765.875, 25307.135], "baseline": [20192.375, 25716.735]}
{"519.lbm_r_100_100_130": [26595.0, 25778.175], "baseline": [23695.375, 25726.975]}
{"519.lbm_r_100_100_130": [21665.125, 25694.207000000002], "baseline": [23853.625, 25602.047]}
{"519.lbm_r_100_100_130": [21487.0, 25507.839], "baseline": [21119.0, 25640.959]}
{"519.lbm_r_100_100_130": [23801.875, 25690.111], "baseline": [23806.875, 25800.703]}
{"519.lbm_r_100_100_130": [20232.75, 25688.063000000002], "baseline": [19290.5, 25640.959]}
{"519.lbm_r_100_100_130": [22112.5, 25722.879], "baseline": [22096.625, 25694.207]}
{"519.lbm_r_100_100_130": [24171.125, 25700.351], "baseline": [19586.875, 25733.119]}
{"519.lbm_r_100_100_130": [18522.125, 25630.719], "baseline": [21312.875, 25659.391]}
