{"519.lbm_r_100_100_130": [3629.125, 25303.039], "baseline": [3749.75, 25415.679]}
{"519.lbm_r_100_100_130": [2874.875, 25188.351], "baseline": [3669.0, 25528.319]}
{"519.lbm_r_100_100_130": [3324.25, 25489.407], "baseline": [3111.125, 25057.279]}
{"519.lbm_r_100_100_130": [3114.5, 25409.535], "baseline": [4202.375, 25448.447]}
{"519.lbm_r_100_100_130": [3473.375, 25483.263], "baseline": [4983.5, 25233.407]}
{"519.lbm_r_100_100_130": [3802.75, 25219.071], "baseline": [3632.5, 25438.207]}
{"519.lbm_r_100_100_130": [3496.75, 25401.343], "baseline": [3000.25, 25036.799]}
{"519.lbm_r_100_100_130": [3252.875, 25327.614999999998], "baseline": [3304.25, 25528.319]}
{"519.lbm_r_100_100_130": [2474.875, 25094.143], "baseline": [3145.875, 25419.775]}
{"519.lbm_r_100_100_130": [3831.25, 25309.183], "baseline": [3209.875, 24973.310999999998]}
