{"519.lbm_r_100_100_130": [396.75, 25305.087], "baseline": [422.375, 25421.823]}
{"519.lbm_r_100_100_130": [507.125, 25294.847], "baseline": [485.625, 25597.951]}
{"519.lbm_r_100_100_130": [400.875, 25309.183], "baseline": [925.875, 25331.711]}
{"519.lbm_r_100_100_130": [773.625, 25169.919], "baseline": [740.375, 25313.279]}
{"519.lbm_r_100_100_130": [489.5, 25321.470999999998], "baseline": [416.0, 25438.207]}
{"519.lbm_r_100_100_130": [423.875, 25425.918999999998], "baseline": [459.25, 25208.831]}
{"519.lbm_r_100_100_130": [379.0, 25210.879], "baseline": [561.375, 25327.614999999998]}
{"519.lbm_r_100_100_130": [764.0, 25186.303], "baseline": [927.5, 25012.222999999998]}
{"519.lbm_r_100_100_130": [539.5, 25217.023], "baseline": [399.75, 25405.439]}
{"519.lbm_r_100_100_130": [452.25, 25507.839], "baseline": [414.375, 25389.055]}
