{"519.lbm_r_100_100_130": [393389.0, 25518.078999999998], "baseline": [141022.0, 25616.383]}
{"519.lbm_r_100_100_130": [520479.0, 25503.743], "baseline": [417873.25, 25526.271]}
{"519.lbm_r_100_100_130": [324545.75, 25411.583], "baseline": [279834.75, 25427.967]}
{"519.lbm_r_100_100_130": [440574.0, 25307.135], "baseline": [411663.625, 25503.743]}
{"519.lbm_r_100_100_130": [596165.5, 25180.159], "baseline": [330621.375, 25432.063]}
{"519.lbm_r_100_100_130": [562649.0, 25300.990999999998], "baseline": [412070.5, 25421.823]}
{"519.lbm_r_100_100_130": [223687.875, 25513.983], "baseline": [231174.0, 25489.407]}
{"519.lbm_r_100_100_130": [423609.375, 25509.887], "baseline": [349583.0, 25319.423]}
{"519.lbm_r_100_100_130": [269105.5, 25407.487], "baseline": [320368.375, 25407.487]}
{"519.lbm_r_100_100_130": [522703.25, 25307.135], "baseline": [327961.5, 25223.167]}
