{"519.lbm_r_100_100_130": [20817.125, 25260.031], "baseline": [19311.625, 25323.519]}
{"519.lbm_r_100_100_130": [24188.125, 25413.631], "baseline": [21758.375, 25358.335]}
{"519.lbm_r_100_100_130": [19043.25, 25313.279], "baseline": [20373.125, 25155.583]}
{"519.lbm_r_100_100_130": [20354.625, 25292.799], "baseline": [20509.75, 25423.871]}
{"519.lbm_r_100_100_130": [22181.0, 25395.199], "baseline": [23061.75, 25411.583]}
{"519.lbm_r_100_100_130": [23325.75, 25393.150999999998], "baseline": [23112.0, 25419.774999999998]}
{"519.lbm_r_100_100_130": [18391.125, 25135.103], "baseline": [16517.875, 25413.631]}
{"519.lbm_r_100_100_130": [21111.875, 25102.335], "baseline": [22547.875, 25346.047]}
{"519.lbm_r_100_100_130": [17821.5, 25321.470999999998], "baseline": [22899.75, 25368.574999999997]}
{"519.lbm_r_100_100_130": [23485.0, 25399.295], "baseline": [19631.0, 25405.439]}
