{"519.lbm_r_100_100_130": [558.875, 25618.431], "baseline": [423.625, 25550.846999999998]}
{"519.lbm_r_100_100_130": [667.125, 25528.319], "baseline": [509.25, 25356.287]}
{"519.lbm_r_100_100_130": [567.25, 25440.255], "baseline": [456.625, 25638.911]}
{"519.lbm_r_100_100_130": [550.125, 25538.559], "baseline": [633.375, 25427.967]}
{"519.lbm_r_100_100_130": [403.75, 25427.967], "baseline": [771.125, 25348.095]}
{"519.lbm_r_100_100_130": [800.125, 25532.415], "baseline": [808.5, 25743.359]}
{"519.lbm_r_100_100_130": [473.0, 25726.975], "baseline": [492.625, 25456.639]}
{"519.lbm_r_100_100_130": [472.875, 25606.143], "baseline": [600.375, 25481.215]}
{"519.lbm_r_100_100_130": [423.25, 25419.775], "baseline": [756.0, 25628.671]}
{"519.lbm_r_100_100_130": [773.5, 25532.415], "baseline": [492.0, 25571.326999999997]}
