{"519.lbm_r_100_100_130": [7111.375, 24889.343], "baseline": [6328.0, 25458.686999999998]}
{"519.lbm_r_100_100_130": [6098.0, 25323.519], "baseline": [7223.5, 25192.447]}
{"519.lbm_r_100_100_130": [7707.0, 25139.199], "baseline": [6695.375, 25346.047]}
{"519.lbm_r_100_100_130": [7393.375, 25327.614999999998], "baseline": [7394.5, 25257.983]}
{"519.lbm_r_100_100_130": [6441.0, 24997.887], "baseline": [6377.5, 25450.495]}
{"519.lbm_r_100_100_130": [7175.125, 25075.711], "baseline": [6852.0, 25270.271]}
{"519.lbm_r_100_100_130": [6511.25, 25223.166999999998], "baseline": [7813.5, 25341.951]}
{"519.lbm_r_100_100_130": [5756.875, 25225.215], "baseline": [6792.0, 25333.759]}
{"519.lbm_r_100_100_130": [7445.25, 25229.310999999998], "baseline": [5967.75, 25341.951]}
{"519.lbm_r_100_100_130": [7232.0, 25317.375], "baseline": [7066.25, 25319.423]}
