{"519.lbm_r_100_100_130": [3679.0, 25348.095], "baseline": [2296.0, 25288.702999999998]}
{"519.lbm_r_100_100_130": [3384.125, 25458.686999999998], "baseline": [3198.25, 25049.087]}
{"519.lbm_r_100_100_130": [2734.0, 25126.911], "baseline": [3759.375, 25270.271]}
{"519.lbm_r_100_100_130": [3497.75, 25470.975], "baseline": [3379.375, 25272.319]}
{"519.lbm_r_100_100_130": [4016.375, 25223.167], "baseline": [3928.375, 25497.599]}
{"519.lbm_r_100_100_130": [2242.125, 25032.703], "baseline": [3078.75, 25376.767]}
{"519.lbm_r_100_100_130": [3614.125, 25270.271], "baseline": [2768.125, 25366.527]}
{"519.lbm_r_100_100_130": [3385.25, 25257.983], "baseline": [3329.625, 25376.767]}
{"519.lbm_r_100_100_130": [3736.25, 25444.351], "baseline": [3462.625, 25282.559]}
{"519.lbm_r_100_100_130": [2588.75, 25458.686999999998], "baseline": [3949.125, 25284.607]}
