{"519.lbm_r_100_100_130": [235.25, 25288.703], "baseline": [332.125, 25309.182999999997]}
{"519.lbm_r_100_100_130": [460.875, 25444.351], "baseline": [325.5, 25384.959]}
{"519.lbm_r_100_100_130": [198.625, 25483.263], "baseline": [229.75, 25319.423]}
{"519.lbm_r_100_100_130": [222.875, 25376.767], "baseline": [210.5, 25491.455]}
{"519.lbm_r_100_100_130": [227.375, 25366.527], "baseline": [191.625, 25407.487]}
{"519.lbm_r_100_100_130": [273.875, 25475.071], "baseline": [289.875, 25104.382999999998]}
{"519.lbm_r_100_100_130": [534.75, 25440.255], "baseline": [409.875, 25516.031]}
{"519.lbm_r_100_100_130": [388.625, 25370.623], "baseline": [606.25, 25503.743]}
{"519.lbm_r_100_100_130": [229.125, 25378.815], "baseline": [211.5, 25411.583]}
{"519.lbm_r_100_100_130": [301.75, 24985.599], "baseline": [498.0, 25315.326999999997]}
