{"519.lbm_r_100_100_130": [3911.375, 25341.951], "baseline": [2981.75, 25546.751]}
{"519.lbm_r_100_100_130": [3196.625, 25632.767], "baseline": [3829.0, 25718.783]}
{"519.lbm_r_100_100_130": [2847.375, 25622.527000000002], "baseline": [2652.5, 25458.686999999998]}
{"519.lbm_r_100_100_130": [3884.625, 25618.431], "baseline": [4335.125, 25737.215]}
{"519.lbm_r_100_100_130": [3608.75, 25620.479], "baseline": [3558.0, 25546.751]}
{"519.lbm_r_100_100_130": [3266.75, 25542.655], "baseline": [3375.0, 25413.631]}
{"519.lbm_r_100_100_130": [3069.75, 25511.934999999998], "baseline": [2737.125, 25538.559]}
{"519.lbm_r_100_100_130": [3524.875, 25737.215], "baseline": [3446.375, 25737.215]}
{"519.lbm_r_100_100_130": [4674.625, 25421.823], "baseline": [2791.125, 25417.727]}
{"519.lbm_r_100_100_130": [4880.375, 25516.031], "baseline": [5026.125, 25718.783]}
