{"519.lbm_r_100_100_130": [3004.75, 25221.119], "baseline": [3298.25, 25366.527000000002]}
{"519.lbm_r_100_100_130": [3039.75, 25427.967], "baseline": [3489.125, 25085.951]}
{"519.lbm_r_100_100_130": [3560.625, 25053.183], "baseline": [3536.375, 25436.159]}
{"519.lbm_r_100_100_130": [3456.75, 25124.863], "baseline": [3685.0, 25169.918999999998]}
{"519.lbm_r_100_100_130": [3137.125, 25178.111], "baseline": [2224.625, 25530.367]}
{"519.lbm_r_100_100_130": [4421.0, 25096.191], "baseline": [3757.625, 25430.015]}
{"519.lbm_r_100_100_130": [3775.625, 25313.279], "baseline": [2963.875, 25276.415]}
{"519.lbm_r_100_100_130": [4386.5, 25137.150999999998], "baseline": [4314.25, 25366.527]}
{"519.lbm_r_100_100_130": [3564.625, 25438.207], "baseline": [3428.25, 25266.175]}
{"519.lbm_r_100_100_130": [3235.5, 25090.047], "baseline": [4703.625, 25348.095]}
