{"519.lbm_r_100_100_130": [12713.375, 25626.623], "baseline": [14702.0, 25683.967]}
{"519.lbm_r_100_100_130": [17573.125, 25593.855], "baseline": [16733.25, 25444.351]}
{"519.lbm_r_100_100_130": [13510.0, 25692.159], "baseline": [16195.375, 25548.799]}
{"519.lbm_r_100_100_130": [16947.125, 25479.167], "baseline": [15323.125, 25333.759]}
{"519.lbm_r_100_100_130": [13802.625, 25262.078999999998], "baseline": [17910.0, 25731.071]}
{"519.lbm_r_100_100_130": [15436.5, 25671.679], "baseline": [17956.75, 25556.991]}
{"519.lbm_r_100_100_130": [14205.375, 25683.967], "baseline": [16317.125, 25708.542999999998]}
{"519.lbm_r_100_100_130": [19731.25, 25667.583], "baseline": [14725.25, 25720.831]}
{"519.lbm_r_100_100_130": [13021.875, 25729.023], "baseline": [16113.5, 25597.951]}
{"519.lbm_r_100_100_130": [16120.0, 25696.255], "baseline": [18243.75, 25718.783]}
