{"519.lbm_r_100_100_130": [19553.375, 25423.871], "baseline": [20572.375, 25167.871]}
{"519.lbm_r_100_100_130": [22133.875, 25229.311], "baseline": [20612.375, 25178.111]}
{"519.lbm_r_100_100_130": [19938.75, 25225.215], "baseline": [18690.5, 24893.439]}
{"519.lbm_r_100_100_130": [23368.375, 25042.943], "baseline": [22785.375, 25167.871]}
{"519.lbm_r_100_100_130": [21026.75, 25419.775], "baseline": [20927.125, 25423.871]}
{"519.lbm_r_100_100_130": [17289.125, 25425.919], "baseline": [20664.625, 25159.679]}
{"519.lbm_r_100_100_130": [19777.875, 25331.711], "baseline": [18236.25, 25372.671]}
{"519.lbm_r_100_100_130": [18086.75, 25423.871], "baseline": [23405.625, 25235.454999999998]}
{"519.lbm_r_100_100_130": [16509.125, 25423.871], "baseline": [18288.625, 25456.639]}
{"519.lbm_r_100_100_130": [21515.875, 25229.310999999998], "baseline": [22791.375, 25337.855]}
