{"519.lbm_r_100_100_130": [601.125, 25317.375], "baseline": [691.75, 25153.535]}
{"519.lbm_r_100_100_130": [662.375, 24913.918999999998], "baseline": [482.25, 25550.847]}
{"519.lbm_r_100_100_130": [450.0, 25155.583], "baseline": [423.0, 25391.103]}
{"519.lbm_r_100_100_130": [407.125, 25219.071], "baseline": [528.375, 25245.695]}
{"519.lbm_r_100_100_130": [597.375, 25227.263], "baseline": [579.75, 25425.918999999998]}
{"519.lbm_r_100_100_130": [658.875, 25323.519], "baseline": [523.875, 25331.711]}
{"519.lbm_r_100_100_130": [444.25, 25223.166999999998], "baseline": [379.625, 25237.503]}
{"519.lbm_r_100_100_130": [556.125, 25180.159], "baseline": [618.0, 25260.031]}
{"519.lbm_r_100_100_130": [468.875, 25423.871], "baseline": [486.125, 25155.583]}
{"519.lbm_r_100_100_130": [443.5, 25104.382999999998], "baseline": [874.25, 25446.398999999998]}
