{"519.lbm_r_100_100_130": [12252.5, 25446.398999999998], "baseline": [13300.625, 25497.599000000002]}
{"519.lbm_r_100_100_130": [15531.5, 25229.311], "baseline": [15735.75, 25475.071]}
{"519.lbm_r_100_100_130": [16147.5, 25458.686999999998], "baseline": [13832.5, 25417.727]}
{"519.lbm_r_100_100_130": [11239.125, 25454.591], "baseline": [16576.75, 25540.607]}
{"519.lbm_r_100_100_130": [15362.5, 25548.799], "baseline": [14264.25, 25452.542999999998]}
{"519.lbm_r_100_100_130": [16472.0, 25157.631], "baseline": [15920.0, 25343.999]}
{"519.lbm_r_100_100_130": [12727.875, 25436.159], "baseline": [16757.75, 25456.639]}
{"519.lbm_r_100_100_130": [14984.875, 25440.255], "baseline": [14784.75, 25237.503]}
{"519.lbm_r_100_100_130": [15771.25, 25370.623], "baseline": [14339.625, 25675.774999999998]}
{"519.lbm_r_100_100_130": [12170.875, 25554.943], "baseline": [18691.75, 25593.855]}
