{"519.lbm_r_100_100_130": [6029.25, 25462.783], "baseline": [6215.375, 25294.847]}
{"519.lbm_r_100_100_130": [5839.0, 25360.382999999998], "baseline": [6503.25, 25403.391]}
{"519.lbm_r_100_100_130": [7793.625, 25470.975], "baseline": [6239.375, 25573.375]}
{"519.lbm_r_100_100_130": [7553.5, 25286.655], "baseline": [6340.0, 25579.519]}
{"519.lbm_r_100_100_130": [6145.75, 25491.454999999998], "baseline": [6504.5, 25419.775]}
{"519.lbm_r_100_100_130": [8618.375, 25409.535], "baseline": [7481.0, 25260.031]}
{"519.lbm_r_100_100_130": [7067.625, 25333.759], "baseline": [5761.75, 25282.559]}
{"519.lbm_r_100_100_130": [7042.5, 25425.918999999998], "baseline": [5635.0, 25329.663]}
{"519.lbm_r_100_100_130": [6881.25, 25458.686999999998], "baseline": [5879.375, 25593.855]}
{"519.lbm_r_100_100_130": [5987.125, 25462.783], "baseline": [6068.5, 25280.511]}
