{"519.lbm_r_100_100_130": [813.25, 25683.967], "baseline": [605.375, 25442.303]}
{"519.lbm_r_100_100_130": [439.25, 25501.695], "baseline": [332.0, 25616.382999999998]}
{"519.lbm_r_100_100_130": [591.0, 25688.063], "baseline": [684.0, 25724.927]}
{"519.lbm_r_100_100_130": [333.375, 25602.047], "baseline": [660.375, 25829.375]}
{"519.lbm_r_100_100_130": [273.875, 25788.415], "baseline": [569.875, 25622.527]}
{"519.lbm_r_100_100_130": [303.375, 25614.335], "baseline": [459.875, 25726.975]}
{"519.lbm_r_100_100_130": [861.125, 25663.487], "baseline": [490.5, 25524.222999999998]}
{"519.lbm_r_100_100_130": [411.75, 25812.991], "baseline": [811.75, 25800.703]}
{"519.lbm_r_100_100_130": [318.25, 25714.687], "baseline": [408.875, 25712.639]}
{"519.lbm_r_100_100_130": [412.5, 25718.783], "baseline": [401.0, 25829.375]}
