{"519.lbm_r_100_100_130": [6757.625, 25393.150999999998], "baseline": [6202.25, 25325.567]}
{"519.lbm_r_100_100_130": [6618.125, 25391.103], "baseline": [6999.125, 25329.663]}
{"519.lbm_r_100_100_130": [6217.875, 25501.695], "baseline": [6663.5, 25448.447]}
{"519.lbm_r_100_100_130": [6195.25, 25407.487], "baseline": [7381.125, 25438.207]}
{"519.lbm_r_100_100_130": [6437.375, 25399.295], "baseline": [6850.375, 25446.398999999998]}
{"519.lbm_r_100_100_130": [5558.625, 25092.095], "baseline": [7146.125, 25503.743]}
{"519.lbm_r_100_100_130": [6022.5, 25511.934999999998], "baseline": [5931.75, 25333.759]}
{"519.lbm_r_100_100_130": [8369.875, 25296.895], "baseline": [6875.625, 25350.143]}
{"519.lbm_r_100_100_130": [5902.75, 25319.423], "baseline": [6750.625, 25255.934999999998]}
{"519.lbm_r_100_100_130": [7543.375, 25006.078999999998], "baseline": [6473.125, 25622.527000000002]}
