{"519.lbm_r_100_100_130": [1412.75, 25432.063], "baseline": [1741.875, 25458.686999999998]}
{"519.lbm_r_100_100_130": [1846.875, 25327.615], "baseline": [2190.5, 25339.903]}
{"519.lbm_r_100_100_130": [1873.125, 25212.927], "baseline": [1478.625, 25020.415]}
{"519.lbm_r_100_100_130": [2043.5, 25200.639], "baseline": [1921.75, 25352.191]}
{"519.lbm_r_100_100_130": [2009.375, 25417.727], "baseline": [2222.625, 25264.127]}
{"519.lbm_r_100_100_130": [1517.625, 25315.326999999997], "baseline": [1715.25, 25430.015]}
{"519.lbm_r_100_100_130": [1413.25, 25227.263], "baseline": [1404.0, 25247.743]}
{"519.lbm_r_100_100_130": [1538.875, 25225.215], "baseline": [1869.25, 25346.047]}
{"519.lbm_r_100_100_130": [1569.125, 25131.007], "baseline": [2142.5, 25370.623]}
{"519.lbm_r_100_100_130": [2682.375, 24944.639], "baseline": [2224.625, 25454.591]}
