{"519.lbm_r_100_100_130": [227.25, 25268.222999999998], "baseline": [233.125, 25470.975]}
{"519.lbm_r_100_100_130": [243.0, 25522.175], "baseline": [351.125, 25569.279000000002]}
{"519.lbm_r_100_100_130": [216.5, 25530.367], "baseline": [220.875, 25540.607]}
{"519.lbm_r_100_100_130": [259.375, 25735.167], "baseline": [239.125, 25368.575]}
{"519.lbm_r_100_100_130": [261.25, 25622.527000000002], "baseline": [236.625, 25438.207]}
{"519.lbm_r_100_100_130": [199.875, 25044.990999999998], "baseline": [228.625, 25550.847]}
{"519.lbm_r_100_100_130": [194.75, 25530.367], "baseline": [287.875, 25559.039]}
{"519.lbm_r_100_100_130": [212.75, 25518.078999999998], "baseline": [199.625, 25565.183]}
{"519.lbm_r_100_100_130": [366.125, 25430.015], "baseline": [266.25, 25653.247]}
{"519.lbm_r_100_100_130": [228.0, 25292.799], "baseline": [251.0, 25735.167]}
