{"519.lbm_r_100_100_130": [662.625, 25298.943], "baseline": [398.5, 25307.135]}
{"519.lbm_r_100_100_130": [1289.125, 25282.559], "baseline": [654.875, 25501.695]}
{"519.lbm_r_100_100_130": [844.0, 25235.454999999998], "baseline": [897.75, 25417.727]}
{"519.lbm_r_100_100_130": [509.75, 25468.927], "baseline": [444.375, 25425.918999999998]}
{"519.lbm_r_100_100_130": [581.75, 25280.511], "baseline": [595.125, 25321.470999999998]}
{"519.lbm_r_100_100_130": [675.5, 25184.255], "baseline": [1150.625, 25143.295]}
{"519.lbm_r_100_100_130": [849.375, 25387.006999999998], "baseline": [656.25, 25430.015]}
{"519.lbm_r_100_100_130": [885.0, 25270.271], "baseline": [545.5, 25403.391]}
{"519.lbm_r_100_100_130": [524.5, 25479.166999999998], "baseline": [846.5, 25495.551]}
{"519.lbm_r_100_100_130": [581.875, 25475.071], "baseline": [401.25, 25309.183]}
