{"519.lbm_r_100_100_130": [431922.25, 25528.319], "baseline": [225923.75, 25655.295]}
{"519.lbm_r_100_100_130": [324739.75, 25528.319], "baseline": [364839.75, 25436.159]}
{"519.lbm_r_100_100_130": [231652.5, 25444.351], "baseline": [307029.0, 25647.103]}
{"519.lbm_r_100_100_130": [614661.875, 25540.607], "baseline": [369420.0, 25393.150999999998]}
{"519.lbm_r_100_100_130": [533608.5, 25640.959], "baseline": [607605.5, 25747.454999999998]}
{"519.lbm_r_100_100_130": [426005.875, 25530.367], "baseline": [377599.875, 25657.343]}
{"519.lbm_r_100_100_130": [239472.25, 25249.790999999997], "baseline": [211891.5, 25632.767]}
{"519.lbm_r_100_100_130": [732031.25, 25616.383], "baseline": [513479.75, 25735.167]}
{"519.lbm_r_100_100_130": [462643.0, 25450.495], "baseline": [306266.75, 25628.671]}
{"519.lbm_r_100_100_130": [471879.125, 25620.479], "baseline": [448878.0, 25563.135]}
