{"masstree": {"blackscholes": {"95th_latency": 4636.0, "99th_latency": 15238.0, "violate_rate": 16.95956836613896, "throughput": 4000}, "bodytrack": {"95th_latency": 4458.0, "99th_latency": 14561.0, "violate_rate": 16.85180567107835, "throughput": 4000}, "facesim": {"95th_latency": 5297.0, "99th_latency": 17496.0, "violate_rate": 20.960030413373644, "throughput": 4000}, "ferret": {"95th_latency": 7598.0, "99th_latency": 26255.0, "violate_rate": 28.43682592383161, "throughput": 4000}, "fluidanimate": {"95th_latency": 5310.0, "99th_latency": 17121.0, "violate_rate": 19.186554112629175, "throughput": 4000}, "freqmine": {"95th_latency": 5056.0, "99th_latency": 16411.0, "violate_rate": 18.79352826842877, "throughput": 4000}, "raytrace": {"95th_latency": 4524.0, "99th_latency": 15692.0, "violate_rate": 15.231530969342376, "throughput": 4000}, "swaptions": {"95th_latency": 4491.0, "99th_latency": 14407.0, "violate_rate": 15.504617820597218, "throughput": 4000}, "vips": {"95th_latency": 4674.0, "99th_latency": 15937.0, "violate_rate": 16.244028324556208, "throughput": 4000}, "x264": {"95th_latency": 4802.0, "99th_latency": 16652.0, "violate_rate": 16.84188778281725, "throughput": 4000}, "baseline": {"95th_latency": 4484.0, "99th_latency": 15084.0, "violate_rate": 15.450064228815576, "throughput": 4000}}}
{"masstree": {"blackscholes": {"95th_latency": 4646.0, "99th_latency": 15302.0, "violate_rate": 16.433320640589837, "throughput": 4000}, "bodytrack": {"95th_latency": 4387.0, "99th_latency": 14654.0, "violate_rate": 15.253180062012845, "throughput": 4000}, "facesim": {"95th_latency": 5632.0, "99th_latency": 17909.0, "violate_rate": 21.258096696604067, "throughput": 4000}, "ferret": {"95th_latency": 6729.0, "99th_latency": 21517.0, "violate_rate": 27.48645813788804, "throughput": 4000}, "fluidanimate": {"95th_latency": 5687.0, "99th_latency": 17124.0, "violate_rate": 19.78736499523795, "throughput": 4000}, "freqmine": {"95th_latency": 5146.0, "99th_latency": 16218.0, "violate_rate": 18.351123713197918, "throughput": 4000}, "raytrace": {"95th_latency": 4514.0, "99th_latency": 15789.0, "violate_rate": 15.450398295749949, "throughput": 4000}, "swaptions": {"95th_latency": 4416.0, "99th_latency": 15560.0, "violate_rate": 15.978102812302254, "throughput": 4000}, "vips": {"95th_latency": 4167.0, "99th_latency": 14269.0, "violate_rate": 15.756583568934378, "throughput": 4000}, "x264": {"95th_latency": 4565.0, "99th_latency": 15156.0, "violate_rate": 16.622723859841525, "throughput": 4000}, "baseline": {"95th_latency": 4587.0, "99th_latency": 16196.000000000002, "violate_rate": 16.523635404722366, "throughput": 4000}}}
{"masstree": {"blackscholes": {"95th_latency": 4407.0, "99th_latency": 14020.0, "violate_rate": 16.331858594016577, "throughput": 4000}, "bodytrack": {"95th_latency": 4527.0, "99th_latency": 15537.0, "violate_rate": 16.972258777153527, "throughput": 4000}, "facesim": {"95th_latency": 5005.0, "99th_latency": 18041.0, "violate_rate": 19.189745846622362, "throughput": 4000}, "ferret": {"95th_latency": 6201.0, "99th_latency": 19837.0, "violate_rate": 27.295466386682083, "throughput": 4000}, "fluidanimate": {"95th_latency": 4995.0, "99th_latency": 16262.0, "violate_rate": 18.431779384971723, "throughput": 4000}, "freqmine": {"95th_latency": 4803.0, "99th_latency": 15589.0, "violate_rate": 17.164188070861073, "throughput": 4000}, "raytrace": {"95th_latency": 4338.0, "99th_latency": 15038.0, "violate_rate": 15.238646592219649, "throughput": 4000}, "swaptions": {"95th_latency": 4168.0, "99th_latency": 13999.0, "violate_rate": 15.329841426403831, "throughput": 4000}, "vips": {"95th_latency": 4519.0, "99th_latency": 14698.0, "violate_rate": 15.06528280872924, "throughput": 4000}, "x264": {"95th_latency": 4727.0, "99th_latency": 15560.0, "violate_rate": 16.661370656108662, "throughput": 4000}, "baseline": {"95th_latency": 4169.0, "99th_latency": 14379.0, "violate_rate": 15.836974037810766, "throughput": 4000}}}
{"masstree": {"blackscholes": {"95th_latency": 4526.0, "99th_latency": 15530.0, "violate_rate": 16.440481883681013, "throughput": 4000}, "bodytrack": {"95th_latency": 4720.0, "99th_latency": 15049.0, "violate_rate": 16.12377911300535, "throughput": 4000}, "facesim": {"95th_latency": 5608.0, "99th_latency": 18383.0, "violate_rate": 20.432557570318405, "throughput": 4000}, "ferret": {"95th_latency": 6701.0, "99th_latency": 21880.0, "violate_rate": 27.23302505372454, "throughput": 4000}, "fluidanimate": {"95th_latency": 4844.0, "99th_latency": 16065.000000000002, "violate_rate": 18.287725320329894, "throughput": 4000}, "freqmine": {"95th_latency": 4696.0, "99th_latency": 15644.0, "violate_rate": 17.3120596860258, "throughput": 4000}, "raytrace": {"95th_latency": 4288.0, "99th_latency": 14376.0, "violate_rate": 15.07923938534282, "throughput": 4000}, "swaptions": {"95th_latency": 4469.0, "99th_latency": 15043.0, "violate_rate": 15.00528642885955, "throughput": 4000}, "vips": {"95th_latency": 4706.0, "99th_latency": 14775.0, "violate_rate": 15.418834904388163, "throughput": 4000}, "x264": {"95th_latency": 4740.0, "99th_latency": 14991.0, "violate_rate": 16.683834572679533, "throughput": 4000}, "baseline": {"95th_latency": 4404.0, "99th_latency": 15425.0, "violate_rate": 15.023747816447452, "throughput": 4000}}}
{"masstree": {"blackscholes": {"95th_latency": 4579.0, "99th_latency": 15305.0, "violate_rate": 16.773525809311767, "throughput": 4000}, "bodytrack": {"95th_latency": 5522.0, "99th_latency": 17553.0, "violate_rate": 19.816727382848743, "throughput": 4000}, "facesim": {"95th_latency": 5384.0, "99th_latency": 17213.0, "violate_rate": 20.73425710888625, "throughput": 4000}, "ferret": {"95th_latency": 7742.0, "99th_latency": 26248.0, "violate_rate": 28.18227479905781, "throughput": 4000}, "fluidanimate": {"95th_latency": 5203.0, "99th_latency": 15924.0, "violate_rate": 19.411817854857944, "throughput": 4000}, "freqmine": {"95th_latency": 4887.0, "99th_latency": 16567.0, "violate_rate": 18.843653239642823, "throughput": 4000}, "raytrace": {"95th_latency": 4476.0, "99th_latency": 13930.0, "violate_rate": 15.097499492361283, "throughput": 4000}, "swaptions": {"95th_latency": 4308.0, "99th_latency": 15143.0, "violate_rate": 15.768216071992182, "throughput": 4000}, "vips": {"95th_latency": 4587.0, "99th_latency": 15102.0, "violate_rate": 16.54182939245578, "throughput": 4000}, "x264": {"95th_latency": 4756.0, "99th_latency": 14911.0, "violate_rate": 16.098311548449775, "throughput": 4000}, "baseline": {"95th_latency": 4418.0, "99th_latency": 14140.0, "violate_rate": 15.485716290424765, "throughput": 4000}}}
{"masstree": {"blackscholes": {"95th_latency": 5005.0, "99th_latency": 15276.0, "violate_rate": 16.198075160910903, "throughput": 4000}, "bodytrack": {"95th_latency": 4752.0, "99th_latency": 15542.0, "violate_rate": 16.507890187414898, "throughput": 4000}, "facesim": {"95th_latency": 5197.0, "99th_latency": 17427.0, "violate_rate": 20.611455671916286, "throughput": 4000}, "ferret": {"95th_latency": 7195.0, "99th_latency": 23320.0, "violate_rate": 27.45186800131663, "throughput": 4000}, "fluidanimate": {"95th_latency": 4798.0, "99th_latency": 15398.0, "violate_rate": 18.4782260450976, "throughput": 4000}, "freqmine": {"95th_latency": 4883.0, "99th_latency": 17209.0, "violate_rate": 17.514739936280424, "throughput": 4000}, "raytrace": {"95th_latency": 4668.0, "99th_latency": 15195.0, "violate_rate": 16.802435606771038, "throughput": 4000}, "swaptions": {"95th_latency": 4636.0, "99th_latency": 14606.0, "violate_rate": 15.638432037909805, "throughput": 4000}, "vips": {"95th_latency": 4585.0, "99th_latency": 15969.0, "violate_rate": 16.539597812887123, "throughput": 4000}, "x264": {"95th_latency": 4695.0, "99th_latency": 15990.0, "violate_rate": 16.621359260517135, "throughput": 4000}, "baseline": {"95th_latency": 4577.0, "99th_latency": 15081.0, "violate_rate": 15.26968423116875, "throughput": 4000}}}
{"masstree": {"blackscholes": {"95th_latency": 4587.0,