{"masstree": {"blackscholes": {"95th_latency": 4459.0, "99th_latency": 14642.0, "violate_rate": 15.44520963732866, "throughput": 4000}, "bodytrack": {"95th_latency": 4486.0, "99th_latency": 15052.0, "violate_rate": 15.208505804978078, "throughput": 4000}, "facesim": {"95th_latency": 6106.0, "99th_latency": 19148.0, "violate_rate": 23.262080083339125, "throughput": 4000}, "ferret": {"95th_latency": 7055.0, "99th_latency": 24044.0, "violate_rate": 30.449306301366647, "throughput": 4000}, "fluidanimate": {"95th_latency": 6712.0, "99th_latency": 23773.0, "violate_rate": 28.691729134383426, "throughput": 4000}, "freqmine": {"95th_latency": 4799.0, "99th_latency": 16253.0, "violate_rate": 17.80276959131426, "throughput": 4000}, "raytrace": {"95th_latency": 4352.0, "99th_latency": 14258.0, "violate_rate": 15.227873847940144, "throughput": 4000}, "swaptions": {"95th_latency": 4412.0, "99th_latency": 14270.0, "violate_rate": 15.263963707693735, "throughput": 4000}, "vips": {"95th_latency": 4425.0, "99th_latency": 15364.0, "violate_rate": 15.09397200887095, "throughput": 4000}, "x264": {"95th_latency": 4531.0, "99th_latency": 14845.0, "violate_rate": 15.424639757050498, "throughput": 4000}, "baseline": {"95th_latency": 4514.0, "99th_latency": 15043.0, "violate_rate": 16.82196305921116, "throughput": 4000}}}
{"masstree": {"blackscholes": {"95th_latency": 4769.0, "99th_latency": 15180.0, "violate_rate": 16.73450442668116, "throughput": 4000}, "bodytrack": {"95th_latency": 4451.0, "99th_latency": 15113.0, "violate_rate": 16.61978528843235, "throughput": 4000}, "facesim": {"95th_latency": 6006.0, "99th_latency": 18884.0, "violate_rate": 21.204322091706, "throughput": 4000}, "ferret": {"95th_latency": 8218.0, "99th_latency": 26263.0, "violate_rate": 31.25893659658172, "throughput": 4000}, "fluidanimate": {"95th_latency": 6680.0, "99th_latency": 20908.0, "violate_rate": 27.440423177141295, "throughput": 4000}, "freqmine": {"95th_latency": 4599.0, "99th_latency": 15168.0, "violate_rate": 16.553109172957377, "throughput": 4000}, "raytrace": {"95th_latency": 4235.0, "99th_latency": 13984.0, "violate_rate": 14.11572237919266, "throughput": 4000}, "swaptions": {"95th_latency": 4266.0, "99th_latency": 14932.0, "violate_rate": 15.64543633765419, "throughput": 4000}, "vips": {"95th_latency": 4503.0, "99th_latency": 15721.0, "violate_rate": 15.276303027870314, "throughput": 4000}, "x264": {"95th_latency": 4450.0, "99th_latency": 14914.0, "violate_rate": 15.29353253094246, "throughput": 4000}, "baseline": {"95th_latency": 4324.0, "99th_latency": 14220.0, "violate_rate": 15.797821547561384, "throughput": 4000}}}
{"masstree": {"blackscholes": {"95th_latency": 4658.0, "99th_latency": 15025.0, "violate_rate": 15.742309146459844, "throughput": 4000}, "bodytrack": {"95th_latency": 4439.0, "99th_latency": 14665.0, "violate_rate": 15.265196968555344, "throughput": 4000}, "facesim": {"95th_latency": 5599.0, "99th_latency": 17909.0, "violate_rate": 22.986591006663996, "throughput": 4000}, "ferret": {"95th_latency": 7403.0, "99th_latency": 25670.0, "violate_rate": 30.27355717612283, "throughput": 4000}, "fluidanimate": {"95th_latency": 7021.0, "99th_latency": 22595.0, "violate_rate": 26.300911986553054, "throughput": 4000}, "freqmine": {"95th_latency": 4749.0, "99th_latency": 15543.0, "violate_rate": 16.099635186557688, "throughput": 4000}, "raytrace": {"95th_latency": 4928.0, "99th_latency": 15689.0, "violate_rate": 16.95256255310972, "throughput": 4000}, "swaptions": {"95th_latency": 4465.0, "99th_latency": 14365.0, "violate_rate": 15.766593072720584, "throughput": 4000}, "vips": {"95th_latency": 4598.0, "99th_latency": 15319.0, "violate_rate": 16.846724518731893, "throughput": 4000}, "x264": {"95th_latency": 4892.0, "99th_latency": 15257.0, "violate_rate": 16.907525921079124, "throughput": 4000}, "baseline": {"95th_latency": 4302.0, "99th_latency": 14442.0, "violate_rate": 15.399047241228287, "throughput": 4000}}}
{"masstree": {"blackscholes": {"95th_latency": 4960.0, "99th_latency": 15572.0, "violate_rate": 16.03513201238872, "throughput": 4000}, "bodytrack": {"95th_latency": 4548.0, "99th_latency": 15709.0, "violate_rate": 16.76278050277334, "throughput": 4000}, "facesim": {"95th_latency": 6321.0, "99th_latency": 19789.0, "violate_rate": 23.594944166069002, "throughput": 4000}, "ferret": {"95th_latency": 7967.0, "99th_latency": 24871.0, "violate_rate": 30.250401827886982, "throughput": 4000}, "fluidanimate": {"95th_latency": 6666.0, "99th_latency": 21093.0, "violate_rate": 26.26125819669252, "throughput": 4000}, "freqmine": {"95th_latency": 4905.0, "99th_latency": 15526.0, "violate_rate": 17.755913111940497, "throughput": 4000}, "raytrace": {"95th_latency": 4698.0, "99th_latency": 15468.0, "violate_rate": 16.678125521179183, "throughput": 4000}, "swaptions": {"95th_latency": 4094.9999999999995, "99th_latency": 13804.0, "violate_rate": 15.887976473334163, "throughput": 4000}, "vips": {"95th_latency": 4681.0, "99th_latency": 15940.0, "violate_rate": 16.553097344187854, "throughput": 4000}, "x264": {"95th_latency": 4695.0, "99th_latency": 15704.0, "violate_rate": 16.116206896405632, "throughput": 4000}, "baseline": {"95th_latency": 4637.0, "99th_latency": 15404.0, "violate_rate": 15.474492590806946, "throughput": 4000}}}
{"masstree": {"blackscholes": {"95th_latency": 4556.0, "99th_latency": 14903.0, "violate_rate": 15.677306008451012, "throughput": 4000}, "bodytrack": {"95th_latency": 4845.0, "99th_latency": 16315.999999999998, "violate_rate": 16.568917646295628, "throughput": 4000}, "facesim": {"95th_latency": 5375.0, "99th_latency": 18326.0, "violate_rate": 21.669315449353764, "throughput": 4000}, "ferret": {"95th_latency": 8507.0, "99th_latency": 27752.0, "violate_rate": 30.42511161686992, "throughput": 4000}, "fluidanimate": {"95th_latency": 7581.0, "99th_latency": 22832.0, "violate_rate": 28.76099541828066, "throughput": 4000}, "freqmine": {"95th_latency": 4718.0, "99th_latency": 15625.0, "violate_rate": 16.41841528974446, "throughput": 4000}, "raytrace": {"95th_latency": 4428.0, "99th_latency": 15530.0, "violate_rate": 15.94327962501632, "throughput": 4000}, "swaptions": {"95th_latency": 4274.0, "99th_latency": 14058.0, "violate_rate": 15.715160396520286, "throughput": 4000}, "vips": {"95th_latency": 4311.0, "99th_latency": 14305.0, "violate_rate": 15.789228937799518, "throughput": 4000}, "x264": {"95th_latency": 4339.0, "99th_latency": 14265.0, "violate_rate": 15.981422570566107, "throughput": 4000}, "baseline": {"95th_latency": 4569.0, "99th_latency": 15716.0, "violate_rate": 15.230995906978878, "throughput": 4000}}}
{"masstree": {"blackscholes": {"95th_latency": 4576.0, "99th_latency": 15386.0, "violate_rate": 15.44374943888671, "throughput": 4000}, "bodytrack": {"95th_latency": 4659.0, "99th_latency": 14725.0, "violate_rate": 16.366609559089515, "throughput": 4000}, "facesim": {"95th_latency": 5574.0, "99th_latency": 17951.0, "violate_rate": 21.333874380663705, "throughput": 4000}, "ferret": {"95th_latency": 8361.0, "99th_latency": 27299.0, "violate_rate": 31.842836808097893, "throughput": 4000}, "fluidanimate": {"95th_latency": 7039.0, "99th_latency": 21715.0, "violate_rate": 28.501521006562374, "throughput": 4000}, "freqmine": {"95th_latency": 5110.0, "99th_latency": 16079.999999999998, "violate_rate": 17.772984126708895, "throughput": 4000}, "raytrace": {"95th_latency": 4404.0, "99th_latency": 14205.0, "violate_rate": 15.41200473720983, "throughput": 4000}, "swaptions": {"95th_latency": 4550.0, "99th_latency": 15503.0, "violate_rate": 15.681362418973196, "throughput": 4000}, "vips": {"95th_latency": 4622.0, "99th_latency": 15509.0, "violate_rate": 15.382745663457744, "throughput": 4000}, "x264": {"95th_latency": 4249.0, "99th_latency": 14494.0, "violate_rate": 15.219985208906238, "throughput": 4000}, "baseline": {"95th_latency": 4272.0, "99th_latency": 15132.0, "violate_rate": 15.430279041027118,