{"masstree": {"519.lbm_r": {"95th_latency": 1662.0, "99th_latency": 4501.0, "violate_rate": 3.3868229989497824, "throughput": 2500}, "507.cactuBSSN_r": {"95th_latency": 1069.0, "99th_latency": 2617.0, "violate_rate": 1.3203067689148889, "throughput": 2500}, "500.perlbench_r": {"95th_latency": 889.0, "99th_latency": 1925.0, "violate_rate": 0.0019053668464961428, "throughput": 2500}, "502.gcc_r": {"95th_latency": 852.0, "99th_latency": 1887.0, "violate_rate": 0.003857507774201074, "throughput": 2500}, "503.bwaves_r": {"95th_latency": 849.0, "99th_latency": 1788.0, "violate_rate": 0.00997137780663127, "throughput": 2500}, "505.mcf_r": {"95th_latency": 1022.9999999999999, "99th_latency": 2368.0, "violate_rate": 1.5226641941215526, "throughput": 2500}, "508.namd_r": {"95th_latency": 888.0, "99th_latency": 2007.0000000000002, "violate_rate": 1.9897804683682738, "throughput": 2500}, "510.parest_r": {"95th_latency": 900.0, "99th_latency": 2005.9999999999998, "violate_rate": 1.99135268204043, "throughput": 2500}, "511.povray_r": {"95th_latency": 838.0, "99th_latency": 1827.0, "violate_rate": 0.005877463571905975, "throughput": 2500}, "520.omnetpp_r": {"95th_latency": 1016.9999999999999, "99th_latency": 2420.0, "violate_rate": 1.4915890887358096, "throughput": 2500}, "521.wrf_r": {"95th_latency": 849.0, "99th_latency": 1919.0, "violate_rate": 0.0022366390573433, "throughput": 2500}, "523.xalancbmk_r": {"95th_latency": 896.0, "99th_latency": 1983.0, "violate_rate": 0.0005536595466012671, "throughput": 2500}, "525.x264_r": {"95th_latency": 847.0, "99th_latency": 1882.0, "violate_rate": 0.0032849381393971204, "throughput": 2500}, "526.blender_r": {"95th_latency": 924.0, "99th_latency": 2098.0, "violate_rate": 1.8563266095294197, "throughput": 2500}, "527.cam4_r": {"95th_latency": 847.0, "99th_latency": 1864.0, "violate_rate": 0.0029649684687171316, "throughput": 2500}, "531.deepsjeng_r": {"95th_latency": 867.0, "99th_latency": 1873.0, "violate_rate": 0.005365009159069981, "throughput": 2500}, "538.imagick_r": {"95th_latency": 859.0, "99th_latency": 1858.0, "violate_rate": 0.004355525664617425, "throughput": 2500}, "541.leela_r": {"95th_latency": 853.0, "99th_latency": 1925.0, "violate_rate": 0.0018413402387713828, "throughput": 2500}, "544.nab_r": {"95th_latency": 886.0, "99th_latency": 2041.9999999999998, "violate_rate": 1.9368842487581335, "throughput": 2500}, "548.exchange2_r": {"95th_latency": 845.0, "99th_latency": 1923.0, "violate_rate": 0.0016695300478395526, "throughput": 2500}, "549.fotonik3d_r": {"95th_latency": 865.0, "99th_latency": 1937.0, "violate_rate": 0.0019485857481972987, "throughput": 2500}, "554.roms_r": {"95th_latency": 852.0, "99th_latency": 1832.0, "violate_rate": 0.0032809570964569164, "throughput": 2500}, "557.xz_r": {"95th_latency": 947.0, "99th_latency": 2102.0, "violate_rate": 1.8434204788520872, "throughput": 2500}, "baseline": {"95th_latency": 843.0, "99th_latency": 1810.0, "violate_rate": 0.004184203065659669, "throughput": 2500}}}
{"masstree": {"519.lbm_r": {"95th_latency": 1658.0, "99th_latency": 5111.0, "violate_rate": 3.3381984634214668, "throughput": 2500}, "507.cactuBSSN_r": {"95th_latency": 1062.0, "99th_latency": 2457.0, "violate_rate": 1.439548833701423, "throughput": 2500}, "500.perlbench_r": {"95th_latency": 876.0, "99th_latency": 1893.0, "violate_rate": 0.0028311635120190264, "throughput": 2500}, "502.gcc_r": {"95th_latency": 856.0, "99th_latency": 1877.0, "violate_rate": 0.0037317948244317838, "throughput": 2500}, "503.bwaves_r": {"95th_latency": 850.0, "99th_latency": 1829.0, "violate_rate": 0.0070348757569065595, "throughput": 2500}, "505.mcf_r": {"95th_latency": 1041.0, "99th_latency": 2438.0, "violate_rate": 1.4526324685751553, "throughput": 2500}, "508.namd_r": {"95th_latency": 885.0, "99th_latency": 1899.0, "violate_rate": 0.0024271898452752493, "throughput": 2500}, "510.parest_r": {"95th_latency": 920.0, "99th_latency": 2065.0, "violate_rate": 1.899002318883289, "throughput": 2500}, "511.povray_r": {"95th_latency": 857.0, "99th_latency": 1883.0, "violate_rate": 0.004345139364929056, "throughput": 2500}, "520.omnetpp_r": {"95th_latency": 1018.0, "99th_latency": 2424.0, "violate_rate": 1.484557348892198, "throughput": 2500}, "521.wrf_r": {"95th_latency": 856.0, "99th_latency": 1857.0, "violate_rate": 0.004564700431190903, "throughput": 2500}, "523.xalancbmk_r": {"95th_latency": 887.0, "99th_latency": 1907.0, "violate_rate": 0.0022887580482612723, "throughput": 2500}, "525.x264_r": {"95th_latency": 851.0, "99th_latency": 1917.0, "violate_rate": 0.003549453971768413, "throughput": 2500}, "526.blender_r": {"95th_latency": 923.0, "99th_latency": 2153.0, "violate_rate": 1.7923627773573325, "throughput": 2500}, "527.cam4_r": {"95th_latency": 857.0, "99th_latency": 1888.0, "violate_rate": 0.0034285291483319128, "throughput": 2500}, "531.deepsjeng_r": {"95th_latency": 882.0, "99th_latency": 1904.0, "violate_rate": 0.004832163004680672, "throughput": 2500}, "538.imagick_r": {"95th_latency": 875.0, "99th_latency": 1866.0, "violate_rate": 0.0029330165438926355, "throughput": 2500}, "541.leela_r": {"95th_latency": 844.0, "99th_latency": 1881.0, "violate_rate": 0.002906183603017199, "throughput": 2500}, "544.nab_r": {"95th_latency": 866.0, "99th_latency": 2012.0, "violate_rate": 1.9829991333574666, "throughput": 2500}, "548.exchange2_r": {"95th_latency": 864.0, "99th_latency": 1942.0, "violate_rate": 0.0018093901161531521, "throughput": 2500}, "549.fotonik3d_r": {"95th_latency": 838.0, "99th_latency": 1870.0, "violate_rate": 0.0028933058688501573, "throughput": 2500}, "554.roms_r": {"95th_latency": 845.0, "99th_latency": 1884.0, "violate_rate": 0.003533531842996513, "throughput": 2500}, "557.xz_r": {"95th_latency": 946.0, "99th_latency": 2163.0, "violate_rate": 1.7668277865889614, "throughput": 2500}, "baseline": {"95th_latency": 860.0, "99th_latency": 1844.0, "violate_rate": 0.006662644346110671, "throughput": 2500}}}
{"masstree": {"519.lbm_r": {"95th_latency": 1697.0, "99th_latency": 5158.0, "violate_rate": 3.19378647380439, "throughput": 2500}, "507.cactuBSSN_r": {"95th_latency": 1073.0, "99th_latency": 2515.0, "violate_rate": 1.3766493489899905, "throughput": 2500}, "500.perlbench_r": {"95th_latency": 890.0, "99th_latency": 1924.0, "violate_rate": 0.002346169767121409, "throughput": 2500}, "502.gcc_r": {"95th_latency": 866.0, "99th_latency": 1937.0, "violate_rate": 0.0014462666127970233, "throughput": 2500}, "503.bwaves_r": {"95th_latency": 866.0, "99th_latency": 1955.0, "violate_rate": 0.0012546480373410137, "throughput": 2500}, "505.mcf_r": {"95th_latency": 1032.0, "99th_latency": 2554.0, "violate_rate": 1.387491807327158, "throughput": 2500}, "508.namd_r": {"95th_latency": 905.0, "99th_latency": 2039.0000000000002, "violate_rate": 1.9401436041750133, "throughput": 2500}, "510.parest_r": {"95th_latency": 912.0, "99th_latency": 1986.0, "violate_rate": 0.00042613441332094496, "throughput": 2500}, "511.povray_r": {"95th_latency": 875.0, "99th_latency": 1904.0, "violate_rate": 0.0030503899193022603, "throughput": 2500}, "520.omnetpp_r": {"95th_latency": 1028.0, "99th_latency": 2352.0, "violate_rate": 1.5407622091048, "throughput": 2500}, "521.wrf_r": {"95th_latency": 868.0, "99th_latency": 1861.0, "violate_rate": 0.0035158158280853427, "throughput": 2500}, "523.xalancbmk_r": {"95th_latency": 902.0, "99th_latency": 1971.0, "violate_rate": 0.0009133691662164136, "throughput": 2500}, "525.x264_r": {"95th_latency": 848.0, "99th_latency": 1833.0, "violate_rate": 0.005059039511018622, "throughput": 2500}, "526.blender_r": {"95th_latency": 933.0, "99th_latency": 2155.0, "violate_rate": 1.78342087226663, "throughput": 2500}, "527.cam4_r": {"95th_latency": 854.0, "99th_latency": 1836.0, "violate_rate": 0.004572215508475576, "throughput": 2500}, "531.deepsjeng_r": {"95th_latency": 872.0, "99th_latency": 1904.0, "violate_rate": 0.002644187454536285, "throughput": 2500}, "538.imagick_r": {"95th_latency": 850.0, "99th_latency": 1845.0,