{"masstree": {"519.lbm_r": {"95th_latency": 1638.0, "99th_latency": 1667.0, "violate_rate": 0.0, "throughput": 2500}, "544.nab_r": {"95th_latency": 781.0, "99th_latency": 870.0, "violate_rate": 0.0, "throughput": 2500}, "520.omnetpp_r": {"95th_latency": 1006.9999999999999, "99th_latency": 1573.0, "violate_rate": 0.0, "throughput": 2500}, "523.xalancbmk_r": {"95th_latency": 697.0, "99th_latency": 870.0, "violate_rate": 0.0, "throughput": 2500}, "557.xz_r": {"95th_latency": 1278.0, "99th_latency": 2214.0, "violate_rate": 1.231212377869439, "throughput": 2500}, "baseline": {"95th_latency": 756.0, "99th_latency": 916.0, "violate_rate": 0.0, "throughput": 2500}}}
