{"masstree": {"519.lbm_r": {"95th_latency": 1538.0, "99th_latency": 1806.0, "violate_rate": 0.0, "throughput": 2500}, "544.nab_r": {"95th_latency": 817.0, "99th_latency": 896.0, "violate_rate": 0.0, "throughput": 2500}, "520.omnetpp_r": {"95th_latency": 3210.0, "99th_latency": 4572.0, "violate_rate": 14.950871268876762, "throughput": 2500}, "523.xalancbmk_r": {"95th_latency": 2534.0, "99th_latency": 2930.0, "violate_rate": 7.669493286777234, "throughput": 2500}, "557.xz_r": {"95th_latency": 738.0, "99th_latency": 896.0, "violate_rate": 0.0, "throughput": 2500}, "baseline": {"95th_latency": 776.0, "99th_latency": 872.0, "violate_rate": 0.0, "throughput": 2500}}}
