{"masstree": {"519.lbm_r": {"95th_latency": 5423.0, "99th_latency": 16030.999999999998, "violate_rate": 86.18895873454211, "throughput": 3600}, "baseline": {"95th_latency": 969.0, "99th_latency": 1035.0, "violate_rate": 0.0, "throughput": 3600}}}
{"masstree": {"519.lbm_r": {"95th_latency": 2033.9999999999998, "99th_latency": 2202.0, "violate_rate": 5.356574049947983, "throughput": 3600}, "baseline": {"95th_latency": 3776.0, "99th_latency": 6453.0, "violate_rate": 22.888275470040565, "throughput": 3600}}}
{"masstree": {"519.lbm_r": {"95th_latency": 12788.0, "99th_latency": 15434.0, "violate_rate": 74.44927333674067, "throughput": 3600}, "baseline": {"95th_latency": 1004.0, "99th_latency": 1098.0, "violate_rate": 0.0, "throughput": 3600}}}
