{"masstree": {"519.lbm_r": {"95th_latency": 2499.0, "99th_latency": 2654.0, "violate_rate": 26.294207268138855, "throughput": 3700}, "baseline": {"95th_latency": 1589.0, "99th_latency": 1655.0, "violate_rate": 0.0, "throughput": 3700}}}
{"masstree": {"519.lbm_r": {"95th_latency": 7631.0, "99th_latency": 7754.0, "violate_rate": 17.677375595184014, "throughput": 3700}, "baseline": {"95th_latency": 5955.0, "99th_latency": 6549.0, "violate_rate": 25.60122383711723, "throughput": 3700}}}
{"masstree": {"519.lbm_r": {"95th_latency": 2303.0, "99th_latency": 2382.0, "violate_rate": 16.84570462529021, "throughput": 3700}, "baseline": {"95th_latency": 6613.0, "99th_latency": 9790.0, "violate_rate": 44.36635873164218, "throughput": 3700}}}
{"masstree": {"519.lbm_r": {"95th_latency": 2523.0, "99th_latency": 2754.0, "violate_rate": 17.4471225985324, "throughput": 3700}, "baseline": {"95th_latency": 7595.0, "99th_latency": 11395.0, "violate_rate": 56.784332833946664, "throughput": 3700}}}
