{"masstree": {"ferret": {"95th_latency": 7465.0, "99th_latency": 23061.0, "violate_rate": 28.57030661486399, "throughput": 4000}, "baseline": {"95th_latency": 4259.0, "99th_latency": 15221.0, "violate_rate": 14.303149635335432, "throughput": 4000}}}
{"masstree": {"ferret": {"95th_latency": 7795.0, "99th_latency": 24994.0, "violate_rate": 30.958352626534204, "throughput": 4000}, "baseline": {"95th_latency": 4258.0, "99th_latency": 14037.0, "violate_rate": 15.447332337479398, "throughput": 4000}}}
{"masstree": {"ferret": {"95th_latency": 8347.0, "99th_latency": 27423.0, "violate_rate": 30.20850926316393, "throughput": 4000}, "baseline": {"95th_latency": 4665.0, "99th_latency": 15633.0, "violate_rate": 15.114894494677, "throughput": 4000}}}
{"masstree": {"ferret": {"95th_latency": 7785.0, "99th_latency": 24699.0, "violate_rate": 30.28019155196137, "throughput": 4000}, "baseline": {"95th_latency": 4185.0, "99th_latency": 13719.0, "violate_rate": 15.561090988949216, "throughput": 4000}}}
{"masstree": {"ferret": {"95th_latency": 8265.0, "99th_latency": 28207.0, "violate_rate": 30.259044538132564, "throughput": 4000}, "baseline": {"95th_latency": 4326.0, "99th_latency": 14809.0, "violate_rate": 15.312870758181251, "throughput": 4000}}}
