{"masstree": {"ferret": {"95th_latency": 7279.0, "99th_latency": 25848.0, "violate_rate": 30.361009450308536, "throughput": 4000}, "baseline": {"95th_latency": 4546.0, "99th_latency": 15428.0, "violate_rate": 15.045770069132187, "throughput": 4000}}}
{"masstree": {"ferret": {"95th_latency": 8325.0, "99th_latency": 28318.0, "violate_rate": 34.87975878442487, "throughput": 4000}, "baseline": {"95th_latency": 4440.0, "99th_latency": 14815.0, "violate_rate": 15.20620039635497, "throughput": 4000}}}
{"masstree": {"ferret": {"95th_latency": 8575.0, "99th_latency": 28901.0, "violate_rate": 34.91429093355888, "throughput": 4000}, "baseline": {"95th_latency": 4600.0, "99th_latency": 15023.0, "violate_rate": 15.458893954321585, "throughput": 4000}}}
{"masstree": {"ferret": {"95th_latency": 7984.0, "99th_latency": 25148.0, "violate_rate": 33.225494704850014, "throughput": 4000}, "baseline": {"95th_latency": 4482.0, "99th_latency": 15261.0, "violate_rate": 15.373358858682533, "throughput": 4000}}}
{"masstree": {"ferret": {"95th_latency": 7810.0, "99th_latency": 26973.0, "violate_rate": 32.29144135367457, "throughput": 4000}, "baseline": {"95th_latency": 4311.0, "99th_latency": 14237.0, "violate_rate": 15.627093722226563, "throughput": 4000}}}
