{"masstree": {"519.lbm_r": {"95th_latency": 3669.0, "99th_latency": 12421.0, "violate_rate": 13.918539815696091, "throughput": 2500}, "507.cactuBSSN_r": {"95th_latency": 2102.0, "99th_latency": 6599.0, "violate_rate": 5.538267052762724, "throughput": 2500}, "500.perlbench_r": {"95th_latency": 1075.0, "99th_latency": 2618.0, "violate_rate": 1.3233293239202177, "throughput": 2500}, "502.gcc_r": {"95th_latency": 895.0, "99th_latency": 2031.0000000000002, "violate_rate": 1.9518693267546678, "throughput": 2500}, "503.bwaves_r": {"95th_latency": 834.0, "99th_latency": 1781.0, "violate_rate": 0.006736757832628565, "throughput": 2500}, "505.mcf_r": {"95th_latency": 1530.0, "99th_latency": 4324.0, "violate_rate": 3.816194884798193, "throughput": 2500}, "508.namd_r": {"95th_latency": 1008.9999999999999, "99th_latency": 2319.0, "violate_rate": 1.5726477182304996, "throughput": 2500}, "510.parest_r": {"95th_latency": 1213.0, "99th_latency": 3140.0, "violate_rate": 1.026477863944635, "throughput": 2500}, "511.povray_r": {"95th_latency": 845.0, "99th_latency": 1834.0, "violate_rate": 0.0046630424927200645, "throughput": 2500}, "520.omnetpp_r": {"95th_latency": 1721.0, "99th_latency": 5007.0, "violate_rate": 3.1304655349154857, "throughput": 2500}, "521.wrf_r": {"95th_latency": 830.0, "99th_latency": 1854.0, "violate_rate": 0.004524127729348171, "throughput": 2500}, "523.xalancbmk_r": {"95th_latency": 1137.0, "99th_latency": 2799.0, "violate_rate": 1.169294279730518, "throughput": 2500}, "525.x264_r": {"95th_latency": 835.0, "99th_latency": 1839.0, "violate_rate": 0.005441871416513674, "throughput": 2500}, "526.blender_r": {"95th_latency": 1121.0, "99th_latency": 2727.0, "violate_rate": 1.219980400777928, "throughput": 2500}, "527.cam4_r": {"95th_latency": 829.0, "99th_latency": 1782.0, "violate_rate": 0.006774154043469314, "throughput": 2500}, "531.deepsjeng_r": {"95th_latency": 956.0, "99th_latency": 2179.0, "violate_rate": 1.7461881444398133, "throughput": 2500}, "538.imagick_r": {"95th_latency": 869.0, "99th_latency": 1870.0, "violate_rate": 0.003842488256081005, "throughput": 2500}, "541.leela_r": {"95th_latency": 863.0, "99th_latency": 1908.0, "violate_rate": 0.0024076778057172217, "throughput": 2500}, "544.nab_r": {"95th_latency": 930.0, "99th_latency": 2106.0, "violate_rate": 1.8431471374539028, "throughput": 2500}, "548.exchange2_r": {"95th_latency": 835.0, "99th_latency": 1780.0, "violate_rate": 0.0069247965117464625, "throughput": 2500}, "549.fotonik3d_r": {"95th_latency": 839.0, "99th_latency": 1821.0, "violate_rate": 0.0063982175004594095, "throughput": 2500}, "554.roms_r": {"95th_latency": 844.0, "99th_latency": 1889.0, "violate_rate": 0.002725919735729956, "throughput": 2500}, "557.xz_r": {"95th_latency": 1216.0, "99th_latency": 3240.0, "violate_rate": 1.0102538364480855, "throughput": 2500}, "baseline": {"95th_latency": 827.0, "99th_latency": 1789.0, "violate_rate": 0.0054319738814537595, "throughput": 2500}}}
{"masstree": {"519.lbm_r": {"95th_latency": 3635.0, "99th_latency": 12360.0, "violate_rate": 13.819897454792565, "throughput": 2500}, "507.cactuBSSN_r": {"95th_latency": 2096.0, "99th_latency": 6385.0, "violate_rate": 5.5639519662761066, "throughput": 2500}, "500.perlbench_r": {"95th_latency": 1073.0, "99th_latency": 2588.0, "violate_rate": 1.341499988450949, "throughput": 2500}, "502.gcc_r": {"95th_latency": 887.0, "99th_latency": 1958.0, "violate_rate": 0.0010956898826007192, "throughput": 2500}, "503.bwaves_r": {"95th_latency": 836.0, "99th_latency": 1828.0, "violate_rate": 0.006369904957106577, "throughput": 2500}, "505.mcf_r": {"95th_latency": 1536.0, "99th_latency": 4124.0, "violate_rate": 3.7921730977549575, "throughput": 2500}, "508.namd_r": {"95th_latency": 999.0, "99th_latency": 2296.0, "violate_rate": 1.606298892678957, "throughput": 2500}, "510.parest_r": {"95th_latency": 1206.0, "99th_latency": 3037.0, "violate_rate": 1.0427627100023213, "throughput": 2500}, "511.povray_r": {"95th_latency": 838.0, "99th_latency": 1860.0, "violate_rate": 0.003252919294299729, "throughput": 2500}, "520.omnetpp_r": {"95th_latency": 1737.0, "99th_latency": 5060.0, "violate_rate": 3.07903420243277, "throughput": 2500}, "521.wrf_r": {"95th_latency": 853.0, "99th_latency": 1915.0, "violate_rate": 0.001926844657703493, "throughput": 2500}, "523.xalancbmk_r": {"95th_latency": 1142.0, "99th_latency": 3006.0, "violate_rate": 1.108398822660363, "throughput": 2500}, "525.x264_r": {"95th_latency": 830.0, "99th_latency": 1861.0, "violate_rate": 0.003177955791443744, "throughput": 2500}, "526.blender_r": {"95th_latency": 1099.0, "99th_latency": 2591.0, "violate_rate": 1.309456947136929, "throughput": 2500}, "527.cam4_r": {"95th_latency": 836.0, "99th_latency": 1774.0, "violate_rate": 0.009221245662003776, "throughput": 2500}, "531.deepsjeng_r": {"95th_latency": 957.0, "99th_latency": 2181.0, "violate_rate": 1.739790486322603, "throughput": 2500}, "538.imagick_r": {"95th_latency": 871.0, "99th_latency": 1890.0, "violate_rate": 0.003479675378767685, "throughput": 2500}, "541.leela_r": {"95th_latency": 861.0, "99th_latency": 1908.0, "violate_rate": 0.002532665207004884, "throughput": 2500}, "544.nab_r": {"95th_latency": 939.0, "99th_latency": 2148.0, "violate_rate": 1.78913095579837, "throughput": 2500}, "548.exchange2_r": {"95th_latency": 834.0, "99th_latency": 1843.0, "violate_rate": 0.004116913561376791, "throughput": 2500}, "549.fotonik3d_r": {"95th_latency": 843.0, "99th_latency": 1738.0, "violate_rate": 0.008274836731117619, "throughput": 2500}, "554.roms_r": {"95th_latency": 837.0, "99th_latency": 1823.0, "violate_rate": 0.004606398284027008, "throughput": 2500}, "557.xz_r": {"95th_latency": 1218.0, "99th_latency": 3134.0, "violate_rate": 1.028856877436436, "throughput": 2500}, "baseline": {"95th_latency": 843.0, "99th_latency": 1838.0, "violate_rate": 0.005206467665484241, "throughput": 2500}}}
{"masstree": {"519.lbm_r": {"95th_latency": 3610.0, "99th_latency": 11846.0, "violate_rate": 13.813305156598476, "throughput": 2500}, "507.cactuBSSN_r": {"95th_latency": 2053.0, "99th_latency": 5987.0, "violate_rate": 5.741921778908503, "throughput": 2500}, "500.perlbench_r": {"95th_latency": 1077.0, "99th_latency": 2494.0, "violate_rate": 1.3929497010787621, "throughput": 2500}, "502.gcc_r": {"95th_latency": 899.0, "99th_latency": 2065.0, "violate_rate": 1.9037185612561065, "throughput": 2500}, "503.bwaves_r": {"95th_latency": 840.0, "99th_latency": 1796.0, "violate_rate": 0.0062260458965725796, "throughput": 2500}, "505.mcf_r": {"95th_latency": 1527.0, "99th_latency": 4239.0, "violate_rate": 3.8230639040169585, "throughput": 2500}, "508.namd_r": {"95th_latency": 1029.0, "99th_latency": 2459.0, "violate_rate": 1.4482203049872189, "throughput": 2500}, "510.parest_r": {"95th_latency": 1218.0, "99th_latency": 2974.0, "violate_rate": 1.0498793934452206, "throughput": 2500}, "511.povray_r": {"95th_latency": 850.0, "99th_latency": 1807.0, "violate_rate": 0.006827027595458232, "throughput": 2500}, "520.omnetpp_r": {"95th_latency": 1726.0, "99th_latency": 4853.0, "violate_rate": 3.109930340277187, "throughput": 2500}, "521.wrf_r": {"95th_latency": 861.0, "99th_latency": 1959.0, "violate_rate": 0.0012816115627980733, "throughput": 2500}, "523.xalancbmk_r": {"95th_latency": 1120.0, "99th_latency": 2696.0, "violate_rate": 1.2444897484514823, "throughput": 2500}, "525.x264_r": {"95th_latency": 840.0, "99th_latency": 1883.0, "violate_rate": 0.0031977910245417672, "throughput": 2500}, "526.blender_r": {"95th_latency": 1099.0, "99th_latency": 2705.0, "violate_rate": 1.2386108195777015, "throughput": 2500}, "527.cam4_r": {"95th_latency": 840.0, "99th_latency": 1914.0, "violate_rate": 0.002037679442004973, "throughput": 2500}, "531.deepsjeng_r": {"95th_latency": 962.0, "99th_latency": 2275.0, "violate_rate": 1.6452113147912097, "throughput": 2500}, "538.imagick_r": {"95th_latency": 883.0, "99th_latency": 1953.0, "violate_rate": 0.0014118116171536307, "throughput": 2500},