{"masstree": {"519.lbm_r": {"95th_latency": 1636.0, "99th_latency": 3961.0, "violate_rate": 3.612820391503316, "throughput": 2000}, "507.cactuBSSN_r": {"95th_latency": 1181.0, "99th_latency": 2533.0, "violate_rate": 1.2804202123286081, "throughput": 2000}, "500.perlbench_r": {"95th_latency": 771.0, "99th_latency": 1456.0, "violate_rate": 0.024444808355826197, "throughput": 2000}, "502.gcc_r": {"95th_latency": 657.0, "99th_latency": 1212.0, "violate_rate": 0.026652024968262935, "throughput": 2000}, "503.bwaves_r": {"95th_latency": 632.0, "99th_latency": 1154.0, "violate_rate": 0.028988660281161677, "throughput": 2000}, "505.mcf_r": {"95th_latency": 977.0, "99th_latency": 2013.9999999999998, "violate_rate": 1.9751378953573049, "throughput": 2000}, "508.namd_r": {"95th_latency": 738.0, "99th_latency": 1362.0, "violate_rate": 0.046073472178324464, "throughput": 2000}, "510.parest_r": {"95th_latency": 846.0, "99th_latency": 1604.0, "violate_rate": 0.017683308996235506, "throughput": 2000}, "511.povray_r": {"95th_latency": 623.0, "99th_latency": 1140.0, "violate_rate": 0.03831569955373502, "throughput": 2000}, "520.omnetpp_r": {"95th_latency": 1121.0, "99th_latency": 2436.0, "violate_rate": 1.4227570901457438, "throughput": 2000}, "521.wrf_r": {"95th_latency": 628.0, "99th_latency": 1165.0, "violate_rate": 0.026762838011248045, "throughput": 2000}, "523.xalancbmk_r": {"95th_latency": 795.0, "99th_latency": 1535.0, "violate_rate": 0.010168073034805493, "throughput": 2000}, "525.x264_r": {"95th_latency": 625.0, "99th_latency": 1135.0, "violate_rate": 0.03026383776731046, "throughput": 2000}, "526.blender_r": {"95th_latency": 777.0, "99th_latency": 1469.0, "violate_rate": 0.036970894458887224, "throughput": 2000}, "527.cam4_r": {"95th_latency": 624.0, "99th_latency": 1116.0, "violate_rate": 0.06306631672916872, "throughput": 2000}, "531.deepsjeng_r": {"95th_latency": 707.0, "99th_latency": 1286.0, "violate_rate": 0.05351467048044727, "throughput": 2000}, "538.imagick_r": {"95th_latency": 644.0, "99th_latency": 1162.0, "violate_rate": 0.10550331142949208, "throughput": 2000}, "541.leela_r": {"95th_latency": 645.0, "99th_latency": 1164.0, "violate_rate": 0.06844656108605711, "throughput": 2000}, "544.nab_r": {"95th_latency": 693.0, "99th_latency": 1249.0, "violate_rate": 0.025097351931671178, "throughput": 2000}, "548.exchange2_r": {"95th_latency": 634.0, "99th_latency": 1155.0, "violate_rate": 0.030517799920750995, "throughput": 2000}, "549.fotonik3d_r": {"95th_latency": 644.0, "99th_latency": 1172.0, "violate_rate": 0.031783358712336944, "throughput": 2000}, "554.roms_r": {"95th_latency": 628.0, "99th_latency": 1149.0, "violate_rate": 0.02612591829529131, "throughput": 2000}, "557.xz_r": {"95th_latency": 872.0, "99th_latency": 1636.0, "violate_rate": 0.023298467438716445, "throughput": 2000}, "baseline": {"95th_latency": 621.0, "99th_latency": 1119.0, "violate_rate": 0.06339527769771208, "throughput": 2000}}}
