{"masstree": {"519.lbm_r": {"95th_latency": 4282.0, "99th_latency": 16679.0, "violate_rate": 17.74262071111229, "throughput": 3600}, "baseline": {"95th_latency": 2231.0, "99th_latency": 6874.0, "violate_rate": 6.875287935936152, "throughput": 3600}}}
{"masstree": {"519.lbm_r": {"95th_latency": 4520.0, "99th_latency": 16302.0, "violate_rate": 16.021556160724955, "throughput": 3600}, "baseline": {"95th_latency": 2258.0, "99th_latency": 7245.0, "violate_rate": 6.843384649587091, "throughput": 3600}}}
{"masstree": {"519.lbm_r": {"95th_latency": 4240.0, "99th_latency": 15556.0, "violate_rate": 16.155664279756003, "throughput": 3600}, "baseline": {"95th_latency": 2303.0, "99th_latency": 7060.0, "violate_rate": 6.514233209859132, "throughput": 3600}}}
