{"masstree": {"519.lbm_r": {"95th_latency": 1523.0, "99th_latency": 1865.0, "violate_rate": 0.9278578578606108, "throughput": 3500}, "baseline": {"95th_latency": 1349.0, "99th_latency": 2276.0, "violate_rate": 1.3012795433850441, "throughput": 3500}}}
{"masstree": {"519.lbm_r": {"95th_latency": 1721.0, "99th_latency": 2074.0, "violate_rate": 1.493352240692969, "throughput": 3500}, "baseline": {"95th_latency": 5767.0, "99th_latency": 6424.0, "violate_rate": 22.758224853109343, "throughput": 3500}}}
{"masstree": {"519.lbm_r": {"95th_latency": 1429.0, "99th_latency": 1606.0, "violate_rate": 0.0, "throughput": 3500}, "baseline": {"95th_latency": 1120.0, "99th_latency": 1361.0, "violate_rate": 0.0, "throughput": 3500}}}
{"masstree": {}}
{"masstree": {"519.lbm_r": {"95th_latency": 3806.0, "99th_latency": 13830.0, "violate_rate": 14.760820590087093, "throughput": 3500}, "baseline": {"95th_latency": 2111.0, "99th_latency": 6430.0, "violate_rate": 5.458783584811095, "throughput": 3500}}}
{"masstree": {"519.lbm_r": {"95th_latency": 3602.0, "99th_latency": 13055.0, "violate_rate": 13.06638488749282, "throughput": 3500}, "baseline": {"95th_latency": 2071.0, "99th_latency": 6430.0, "violate_rate": 5.647425857747676, "throughput": 3500}}}
{"masstree": {"519.lbm_r": {"95th_latency": 3592.0, "99th_latency": 11741.0, "violate_rate": 13.49705666088319, "throughput": 3500}, "baseline": {"95th_latency": 2092.0, "99th_latency": 6559.0, "violate_rate": 5.515697909216477, "throughput": 3500}}}
{"masstree": {"519.lbm_r": {"95th_latency": 3670.0, "99th_latency": 13093.0, "violate_rate": 13.028914501799358, "throughput": 3500}, "baseline": {"95th_latency": 2085.0, "99th_latency": 6037.0, "violate_rate": 5.568801562919377, "throughput": 3500}}}
