{"masstree": {"519.lbm_r": {"95th_latency": 2852.0, "99th_latency": 2947.0, "violate_rate": 48.315502618244274, "throughput": 3500}, "baseline": {"95th_latency": 1392.0, "99th_latency": 1933.0, "violate_rate": 0.810684690969011, "throughput": 3500}}}
