{"masstree": {"519.lbm_r": {"95th_latency": 1833.0, "99th_latency": 2304.0, "violate_rate": 3.0788429583840347, "throughput": 3200}, "baseline": {"95th_latency": 3640.0, "99th_latency": 4891.0, "violate_rate": 17.757451980271455, "throughput": 3200}}}
{"masstree": {"519.lbm_r": {"95th_latency": 1934.0, "99th_latency": 2445.0, "violate_rate": 4.392424437105956, "throughput": 3200}, "baseline": {"95th_latency": 6023.0, "99th_latency": 6681.0, "violate_rate": 47.95214766502567, "throughput": 3200}}}
{"masstree": {"519.lbm_r": {"95th_latency": 1843.0, "99th_latency": 2070.0, "violate_rate": 2.956794986834036, "throughput": 3200}, "baseline": {"95th_latency": 3343.0, "99th_latency": 4129.0, "violate_rate": 14.360354715574829, "throughput": 3200}}}
{"masstree": {"519.lbm_r": {"95th_latency": 2143.0, "99th_latency": 2419.0, "violate_rate": 8.103288091831146, "throughput": 3200}, "baseline": {"95th_latency": 3049.0, "99th_latency": 3227.0, "violate_rate": 14.658756675923952, "throughput": 3200}}}
{"masstree": {"519.lbm_r": {"95th_latency": 2472.0, "99th_latency": 7690.0, "violate_rate": 7.504779422536623, "throughput": 3200}, "baseline": {"95th_latency": 1586.0, "99th_latency": 4837.0, "violate_rate": 3.6434360996367054, "throughput": 3200}}}
