{"masstree": {"519.lbm_r": {"95th_latency": 2729.0, "99th_latency": 3001.0, "violate_rate": 47.166813169567334, "throughput": 3500}, "baseline": {"95th_latency": 6538.0, "99th_latency": 6820.0, "violate_rate": 29.932000435860058, "throughput": 3500}}}
