{"masstree": {"519.lbm_r": {"95th_latency": 2782.0, "99th_latency": 3037.0, "violate_rate": 47.66709460361743, "throughput": 3500}, "baseline": {"95th_latency": 1465.0, "99th_latency": 2448.0, "violate_rate": 1.0218237805610448, "throughput": 3500}}}
