{"masstree": {"519.lbm_r": {"95th_latency": 2033.9999999999998, "99th_latency": 6708.0, "violate_rate": 5.826265212243443, "throughput": 3000}, "baseline": {"95th_latency": 1317.0, "99th_latency": 3639.0, "violate_rate": 2.5935990468768737, "throughput": 3000}}}
