{"masstree": {"519.lbm_r": {"95th_latency": 2721.0, "99th_latency": 3205.0, "violate_rate": 20.74327633024164, "throughput": 3300}, "baseline": {"95th_latency": 1699.0, "99th_latency": 1936.0, "violate_rate": 0.9284547392235145, "throughput": 3300}}}
{"masstree": {"519.lbm_r": {"95th_latency": 6642.0, "99th_latency": 10094.0, "violate_rate": 46.18430501634424, "throughput": 3300}, "baseline": {"95th_latency": 6238.0, "99th_latency": 8369.0, "violate_rate": 47.10290438760642, "throughput": 3300}}}
{"masstree": {"519.lbm_r": {"95th_latency": 2433.0, "99th_latency": 2732.0, "violate_rate": 16.41379899444658, "throughput": 3300}, "baseline": {"95th_latency": 2017.0, "99th_latency": 2097.0, "violate_rate": 5.546400205726628, "throughput": 3300}}}
{"masstree": {"519.lbm_r": {"95th_latency": 2797.0, "99th_latency": 8125.0, "violate_rate": 9.626897352977963, "throughput": 3300}, "baseline": {"95th_latency": 1707.0, "99th_latency": 5058.0, "violate_rate": 3.2127461603151306, "throughput": 3300}}}
