{"masstree": {}}
{"masstree": {"519.lbm_r": {"95th_latency": 4178.0, "99th_latency": 14984.0, "violate_rate": 15.501956966625082, "throughput": 3550}, "baseline": {"95th_latency": 2141.0, "99th_latency": 6756.0, "violate_rate": 5.274785574622988, "throughput": 3550}}}
{"masstree": {"519.lbm_r": {"95th_latency": 4283.0, "99th_latency": 14726.0, "violate_rate": 15.349665744469277, "throughput": 3550}, "baseline": {"95th_latency": 2193.0, "99th_latency": 6714.0, "violate_rate": 5.101588581656114, "throughput": 3550}}}
{"masstree": {"519.lbm_r": {"95th_latency": 3859.0, "99th_latency": 14683.0, "violate_rate": 15.624184021887928, "throughput": 3550}, "baseline": {"95th_latency": 2216.0, "99th_latency": 6704.0, "violate_rate": 6.986078522862608, "throughput": 3550}}}
