{"masstree": {"519.lbm_r": {"95th_latency": 2245.0, "99th_latency": 6714.0, "violate_rate": 6.778990850250409, "throughput": 3100}, "baseline": {"95th_latency": 1441.0, "99th_latency": 3985.0, "violate_rate": 2.2051389224154203, "throughput": 3100}}}
