{"masstree": {"ferret": {"95th_latency": 5740.0, "99th_latency": 18800.0, "violate_rate": 21.404382915217628, "throughput": 4000}, "baseline": {"95th_latency": 4514.0, "99th_latency": 15141.0, "violate_rate": 15.15163786894351, "throughput": 4000}}}
{"masstree": {"ferret": {"95th_latency": 5920.0, "99th_latency": 19294.0, "violate_rate": 22.703171293813167, "throughput": 4000}, "baseline": {"95th_latency": 4158.0, "99th_latency": 14645.0, "violate_rate": 14.514219537099262, "throughput": 4000}}}
{"masstree": {"ferret": {"95th_latency": 6193.0, "99th_latency": 19314.0, "violate_rate": 22.990859159377536, "throughput": 4000}, "baseline": {"95th_latency": 4051.9999999999995, "99th_latency": 13552.0, "violate_rate": 13.303101436719261, "throughput": 4000}}}
{"masstree": {"ferret": {"95th_latency": 5548.0, "99th_latency": 18419.0, "violate_rate": 22.896072393493416, "throughput": 4000}, "baseline": {"95th_latency": 4223.0, "99th_latency": 14577.0, "violate_rate": 14.318124680149865, "throughput": 4000}}}
