{"masstree": {"519.lbm_r": {"95th_latency": 2517.0, "99th_latency": 7380.0, "violate_rate": 8.981896375707954, "throughput": 3000}, "544.nab_r": {"95th_latency": 1137.0, "99th_latency": 2838.0, "violate_rate": 1.1729851688823927, "throughput": 3000}, "520.omnetpp_r": {"95th_latency": 1632.0, "99th_latency": 4299.0, "violate_rate": 3.6759339343601343, "throughput": 3000}, "523.xalancbmk_r": {"95th_latency": 1251.0, "99th_latency": 3329.0, "violate_rate": 2.860185342673676, "throughput": 3000}, "557.xz_r": {"95th_latency": 1400.0, "99th_latency": 3705.0, "violate_rate": 2.3745496264496833, "throughput": 3000}, "baseline": {"95th_latency": 1106.0, "99th_latency": 2890.0, "violate_rate": 1.1610401052558152, "throughput": 3000}}}
{"masstree": {"519.lbm_r": {"95th_latency": 2500.0, "99th_latency": 6961.0, "violate_rate": 7.063706538005703, "throughput": 3000}, "544.nab_r": {"95th_latency": 1139.0, "99th_latency": 2809.0, "violate_rate": 1.1733495849848568, "throughput": 3000}, "520.omnetpp_r": {"95th_latency": 1659.0, "99th_latency": 4443.0, "violate_rate": 3.52049462524887, "throughput": 3000}, "523.xalancbmk_r": {"95th_latency": 1240.0, "99th_latency": 3132.0, "violate_rate": 1.0002249586183842, "throughput": 3000}, "557.xz_r": {"95th_latency": 1373.0, "99th_latency": 3488.0, "violate_rate": 2.5220377397776192, "throughput": 3000}, "baseline": {"95th_latency": 1091.0, "99th_latency": 2590.0, "violate_rate": 1.313013855074515, "throughput": 3000}}}
{"masstree": {"519.lbm_r": {"95th_latency": 2455.0, "99th_latency": 6746.0, "violate_rate": 7.296902418149199, "throughput": 3000}, "544.nab_r": {"95th_latency": 1157.0, "99th_latency": 2853.0, "violate_rate": 1.1370718613018667, "throughput": 3000}, "520.omnetpp_r": {"95th_latency": 1625.0, "99th_latency": 4313.0, "violate_rate": 3.6437373966947204, "throughput": 3000}, "523.xalancbmk_r": {"95th_latency": 1250.0, "99th_latency": 3296.0, "violate_rate": 2.8785928979162785, "throughput": 3000}, "557.xz_r": {"95th_latency": 1390.0, "99th_latency": 3743.0, "violate_rate": 2.4205265952510775, "throughput": 3000}, "baseline": {"95th_latency": 1133.0, "99th_latency": 2858.0, "violate_rate": 1.1646886324967851, "throughput": 3000}}}
{"masstree": {"519.lbm_r": {"95th_latency": 2472.0, "99th_latency": 7171.0, "violate_rate": 7.22047675453964, "throughput": 3000}, "544.nab_r": {"95th_latency": 1156.0, "99th_latency": 2993.0, "violate_rate": 1.1033211434532963, "throughput": 3000}, "520.omnetpp_r": {"95th_latency": 1635.0, "99th_latency": 4451.0, "violate_rate": 3.6036339378495685, "throughput": 3000}, "523.xalancbmk_r": {"95th_latency": 1242.0, "99th_latency": 3087.0, "violate_rate": 1.00428834531857, "throughput": 3000}, "557.xz_r": {"95th_latency": 1404.0, "99th_latency": 3830.0, "violate_rate": 2.4008512692216417, "throughput": 3000}, "baseline": {"95th_latency": 1125.0, "99th_latency": 2770.0, "violate_rate": 1.2112626235953816, "throughput": 3000}}}
{"masstree": {"519.lbm_r": {"95th_latency": 2454.0, "99th_latency": 6984.0, "violate_rate": 7.246678987818968, "throughput": 3000}, "544.nab_r": {"95th_latency": 1139.0, "99th_latency": 2746.0, "violate_rate": 1.1914348176002094, "throughput": 3000}, "520.omnetpp_r": {"95th_latency": 1628.0, "99th_latency": 4519.0, "violate_rate": 3.620028865754808, "throughput": 3000}, "523.xalancbmk_r": {"95th_latency": 1271.0, "99th_latency": 3506.0, "violate_rate": 2.7224276047807465, "throughput": 3000}, "557.xz_r": {"95th_latency": 1378.0, "99th_latency": 3468.0, "violate_rate": 2.543268048341692, "throughput": 3000}, "baseline": {"95th_latency": 1107.0, "99th_latency": 2701.0, "violate_rate": 1.2454329935503698, "throughput": 3000}}}
