{"masstree": {"519.lbm_r": {"95th_latency": 3234.0, "99th_latency": 9451.0, "violate_rate": 13.192506258105565, "throughput": 3000}, "544.nab_r": {"95th_latency": 1154.0, "99th_latency": 2928.0, "violate_rate": 1.1042989754500179, "throughput": 3000}, "520.omnetpp_r": {"95th_latency": 1816.0, "99th_latency": 5208.0, "violate_rate": 4.859720774023222, "throughput": 3000}, "523.xalancbmk_r": {"95th_latency": 1379.0, "99th_latency": 3676.0, "violate_rate": 2.3977420361068047, "throughput": 3000}, "557.xz_r": {"95th_latency": 1499.0, "99th_latency": 4119.0, "violate_rate": 2.0958197663890576, "throughput": 3000}, "baseline": {"95th_latency": 1095.0, "99th_latency": 2730.0, "violate_rate": 1.2441526803416214, "throughput": 3000}}}
{"masstree": {"519.lbm_r": {"95th_latency": 3290.0, "99th_latency": 9801.0, "violate_rate": 14.759861608366524, "throughput": 3000}, "544.nab_r": {"95th_latency": 1176.0, "99th_latency": 2877.0, "violate_rate": 1.1061946215229908, "throughput": 3000}, "520.omnetpp_r": {"95th_latency": 1804.0, "99th_latency": 5224.0, "violate_rate": 4.875913041332389, "throughput": 3000}, "523.xalancbmk_r": {"95th_latency": 1405.0, "99th_latency": 3819.0, "violate_rate": 2.3253624345141817, "throughput": 3000}, "557.xz_r": {"95th_latency": 1494.0, "99th_latency": 3883.0, "violate_rate": 2.1734759017672625, "throughput": 3000}, "baseline": {"95th_latency": 1155.0, "99th_latency": 2960.0, "violate_rate": 1.106378106178408, "throughput": 3000}}}
{"masstree": {"519.lbm_r": {"95th_latency": 3243.0, "99th_latency": 9412.0, "violate_rate": 14.714637392623873, "throughput": 3000}, "544.nab_r": {"95th_latency": 1175.0, "99th_latency": 2970.0, "violate_rate": 1.0932120994243442, "throughput": 3000}, "520.omnetpp_r": {"95th_latency": 1798.0, "99th_latency": 5019.0, "violate_rate": 4.961016277702405, "throughput": 3000}, "523.xalancbmk_r": {"95th_latency": 1422.0, "99th_latency": 3790.0, "violate_rate": 2.2707430673050153, "throughput": 3000}, "557.xz_r": {"95th_latency": 1501.0, "99th_latency": 3958.0, "violate_rate": 2.1310272371948784, "throughput": 3000}, "baseline": {"95th_latency": 1139.0, "99th_latency": 2839.0, "violate_rate": 1.1664340804512943, "throughput": 3000}}}
{"masstree": {"519.lbm_r": {"95th_latency": 3263.0, "99th_latency": 9812.0, "violate_rate": 14.815246893604476, "throughput": 3000}, "544.nab_r": {"95th_latency": 1156.0, "99th_latency": 2858.0, "violate_rate": 1.148198376282904, "throughput": 3000}, "520.omnetpp_r": {"95th_latency": 1785.0, "99th_latency": 4986.0, "violate_rate": 4.984223850819754, "throughput": 3000}, "523.xalancbmk_r": {"95th_latency": 1425.0, "99th_latency": 3769.0, "violate_rate": 2.3145903297960677, "throughput": 3000}, "557.xz_r": {"95th_latency": 1517.0, "99th_latency": 4062.9999999999995, "violate_rate": 2.0479944350348465, "throughput": 3000}, "baseline": {"95th_latency": 1127.0, "99th_latency": 2915.0, "violate_rate": 1.1560765832342892, "throughput": 3000}}}
{"masstree": {"519.lbm_r": {"95th_latency": 3245.0, "99th_latency": 9500.0, "violate_rate": 14.747602131580186, "throughput": 3000}, "544.nab_r": {"95th_latency": 1153.0, "99th_latency": 2786.0, "violate_rate": 1.1810557147110283, "throughput": 3000}, "520.omnetpp_r": {"95th_latency": 1797.0, "99th_latency": 5027.0, "violate_rate": 4.950895707256358, "throughput": 3000}, "523.xalancbmk_r": {"95th_latency": 1406.0, "99th_latency": 3703.0, "violate_rate": 2.340393307550901, "throughput": 3000}, "557.xz_r": {"95th_latency": 1514.0, "99th_latency": 3961.0, "violate_rate": 2.0569648419094393, "throughput": 3000}, "baseline": {"95th_latency": 1097.0, "99th_latency": 2661.0, "violate_rate": 1.2615413370133988, "throughput": 3000}}}
