{"masstree": {"519.lbm_r": {"95th_latency": 3925.0, "99th_latency": 11984.0, "violate_rate": 20.654705030637654, "throughput": 3000}, "544.nab_r": {"95th_latency": 1185.0, "99th_latency": 2955.0, "violate_rate": 1.0709502862553033, "throughput": 3000}, "520.omnetpp_r": {"95th_latency": 1879.0, "99th_latency": 5226.0, "violate_rate": 4.544550733034246, "throughput": 3000}, "523.xalancbmk_r": {"95th_latency": 1577.0, "99th_latency": 4217.0, "violate_rate": 3.7719423911058336, "throughput": 3000}, "557.xz_r": {"95th_latency": 1546.0, "99th_latency": 4127.0, "violate_rate": 2.0354938848186586, "throughput": 3000}, "baseline": {"95th_latency": 1119.0, "99th_latency": 2734.0, "violate_rate": 1.2296296353866076, "throughput": 3000}}}
{"masstree": {"519.lbm_r": {"95th_latency": 3884.0, "99th_latency": 12102.0, "violate_rate": 20.90898425082324, "throughput": 3000}, "544.nab_r": {"95th_latency": 1198.0, "99th_latency": 2914.0, "violate_rate": 1.1035934284956908, "throughput": 3000}, "520.omnetpp_r": {"95th_latency": 1893.0, "99th_latency": 5219.0, "violate_rate": 4.483703885724891, "throughput": 3000}, "523.xalancbmk_r": {"95th_latency": 1594.0, "99th_latency": 4333.0, "violate_rate": 3.6885607503099864, "throughput": 3000}, "557.xz_r": {"95th_latency": 1549.0, "99th_latency": 4217.0, "violate_rate": 3.945143207669631, "throughput": 3000}, "baseline": {"95th_latency": 1113.0, "99th_latency": 2746.0, "violate_rate": 1.2169784987663137, "throughput": 3000}}}
{"masstree": {"519.lbm_r": {"95th_latency": 3955.0, "99th_latency": 11912.0, "violate_rate": 20.314521776703724, "throughput": 3000}, "544.nab_r": {"95th_latency": 1207.0, "99th_latency": 2974.0, "violate_rate": 1.0645154686367426, "throughput": 3000}, "520.omnetpp_r": {"95th_latency": 1865.0, "99th_latency": 5129.0, "violate_rate": 4.629865016005438, "throughput": 3000}, "523.xalancbmk_r": {"95th_latency": 1586.0, "99th_latency": 4323.0, "violate_rate": 3.6963684861573394, "throughput": 3000}, "557.xz_r": {"95th_latency": 1557.0, "99th_latency": 4184.0, "violate_rate": 3.9536256624278905, "throughput": 3000}, "baseline": {"95th_latency": 1111.0, "99th_latency": 2807.0, "violate_rate": 1.1950080368338802, "throughput": 3000}}}
{"masstree": {"519.lbm_r": {"95th_latency": 3912.0, "99th_latency": 11977.0, "violate_rate": 19.009498109268858, "throughput": 3000}, "544.nab_r": {"95th_latency": 1191.0, "99th_latency": 3084.0, "violate_rate": 1.0513903455402656, "throughput": 3000}, "520.omnetpp_r": {"95th_latency": 1882.0, "99th_latency": 5175.0, "violate_rate": 4.527222401112376, "throughput": 3000}, "523.xalancbmk_r": {"95th_latency": 1576.0, "99th_latency": 4328.0, "violate_rate": 3.759747991085347, "throughput": 3000}, "557.xz_r": {"95th_latency": 1543.0, "99th_latency": 4117.0, "violate_rate": 2.040209546128699, "throughput": 3000}, "baseline": {"95th_latency": 1109.0, "99th_latency": 2691.0, "violate_rate": 1.2360277849361636, "throughput": 3000}}}
{"masstree": {"519.lbm_r": {"95th_latency": 3943.0, "99th_latency": 12288.0, "violate_rate": 20.77227611660086, "throughput": 3000}, "544.nab_r": {"95th_latency": 1188.0, "99th_latency": 2929.0, "violate_rate": 1.0700828979108103, "throughput": 3000}, "520.omnetpp_r": {"95th_latency": 1869.0, "99th_latency": 5210.0, "violate_rate": 4.612824076816348, "throughput": 3000}, "523.xalancbmk_r": {"95th_latency": 1599.0, "99th_latency": 4317.0, "violate_rate": 3.6439421284758096, "throughput": 3000}, "557.xz_r": {"95th_latency": 1555.0, "99th_latency": 4119.0, "violate_rate": 3.9089430536191405, "throughput": 3000}, "baseline": {"95th_latency": 1123.0, "99th_latency": 2764.0, "violate_rate": 1.1998869918613901, "throughput": 3000}}}
