{"masstree": {"519.lbm_r": {"95th_latency": 2051.0, "99th_latency": 5673.0, "violate_rate": 5.709392597979397, "throughput": 3000}, "544.nab_r": {"95th_latency": 1132.0, "99th_latency": 2774.0, "violate_rate": 1.1988458978354564, "throughput": 3000}, "520.omnetpp_r": {"95th_latency": 1364.0, "99th_latency": 3591.0, "violate_rate": 2.5126710950106412, "throughput": 3000}, "523.xalancbmk_r": {"95th_latency": 1151.0, "99th_latency": 2839.0, "violate_rate": 1.1550730040722543, "throughput": 3000}, "557.xz_r": {"95th_latency": 1239.0, "99th_latency": 3009.0, "violate_rate": 1.0179217526645328, "throughput": 3000}, "baseline": {"95th_latency": 1094.0, "99th_latency": 2739.0, "violate_rate": 1.2368261167732353, "throughput": 3000}}}
{"masstree": {"519.lbm_r": {"95th_latency": 2092.0, "99th_latency": 6076.0, "violate_rate": 5.495099957144318, "throughput": 3000}, "544.nab_r": {"95th_latency": 1127.0, "99th_latency": 2828.0, "violate_rate": 1.1752521816587933, "throughput": 3000}, "520.omnetpp_r": {"95th_latency": 1360.0, "99th_latency": 3651.0, "violate_rate": 2.5167557694248375, "throughput": 3000}, "523.xalancbmk_r": {"95th_latency": 1150.0, "99th_latency": 2946.0, "violate_rate": 1.1266826054506793, "throughput": 3000}, "557.xz_r": {"95th_latency": 1272.0, "99th_latency": 3089.0, "violate_rate": 2.9624060296198382, "throughput": 3000}, "baseline": {"95th_latency": 1133.0, "99th_latency": 2682.0, "violate_rate": 1.228486267837268, "throughput": 3000}}}
{"masstree": {"519.lbm_r": {"95th_latency": 2084.0, "99th_latency": 5678.0, "violate_rate": 5.531914723007476, "throughput": 3000}, "544.nab_r": {"95th_latency": 1200.0, "99th_latency": 2929.0, "violate_rate": 1.0718950118499015, "throughput": 3000}, "520.omnetpp_r": {"95th_latency": 1342.0, "99th_latency": 3471.0, "violate_rate": 2.579733953541573, "throughput": 3000}, "523.xalancbmk_r": {"95th_latency": 1172.0, "99th_latency": 2947.0, "violate_rate": 1.1137836345881296, "throughput": 3000}, "557.xz_r": {"95th_latency": 1271.0, "99th_latency": 3168.0, "violate_rate": 2.951486201151298, "throughput": 3000}, "baseline": {"95th_latency": 1117.0, "99th_latency": 2903.0, "violate_rate": 1.1601856084087259, "throughput": 3000}}}
{"masstree": {"519.lbm_r": {"95th_latency": 2088.0, "99th_latency": 6171.0, "violate_rate": 5.502390820728238, "throughput": 3000}, "544.nab_r": {"95th_latency": 1138.0, "99th_latency": 2787.0, "violate_rate": 1.1792411693018123, "throughput": 3000}, "520.omnetpp_r": {"95th_latency": 1336.0, "99th_latency": 3467.0, "violate_rate": 2.6411165282380606, "throughput": 3000}, "523.xalancbmk_r": {"95th_latency": 1164.0, "99th_latency": 2858.0, "violate_rate": 1.1236446834169727, "throughput": 3000}, "557.xz_r": {"95th_latency": 1276.0, "99th_latency": 3307.0, "violate_rate": 2.791087290245092, "throughput": 3000}, "baseline": {"95th_latency": 1143.0, "99th_latency": 2903.0, "violate_rate": 1.1394121185000095, "throughput": 3000}}}
{"masstree": {"519.lbm_r": {"95th_latency": 2062.0, "99th_latency": 5650.0, "violate_rate": 5.638646731867341, "throughput": 3000}, "544.nab_r": {"95th_latency": 1143.0, "99th_latency": 2835.0, "violate_rate": 1.1599240354233573, "throughput": 3000}, "520.omnetpp_r": {"95th_latency": 1356.0, "99th_latency": 3644.0, "violate_rate": 2.5749507853601585, "throughput": 3000}, "523.xalancbmk_r": {"95th_latency": 1178.0, "99th_latency": 3008.0, "violate_rate": 1.079441842764747, "throughput": 3000}, "557.xz_r": {"95th_latency": 1264.0, "99th_latency": 3155.0, "violate_rate": 2.9520059572414605, "throughput": 3000}, "baseline": {"95th_latency": 1107.0, "99th_latency": 2719.0, "violate_rate": 1.2386940946471203, "throughput": 3000}}}
