{"xapian": {"519.lbm_r": {"95th_latency": 7773.0, "99th_latency": 13617.0, "violate_rate": 2.3783232647344414, "throughput": 600}, "544.nab_r": {"95th_latency": 5827.0, "99th_latency": 9833.0, "violate_rate": 0.007347191783640598, "throughput": 600}, "520.omnetpp_r": {"95th_latency": 6528.0, "99th_latency": 11275.0, "violate_rate": 1.4222489419934727, "throughput": 600}, "523.xalancbmk_r": {"95th_latency": 6058.0, "99th_latency": 10346.0, "violate_rate": 1.8301304264494962, "throughput": 600}, "557.xz_r": {"95th_latency": 5875.0, "99th_latency": 9856.0, "violate_rate": 0.005401326137751389, "throughput": 600}, "baseline": {"95th_latency": 5725.0, "99th_latency": 9688.0, "violate_rate": 0.009255534268689403, "throughput": 600}}}
{"xapian": {"519.lbm_r": {"95th_latency": 7749.0, "99th_latency": 13870.0, "violate_rate": 2.4416363998105104, "throughput": 600}, "544.nab_r": {"95th_latency": 5738.0, "99th_latency": 9648.0, "violate_rate": 0.012702163631085051, "throughput": 600}, "520.omnetpp_r": {"95th_latency": 6606.0, "99th_latency": 11564.0, "violate_rate": 1.3256045151402667, "throughput": 600}, "523.xalancbmk_r": {"95th_latency": 5992.0, "99th_latency": 10331.0, "violate_rate": 1.842139322532233, "throughput": 600}, "557.xz_r": {"95th_latency": 5875.0, "99th_latency": 9894.0, "violate_rate": 0.004496965958463866, "throughput": 600}, "baseline": {"95th_latency": 5765.0, "99th_latency": 9623.0, "violate_rate": 0.011998118666430987, "throughput": 600}}}
{"xapian": {"519.lbm_r": {"95th_latency": 7765.0, "99th_latency": 13689.0, "violate_rate": 2.4200303973770922, "throughput": 600}, "544.nab_r": {"95th_latency": 5771.0, "99th_latency": 9899.0, "violate_rate": 0.0020527380729100865, "throughput": 600}, "520.omnetpp_r": {"95th_latency": 6541.0, "99th_latency": 11311.0, "violate_rate": 1.4225289797343597, "throughput": 600}, "523.xalancbmk_r": {"95th_latency": 6055.0, "99th_latency": 10478.0, "violate_rate": 1.7710415410737896, "throughput": 600}, "557.xz_r": {"95th_latency": 5860.0, "99th_latency": 9894.0, "violate_rate": 0.0027237299008049205, "throughput": 600}, "baseline": {"95th_latency": 5734.0, "99th_latency": 9717.0, "violate_rate": 0.008794540397310095, "throughput": 600}}}
{"xapian": {"519.lbm_r": {"95th_latency": 7702.0, "99th_latency": 13846.0, "violate_rate": 2.415525873106533, "throughput": 600}, "544.nab_r": {"95th_latency": 5756.0, "99th_latency": 9533.0, "violate_rate": 0.02206227040901774, "throughput": 600}, "520.omnetpp_r": {"95th_latency": 6585.0, "99th_latency": 11525.0, "violate_rate": 1.362652518902528, "throughput": 600}, "523.xalancbmk_r": {"95th_latency": 6052.0, "99th_latency": 10305.0, "violate_rate": 1.855915192850783, "throughput": 600}, "557.xz_r": {"95th_latency": 5858.0, "99th_latency": 9785.0, "violate_rate": 0.010286456498713462, "throughput": 600}, "baseline": {"95th_latency": 5771.0, "99th_latency": 9742.0, "violate_rate": 0.009923102467172634, "throughput": 600}}}
{"xapian": {"519.lbm_r": {"95th_latency": 8023.999999999999, "99th_latency": 14408.0, "violate_rate": 2.1110495158115397, "throughput": 600}, "544.nab_r": {"95th_latency": 5778.0, "99th_latency": 9861.0, "violate_rate": 0.0046124669890584705, "throughput": 600}, "520.omnetpp_r": {"95th_latency": 6578.0, "99th_latency": 11578.0, "violate_rate": 1.3483562245419638, "throughput": 600}, "523.xalancbmk_r": {"95th_latency": 6028.0, "99th_latency": 10264.0, "violate_rate": 1.869897711210078, "throughput": 600}, "557.xz_r": {"95th_latency": 5833.0, "99th_latency": 9934.0, "violate_rate": 0.002131584296042756, "throughput": 600}, "baseline": {"95th_latency": 5849.0, "99th_latency": 9893.0, "violate_rate": 0.004347465190892148, "throughput": 600}}}
