{"xapian": {"519.lbm_r": {"95th_latency": 7178.0, "99th_latency": 12671.0, "violate_rate": 1.0080636194954549, "throughput": 600}, "544.nab_r": {"95th_latency": 5779.0, "99th_latency": 9724.0, "violate_rate": 0.008677497677204521, "throughput": 600}, "520.omnetpp_r": {"95th_latency": 6032.0, "99th_latency": 10198.0, "violate_rate": 1.903700829899101, "throughput": 600}, "523.xalancbmk_r": {"95th_latency": 5791.0, "99th_latency": 9831.0, "violate_rate": 0.005685500583848643, "throughput": 600}, "557.xz_r": {"95th_latency": 5766.0, "99th_latency": 9721.0, "violate_rate": 0.006786872352425655, "throughput": 600}, "baseline": {"95th_latency": 5767.0, "99th_latency": 9719.0, "violate_rate": 0.012929246789622453, "throughput": 600}}}
{"xapian": {"519.lbm_r": {"95th_latency": 7132.0, "99th_latency": 12670.0, "violate_rate": 1.020599083189866, "throughput": 600}, "544.nab_r": {"95th_latency": 5767.0, "99th_latency": 9694.0, "violate_rate": 0.01031091316133316, "throughput": 600}, "520.omnetpp_r": {"95th_latency": 6028.0, "99th_latency": 10254.0, "violate_rate": 1.878611325665578, "throughput": 600}, "523.xalancbmk_r": {"95th_latency": 5830.0, "99th_latency": 9724.0, "violate_rate": 0.008270904768865887, "throughput": 600}, "557.xz_r": {"95th_latency": 5759.0, "99th_latency": 9737.0, "violate_rate": 0.00874985369823233, "throughput": 600}, "baseline": {"95th_latency": 5759.0, "99th_latency": 9703.0, "violate_rate": 0.01311223324429399, "throughput": 600}}}
{"xapian": {"519.lbm_r": {"95th_latency": 7127.0, "99th_latency": 12472.0, "violate_rate": 1.0362329835608968, "throughput": 600}, "544.nab_r": {"95th_latency": 5739.0, "99th_latency": 9652.0, "violate_rate": 0.010904725388941204, "throughput": 600}, "520.omnetpp_r": {"95th_latency": 5985.0, "99th_latency": 10256.0, "violate_rate": 1.8758127733760905, "throughput": 600}, "523.xalancbmk_r": {"95th_latency": 5842.0, "99th_latency": 9864.0, "violate_rate": 0.003000979231012892, "throughput": 600}, "557.xz_r": {"95th_latency": 5813.0, "99th_latency": 9779.0, "violate_rate": 0.008727863406183058, "throughput": 600}, "baseline": {"95th_latency": 5793.0, "99th_latency": 9693.0, "violate_rate": 0.015383899459422262, "throughput": 600}}}
{"xapian": {"519.lbm_r": {"95th_latency": 7074.0, "99th_latency": 12263.0, "violate_rate": 1.0522201189004317, "throughput": 600}, "544.nab_r": {"95th_latency": 5791.0, "99th_latency": 9616.0, "violate_rate": 0.012595278388343971, "throughput": 600}, "520.omnetpp_r": {"95th_latency": 6045.0, "99th_latency": 10299.0, "violate_rate": 1.8541435382219311, "throughput": 600}, "523.xalancbmk_r": {"95th_latency": 5840.0, "99th_latency": 9908.0, "violate_rate": 0.00403126428478978, "throughput": 600}, "557.xz_r": {"95th_latency": 5804.0, "99th_latency": 9771.0, "violate_rate": 0.007285349549626431, "throughput": 600}, "baseline": {"95th_latency": 5770.0, "99th_latency": 9642.0, "violate_rate": 0.016035276726456292, "throughput": 600}}}
{"xapian": {"519.lbm_r": {"95th_latency": 7148.0, "99th_latency": 12661.0, "violate_rate": 1.0174720702149167, "throughput": 600}, "544.nab_r": {"95th_latency": 5794.0, "99th_latency": 9658.0, "violate_rate": 0.009831674265445504, "throughput": 600}, "520.omnetpp_r": {"95th_latency": 6036.0, "99th_latency": 10310.0, "violate_rate": 1.8507484546140316, "throughput": 600}, "523.xalancbmk_r": {"95th_latency": 5919.0, "99th_latency": 9956.0, "violate_rate": 0.0019008288183485344, "throughput": 600}, "557.xz_r": {"95th_latency": 5826.0, "99th_latency": 9711.0, "violate_rate": 0.012970191105834604, "throughput": 600}, "baseline": {"95th_latency": 5822.0, "99th_latency": 9869.0, "violate_rate": 0.0023715224767489307, "throughput": 600}}}
