{"xapian": {"519.lbm_r": {"95th_latency": 7429.0, "99th_latency": 13052.0, "violate_rate": 2.7365732168373, "throughput": 600}, "544.nab_r": {"95th_latency": 5764.0, "99th_latency": 9698.0, "violate_rate": 0.007916792863135368, "throughput": 600}, "520.omnetpp_r": {"95th_latency": 6344.0, "99th_latency": 10830.0, "violate_rate": 1.6268470292847759, "throughput": 600}, "523.xalancbmk_r": {"95th_latency": 5971.0, "99th_latency": 10192.0, "violate_rate": 1.9073510669329774, "throughput": 600}, "557.xz_r": {"95th_latency": 5813.0, "99th_latency": 9895.0, "violate_rate": 0.0035280646034476864, "throughput": 600}, "baseline": {"95th_latency": 5842.0, "99th_latency": 9770.0, "violate_rate": 0.010894566204537135, "throughput": 600}}}
{"xapian": {"519.lbm_r": {"95th_latency": 7562.0, "99th_latency": 13675.0, "violate_rate": 2.5068722785329993, "throughput": 600}, "544.nab_r": {"95th_latency": 5818.0, "99th_latency": 9688.0, "violate_rate": 0.010638543749937966, "throughput": 600}, "520.omnetpp_r": {"95th_latency": 6305.0, "99th_latency": 10915.0, "violate_rate": 1.576376703813021, "throughput": 600}, "523.xalancbmk_r": {"95th_latency": 5878.0, "99th_latency": 9866.0, "violate_rate": 0.004415614527278627, "throughput": 600}, "557.xz_r": {"95th_latency": 5828.0, "99th_latency": 9814.0, "violate_rate": 0.006124121237797215, "throughput": 600}, "baseline": {"95th_latency": 5746.0, "99th_latency": 9644.0, "violate_rate": 0.01576045859217014, "throughput": 600}}}
{"xapian": {"519.lbm_r": {"95th_latency": 7641.0, "99th_latency": 13586.0, "violate_rate": 2.5122369381747305, "throughput": 600}, "544.nab_r": {"95th_latency": 5767.0, "99th_latency": 9660.0, "violate_rate": 0.012900595440773984, "throughput": 600}, "520.omnetpp_r": {"95th_latency": 6276.0, "99th_latency": 10685.0, "violate_rate": 1.661152313513277, "throughput": 600}, "523.xalancbmk_r": {"95th_latency": 5938.0, "99th_latency": 10083.0, "violate_rate": 1.9579780677191818, "throughput": 600}, "557.xz_r": {"95th_latency": 5895.0, "99th_latency": 9959.0, "violate_rate": 0.0015528738584528903, "throughput": 600}, "baseline": {"95th_latency": 5797.0, "99th_latency": 9766.0, "violate_rate": 0.006804094749995745, "throughput": 600}}}
{"xapian": {"519.lbm_r": {"95th_latency": 7457.0, "99th_latency": 12770.0, "violate_rate": 2.7756465428729022, "throughput": 600}, "544.nab_r": {"95th_latency": 5817.0, "99th_latency": 9906.0, "violate_rate": 0.0033158520106681415, "throughput": 600}, "520.omnetpp_r": {"95th_latency": 6350.0, "99th_latency": 10895.0, "violate_rate": 1.5837488620614064, "throughput": 600}, "523.xalancbmk_r": {"95th_latency": 5915.0, "99th_latency": 9977.0, "violate_rate": 0.0004276913428035876, "throughput": 600}, "557.xz_r": {"95th_latency": 5817.0, "99th_latency": 9818.0, "violate_rate": 0.00856935608030532, "throughput": 600}, "baseline": {"95th_latency": 5731.0, "99th_latency": 9662.0, "violate_rate": 0.010783167554231863, "throughput": 600}}}
{"xapian": {"519.lbm_r": {"95th_latency": 7669.0, "99th_latency": 13566.0, "violate_rate": 2.448879915599179, "throughput": 600}, "544.nab_r": {"95th_latency": 5763.0, "99th_latency": 9681.0, "violate_rate": 0.015349055543220065, "throughput": 600}, "520.omnetpp_r": {"95th_latency": 6407.0, "99th_latency": 11076.0, "violate_rate": 1.4963740792305822, "throughput": 600}, "523.xalancbmk_r": {"95th_latency": 5936.0, "99th_latency": 10181.0, "violate_rate": 1.9110839019310353, "throughput": 600}, "557.xz_r": {"95th_latency": 5821.0, "99th_latency": 9637.0, "violate_rate": 0.016492782246721894, "throughput": 600}, "baseline": {"95th_latency": 5776.0, "99th_latency": 9716.0, "violate_rate": 0.01036590165993886, "throughput": 600}}}
