{"xapian": {"519.lbm_r": {"95th_latency": 6957.0, "99th_latency": 11860.0, "violate_rate": 1.206140982064368, "throughput": 600}, "544.nab_r": {"95th_latency": 5764.0, "99th_latency": 9749.0, "violate_rate": 0.0057723668981967315, "throughput": 600}, "520.omnetpp_r": {"95th_latency": 5797.0, "99th_latency": 9638.0, "violate_rate": 0.014516463547746121, "throughput": 600}, "523.xalancbmk_r": {"95th_latency": 5742.0, "99th_latency": 9738.0, "violate_rate": 0.008918773087713548, "throughput": 600}, "557.xz_r": {"95th_latency": 5764.0, "99th_latency": 9654.0, "violate_rate": 0.011258055976195336, "throughput": 600}, "baseline": {"95th_latency": 5799.0, "99th_latency": 9723.0, "violate_rate": 0.008905059798028081, "throughput": 600}}}
{"xapian": {"519.lbm_r": {"95th_latency": 6778.0, "99th_latency": 11635.0, "violate_rate": 1.3034901041616993, "throughput": 600}, "544.nab_r": {"95th_latency": 5837.0, "99th_latency": 9879.0, "violate_rate": 0.005119448817766863, "throughput": 600}, "520.omnetpp_r": {"95th_latency": 5786.0, "99th_latency": 9774.0, "violate_rate": 0.00943677287608896, "throughput": 600}, "523.xalancbmk_r": {"95th_latency": 5772.0, "99th_latency": 9842.0, "violate_rate": 0.00477504371577994, "throughput": 600}, "557.xz_r": {"95th_latency": 5838.0, "99th_latency": 9816.0, "violate_rate": 0.007500693951134073, "throughput": 600}, "baseline": {"95th_latency": 5771.0, "99th_latency": 9706.0, "violate_rate": 0.010341232073255921, "throughput": 600}}}
{"xapian": {"519.lbm_r": {"95th_latency": 6905.0, "99th_latency": 12219.0, "violate_rate": 1.1097812574098607, "throughput": 600}, "544.nab_r": {"95th_latency": 5808.0, "99th_latency": 9760.0, "violate_rate": 0.006739586075674056, "throughput": 600}, "520.omnetpp_r": {"95th_latency": 5822.0, "99th_latency": 9844.0, "violate_rate": 0.005032633485253338, "throughput": 600}, "523.xalancbmk_r": {"95th_latency": 5806.0, "99th_latency": 10041.0, "violate_rate": 1.9804287169700152, "throughput": 600}, "557.xz_r": {"95th_latency": 5785.0, "99th_latency": 9698.0, "violate_rate": 0.013707222778721868, "throughput": 600}, "baseline": {"95th_latency": 5736.0, "99th_latency": 9691.0, "violate_rate": 0.014519428540443883, "throughput": 600}}}
{"xapian": {"519.lbm_r": {"95th_latency": 6823.0, "99th_latency": 11882.0, "violate_rate": 1.2115230837833244, "throughput": 600}, "544.nab_r": {"95th_latency": 5785.0, "99th_latency": 9794.0, "violate_rate": 0.004332590633574014, "throughput": 600}, "520.omnetpp_r": {"95th_latency": 5808.0, "99th_latency": 9929.0, "violate_rate": 0.0018061979618346645, "throughput": 600}, "523.xalancbmk_r": {"95th_latency": 5789.0, "99th_latency": 9710.0, "violate_rate": 0.009420339497800682, "throughput": 600}, "557.xz_r": {"95th_latency": 5766.0, "99th_latency": 9622.0, "violate_rate": 0.01187342017194128, "throughput": 600}, "baseline": {"95th_latency": 5721.0, "99th_latency": 9677.0, "violate_rate": 0.010843440633965681, "throughput": 600}}}
{"xapian": {"519.lbm_r": {"95th_latency": 6758.0, "99th_latency": 11566.0, "violate_rate": 1.2960233496122968, "throughput": 600}, "544.nab_r": {"95th_latency": 5791.0, "99th_latency": 9547.0, "violate_rate": 0.020934610759084978, "throughput": 600}, "520.omnetpp_r": {"95th_latency": 5823.0, "99th_latency": 9928.0, "violate_rate": 0.001929232265292064, "throughput": 600}, "523.xalancbmk_r": {"95th_latency": 5796.0, "99th_latency": 9814.0, "violate_rate": 0.005971511838705332, "throughput": 600}, "557.xz_r": {"95th_latency": 5882.0, "99th_latency": 9987.0, "violate_rate": 0.00039594716974123556, "throughput": 600}, "baseline": {"95th_latency": 5837.0, "99th_latency": 9743.0, "violate_rate": 0.01057764805866224, "throughput": 600}}}
