{"519.lbm_r": [[1407.0, 2241.0, 1.3384502019527138]], "507.cactuBSSN_r": [[2962.0, 5005.0, 11.58007787198309]], "baseline": [[1357.0, 2192.0, 1.4820530223155284]]}
{"519.lbm_r": [[1379.0, 2232.0, 1.3865114637498448]], "507.cactuBSSN_r": [[3994.0, 6775.0, 16.098445616907853]], "baseline": [[1510.0, 2408.0, 2.945197791073187]]}
{"519.lbm_r": [[1401.0, 2256.0, 1.3234319780692476]], "507.cactuBSSN_r": [[3032.0, 5594.0, 12.797925851157034]], "baseline": [[1433.0, 2314.0, 1.1925424216204559]]}
{"519.lbm_r": [[1347.0, 2180.0, 1.5068568425948825]], "507.cactuBSSN_r": [[5124.0, 9243.0, 20.187076630189104]], "baseline": [[1429.0, 2298.0, 1.2140903839492974]]}
{"519.lbm_r": [[1414.0, 2247.0, 1.3195682147932632]], "507.cactuBSSN_r": [[3145.0, 5462.0, 12.560122304721897]], "baseline": [[1449.0, 2345.0, 1.135481273361262]]}
{"519.lbm_r": [[1387.0, 2217.0, 1.4037387707391475]], "507.cactuBSSN_r": [[2460.0, 4629.0, 8.844252393339653]], "baseline": [[1513.0, 2412.0, 2.936754683051804]]}
{"519.lbm_r": [[1381.0, 2218.0, 1.4054841427652947]], "507.cactuBSSN_r": [[3287.0, 5863.0, 12.213230392693335]], "baseline": [[1469.0, 2308.0, 1.1506261371039685]]}
{"519.lbm_r": [[1381.0, 2230.0, 1.385645231839061]], "507.cactuBSSN_r": [[3455.0, 5841.0, 14.494959537743219]], "baseline": [[1449.0, 2304.0, 1.1802789903450686]]}
{"519.lbm_r": [[1322.0, 2149.0, 1.5899896704454215]], "507.cactuBSSN_r": [[4766.0, 8245.0, 19.935539962676852]], "baseline": [[1476.0, 2396.0, 1.0408452138690418]]}
{"519.lbm_r": [[1347.0, 2184.0, 1.5014352817100831]], "507.cactuBSSN_r": [[2754.0, 4873.0, 9.037145710962605]], "baseline": [[1444.0, 2308.0, 1.1825114926826161]]}
