{"505.mcf_r": [[1534.0, 2410.0, 2.8763770953795476]], "519.lbm_r": [[2066.0, 3205.0, 5.454837826730251]], "541.leela_r": [[1605.0, 2526.0, 2.4972201943673094]], "548.exchange2_r": [[1599.0, 2472.0, 2.5725362323829333]], "baseline": [[1628.0, 2550.0, 2.3728948079925347]]}
{"505.mcf_r": [[1426.0, 2271.0, 1.2765027895847165]], "519.lbm_r": [[1961.0, 3012.0, 4.2841115576364714]], "541.leela_r": [[1519.0, 2357.0, 1.0190469065300674]], "548.exchange2_r": [[1658.0, 2555.0, 2.2754930913904947]], "baseline": [[1547.0, 2406.0, 2.8542161394825354]]}
{"503.bwaves_r": [[1580.0, 2501.0, 2.5849279021451843]], "505.mcf_r": [[1517.0, 2405.0, 2.929707090071557]], "538.imagick_r": [[1682.0, 2653.0, 2.0859713046070087]], "541.leela_r": [[136583.0, 300228.0, 10.124878022686971]], "baseline": [[6198.0, 94860.0, 7.358616509540049]]}
{"503.bwaves_r": [[1563.0, 2441.0, 2.7302347412017847]], "505.mcf_r": [[1545.0, 2440.0, 2.7751619649917716]], "538.imagick_r": [[1653.0, 2601.0, 2.242897814508654]], "541.leela_r": [[246925.0, 438391.0, 12.618880858975057]], "baseline": [[35276.0, 145761.0, 9.903714854634302]]}
{"503.bwaves_r": [[1661.0, 2690.0, 2.139990610284331]], "505.mcf_r": [[1533.0, 2446.0, 2.7969549498763366]], "538.imagick_r": [[1574.0, 2471.0, 2.6463561910640183]], "541.leela_r": [[75101.0, 244953.0, 10.830377463349928]], "baseline": [[71124.0, 155011.0, 10.026270925336346]]}
{"503.bwaves_r": [[1596.0, 2508.0, 2.5364308640933784]], "505.mcf_r": [[1558.0, 2476.0, 2.6828259017937377]], "538.imagick_r": [[1538.0, 2435.0, 2.826150070828592]], "541.leela_r": [[110483.0, 250089.0, 10.172817583922116]], "baseline": [[68951.0, 198163.0, 9.302486090167022]]}
{"503.bwaves_r": [[1533.0, 2451.0, 2.8048324311508344]], "505.mcf_r": [[1556.0, 2474.0, 2.682833709716689]], "538.imagick_r": [[1684.0, 2631.0, 2.105570018375511]], "541.leela_r": [[182697.0, 317405.0, 11.246419440624992]], "baseline": [[4749.0, 80073.0, 8.254300959598737]]}
{"503.bwaves_r": [[1686.0, 2737.0, 2.0186910975211654]], "505.mcf_r": [[1592.0, 2559.0, 2.432590957925608]], "538.imagick_r": [[1611.0, 2501.0, 2.4872895965896626]], "541.leela_r": [[193204.0, 345206.0, 11.569295973620669]], "baseline": [[38395.0, 166709.0, 9.216407731336792]]}
{"503.bwaves_r": [[1530.0, 2419.0, 2.8860425246714936]], "505.mcf_r": [[1579.0, 2515.0, 2.5874337690225566]], "538.imagick_r": [[1566.0, 2437.0, 2.7475550655102103]], "541.leela_r": [[134196.0, 275263.0, 11.618259664858266]], "baseline": [[3765.0, 26136.0, 7.008788850130536]]}
{"503.bwaves_r": [[1609.0, 2547.0, 2.4660020186229463]], "505.mcf_r": [[1551.0, 2472.0, 2.6984316640632366]], "538.imagick_r": [[1619.0, 2526.0, 2.436185765212299]], "541.leela_r": [[145459.0, 296585.0, 10.164906383455309]], "baseline": [[64507.00000000001, 196600.0, 9.04525261269527]]}
{"503.bwaves_r": [[1569.0, 2455.0, 2.6996870518048293]], "505.mcf_r": [[1504.0, 2430.0, 2.9043832215062504]], "538.imagick_r": [[1644.0, 2568.0, 2.3132103695755224]], "541.leela_r": [[215484.0, 390142.0, 11.541988661286355]], "baseline": [[36696.0, 160645.0, 8.136189497459883]]}
{"503.bwaves_r": [[1687.0, 2710.0, 2.047275118767937]], "505.mcf_r": [[1514.0, 2410.0, 2.9326577224660095]], "538.imagick_r": [[1559.0, 2432.0, 2.7962683195114506]], "541.leela_r": [[180345.0, 335125.0, 12.999254325645994]], "baseline": [[43041.0, 147158.0, 9.771507300781517]]}
