{"519.lbm_r": [[1511.0, 2609.0, 2.7555203709350913]], "507.cactuBSSN_r": [[4650.0, 9234.0, 19.07457166868482]], "baseline": [[1531.0, 2563.0, 2.7520095813838443]]}
{"519.lbm_r": [[1516.0, 2610.0, 2.7363522610178874]], "507.cactuBSSN_r": [[9339.0, 15075.0, 32.417803850037025]], "baseline": [[1694.0, 2803.0, 3.932612403876112]]}
{"519.lbm_r": [[1565.0, 2664.0, 2.518714216891423]], "507.cactuBSSN_r": [[4435.0, 10287.0, 17.04688500034945]], "baseline": [[1659.0, 2893.0, 2.055951719752527]]}
{"519.lbm_r": [[1544.0, 2592.0, 2.6399531659968236]], "507.cactuBSSN_r": [[5509.0, 10313.0, 23.851227533846643]], "baseline": [[1579.0, 2589.0, 2.5251396945876197]]}
{"519.lbm_r": [[1446.0, 2425.0, 1.08558137596575]], "507.cactuBSSN_r": [[3704.0, 7092.0, 15.904194760867448]], "baseline": [[1636.0, 2696.0, 2.2484446115155157]]}
{"519.lbm_r": [[1499.0, 2429.0, 2.9856091192609098]], "507.cactuBSSN_r": [[5298.0, 15590.0, 21.185296715488665]], "baseline": [[1577.0, 2616.0, 2.496023412799283]]}
{"519.lbm_r": [[1433.0, 2399.0, 1.1348137593914773]], "507.cactuBSSN_r": [[2368.0, 5265.0, 7.598414492573982]], "baseline": [[1724.0, 2927.0, 3.7482808927965756]]}
{"519.lbm_r": [[1507.0, 2506.0, 2.8557352791369373]], "507.cactuBSSN_r": [[3527.0, 15786.0, 15.84150338970424]], "baseline": [[1644.0, 2726.0, 2.2002317890849623]]}
{"519.lbm_r": [[1503.0, 2488.0, 2.9098598215161204]], "507.cactuBSSN_r": [[6116.0, 12598.0, 23.407722839805253]], "baseline": [[1615.0, 2792.0, 2.2426601325876248]]}
{"519.lbm_r": [[1543.0, 2585.0, 2.671941245347269]], "507.cactuBSSN_r": [[7133.0, 12452.0, 28.86738128364483]], "baseline": [[1613.0, 2581.0, 2.4367181400983924]]}
