{"519.lbm_r": [[1186.0, 1975.0, 0.00185461993246826]]}
{"519.lbm_r": [[1168.0, 1964.0, 0.002427271812337266]], "507.cactuBSSN_r": [[2263.0, 3789.0, 6.239839041741304]], "baseline": [[1284.0, 2116.0, 1.6813159264056738]]}
{"519.lbm_r": [[1229.0, 2037.9999999999998, 1.8932051455959482]], "507.cactuBSSN_r": [[2185.0, 3689.0, 6.7608201466007145]], "baseline": [[1256.0, 2082.0, 1.7755121161227738]]}
{"519.lbm_r": [[1171.0, 1970.0, 0.0018421364381967548]], "507.cactuBSSN_r": [[2559.0, 4415.0, 8.368228903141627]], "baseline": [[1230.0, 2056.0, 1.8467377598554022]]}
{"519.lbm_r": [[1128.0, 1924.0, 0.004792252767694845]], "507.cactuBSSN_r": [[2227.0, 3833.0, 6.50556700234074]], "baseline": [[1268.0, 2087.0, 1.7578576928529537]]}
{"519.lbm_r": [[1205.0, 2004.0, 1.9885639843965377]], "507.cactuBSSN_r": [[2289.0, 4293.0, 6.264797412937144]], "baseline": [[1241.0, 2063.0, 1.8256248014036447]]}
{"519.lbm_r": [[1226.0, 2041.9999999999998, 1.8814719976385164]], "507.cactuBSSN_r": [[2354.0, 3877.0, 7.509554253853809]], "baseline": [[1203.0, 2033.9999999999998, 1.909836687036559]]}
{"519.lbm_r": [[1190.0, 2008.0, 1.9766231603488824]], "507.cactuBSSN_r": [[2610.0, 5029.0, 8.381807205701094]], "baseline": [[1209.0, 1996.0, 0.00032682414721397807]]}
{"519.lbm_r": [[1208.0, 2029.9999999999998, 1.9180602617271036]], "507.cactuBSSN_r": [[2040.0, 3432.0, 5.731649916758915]], "baseline": [[1228.0, 2037.9999999999998, 1.893468164937175]]}
{"519.lbm_r": [[1172.0, 1963.0, 0.002518919550115735]], "507.cactuBSSN_r": [[2471.0, 4156.0, 8.98242880776087]], "baseline": [[1291.0, 2125.0, 1.6605681002815942]]}
{"519.lbm_r": [[1200.0, 1995.0, 0.00029139422056571093]], "507.cactuBSSN_r": [[2396.0, 4101.0, 7.367377830181164]], "baseline": [[1228.0, 2058.0, 1.8406865962545402]]}
{"505.mcf_r": [[1529.0, 2409.0, 2.9164774027533618]], "519.lbm_r": [[1547.0, 2401.0, 2.8539726941724797]], "541.leela_r": [[1570.0, 2459.0, 2.7063719103887474]], "548.exchange2_r": [[1651.0, 2555.0, 2.292138354914401]], "baseline": [[1586.0, 2472.0, 2.6184441904955467]]}
{"505.mcf_r": [[1539.0, 2408.0, 2.86686167110283]], "519.lbm_r": [[1523.0, 2413.0, 2.9156079972979154]], "541.leela_r": [[1629.0, 2521.0, 2.428390817375923]], "548.exchange2_r": [[1500.0, 2333.0, 1.076362356766809]], "baseline": [[1560.0, 2425.0, 2.796549755118428]]}
{"503.bwaves_r": [[1449.0, 2360.0, 1.1132150458899877]], "505.mcf_r": [[2377.0, 114096.0, 6.789567473555156]], "538.imagick_r": [[1686.0, 2667.0, 2.065974346711102]], "541.leela_r": [[2741.0, 67888.0, 7.947985263041936]], "baseline": [[1908.0, 14757.0, 4.4736229117924715]]}
{"503.bwaves_r": [[1486.0, 2424.0, 2.9576889909273802]], "505.mcf_r": [[1850.0, 58398.0, 4.585300330728892]], "538.imagick_r": [[1578.0, 2486.0, 2.655343380368461]], "541.leela_r": [[23569.0, 188256.0, 8.50790929525082]], "baseline": [[2064.0, 6012.0, 5.613532650638606]]}
{"503.bwaves_r": [[1486.0, 2430.0, 2.938926700947757]], "505.mcf_r": [[1910.0, 38681.0, 4.355963153020938]], "538.imagick_r": [[1537.0, 2431.0, 2.828012460833827]], "541.leela_r": [[2260.0, 23046.0, 6.90491967308402]], "baseline": [[1835.0, 2940.0, 3.08626474050078]]}
{"503.bwaves_r": [[1507.0, 2434.0, 2.889670596564197]], "505.mcf_r": [[2012.0, 44063.0, 5.9332714055384175]], "538.imagick_r": [[1563.0, 2433.0, 2.7635992564975895]], "541.leela_r": [[8836.0, 130565.0, 8.888700006857139]], "baseline": [[1931.0, 10394.0, 4.337183603483702]]}
{"503.bwaves_r": [[1460.0, 2413.0, 1.0301396608565]], "505.mcf_r": [[1914.0, 68515.0, 4.317880482039149]], "538.imagick_r": [[1576.0, 2441.0, 2.7115044578082794]], "541.leela_r": [[6607.0, 107178.0, 7.093296263607161]], "baseline": [[2290.0, 47287.0, 6.732446622731931]]}
{"503.bwaves_r": [[1425.0, 2346.0, 1.1547197648546756]], "505.mcf_r": [[2256.0, 74590.0, 6.9875388406216965]], "538.imagick_r": [[1590.0, 2483.0, 2.6114427599827237]], "541.leela_r": [[27854.0, 165166.0, 8.33819145663453]], "baseline": [[2229.0, 13000.0, 5.063560188859886]]}
{"503.bwaves_r": [[1509.0, 2419.0, 2.9027637619703475]], "505.mcf_r": [[2359.0, 88808.0, 6.651271523665407]], "538.imagick_r": [[1649.0, 2553.0, 2.3115703717291365]], "541.leela_r": [[27402.0, 187608.0, 8.89133637271118]], "baseline": [[2620.0, 27766.0, 6.08132404522573]]}
{"503.bwaves_r": [[1480.0, 2399.0, 1.0096380654287533]], "505.mcf_r": [[2052.0, 71078.0, 5.726166841619678]], "538.imagick_r": [[1596.0, 2511.0, 2.5376882552200755]], "541.leela_r": [[12813.0, 167988.0, 8.682413884031625]], "baseline": [[6607.0, 114925.0, 7.429144278905668]]}
{"503.bwaves_r": [[1461.0, 2379.0, 1.0711668303726438]], "505.mcf_r": [[2139.0, 108266.0, 5.441445337369514]], "538.imagick_r": [[1583.0, 2499.0, 2.6121015643313004]], "541.leela_r": [[11009.0, 150577.0, 8.254820389523939]], "baseline": [[2780.0, 54364.0, 7.9440988143826505]]}
{"503.bwaves_r": [[1470.0, 2393.0, 1.030711232080725]], "505.mcf_r": [[1938.0, 57188.0, 4.2069573890401735]], "538.imagick_r": [[1635.0, 2568.0, 2.322288577224399]], "541.leela_r": [[12948.0, 109912.0, 8.21014191209928]], "baseline": [[47449.0, 194462.0, 9.730326295585414]]}
