{"505.mcf_r": [[1549.0, 2440.0, 2.7888215049678684]], "519.lbm_r": [[4996.0, 9195.0, 32.93627786213771]], "541.leela_r": [[1631.0, 2528.0, 2.4152537167869355]], "548.exchange2_r": [[1530.0, 2387.0, 2.9555078128697034]], "baseline": [[1602.0, 2477.0, 2.537182976845126]]}
{"505.mcf_r": [[1557.0, 2508.0, 2.6210933565201566]], "519.lbm_r": [[4634.0, 10213.0, 28.89752397297912]], "541.leela_r": [[1555.0, 2411.0, 2.829433103723286]], "548.exchange2_r": [[1674.0, 2582.0, 2.1798542476202614]], "baseline": [[1577.0, 2460.0, 2.6817876277379744]]}
{"503.bwaves_r": [[1931.0, 3089.0, 4.452940439367659]], "505.mcf_r": [[1650.0, 2650.0, 2.177411678855276]], "538.imagick_r": [[1663.0, 2612.0, 2.23136268656593]], "541.leela_r": [[93151.0, 237149.0, 9.163070123632826]], "baseline": [[5360.0, 101783.0, 8.851409525108961]]}
{"503.bwaves_r": [[1925.0, 3081.0, 4.5180953735640506]], "505.mcf_r": [[1593.0, 2535.0, 2.471968152973376]], "538.imagick_r": [[1559.0, 2434.0, 2.751728232337923]], "541.leela_r": [[117327.0, 284839.0, 10.844604940190994]], "baseline": [[7218.0, 82386.0, 8.76998811290689]]}
{"503.bwaves_r": [[1952.0, 3033.0, 4.328570535947423]], "505.mcf_r": [[1674.0, 2785.0, 2.014283393143165]], "538.imagick_r": [[1588.0, 2469.0, 2.6449645029723263]], "541.leela_r": [[97890.0, 211038.0, 10.72396416181754]], "baseline": [[79191.0, 181039.0, 10.34452702063355]]}
{"503.bwaves_r": [[2037.9999999999998, 3630.0, 5.717302495406757]], "505.mcf_r": [[1664.0, 2649.0, 2.1230041423309944]], "538.imagick_r": [[1729.0, 2661.0, 3.8554590905537465]], "541.leela_r": [[36169.0, 180084.0, 9.466305537503848]], "baseline": [[14977.0, 85645.0, 9.689807840408298]]}
{"503.bwaves_r": [[1973.0, 3252.0, 4.181338176739121]], "505.mcf_r": [[1600.0, 2546.0, 2.4540808497578936]], "538.imagick_r": [[1584.0, 2510.0, 2.5790826318705284]], "541.leela_r": [[167919.0, 331241.0, 11.822122583019906]], "baseline": [[3299.0, 71829.0, 7.163687442270049]]}
{"503.bwaves_r": [[1871.0, 3053.0, 4.9044276154130015]], "505.mcf_r": [[1583.0, 2511.0, 2.5746854820379004]], "538.imagick_r": [[1646.0, 2589.0, 2.2565279281765576]], "541.leela_r": [[28512.0, 166370.0, 9.926023849066485]], "baseline": [[8628.0, 91446.0, 8.405580578676176]]}
{"503.bwaves_r": [[1957.0, 3135.0, 4.290770681124398]], "505.mcf_r": [[1593.0, 2551.0, 2.4876215277689515]], "538.imagick_r": [[1690.0, 2628.0, 2.076260544512188]], "541.leela_r": [[119231.0, 271275.0, 10.845011591343347]], "baseline": [[82579.0, 186653.0, 11.546799644184421]]}
{"503.bwaves_r": [[1887.0, 3023.0, 4.774936126574018]], "505.mcf_r": [[1553.0, 2446.0, 2.766844367552604]], "538.imagick_r": [[1587.0, 2492.0, 2.5882062846613554]], "541.leela_r": [[183536.0, 364139.0, 11.66964889407666]], "baseline": [[30781.0, 120361.0, 9.215401487856953]]}
{"503.bwaves_r": [[1914.0, 3126.0, 4.57859788234911]], "505.mcf_r": [[1605.0, 2582.0, 2.402141537858393]], "538.imagick_r": [[1623.0, 2528.0, 2.4298824655396336]], "541.leela_r": [[177788.0, 367195.0, 11.654355308445856]], "baseline": [[16315.000000000002, 134786.0, 8.124313221045043]]}
{"503.bwaves_r": [[1925.0, 3155.0, 4.488055661991554]], "505.mcf_r": [[1522.0, 2431.0, 2.843990188033902]], "538.imagick_r": [[1505.0, 2366.0, 1.0291373082362867]], "541.leela_r": [[92572.0, 234243.0, 9.239203179216329]], "baseline": [[12096.0, 126263.0, 8.021677404018774]]}
