{"505.mcf_r": [[1445.0, 2303.0, 1.196592024560714]], "519.lbm_r": [[1622.0, 2533.0, 2.4241856041772865]], "541.leela_r": [[1613.0, 2500.0, 2.521252172643506]], "548.exchange2_r": [[1572.0, 2458.0, 2.695283052276287]], "baseline": [[1493.0, 2351.0, 1.0735863216948094]]}
{"505.mcf_r": [[1487.0, 2336.0, 1.0897955862174475]], "519.lbm_r": [[1690.0, 2581.0, 2.109166543654509]], "541.leela_r": [[1547.0, 2442.0, 2.8152035216423497]], "548.exchange2_r": [[1531.0, 2392.0, 2.945483786024543]], "baseline": [[1552.0, 2434.0, 2.8188058248398935]]}
{"503.bwaves_r": [[1455.0, 2330.0, 1.1418759423835212]], "505.mcf_r": [[1872.0, 29236.0, 4.513715348946489]], "538.imagick_r": [[1601.0, 2511.0, 2.519851699422242]], "541.leela_r": [[2437.0, 88946.0, 6.507334914005352]], "baseline": [[1780.0, 3382.0, 3.30345917048471]]}
{"503.bwaves_r": [[1467.0, 2351.0, 1.1017525409661169]], "505.mcf_r": [[1833.0, 22727.0, 4.774011315138139]], "538.imagick_r": [[1704.0, 2658.0, 2.0039301955302857]], "541.leela_r": [[2482.0, 69123.0, 6.495961859479299]], "baseline": [[1845.0, 2983.0, 3.035495532906587]]}
{"503.bwaves_r": [[1374.0, 2222.0, 1.4036985645675688]], "505.mcf_r": [[2732.0, 161673.0, 6.242480747654958]], "538.imagick_r": [[1563.0, 2430.0, 2.768455607838926]], "541.leela_r": [[2391.0, 61137.0, 6.547709147855202]], "baseline": [[1922.0, 5571.0, 4.383164392017553]]}
{"503.bwaves_r": [[1517.0, 2437.0, 2.876373067665666]], "505.mcf_r": [[1897.0, 51427.0, 4.368032090266494]], "538.imagick_r": [[1660.0, 2592.0, 2.2020259206862307]], "541.leela_r": [[1797.0, 7511.0, 3.1240135664347477]], "baseline": [[1798.0, 2903.0, 3.302173718107636]]}
{"503.bwaves_r": [[1480.0, 2355.0, 1.0764408156464147]], "505.mcf_r": [[2339.0, 104772.0, 6.927527636529804]], "538.imagick_r": [[1622.0, 2519.0, 2.447051233312912]], "541.leela_r": [[3981.0, 125356.0, 7.412073736887464]], "baseline": [[1932.0, 10230.0, 4.323497425402035]]}
{"503.bwaves_r": [[1442.0, 2299.0, 1.2122193948781168]], "505.mcf_r": [[1778.0, 16663.0, 3.065144697424288]], "538.imagick_r": [[1594.0, 2497.0, 2.568340825214114]], "541.leela_r": [[2537.0, 98233.0, 6.303833032345732]], "baseline": [[2025.9999999999998, 17473.0, 5.838074103129484]]}
{"503.bwaves_r": [[1407.0, 2254.0, 1.3183399407183036]], "505.mcf_r": [[2101.0, 83103.0, 5.5542898274123775]], "538.imagick_r": [[1587.0, 2451.0, 2.657702888526086]], "541.leela_r": [[2283.0, 39715.0, 6.936512699127091]], "baseline": [[1728.0, 2980.0, 3.671256222267432]]}
{"503.bwaves_r": [[1430.0, 2329.0, 1.1775416793858324]], "505.mcf_r": [[2009.0, 89472.0, 5.960769294396439]], "538.imagick_r": [[1597.0, 2472.0, 2.5800810329167136]], "541.leela_r": [[2365.0, 68554.0, 6.499532537560063]], "baseline": [[2054.0, 12127.0, 5.685597998820573]]}
{"503.bwaves_r": [[1476.0, 2377.0, 1.0508330733911635]], "505.mcf_r": [[1735.0, 28906.0, 3.127949722608422]], "538.imagick_r": [[1545.0, 2416.0, 2.8488517616341062]], "541.leela_r": [[2699.0, 89930.0, 7.915909888887386]], "baseline": [[1745.0, 2908.0, 3.605621835939632]]}
{"503.bwaves_r": [[1440.0, 2301.0, 1.2010955706865598]], "505.mcf_r": [[2118.0, 61156.0, 5.514834603027675]], "538.imagick_r": [[1656.0, 2558.0, 2.260436819964856]], "541.leela_r": [[28309.0, 178261.0, 9.977535066841977]], "baseline": [[1895.0, 19590.0, 4.4797621728817125]]}
