{"519.lbm_r": [[1337.0, 2170.0, 1.537682545501636]], "507.cactuBSSN_r": [[2650.0, 4542.0, 9.624288618205345]], "baseline": [[1356.0, 2191.0, 1.4795732087790527]]}
{"519.lbm_r": [[1279.0, 2095.0, 1.7350620980823752]], "507.cactuBSSN_r": [[2694.0, 4446.0, 9.299016850471098]], "baseline": [[1393.0, 2253.0, 1.338165715739304]]}
{"519.lbm_r": [[1304.0, 2104.0, 1.7048510467891695]], "507.cactuBSSN_r": [[2914.0, 4975.0, 10.030615262350526]], "baseline": [[1300.0, 2119.0, 1.6694465622665944]]}
{"519.lbm_r": [[1277.0, 2105.0, 1.7103533595991718]], "507.cactuBSSN_r": [[2444.0, 3962.0, 8.741654117002192]], "baseline": [[1313.0, 2131.0, 1.6368590409714485]]}
{"519.lbm_r": [[1239.0, 2027.0000000000002, 1.920586931884247]], "507.cactuBSSN_r": [[2665.0, 4387.0, 9.38779531405506]], "baseline": [[1382.0, 2255.0, 1.3377897358283752]]}
{"519.lbm_r": [[1293.0, 2119.0, 1.670185274454985]], "507.cactuBSSN_r": [[3168.0, 5329.0, 12.077086927068416]], "baseline": [[1269.0, 2079.0, 1.7768572995493022]]}
{"519.lbm_r": [[1303.0, 2129.0, 1.6455146532056286]], "507.cactuBSSN_r": [[3185.0, 5298.0, 12.133727987398125]], "baseline": [[1329.0, 2151.0, 1.582443849899827]]}
{"519.lbm_r": [[1301.0, 2130.0, 1.6419234454248826]], "507.cactuBSSN_r": [[2595.0, 4231.0, 9.771545588023358]], "baseline": [[1356.0, 2223.0, 1.4232944189384449]]}
{"519.lbm_r": [[1288.0, 2105.0, 1.708024489391029]], "507.cactuBSSN_r": [[2825.0, 4991.0, 10.373227534556998]], "baseline": [[1390.0, 2228.0, 1.3788662689164544]]}
{"519.lbm_r": [[1273.0, 2085.0, 1.7632435139601264]], "507.cactuBSSN_r": [[2735.0, 4801.0, 9.078666682221966]], "baseline": [[1301.0, 2105.0, 1.703654370344426]]}
