{"519.lbm_r": [[1694.0, 2832.0, 2.0146954135995103]], "507.cactuBSSN_r": [[14828.0, 30197.0, 39.54691217052051]], "baseline": [[1940.0, 3656.0, 4.371808659184793]]}
{"519.lbm_r": [[1704.0, 2937.0, 3.893537406156014]], "507.cactuBSSN_r": [[10186.0, 32625.0, 33.71646921232819]], "baseline": [[1836.0, 3033.0, 3.1270545816197197]]}
{"519.lbm_r": [[1725.0, 3050.0, 3.7631688825403797]], "507.cactuBSSN_r": [[6500.0, 31792.0, 26.152620497353894]], "baseline": [[1736.0, 2999.0, 3.6724138062365497]]}
{"519.lbm_r": [[1665.0, 2744.0, 2.1213422354338207]], "507.cactuBSSN_r": [[9217.0, 34917.0, 32.579877645228514]], "baseline": [[1809.0, 3051.0, 3.275614002196213]]}
{"519.lbm_r": [[1707.0, 2882.0, 3.8797145341461006]], "507.cactuBSSN_r": [[5841.0, 18456.0, 23.897616096463253]], "baseline": [[1696.0, 2870.0, 3.9524853028693476]]}
{"519.lbm_r": [[1648.0, 2744.0, 2.189600191758878]], "507.cactuBSSN_r": [[21822.0, 28858.0, 47.80402652654704]], "baseline": [[1756.0, 3012.0, 3.5439501297294194]]}
{"519.lbm_r": [[1732.0, 2912.0, 3.73042273042273]], "507.cactuBSSN_r": [[9945.0, 18549.0, 29.0246040507602]], "baseline": [[1606.0, 2661.0, 2.3878596421407248]]}
{"519.lbm_r": [[1689.0, 2770.0, 2.0317379807910227]], "507.cactuBSSN_r": [[12948.0, 39760.0, 38.40628052333817]], "baseline": [[1733.0, 2931.0, 3.6711244204820117]]}
{"519.lbm_r": [[1706.0, 2857.0, 3.9147750464873696]], "507.cactuBSSN_r": [[8985.0, 15075.0, 33.76317292320057]], "baseline": [[1762.0, 2956.0, 3.520268414448279]]}
{"519.lbm_r": [[1621.0, 2842.0, 2.2233264938774724]], "507.cactuBSSN_r": [[4576.0, 11571.0, 19.079370502798778]], "baseline": [[1831.0, 3081.0, 3.1359170159710694]]}
