{"505.mcf_r": [[1496.0, 2374.0, 1.0167001093651216]], "519.lbm_r": [[6028.0, 12136.0, 36.17863576318002]], "541.leela_r": [[1571.0, 2445.0, 2.7359944856053016]], "548.exchange2_r": [[1596.0, 2471.0, 2.5974788495644554]], "baseline": [[1595.0, 2454.0, 2.647208961835239]]}
{"503.bwaves_r": [[2049.0, 3243.0, 5.614019584359618]], "505.mcf_r": [[1561.0, 2485.0, 2.6698895810356618]], "538.imagick_r": [[1552.0, 2429.0, 2.774804142348791]], "541.leela_r": [[118357.0, 271214.0, 10.381501455105344]], "baseline": [[39493.0, 168988.0, 10.579827821850317]]}
{"503.bwaves_r": [[1955.0, 3095.0, 4.30383231284104]], "505.mcf_r": [[1519.0, 2461.0, 2.8570306694478704]], "538.imagick_r": [[1588.0, 2482.0, 2.599409909039678]], "541.leela_r": [[81945.0, 248464.0, 9.911982805662806]], "baseline": [[2964.0, 57478.0, 7.243975373395865]]}
{"503.bwaves_r": [[2045.0, 3277.0, 5.656215728336228]], "505.mcf_r": [[1599.0, 2539.0, 2.4729729253914243]], "538.imagick_r": [[1635.0, 2556.0, 2.365235093185411]], "541.leela_r": [[17493.0, 149053.0, 8.141426377418998]], "baseline": [[2750.0, 50084.0, 7.904965776136725]]}
{"503.bwaves_r": [[1974.0, 3101.0, 4.181188675642245]], "505.mcf_r": [[1632.0, 2600.0, 2.2952648679309817]], "538.imagick_r": [[1575.0, 2456.0, 2.6661000812259337]], "541.leela_r": [[107296.0, 270670.0, 10.838452525149634]], "baseline": [[9174.0, 92959.0, 8.470202293867969]]}
{"503.bwaves_r": [[2112.0, 3316.0, 5.135022645968998]], "505.mcf_r": [[1554.0, 2462.0, 2.714046350841299]], "538.imagick_r": [[1556.0, 2428.0, 2.790536915484331]], "541.leela_r": [[105909.0, 293079.0, 10.510583147643972]], "baseline": [[28800.0, 153641.0, 8.191669544019945]]}
{"503.bwaves_r": [[1955.0, 3118.0, 4.305135784280029]], "505.mcf_r": [[1500.0, 2382.0, 1.014034350592421]], "538.imagick_r": [[1564.0, 2438.0, 2.739135799084254]], "541.leela_r": [[191507.0, 369078.0, 12.563104898749256]], "baseline": [[3547.0, 35889.0, 7.146289620930408]]}
{"503.bwaves_r": [[2121.0, 3354.0, 5.029902320224605]], "505.mcf_r": [[1569.0, 2536.0, 2.5545895244448857]], "538.imagick_r": [[1670.0, 2593.0, 2.1865240262070538]], "541.leela_r": [[105396.0, 224909.0, 10.34720525263191]], "baseline": [[16704.0, 141023.0, 9.78310129088071]]}
{"503.bwaves_r": [[2083.0, 3226.0, 5.327929251410421]], "505.mcf_r": [[1608.0, 2528.0, 2.448875072521496]], "538.imagick_r": [[1610.0, 2499.0, 2.5001262925958825]], "541.leela_r": [[55550.0, 175943.0, 9.091097328558693]], "baseline": [[153597.0, 262838.0, 10.287447809080122]]}
{"503.bwaves_r": [[2127.0, 3401.0, 5.01658544132436]], "505.mcf_r": [[1555.0, 2456.0, 2.7510789390327095]], "538.imagick_r": [[1632.0, 2539.0, 2.3498014683714894]], "541.leela_r": [[166820.0, 344494.0, 10.244621011711414]], "baseline": [[3096.0, 63941.0, 7.511745389893221]]}
{"503.bwaves_r": [[1939.0, 3074.0, 4.412231658602536]], "505.mcf_r": [[1557.0, 2498.0, 2.640892584460741]], "538.imagick_r": [[1551.0, 2414.0, 2.8085421603705085]], "541.leela_r": [[93723.0, 238297.0, 9.181072355086583]], "baseline": [[32128.999999999996, 132537.0, 10.731893296666113]]}
