{"519.lbm_r": [[1958.0, 3443.0, 4.278963535212383]]}
{"519.lbm_r": [[1890.0, 3194.0, 4.749346552169654]], "507.cactuBSSN_r": [[37262.0, 42735.0, 60.84609616618171]], "baseline": [[1912.0, 3520.0, 4.542778990648904]]}
{"519.lbm_r": [[1745.0, 3025.0, 3.647146626564287]], "507.cactuBSSN_r": [[9996.0, 14773.0, 33.149387349597085]], "baseline": [[1940.0, 3420.0, 4.392489530001814]]}
{"519.lbm_r": [[1835.0, 3084.0, 3.139732640407555]], "507.cactuBSSN_r": [[18928.0, 25773.0, 45.710300557409795]], "baseline": [[1907.0, 3253.0, 4.614846930332615]]}
{"519.lbm_r": [[1796.0, 3100.0, 3.320210818424981]], "507.cactuBSSN_r": [[31343.0, 46919.0, 60.75454130579675]], "baseline": [[1888.0, 3474.0, 4.728209576115533]]}
{"519.lbm_r": [[1874.0, 3162.0, 4.900809484990204]], "507.cactuBSSN_r": [[32505.000000000004, 44143.0, 58.570199886197116]], "baseline": [[1907.0, 3166.0, 4.627737297859197]]}
{"519.lbm_r": [[1875.0, 3152.0, 4.879612057025977]], "507.cactuBSSN_r": [[18430.0, 28189.0, 47.638567449708056]], "baseline": [[1937.0, 3474.0, 4.399177308805278]]}
{"519.lbm_r": [[1801.0, 3070.0, 3.2713683912736338]], "507.cactuBSSN_r": [[17199.0, 23376.0, 43.77500160516588]], "baseline": [[2039.0000000000002, 4229.0, 5.7253707233210065]]}
{"519.lbm_r": [[1861.0, 3130.0, 4.9878400636297]], "507.cactuBSSN_r": [[14209.0, 21834.0, 41.881761659128706]], "baseline": [[1860.0, 3175.0, 4.979668469726051]]}
{"519.lbm_r": [[1844.0, 3053.0, 3.098681972322516]], "507.cactuBSSN_r": [[15868.0, 23152.0, 43.166021838207925]], "baseline": [[2044.0, 3473.0, 5.643645952183389]]}
{"519.lbm_r": [[1754.0, 3025.0, 3.5765503707592776]], "507.cactuBSSN_r": [[34439.0, 41909.0, 57.05610319622902]], "baseline": [[2111.0, 4193.0, 5.189021141818764]]}
