{"519.lbm_r": [[1112.25, 1.058351801133417], [2938.5, 1.0141958333333307]], "baseline": [[1045.75, 1.0636456120459634], [3853.5, 2.163906377968878]]}
{"519.lbm_r": [[1055.125, 1.0600958897490818], [2932.75, 1.0702161616161583]], "baseline": [[1026.375, 1.0632099286348125], [2977.25, 1.2411888888888891]]}
{"519.lbm_r": [[1153.625, 1.0554413920163193], [2992.5, 1.4175064284485714]], "baseline": [[984.125, 1.066086417225949], [2941.5, 1.2250527777777753]]}
{"519.lbm_r": [[1058.625, 1.0591832305130024], [2982.75, 1.2729024101307174]], "baseline": [[1100.125, 1.0615313783997862], [5363.0, 2.1478775782013684]]}
{"519.lbm_r": [[1301.75, 1.0483585811368819], [6944.0, 1.9427362395290027]], "baseline": [[1095.125, 1.05970263673617], [15130.0, 2.578463196700305]]}
