{"519.lbm_r": [[344.75, 1.2669663787296206], [22719.0, 2.6949776451019902]], "baseline": [[206.625, 1.2761880133019172], [32121.0, 3.4762087214743986]]}
{"519.lbm_r": [[294.25, 1.2970787318725623], [2982.0, 1.3422553571428557]], "baseline": [[239.625, 1.2746939588974044], [17084.0, 2.55412164460663]]}
{"519.lbm_r": [[342.875, 1.244034593054259], [7509.0, 2.3293062437741057]], "baseline": [[310.25, 1.3245136274211975], [20113.0, 3.2506389609161874]]}
{"519.lbm_r": [[309.875, 1.2787718811763085], [19137.0, 3.7095808890078725]], "baseline": [[225.75, 1.487449537862145], [14900.0, 2.6565085707372216]]}
{"519.lbm_r": [[322.125, 1.2813417166925034], [3005.25, 1.5258791807829848]], "baseline": [[181.625, 0.8817505259777811], [37831.0, 3.951437046668016]]}
