{"519.lbm_r": [[949.375, 1.0682225825825267], [2678.25, 0.8117820512820535]], "baseline": [[1010.5, 1.0633790730580468], [2684.5, 0.501133333333332]]}
{"519.lbm_r": [[1287.25, 1.048656745708632], [2653.5, 0.5203960858585831]], "baseline": [[1050.0, 1.063417664361143], [2706.25, 0.4948761904761909]]}
{"519.lbm_r": [[1105.5, 1.059359856136685], [2690.25, 0.603900198412699]], "baseline": [[1047.0, 1.063856055256636], [2703.75, 0.5866069083694082]]}
{"519.lbm_r": [[1045.5, 1.060203480671256], [2650.25, 0.5800071608946584]], "baseline": [[1082.625, 1.060269334896261], [2638.75, 0.5485359723609716]]}
{"519.lbm_r": [[1087.875, 1.0580554289545456], [2653.75, 0.6197804154179138]], "baseline": [[954.125, 1.0677626509274944], [2697.75, 0.4858003968253943]]}
