{"519.lbm_r": [[1082.875, 1.059974071834446], [57491.0, 4.679737024504655]], "baseline": [[974.625, 1.0686308231439448], [61847.0, 4.190013778238568]]}
{"519.lbm_r": [[1048.75, 1.0599012045702834], [15585.0, 3.132067277172215]], "baseline": [[981.25, 1.066170843828108], [18285.0, 3.507012405161639]]}
{"519.lbm_r": [[1093.25, 1.0576848652316944], [45591.0, 4.95984763484136]], "baseline": [[1004.125, 1.0648325366515288], [9515.0, 2.9567527232992967]]}
{"519.lbm_r": [[1044.875, 1.0578592484390976], [25431.0, 2.466402715110096]], "baseline": [[1064.5, 1.0607092235202273], [30875.0, 3.2980499094865543]]}
{"519.lbm_r": [[1089.875, 1.0579988616675524], [19525.0, 2.641893793246201]], "baseline": [[970.875, 1.0665519252526205], [22007.0, 3.6246024666267656]]}
