{"519.lbm_r": [[550.125, 1.1409801831293012], [2705.0, 0.7023735569985526]], "baseline": [[490.25, 1.155480387491558], [2748.0, 0.5590869047619048]]}
{"519.lbm_r": [[429.375, 1.1826479225199287], [2737.25, 0.6216625]], "baseline": [[466.375, 1.1590661507732274], [2783.75, 0.7251027597402628]]}
{"519.lbm_r": [[452.5, 1.1682884964442137], [2777.25, 0.6411500000000014]], "baseline": [[486.125, 1.1613423480630953], [2709.5, 0.4664308441558418]]}
{"519.lbm_r": [[514.0, 1.1489081842199154], [2783.75, 0.5618412087912156]], "baseline": [[444.625, 1.186720693056067], [2720.5, 0.8172501443001459]]}
{"519.lbm_r": [[411.875, 1.2406580969608552], [2715.25, 0.7394821969696979]], "baseline": [[475.0, 1.1883015959710357], [2732.0, 0.5105295454545471]]}
