{"519.lbm_r": [[271.0, 1.3768565534572432], [3196.5, 2.0449947440087137]], "baseline": [[238.125, 1.2138046078259828], [3009.75, 1.4279852591036413]]}
{"519.lbm_r": [[233.875, 1.1911679917846698], [2962.0, 1.437242032967035]], "baseline": [[269.125, 1.3952886342070137], [2985.75, 1.4511495879120864]]}
{"519.lbm_r": [[247.5, 1.21002462881882], [2963.0, 1.188567963980464]], "baseline": [[179.25, 1.3811735893416928], [2963.75, 1.0641076617826648]]}
{"519.lbm_r": [[243.75, 1.4301225503683568], [3297.75, 2.3685208703931764]], "baseline": [[218.75, 1.4901423823413715], [4952.5, 2.031113604532722]]}
{"519.lbm_r": [[240.375, 1.3874927439175941], [2954.25, 1.1972841269841266]], "baseline": [[204.125, 1.4901792558345255], [8656.0, 2.1873963327318107]]}
