{"519.lbm_r": [[1028.5, 1.0613452565564263], [2709.5, 0.6120118686868677]], "baseline": [[974.125, 1.0743226582034335], [2703.75, 0.5343521825396802]]}
{"519.lbm_r": [[958.0, 1.0660131732110125], [2663.75, 0.5021648809523774]], "baseline": [[883.0, 1.074225962115737], [2710.5, 0.6008676587301596]]}
{"519.lbm_r": [[1109.5, 1.05776138519088], [2681.5, 0.6620972222222237]], "baseline": [[1031.5, 1.0644458610841399], [2633.75, 0.5839571678321684]]}
{"519.lbm_r": [[1101.125, 1.0613768942380029], [2628.25, 0.5072833333333312]], "baseline": [[1018.625, 1.0699947739061784], [2678.25, 0.5791972222222214]]}
{"519.lbm_r": [[954.125, 1.0652384993256272], [2664.75, 0.5137314102564127]], "baseline": [[912.375, 1.0758003730403165], [2695.5, 0.6351179292929265]]}
