{"519.lbm_r": [[373.0, 1.215793938404808], [2720.75, 0.5975737179487179]], "baseline": [[293.875, 1.330557821956355], [2754.25, 0.6130175505050474]]}
{"519.lbm_r": [[378.375, 1.2036970688280801], [2726.25, 0.89753783993784]], "baseline": [[187.625, 1.368960868028806], [2765.25, 0.7638547619047626]]}
{"519.lbm_r": [[340.0, 1.2365269626219397], [2741.5, 0.5455989898989916]], "baseline": [[259.125, 1.3422992766294455], [2747.0, 0.6486167929292906]]}
{"519.lbm_r": [[339.625, 1.2327803969660809], [2752.0, 0.6732909090909115]], "baseline": [[286.5, 1.3025981828309692], [2746.75, 0.5495814393939387]]}
{"519.lbm_r": [[356.625, 1.2184698960677882], [2760.75, 0.5846494047619036]], "baseline": [[263.125, 0.9538612523954559], [2743.5, 0.587169191919192]]}
