{"519.lbm_r": [[659.25, 1.1026483607125497], [2934.25, 1.0562499999999984]], "baseline": [[556.25, 1.134496900348501], [17076.0, 3.694182839710461]]}
{"519.lbm_r": [[557.0, 1.1290029196181428], [2930.25, 1.0455388888888848]], "baseline": [[484.75, 1.1710561001033333], [3102.25, 1.5719068802521015]]}
{"519.lbm_r": [[591.25, 1.1168148232324278], [6571.0, 2.381876457501404]], "baseline": [[464.25, 1.1798323735915681], [25475.0, 2.980273435125409]]}
{"519.lbm_r": [[578.875, 1.1218807732465224], [2936.75, 0.9956352272727247]], "baseline": [[486.5, 1.1530550857731412], [3045.0, 1.4970721362229114]]}
{"519.lbm_r": [[543.625, 1.1314926865510821], [2927.25, 0.8551027777777753]], "baseline": [[524.75, 1.140466180675741], [2940.25, 1.0962767857142819]]}
