{"519.lbm_r": [[501.5, 1.1468021469102658], [2661.75, 0.5643452380952387]], "baseline": [[491.875, 1.1620616299039404], [2705.5, 0.6477823412698411]]}
{"519.lbm_r": [[544.125, 1.1402429956538245], [2678.0, 0.46211507936507623]], "baseline": [[471.5, 1.164603137607971], [2663.75, 0.6372762654012618]]}
{"519.lbm_r": [[448.875, 1.1993937708099691], [2658.0, 0.4973660173160166]], "baseline": [[526.875, 1.1465182889812366], [2696.0, 0.562798214285714]]}
{"519.lbm_r": [[442.125, 1.1870601159542473], [2688.0, 0.6454307539682566]], "baseline": [[516.625, 1.144447848169195], [2662.5, 0.5462659992784995]]}
{"519.lbm_r": [[513.125, 1.151019152706467], [2711.25, 0.706792261904761]], "baseline": [[515.375, 1.1656175507905506], [2679.5, 0.6809959595959598]]}
