{"519.lbm_r": [[240.875, 1.2185802724317076], [2681.75, 0.6853588203463157]], "baseline": [[219.75, 1.4851854111121057], [2738.5, 0.6519828907203916]]}
{"519.lbm_r": [[226.875, 1.4782414109990123], [2710.0, 0.6689192821067849]], "baseline": [[205.625, 1.0348918295172633], [2652.25, 0.5522238032800506]]}
{"519.lbm_r": [[237.25, 1.4823790799063388], [2678.5, 0.4972220238095223]], "baseline": [[230.25, 1.1888672780555325], [2781.75, 0.7053343073593116]]}
{"519.lbm_r": [[237.375, 1.2408293413327243], [2740.25, 0.6403679292929317]], "baseline": [[194.25, 1.0814303035923567], [2765.0, 0.5886827380952395]]}
{"519.lbm_r": [[251.75, 1.3833671676808927], [2717.0, 0.6011289682539639]], "baseline": [[175.25, 0.9011241506879719], [2791.75, 0.5936214285714365]]}
