{"519.lbm_r": [[342.0, 1.2466738913968285], [2949.0, 1.0298767857142803]], "baseline": [[276.5, 1.117918180942383], [2969.75, 1.309588690476194]]}
{"519.lbm_r": [[316.625, 1.0873764238626091], [2969.5, 1.3215793040293076]], "baseline": [[222.375, 1.270178837111443], [2969.5, 1.191105357142861]]}
{"519.lbm_r": [[338.5, 1.2387109032326558], [2953.5, 0.8392083333333294]], "baseline": [[238.375, 1.1899638142822115], [2853.75, 0.5126875000000037]]}
{"519.lbm_r": [[329.125, 1.0668502514208578], [2966.5, 1.1824589285714315]], "baseline": [[275.5, 1.330631496832968], [2858.25, 0.6093704365079426]]}
{"519.lbm_r": [[315.625, 1.290161184052646], [2952.5, 1.1701172619047595]], "baseline": [[231.75, 1.218734431686589], [2962.0, 1.028825595238097]]}
