{"519.lbm_r": [[567.0, 1.1253650845021677], [2954.5, 1.053999206349206]], "baseline": [[454.875, 1.166839769335843], [2975.0, 1.1482202380952424]]}
{"519.lbm_r": [[537.0, 1.133431767692406], [2969.25, 1.199580082417585]], "baseline": [[521.375, 1.1417837743570756], [2964.75, 1.1578154761904802]]}
{"519.lbm_r": [[567.875, 1.1252480255425739], [2901.0, 0.7876458333333276]], "baseline": [[516.25, 1.144421638150854], [2868.75, 0.8766678571428587]]}
{"519.lbm_r": [[582.75, 1.1220409123558026], [2953.0, 1.0334946428571397]], "baseline": [[516.25, 1.1428665947627543], [2909.25, 0.990572222222214]]}
{"519.lbm_r": [[530.125, 1.134239264966614], [2964.25, 1.0952255952380985]], "baseline": [[471.25, 1.189951933433629], [2962.25, 1.1479630952380977]]}
