{"519.lbm_r": [[1059.625, 1.0606594876502493], [2755.75, 0.6470789682539659]], "baseline": [[1077.0, 1.0604505451395074], [2763.25, 0.6417218253968231]]}
{"519.lbm_r": [[1048.875, 1.0581285762803907], [2744.0, 0.5215660256410225]], "baseline": [[1016.625, 1.0626554404230835], [2764.75, 0.5946738095238129]]}
{"519.lbm_r": [[956.375, 1.0663749263330835], [2771.25, 0.4866186507936545]], "baseline": [[935.625, 1.071653570249171], [2736.5, 0.6053076770451795]]}
{"519.lbm_r": [[1082.625, 1.0604214891092443], [2763.75, 0.6426424603174601]], "baseline": [[1041.5, 1.0685824530821204], [2724.75, 0.5692933441558465]]}
{"519.lbm_r": [[1068.375, 1.0616420155730766], [2774.0, 0.6718914682539711]], "baseline": [[998.5, 1.0680645668466389], [2746.0, 0.6864915584415545]]}
