{"519.lbm_r": [[1096.75, 1.0582848369672262], [25311.0, 2.811662366815086]], "baseline": [[1024.625, 1.0659844844069135], [22943.0, 2.596159093577381]]}
{"519.lbm_r": [[1110.75, 1.0594508615292897], [9407.0, 2.3736016922512975]], "baseline": [[971.25, 1.0689535309845857], [47095.0, 3.813382382163697]]}
{"519.lbm_r": [[1004.125, 1.0650656411163162], [2960.0, 1.3577821200729119]], "baseline": [[922.0, 1.0723348336736414], [45275.0, 3.4036474087028123]]}
{"519.lbm_r": [[964.125, 1.0663370212585492], [3026.0, 1.4124841291960857]], "baseline": [[991.125, 1.0675584520258834], [18871.0, 3.3352157246143097]]}
{"519.lbm_r": [[1067.0, 1.0578006931458561], [26077.0, 3.4058690284276794]], "baseline": [[933.125, 1.0720670008791504], [7629.5, 2.1168474617365134]]}
