{"519.lbm_r": [[999.375, 1.0647816548114541], [2978.25, 1.3038813644688658]], "baseline": [[1094.875, 1.0580391560634839], [2970.75, 1.1383678571428617]]}
{"519.lbm_r": [[1156.625, 1.0566638226139147], [2948.0, 1.1578404761904721]], "baseline": [[1039.25, 1.0661238716330952], [2910.25, 0.85980138888888]]}
{"519.lbm_r": [[1011.25, 1.0621507112477828], [2941.75, 1.0532892857142813]], "baseline": [[964.375, 1.0682852185191491], [2924.75, 1.0166694444444404]]}
{"519.lbm_r": [[1237.25, 1.0522704725609069], [2969.25, 1.1632035714285751]], "baseline": [[1247.5, 1.0521592069784576], [2968.0, 1.1903613095238115]]}
{"519.lbm_r": [[1141.625, 1.056012897330572], [2976.0, 1.141523809523812]], "baseline": [[983.875, 1.0688539435915543], [2973.75, 1.2051398809523834]]}
