{"519.lbm_r": [[336.25, 1.2406869492383685], [2636.25, 0.3459170510045516]], "baseline": [[270.25, 1.1528664302080904], [2663.25, 0.4963298076923103]]}
{"519.lbm_r": [[359.25, 1.2176312899063775], [2637.25, 0.5658810064935055]], "baseline": [[254.25, 1.4172557985527057], [2706.75, 0.6053904761904775]]}
{"519.lbm_r": [[367.75, 1.2183151254800226], [2687.0, 0.5272720959595952]], "baseline": [[290.125, 1.3019837869901543], [2629.25, 0.4940645354645339]]}
{"519.lbm_r": [[366.0, 1.212498741089775], [2694.5, 0.41034446248196504]], "baseline": [[207.25, 1.244317085031871], [2680.25, 0.6186152777777753]]}
{"519.lbm_r": [[410.875, 1.1834534858819847], [2679.75, 0.6257347222222195]], "baseline": [[245.75, 1.1849632735105788], [2677.75, 0.5636867521367526]]}
