{"519.lbm_r": [[545.875, 1.1270927321353414], [3365.75, 1.8401274714592573]], "baseline": [[457.625, 1.1724610372930042], [13509.0, 2.7013731277301694]]}
{"519.lbm_r": [[659.125, 1.1054393669587619], [9827.0, 2.6507333509513744]], "baseline": [[543.875, 1.13653548977595], [38599.0, 3.7790917671201]]}
{"519.lbm_r": [[606.5, 1.1169694034497475], [4968.5, 1.8037953250108787]], "baseline": [[452.0, 1.1921022057631279], [53387.0, 4.613005075555739]]}
{"519.lbm_r": [[556.125, 1.125390471672727], [65287.0, 6.043865310174755]], "baseline": [[469.25, 1.1826155739871895], [28091.0, 3.715645112106722]]}
{"519.lbm_r": [[500.0, 1.14806162713982], [2930.0, 1.2559746212121219]], "baseline": [[518.625, 1.1370723126423483], [17957.0, 2.5999342294912697]]}
