{"519.lbm_r": [[955.75, 1.0656722220185089], [2969.75, 1.3493952380952416]], "baseline": [[959.875, 1.069748433144294], [2822.0, 0.7223904761904811]]}
{"519.lbm_r": [[996.5, 1.0639307049303046], [2918.25, 0.7907736111111032]], "baseline": [[972.0, 1.066870624831573], [2959.75, 1.1496434523809531]]}
{"519.lbm_r": [[967.75, 1.065442419490612], [2955.25, 1.022513690476189]], "baseline": [[1019.125, 1.067606857758009], [2957.75, 1.1826636904761905]]}
{"519.lbm_r": [[1019.75, 1.063814384667419], [2972.0, 1.1957494047619102]], "baseline": [[933.75, 1.0702649479863762], [2972.25, 1.2004180402930447]]}
{"519.lbm_r": [[1235.75, 1.0527235701056448], [2970.75, 1.3484548992674017]], "baseline": [[1086.0, 1.0606470961087546], [2805.5, 0.7118351190476191]]}
