{"519.lbm_r": [[483.0, 1.1611104126473792], [2885.5, 0.897188095238096]], "baseline": [[494.375, 1.1583000012707911], [2975.75, 1.2722278679653694]]}
{"519.lbm_r": [[652.75, 1.12900353131676], [2975.75, 1.22938906926407]], "baseline": [[501.125, 1.1966874515031107], [2862.25, 0.6484553571428615]]}
{"519.lbm_r": [[409.625, 1.2148184443025745], [2972.5, 1.1621773809523854]], "baseline": [[468.125, 1.1597454642502834], [2980.25, 1.4328059523809527]]}
{"519.lbm_r": [[510.5, 1.1445934270378475], [2969.75, 1.2471794913419934]], "baseline": [[530.875, 1.1480695218638843], [2974.25, 1.3573875000000015]]}
{"519.lbm_r": [[508.375, 1.1458974880541946], [2957.5, 1.2671875]], "baseline": [[460.75, 1.1602605909874448], [2866.75, 0.60034404761905]]}
