{"519.lbm_r": [[1062.625, 1.0581361779620633], [2745.5, 0.6077068958818937]], "baseline": [[1027.125, 1.0631623192554889], [2757.5, 0.4621305555555564]]}
{"519.lbm_r": [[1056.375, 1.060040138391962], [2751.25, 0.5359468434343443]], "baseline": [[1055.25, 1.0636164155238532], [2754.0, 0.6098874999999992]]}
{"519.lbm_r": [[1135.75, 1.0578550996388993], [2749.25, 0.6819361111111104]], "baseline": [[1117.0, 1.0578027554812781], [2762.25, 0.4911761904761899]]}
{"519.lbm_r": [[1127.125, 1.0552884751529479], [2754.0, 0.7046916666666682]], "baseline": [[1033.75, 1.064304097117241], [2754.75, 0.5967435064935044]]}
{"519.lbm_r": [[1013.125, 1.0645345601697638], [2768.25, 0.45433888888888735]], "baseline": [[1041.5, 1.0665932625948034], [2772.75, 0.5857878968253992]]}
