{"519.lbm_r": [[267.75, 1.344829025813426], [29591.0, 2.4150410730329868]], "baseline": [[196.125, 1.282245262619415], [31329.0, 2.3515698489420864]]}
{"519.lbm_r": [[256.0, 1.4167567642108594], [52167.0, 3.747091957451622]], "baseline": [[221.0, 1.2588573560687168], [26395.0, 3.4816088134853405]]}
{"519.lbm_r": [[228.25, 1.248562288007512], [31767.0, 3.3144940484932075]], "baseline": [[189.375, 1.072281608973179], [25569.0, 3.763624563605738]]}
{"519.lbm_r": [[235.0, 1.4262428386541945], [19885.0, 3.4728128391733795]], "baseline": [[190.0, 1.060938545184676], [5043.5, 1.974849302828954]]}
{"519.lbm_r": [[319.0, 1.2805041871492477], [6290.0, 2.5456855653730655]], "baseline": [[228.375, 1.2108072157649936], [42891.0, 5.2052153802815155]]}
