{"519.lbm_r": [[329.5, 1.2426119884336928], [2933.75, 1.1473305555555557]], "baseline": [[192.625, 0.6741738979871864], [24961.0, 2.9525411787055247]]}
{"519.lbm_r": [[354.25, 1.2360365711882042], [2935.75, 0.9872458333333299]], "baseline": [[251.75, 1.1798642123186485], [3259.5, 2.0168485058678636]]}
{"519.lbm_r": [[308.75, 1.2778434064792648], [2961.75, 1.3242158162507436]], "baseline": [[195.5, 1.297285289450898], [2959.25, 1.1156000000000064]]}
{"519.lbm_r": [[325.625, 1.2507241421586577], [13862.0, 3.501752034409333]], "baseline": [[215.875, 1.486365460776428], [3041.0, 1.3907244047619056]]}
{"519.lbm_r": [[342.875, 1.2435624265718408], [2969.25, 1.2329951388888922]], "baseline": [[194.75, 1.29480170293159], [2958.5, 1.372152915140418]]}
