{"519.lbm_r": [[568.0, 1.1238333847492314], [2664.5, 0.6814267857142834]], "baseline": [[576.375, 1.121572943805281], [2708.75, 0.6170452561327546]]}
{"519.lbm_r": [[553.5, 1.134207172821753], [2711.75, 0.7665095238095249]], "baseline": [[556.625, 1.1363946872479769], [2654.75, 0.7223858225108216]]}
{"519.lbm_r": [[596.75, 1.116632326650502], [2689.75, 0.6026476190476192]], "baseline": [[440.75, 1.1808690922660101], [2771.25, 0.5113968253968264]]}
{"519.lbm_r": [[615.875, 1.1212547089161422], [2646.75, 0.5399460164835137]], "baseline": [[565.625, 1.1321980863798435], [2690.75, 0.6824131562881567]]}
{"519.lbm_r": [[584.375, 1.1212615113845024], [2694.5, 0.7483295634920639]], "baseline": [[528.875, 1.1377450577899868], [2623.75, 0.5441155788655767]]}
