{"519.lbm_r": [[591.5, 1.1164364153078468], [2746.5, 0.5106233585858594]], "baseline": [[541.75, 1.136899313033887], [2760.75, 0.6942089285714272]]}
{"519.lbm_r": [[554.375, 1.1275374852477413], [2770.25, 0.6828349206349223]], "baseline": [[540.5, 1.1461678167162384], [2744.25, 0.4995392676767681]]}
{"519.lbm_r": [[564.375, 1.1258295825709883], [2760.0, 0.6173666666666643]], "baseline": [[567.75, 1.1279216382435777], [2756.25, 0.6718251984126968]]}
{"519.lbm_r": [[538.75, 1.1304183315666514], [2746.75, 0.7249676587301592]], "baseline": [[455.375, 1.1679881138536679], [2765.75, 0.43318908730159006]]}
{"519.lbm_r": [[613.25, 1.112091847991219], [2738.0, 0.5943903846153858]], "baseline": [[541.625, 1.140523977193337], [2737.25, 0.614491666666662]]}
