{"519.lbm_r": [[262.0, 1.168958317000933], [2676.5, 0.4242970959595952]], "baseline": [[169.75, 1.1257396531514285], [2621.5, 0.5871395833333322]]}
{"519.lbm_r": [[255.625, 1.3667769673205878], [2669.5, 0.42657420634920556]], "baseline": [[187.125, 1.0778324957950027], [2640.0, 0.7040104242979219]]}
{"519.lbm_r": [[204.75, 1.2692690466178507], [2653.5, 0.5429303571428553]], "baseline": [[197.5, 1.0560243362617698], [2671.75, 0.44262916666666485]]}
{"519.lbm_r": [[254.375, 1.3553300385442444], [2703.75, 0.4191597222222215]], "baseline": [[265.625, 1.4154944555432891], [2661.25, 0.5988674783549772]]}
{"519.lbm_r": [[283.75, 1.3351337928881628], [2719.25, 0.5891875000000002]], "baseline": [[245.625, 1.2181519491564972], [2719.25, 0.6943190476190478]]}
