{"519.lbm_r": [[237.375, 1.2220570159999624], [2985.0, 1.2407791083916082]], "baseline": [[255.0, 0.9652783806526188], [2985.75, 1.268102293539793]]}
{"519.lbm_r": [[262.875, 1.1330934472345262], [2973.75, 1.2167870879120888]], "baseline": [[214.875, 0.8195646869484327], [2931.25, 0.9293678571428531]]}
{"519.lbm_r": [[250.25, 0.9807269093937977], [2960.25, 1.1206255952380961]], "baseline": [[243.75, 0.9861800660678589], [2986.5, 1.2553390151515145]]}
{"519.lbm_r": [[255.375, 1.1655000422308115], [2968.0, 1.1267886904761943]], "baseline": [[208.625, 1.031875159859099], [2983.25, 1.2186060897435884]]}
{"519.lbm_r": [[219.375, 0.8470557960839973], [2978.25, 1.4099211580086592]], "baseline": [[176.75, 1.0968677798279858], [2976.5, 1.3661353896103903]]}
