{"519.lbm_r": [[975.5, 1.0661975863064885], [16603.0, 3.022720993678479]], "baseline": [[997.75, 1.065252411819416], [2929.5, 0.9803204545454526]]}
{"519.lbm_r": [[1040.5, 1.059270344146704], [2994.75, 1.227450682773108]], "baseline": [[1014.25, 1.0650219927020548], [2938.75, 0.8953968434343411]]}
{"519.lbm_r": [[1040.125, 1.0630315674651356], [2955.0, 1.1703402777777816]], "baseline": [[995.25, 1.0641251468720538], [3085.0, 1.391780691004473]]}
{"519.lbm_r": [[998.0, 1.0625599813087274], [4180.25, 2.149646641834142]], "baseline": [[987.5, 1.0666549088184458], [2952.0, 1.1731708333333348]]}
{"519.lbm_r": [[960.125, 1.0693429374008596], [8009.0, 2.676312876231871]], "baseline": [[1075.25, 1.0611951764853516], [2942.5, 0.9600819444444413]]}
