{"masstree": {"blackscholes": {"95th_latency": 4447.0, "99th_latency": 15618.0, "violate_rate": 16.43297859333693, "throughput": 4000}, "bodytrack": {"95th_latency": 4457.0, "99th_latency": 15392.0, "violate_rate": 15.323967638956205, "throughput": 4000}, "facesim": {"95th_latency": 5161.0, "99th_latency": 16749.0, "violate_rate": 19.348328343953316, "throughput": 4000}, "ferret": {"95th_latency": 6412.0, "99th_latency": 19464.0, "violate_rate": 23.28411298406196, "throughput": 4000}, "fluidanimate": {"95th_latency": 4699.0, "99th_latency": 16311.0, "violate_rate": 18.977991748867677, "throughput": 4000}, "freqmine": {"95th_latency": 4590.0, "99th_latency": 14943.0, "violate_rate": 17.52286695379616, "throughput": 4000}, "raytrace": {"95th_latency": 4360.0, "99th_latency": 14139.0, "violate_rate": 15.335276657878284, "throughput": 4000}, "swaptions": {"95th_latency": 4413.0, "99th_latency": 14739.0, "violate_rate": 14.016182278199832, "throughput": 4000}, "vips": {"95th_latency": 4513.0, "99th_latency": 15061.0, "violate_rate": 15.231325955232993, "throughput": 4000}, "x264": {"95th_latency": 5241.0, "99th_latency": 16535.0, "violate_rate": 20.56233444554486, "throughput": 4000}, "baseline": {"95th_latency": 4615.0, "99th_latency": 15146.0, "violate_rate": 15.26947271602438, "throughput": 4000}}}
{"masstree": {"blackscholes": {"95th_latency": 4343.0, "99th_latency": 15238.0, "violate_rate": 15.172780412155927, "throughput": 4000}, "bodytrack": {"95th_latency": 4652.0, "99th_latency": 14368.0, "violate_rate": 15.438788272459178, "throughput": 4000}, "facesim": {"95th_latency": 5015.0, "99th_latency": 16528.0, "violate_rate": 18.065774407816708, "throughput": 4000}, "ferret": {"95th_latency": 5663.0, "99th_latency": 18905.0, "violate_rate": 22.67867795065695, "throughput": 4000}, "fluidanimate": {"95th_latency": 4944.0, "99th_latency": 16541.0, "violate_rate": 17.455990672000663, "throughput": 4000}, "freqmine": {"95th_latency": 4905.0, "99th_latency": 16256.0, "violate_rate": 17.53252717830968, "throughput": 4000}, "raytrace": {"95th_latency": 4180.0, "99th_latency": 13910.0, "violate_rate": 15.953804030853634, "throughput": 4000}, "swaptions": {"95th_latency": 4381.0, "99th_latency": 15085.0, "violate_rate": 15.568255810767383, "throughput": 4000}, "vips": {"95th_latency": 4392.0, "99th_latency": 14684.0, "violate_rate": 15.13107350046255, "throughput": 4000}, "x264": {"95th_latency": 5369.0, "99th_latency": 18288.0, "violate_rate": 19.174633009708725, "throughput": 4000}, "baseline": {"95th_latency": 4486.0, "99th_latency": 15206.0, "violate_rate": 16.98251056168995, "throughput": 4000}}}
{"masstree": {"blackscholes": {"95th_latency": 4824.0, "99th_latency": 15734.0, "violate_rate": 16.640029917701224, "throughput": 4000}, "bodytrack": {"95th_latency": 4252.0, "99th_latency": 14682.0, "violate_rate": 15.980959915022314, "throughput": 4000}, "facesim": {"95th_latency": 5510.0, "99th_latency": 17057.0, "violate_rate": 19.383667912709267, "throughput": 4000}, "ferret": {"95th_latency": 6061.0, "99th_latency": 19797.0, "violate_rate": 23.18756750228602, "throughput": 4000}, "fluidanimate": {"95th_latency": 5070.0, "99th_latency": 16106.000000000002, "violate_rate": 18.675770108141297, "throughput": 4000}, "freqmine": {"95th_latency": 4730.0, "99th_latency": 15937.0, "violate_rate": 17.438587071661736, "throughput": 4000}, "raytrace": {"95th_latency": 4695.0, "99th_latency": 15351.0, "violate_rate": 16.878970546644595, "throughput": 4000}, "swaptions": {"95th_latency": 4457.0, "99th_latency": 13813.0, "violate_rate": 15.571071958431062, "throughput": 4000}, "vips": {"95th_latency": 4749.0, "99th_latency": 15401.0, "violate_rate": 16.57119241323198, "throughput": 4000}, "x264": {"95th_latency": 5412.0, "99th_latency": 18014.0, "violate_rate": 20.883207925513037, "throughput": 4000}, "baseline": {"95th_latency": 4281.0, "99th_latency": 14407.0, "violate_rate": 15.622643667751289, "throughput": 4000}}}
