{"masstree": {"blackscholes": {"95th_latency": 4641.0, "99th_latency": 14903.0, "violate_rate": 15.19000605682429, "throughput": 4000}, "bodytrack": {"95th_latency": 4510.0, "99th_latency": 14833.0, "violate_rate": 16.868499590391096, "throughput": 4000}, "facesim": {"95th_latency": 5440.0, "99th_latency": 17258.0, "violate_rate": 20.254875924227278, "throughput": 4000}, "ferret": {"95th_latency": 6785.0, "99th_latency": 22889.0, "violate_rate": 27.53349446661073, "throughput": 4000}, "fluidanimate": {"95th_latency": 5137.0, "99th_latency": 16835.0, "violate_rate": 18.77614499478936, "throughput": 4000}, "freqmine": {"95th_latency": 4948.0, "99th_latency": 15954.0, "violate_rate": 17.36094557497624, "throughput": 4000}, "raytrace": {"95th_latency": 4227.0, "99th_latency": 14636.0, "violate_rate": 15.64421721433104, "throughput": 4000}, "swaptions": {"95th_latency": 4762.0, "99th_latency": 16219.999999999998, "violate_rate": 15.315693493998086, "throughput": 4000}, "vips": {"95th_latency": 4290.0, "99th_latency": 14380.0, "violate_rate": 15.52266669400477, "throughput": 4000}, "x264": {"95th_latency": 4636.0, "99th_latency": 14675.0, "violate_rate": 16.58421100725549, "throughput": 4000}, "baseline": {"95th_latency": 4662.0, "99th_latency": 15667.0, "violate_rate": 15.182779914888155, "throughput": 4000}}}
{"masstree": {"blackscholes": {"95th_latency": 4568.0, "99th_latency": 14429.0, "violate_rate": 15.098009593973874, "throughput": 4000}, "bodytrack": {"95th_latency": 4563.0, "99th_latency": 15511.0, "violate_rate": 16.89221819023692, "throughput": 4000}, "facesim": {"95th_latency": 5574.0, "99th_latency": 16962.0, "violate_rate": 19.157380595590766, "throughput": 4000}, "ferret": {"95th_latency": 6811.0, "99th_latency": 23586.0, "violate_rate": 27.201484940467704, "throughput": 4000}, "fluidanimate": {"95th_latency": 5167.0, "99th_latency": 17578.0, "violate_rate": 19.922772009189814, "throughput": 4000}, "freqmine": {"95th_latency": 5041.0, "99th_latency": 16346.0, "violate_rate": 18.99378111762011, "throughput": 4000}, "raytrace": {"95th_latency": 4235.0, "99th_latency": 15432.0, "violate_rate": 15.887774452257545, "throughput": 4000}, "swaptions": {"95th_latency": 4134.0, "99th_latency": 14453.0, "violate_rate": 14.029364734882567, "throughput": 4000}, "vips": {"95th_latency": 4475.0, "99th_latency": 14257.0, "violate_rate": 16.946195710043693, "throughput": 4000}, "x264": {"95th_latency": 4416.0, "99th_latency": 14278.0, "violate_rate": 15.226459828477347, "throughput": 4000}, "baseline": {"95th_latency": 4305.0, "99th_latency": 13684.0, "violate_rate": 15.70255411722906, "throughput": 4000}}}
