{"masstree": {"blackscholes": {"95th_latency": 4826.0, "99th_latency": 16462.0, "violate_rate": 16.976870440506005, "throughput": 4000}, "bodytrack": {"95th_latency": 4403.0, "99th_latency": 15222.0, "violate_rate": 15.181476488297378, "throughput": 4000}, "facesim": {"95th_latency": 5685.0, "99th_latency": 18191.0, "violate_rate": 21.12229865128522, "throughput": 4000}, "ferret": {"95th_latency": 7619.0, "99th_latency": 25716.0, "violate_rate": 30.573144899982815, "throughput": 4000}, "fluidanimate": {"95th_latency": 6804.0, "99th_latency": 21199.0, "violate_rate": 25.30048888249031, "throughput": 4000}, "freqmine": {"95th_latency": 4525.0, "99th_latency": 15349.0, "violate_rate": 16.710246163220003, "throughput": 4000}, "raytrace": {"95th_latency": 4322.0, "99th_latency": 14332.0, "violate_rate": 15.640973018000237, "throughput": 4000}, "swaptions": {"95th_latency": 4272.0, "99th_latency": 13864.0, "violate_rate": 15.952461593133975, "throughput": 4000}, "vips": {"95th_latency": 4445.0, "99th_latency": 15224.0, "violate_rate": 15.470641533985654, "throughput": 4000}, "x264": {"95th_latency": 4426.0, "99th_latency": 15161.0, "violate_rate": 16.973645040162292, "throughput": 4000}, "baseline": {"95th_latency": 4327.0, "99th_latency": 14775.0, "violate_rate": 15.62944331912281, "throughput": 4000}}}
{"masstree": {"blackscholes": {"95th_latency": 4750.0, "99th_latency": 15493.0, "violate_rate": 16.816114080595238, "throughput": 4000}, "bodytrack": {"95th_latency": 4714.0, "99th_latency": 15242.0, "violate_rate": 16.03111958521031, "throughput": 4000}, "facesim": {"95th_latency": 5642.0, "99th_latency": 18246.0, "violate_rate": 22.630310982849995, "throughput": 4000}, "ferret": {"95th_latency": 7995.0, "99th_latency": 30962.0, "violate_rate": 31.656580188069718, "throughput": 4000}, "fluidanimate": {"95th_latency": 6583.0, "99th_latency": 21563.0, "violate_rate": 27.670772889797345, "throughput": 4000}, "freqmine": {"95th_latency": 5144.0, "99th_latency": 15724.0, "violate_rate": 18.497007780541143, "throughput": 4000}, "raytrace": {"95th_latency": 4456.0, "99th_latency": 15255.0, "violate_rate": 15.537209967629664, "throughput": 4000}, "swaptions": {"95th_latency": 4236.0, "99th_latency": 14500.0, "violate_rate": 16.936829700212233, "throughput": 4000}, "vips": {"95th_latency": 4242.0, "99th_latency": 14567.0, "violate_rate": 15.459344261598076, "throughput": 4000}, "x264": {"95th_latency": 4663.0, "99th_latency": 15093.0, "violate_rate": 15.276230417014347, "throughput": 4000}, "baseline": {"95th_latency": 4841.0, "99th_latency": 16309.999999999998, "violate_rate": 16.941952218948472, "throughput": 4000}}}
