{"masstree": {"blackscholes": {"95th_latency": 4414.0, "99th_latency": 14282.0, "violate_rate": 15.51666971029306, "throughput": 4000}, "bodytrack": {"95th_latency": 4492.0, "99th_latency": 14454.0, "violate_rate": 16.940220621669205, "throughput": 4000}, "facesim": {"95th_latency": 5805.0, "99th_latency": 19169.0, "violate_rate": 22.765588438178735, "throughput": 4000}, "ferret": {"95th_latency": 7877.0, "99th_latency": 27498.0, "violate_rate": 33.92947405366486, "throughput": 4000}, "fluidanimate": {"95th_latency": 5370.0, "99th_latency": 17484.0, "violate_rate": 21.900040224345393, "throughput": 4000}, "freqmine": {"95th_latency": 5043.0, "99th_latency": 15858.0, "violate_rate": 18.642263567022344, "throughput": 4000}, "raytrace": {"95th_latency": 4230.0, "99th_latency": 13683.0, "violate_rate": 14.033661661888955, "throughput": 4000}, "swaptions": {"95th_latency": 4430.0, "99th_latency": 14574.0, "violate_rate": 15.636890128438948, "throughput": 4000}, "vips": {"95th_latency": 4536.0, "99th_latency": 14848.0, "violate_rate": 15.766956985324782, "throughput": 4000}, "x264": {"95th_latency": 4464.0, "99th_latency": 15771.0, "violate_rate": 15.273493777890625, "throughput": 4000}, "baseline": {"95th_latency": 4143.0, "99th_latency": 13539.0, "violate_rate": 14.182734618475362, "throughput": 4000}}}
{"masstree": {"blackscholes": {"95th_latency": 4670.0, "99th_latency": 14778.0, "violate_rate": 15.588118474608903, "throughput": 4000}, "bodytrack": {"95th_latency": 4547.0, "99th_latency": 15336.0, "violate_rate": 16.935756203163905, "throughput": 4000}, "facesim": {"95th_latency": 5857.0, "99th_latency": 19471.0, "violate_rate": 21.212206349617187, "throughput": 4000}, "ferret": {"95th_latency": 8208.0, "99th_latency": 27301.0, "violate_rate": 32.445750666904694, "throughput": 4000}, "fluidanimate": {"95th_latency": 5501.0, "99th_latency": 17262.0, "violate_rate": 21.47115970714579, "throughput": 4000}, "freqmine": {"95th_latency": 5264.0, "99th_latency": 16462.0, "violate_rate": 17.243315434181415, "throughput": 4000}, "raytrace": {"95th_latency": 4351.0, "99th_latency": 14091.0, "violate_rate": 15.255911205178858, "throughput": 4000}, "swaptions": {"95th_latency": 4321.0, "99th_latency": 14995.0, "violate_rate": 15.303734490224885, "throughput": 4000}, "vips": {"95th_latency": 4494.0, "99th_latency": 15302.0, "violate_rate": 15.18246560293915, "throughput": 4000}, "x264": {"95th_latency": 4544.0, "99th_latency": 15563.0, "violate_rate": 16.83337512950845, "throughput": 4000}, "baseline": {"95th_latency": 4755.0, "99th_latency": 15260.0, "violate_rate": 15.020530972247585, "throughput": 4000}}}
