{"masstree": {"ferret": {"95th_latency": 6719.0, "99th_latency": 21642.0, "violate_rate": 25.206927015561206, "throughput": 4000}, "baseline": {"95th_latency": 4310.0, "99th_latency": 14650.0, "violate_rate": 14.312097143374617, "throughput": 4000}}}
{"masstree": {"ferret": {"95th_latency": 6268.0, "99th_latency": 20305.0, "violate_rate": 25.435682170965237, "throughput": 4000}, "baseline": {"95th_latency": 4393.0, "99th_latency": 14342.0, "violate_rate": 15.868891163659622, "throughput": 4000}}}
{"masstree": {"ferret": {"95th_latency": 6939.0, "99th_latency": 22549.0, "violate_rate": 27.75180422453744, "throughput": 4000}, "baseline": {"95th_latency": 4496.0, "99th_latency": 15057.0, "violate_rate": 15.132203773127813, "throughput": 4000}}}
{"masstree": {"ferret": {"95th_latency": 6790.0, "99th_latency": 22505.0, "violate_rate": 26.156551692781356, "throughput": 4000}, "baseline": {"95th_latency": 4427.0, "99th_latency": 14605.0, "violate_rate": 15.542167974499476, "throughput": 4000}}}
{"masstree": {"ferret": {"95th_latency": 7115.0, "99th_latency": 24571.0, "violate_rate": 28.577808853258915, "throughput": 4000}, "baseline": {"95th_latency": 4346.0, "99th_latency": 14491.0, "violate_rate": 15.36365130706399, "throughput": 4000}}}
