{"masstree": {"ferret": {"95th_latency": 5749.0, "99th_latency": 18659.0, "violate_rate": 22.412555196918866, "throughput": 4000}, "baseline": {"95th_latency": 4391.0, "99th_latency": 14411.0, "violate_rate": 14.306943168226509, "throughput": 4000}}}
{"masstree": {"ferret": {"95th_latency": 6031.0, "99th_latency": 18813.0, "violate_rate": 21.158891425264425, "throughput": 4000}, "baseline": {"95th_latency": 4933.0, "99th_latency": 17427.0, "violate_rate": 16.219663689787122, "throughput": 4000}}}
{"masstree": {"ferret": {"95th_latency": 5703.0, "99th_latency": 19165.0, "violate_rate": 22.476419917260426, "throughput": 4000}, "baseline": {"95th_latency": 4426.0, "99th_latency": 14649.0, "violate_rate": 15.884294254666134, "throughput": 4000}}}
{"masstree": {"ferret": {"95th_latency": 6182.0, "99th_latency": 19809.0, "violate_rate": 23.26845098779813, "throughput": 4000}, "baseline": {"95th_latency": 4329.0, "99th_latency": 14622.0, "violate_rate": 15.514112743634097, "throughput": 4000}}}
{"masstree": {"ferret": {"95th_latency": 6137.0, "99th_latency": 18716.0, "violate_rate": 23.381903156577522, "throughput": 4000}, "baseline": {"95th_latency": 4651.0, "99th_latency": 15599.0, "violate_rate": 15.249045624537484, "throughput": 4000}}}
