{"baseline": [212.0, 25116.671], "519.lbm_r_100_100_130": [373.875, 25214.975]}
{"baseline": [624.25, 25444.351], "519.lbm_r_100_100_130": [231.625, 25231.359]}
{"baseline": [308.0, 25368.575], "519.lbm_r_100_100_130": [188.375, 25206.783]}
{"baseline": [185.875, 25333.759], "519.lbm_r_100_100_130": [204.25, 25122.815]}
{"baseline": [589.625, 25436.159], "519.lbm_r_100_100_130": [211.625, 25329.663]}
{"baseline": [265.0, 25346.047], "519.lbm_r_100_100_130": [354.625, 25315.326999999997]}
{"baseline": [562.125, 25343.999], "519.lbm_r_100_100_130": [209.125, 25120.767]}
{"baseline": [435.75, 25546.751], "519.lbm_r_100_100_130": [203.25, 25192.447]}
{"baseline": [363.0, 25360.383], "519.lbm_r_100_100_130": [233.625, 25327.614999999998]}
{"baseline": [463.75, 25446.398999999998], "519.lbm_r_100_100_130": [253.875, 25133.055]}
