{"baseline": [3399.25, 25716.735], "519.lbm_r_100_100_130": [2621.125, 25393.150999999998]}
{"baseline": [3755.5, 25518.079], "519.lbm_r_100_100_130": [2968.125, 25391.103]}
{"baseline": [3895.0, 25520.127], "519.lbm_r_100_100_130": [2691.25, 25581.567]}
{"baseline": [3108.375, 25645.055], "519.lbm_r_100_100_130": [3591.125, 25393.150999999998]}
{"baseline": [4428.875, 25595.903], "519.lbm_r_100_100_130": [2483.375, 25284.607]}
{"baseline": [3087.0, 25491.455], "519.lbm_r_100_100_130": [2379.875, 25300.990999999998]}
{"baseline": [3017.25, 25419.775], "519.lbm_r_100_100_130": [2847.875, 25575.423]}
{"baseline": [4534.25, 25686.015], "519.lbm_r_100_100_130": [2903.625, 25300.991]}
{"baseline": [3377.25, 25602.047], "519.lbm_r_100_100_130": [3713.25, 25487.359]}
{"baseline": [3504.125, 25520.127], "519.lbm_r_100_100_130": [3749.75, 25387.007]}
