{"baseline": [6164.25, 25438.207], "519.lbm_r_100_100_130": [6088.75, 25417.727]}
{"baseline": [7383.125, 25446.399], "519.lbm_r_100_100_130": [6444.375, 25401.343]}
{"baseline": [6518.5, 25343.999], "519.lbm_r_100_100_130": [6353.875, 25309.182999999997]}
{"baseline": [6291.75, 25511.934999999998], "519.lbm_r_100_100_130": [5416.25, 25315.326999999997]}
{"baseline": [7684.0, 25421.823], "519.lbm_r_100_100_130": [6073.875, 25124.862999999998]}
{"baseline": [6163.625, 25526.271], "519.lbm_r_100_100_130": [5158.75, 25227.263]}
{"baseline": [6132.0, 25346.047], "519.lbm_r_100_100_130": [4798.25, 25395.199]}
{"baseline": [6473.75, 25538.559], "519.lbm_r_100_100_130": [5722.625, 25223.167]}
{"baseline": [6554.875, 25317.375], "519.lbm_r_100_100_130": [6000.0, 25231.359]}
{"baseline": [6511.375, 25528.319], "519.lbm_r_100_100_130": [6298.75, 25309.182999999997]}
