{"baseline": [1588.125, 25593.855], "519.lbm_r_100_100_130": [1658.625, 25475.071]}
{"baseline": [1993.0, 25507.839], "519.lbm_r_100_100_130": [1552.625, 25387.006999999998]}
{"baseline": [1632.0, 25698.303], "519.lbm_r_100_100_130": [1415.0, 25475.071]}
{"baseline": [1655.0, 25604.095], "519.lbm_r_100_100_130": [1985.375, 25573.375]}
{"baseline": [2501.625, 25497.599000000002], "519.lbm_r_100_100_130": [1549.875, 25384.959]}
{"baseline": [1607.75, 25421.823], "519.lbm_r_100_100_130": [1913.0, 25499.647]}
{"baseline": [2165.0, 25577.470999999998], "519.lbm_r_100_100_130": [2069.25, 25188.351]}
{"baseline": [2240.875, 25704.447], "519.lbm_r_100_100_130": [2246.875, 25556.990999999998]}
{"baseline": [1807.125, 25589.759], "519.lbm_r_100_100_130": [2030.875, 25395.199]}
{"baseline": [2008.125, 25706.495], "519.lbm_r_100_100_130": [1729.25, 25167.871]}
