{"baseline": [458972.75, 25395.199], "519.lbm_r_100_100_130": [597300.25, 25294.846999999998]}
{"baseline": [408047.625, 25700.351], "519.lbm_r_100_100_130": [413924.25, 25520.127]}
{"baseline": [319218.25, 25686.015], "519.lbm_r_100_100_130": [285009.5, 25493.503]}
{"baseline": [308950.0, 25688.063000000002], "519.lbm_r_100_100_130": [287589.25, 25282.559]}
{"baseline": [363933.0, 25403.391], "519.lbm_r_100_100_130": [492844.125, 25389.055]}
{"baseline": [457905.875, 25608.191], "519.lbm_r_100_100_130": [335420.5, 25495.551]}
{"baseline": [286336.75, 25493.503], "519.lbm_r_100_100_130": [508905.0, 25384.959]}
{"baseline": [480916.875, 25499.647], "519.lbm_r_100_100_130": [326856.0, 25403.391]}
{"baseline": [222759.0, 25583.614999999998], "519.lbm_r_100_100_130": [346001.5, 25589.759]}
{"baseline": [99577.5, 25495.551], "519.lbm_r_100_100_130": [220648.0, 25577.470999999998]}
