{"baseline": [258.25, 25606.143], "519.lbm_r_100_100_130": [224.125, 25378.815]}
{"baseline": [250.125, 25475.071], "519.lbm_r_100_100_130": [232.5, 25188.351]}
{"baseline": [409.875, 25518.078999999998], "519.lbm_r_100_100_130": [226.0, 25575.423]}
{"baseline": [208.375, 25503.743], "519.lbm_r_100_100_130": [208.875, 25298.943]}
{"baseline": [249.25, 25415.679], "519.lbm_r_100_100_130": [213.375, 25294.847]}
{"baseline": [353.25, 25417.727], "519.lbm_r_100_100_130": [249.0, 25489.407]}
{"baseline": [267.875, 25677.823], "519.lbm_r_100_100_130": [443.625, 25387.006999999998]}
{"baseline": [212.125, 25599.999], "519.lbm_r_100_100_130": [671.125, 25366.527]}
{"baseline": [654.75, 25317.375], "519.lbm_r_100_100_130": [244.5, 25270.271]}
{"baseline": [292.5, 25229.311], "519.lbm_r_100_100_130": [268.0, 25585.663]}
