{"baseline": [252.375, 25661.439], "519.lbm_r_100_100_130": [251.875, 25575.423]}
{"baseline": [335.0, 25692.159], "519.lbm_r_100_100_130": [540.75, 25624.575]}
{"baseline": [230.125, 25159.679], "519.lbm_r_100_100_130": [337.625, 25444.351]}
{"baseline": [255.5, 25501.695], "519.lbm_r_100_100_130": [345.625, 25544.703]}
{"baseline": [592.5, 25686.015], "519.lbm_r_100_100_130": [397.625, 25561.087]}
{"baseline": [456.375, 25567.231], "519.lbm_r_100_100_130": [512.5, 25452.542999999998]}
{"baseline": [749.375, 25167.871], "519.lbm_r_100_100_130": [279.75, 25460.735]}
{"baseline": [265.625, 25659.391], "519.lbm_r_100_100_130": [440.0, 25647.103]}
{"baseline": [333.0, 25688.063000000002], "519.lbm_r_100_100_130": [500.625, 25653.247]}
{"baseline": [292.375, 25681.919], "519.lbm_r_100_100_130": [332.0, 25384.959]}
