{"baseline": [1811.625, 25544.703], "519.lbm_r_100_100_130": [1455.25, 25229.311]}
{"baseline": [1918.25, 25319.423], "519.lbm_r_100_100_130": [1423.25, 25409.535]}
{"baseline": [1708.25, 25520.127], "519.lbm_r_100_100_130": [1612.125, 25438.207]}
{"baseline": [1384.375, 25425.918999999998], "519.lbm_r_100_100_130": [1953.625, 25307.135]}
{"baseline": [1702.75, 25413.631], "519.lbm_r_100_100_130": [1512.25, 25321.470999999998]}
{"baseline": [1762.875, 25327.614999999998], "519.lbm_r_100_100_130": [1392.0, 25505.791]}
{"baseline": [1781.625, 25427.967], "519.lbm_r_100_100_130": [1824.375, 25491.454999999998]}
{"baseline": [2490.875, 25331.711], "519.lbm_r_100_100_130": [2175.0, 25311.231]}
{"baseline": [1554.5, 25432.063], "519.lbm_r_100_100_130": [1562.0, 25311.231]}
{"baseline": [1664.125, 25333.759], "519.lbm_r_100_100_130": [1526.125, 25495.551]}
