{"baseline": [543.0, 25497.599], "519.lbm_r_100_100_130": [335.75, 25315.327]}
{"baseline": [608.75, 25358.335], "519.lbm_r_100_100_130": [473.5, 25122.815]}
{"baseline": [585.0, 25372.671], "519.lbm_r_100_100_130": [439.375, 25231.359]}
{"baseline": [593.5, 25448.447], "519.lbm_r_100_100_130": [294.5, 25143.295]}
{"baseline": [329.75, 25133.055], "519.lbm_r_100_100_130": [308.75, 25323.519]}
{"baseline": [304.25, 25448.447], "519.lbm_r_100_100_130": [320.125, 25227.263]}
{"baseline": [662.625, 25567.231], "519.lbm_r_100_100_130": [465.125, 25223.166999999998]}
{"baseline": [393.375, 25358.335], "519.lbm_r_100_100_130": [333.75, 25323.519]}
{"baseline": [465.125, 25556.990999999998], "519.lbm_r_100_100_130": [278.25, 25319.423]}
{"baseline": [754.75, 25532.415], "519.lbm_r_100_100_130": [288.5, 25288.703]}
