{"baseline": [2331.375, 25384.959], "519.lbm_r_100_100_130": [1517.125, 25153.535]}
{"baseline": [2558.125, 25538.559], "519.lbm_r_100_100_130": [1200.5, 25038.846999999998]}
{"baseline": [1996.5, 25217.023], "519.lbm_r_100_100_130": [1483.875, 25319.423]}
{"baseline": [2630.25, 25358.335], "519.lbm_r_100_100_130": [1586.625, 25436.159]}
{"baseline": [2282.75, 25251.839], "519.lbm_r_100_100_130": [1730.75, 25325.567]}
{"baseline": [1738.5, 25358.335], "519.lbm_r_100_100_130": [2153.75, 25126.911]}
{"baseline": [2138.625, 25241.599], "519.lbm_r_100_100_130": [1703.5, 24813.567]}
{"baseline": [1565.875, 25440.255], "519.lbm_r_100_100_130": [1672.375, 25221.119]}
{"baseline": [2125.375, 25065.470999999998], "519.lbm_r_100_100_130": [1009.875, 25212.927]}
{"baseline": [2232.875, 25143.295], "519.lbm_r_100_100_130": [1608.875, 25135.103]}
