{"baseline": [2715.5, 25483.263], "519.lbm_r_100_100_130": [2953.875, 25343.999]}
{"baseline": [2461.0, 25575.423], "519.lbm_r_100_100_130": [3259.75, 25370.623]}
{"baseline": [3748.75, 25710.591], "519.lbm_r_100_100_130": [3989.25, 25372.671]}
{"baseline": [2838.25, 25671.679], "519.lbm_r_100_100_130": [6154.25, 25100.287]}
{"baseline": [3203.5, 25690.110999999997], "519.lbm_r_100_100_130": [2956.0, 25546.751]}
{"baseline": [3802.125, 25559.039], "519.lbm_r_100_100_130": [3579.5, 25446.398999999998]}
{"baseline": [3390.0, 25470.975], "519.lbm_r_100_100_130": [4313.0, 25464.831]}
{"baseline": [3108.0, 25769.983], "519.lbm_r_100_100_130": [3565.75, 25647.103]}
{"baseline": [3864.5, 25561.087], "519.lbm_r_100_100_130": [2611.5, 25477.119]}
{"baseline": [3378.375, 25587.711], "519.lbm_r_100_100_130": [3408.125, 25460.735]}
