{"baseline": [415304.375, 25413.631], "519.lbm_r_100_100_130": [469846.5, 25518.078999999998]}
{"baseline": [366504.0, 25622.527], "519.lbm_r_100_100_130": [480825.25, 25397.247]}
{"baseline": [418755.0, 25348.095], "519.lbm_r_100_100_130": [603286.0, 24989.695]}
{"baseline": [316914.375, 25520.127], "519.lbm_r_100_100_130": [417363.375, 25405.439]}
{"baseline": [433706.0, 25241.599], "519.lbm_r_100_100_130": [414731.625, 25315.326999999997]}
{"baseline": [427791.125, 25522.175], "519.lbm_r_100_100_130": [415551.25, 25403.391]}
{"baseline": [576009.0, 25475.071], "519.lbm_r_100_100_130": [421979.125, 25241.599]}
{"baseline": [415469.75, 25516.031], "519.lbm_r_100_100_130": [420138.0, 25397.247]}
{"baseline": [302274.0, 25321.470999999998], "519.lbm_r_100_100_130": [701927.25, 25305.087]}
{"baseline": [456070.875, 25176.063], "519.lbm_r_100_100_130": [511814.0, 25348.095]}
