{"baseline": [359214.75, 25419.775], "519.lbm_r_100_100_130": [216288.5, 25274.367]}
{"baseline": [464913.125, 25405.439], "519.lbm_r_100_100_130": [456097.875, 25583.615]}
{"baseline": [407945.5, 25499.647], "519.lbm_r_100_100_130": [387874.5, 25391.103]}
{"baseline": [426964.125, 25495.551], "519.lbm_r_100_100_130": [410626.0, 25085.951]}
{"baseline": [481829.25, 25493.503], "519.lbm_r_100_100_130": [408738.25, 25391.103]}
{"baseline": [364715.125, 25495.551], "519.lbm_r_100_100_130": [413107.125, 25294.846999999998]}
{"baseline": [520244.5, 25577.470999999998], "519.lbm_r_100_100_130": [477962.5, 25391.103]}
{"baseline": [405943.0, 25694.207], "519.lbm_r_100_100_130": [436419.375, 24985.599]}
{"baseline": [216536.75, 25309.182999999997], "519.lbm_r_100_100_130": [269961.125, 25303.039]}
{"baseline": [299608.0, 25583.614999999998], "519.lbm_r_100_100_130": [417779.625, 25470.975]}
