{"baseline": [66378.875, 25556.990999999998], "519.lbm_r_100_100_130": [12946.625, 25231.359]}
{"baseline": [16517.0, 24860.671], "519.lbm_r_100_100_130": [12709.75, 25327.614999999998]}
{"baseline": [18019.75, 25272.319], "519.lbm_r_100_100_130": [14312.5, 25145.343]}
{"baseline": [15974.75, 25341.951], "519.lbm_r_100_100_130": [14841.25, 25223.167]}
{"baseline": [15722.5, 25346.047], "519.lbm_r_100_100_130": [11891.0, 25233.407]}
{"baseline": [16092.375, 25438.207], "519.lbm_r_100_100_130": [14727.25, 25223.167]}
{"baseline": [21025.5, 25434.111], "519.lbm_r_100_100_130": [11168.625, 25427.967]}
{"baseline": [14803.375, 25264.127], "519.lbm_r_100_100_130": [12903.375, 25116.671]}
{"baseline": [13370.125, 25343.999], "519.lbm_r_100_100_130": [11857.125, 25163.775]}
{"baseline": [19920.25, 24936.447], "519.lbm_r_100_100_130": [13034.75, 25321.471]}
