{"baseline": [552833.0, 25071.614999999998], "519.lbm_r_100_100_130": [491114.875, 25270.271]}
{"baseline": [786427.125, 25255.934999999998], "519.lbm_r_100_100_130": [493591.5, 25407.487]}
{"baseline": [475177.125, 25599.999], "519.lbm_r_100_100_130": [754021.375, 25307.135]}
{"baseline": [574823.0, 25305.087], "519.lbm_r_100_100_130": [605252.125, 25311.231]}
{"baseline": [369383.75, 25325.567], "519.lbm_r_100_100_130": [442162.625, 25212.927]}
{"baseline": [406964.25, 25503.743], "519.lbm_r_100_100_130": [502488.0, 25319.423]}
{"baseline": [301677.625, 25403.391], "519.lbm_r_100_100_130": [527330.125, 25219.071]}
{"baseline": [514678.25, 24983.551], "519.lbm_r_100_100_130": [238285.125, 25206.783]}
{"baseline": [406439.125, 25423.871], "519.lbm_r_100_100_130": [261808.625, 25305.087]}
{"baseline": [340614.375, 25235.454999999998], "519.lbm_r_100_100_130": [518240.625, 25290.751]}
