{"baseline": [21814.25, 25483.263], "519.lbm_r_100_100_130": [21174.5, 25464.831]}
{"baseline": [21529.125, 25767.935], "519.lbm_r_100_100_130": [18294.375, 25475.071]}
{"baseline": [28245.625, 25673.727], "519.lbm_r_100_100_130": [20985.5, 25456.639]}
{"baseline": [24177.375, 25776.127], "519.lbm_r_100_100_130": [21550.125, 25462.783]}
{"baseline": [21933.75, 25663.487], "519.lbm_r_100_100_130": [21215.375, 25348.094999999998]}
{"baseline": [20922.5, 25462.783], "519.lbm_r_100_100_130": [20001.0, 25559.039]}
{"baseline": [24017.75, 25569.279], "519.lbm_r_100_100_130": [18541.125, 25647.103]}
{"baseline": [19280.375, 25583.614999999998], "519.lbm_r_100_100_130": [19238.0, 25561.087]}
{"baseline": [18606.375, 25602.047], "519.lbm_r_100_100_130": [20163.875, 25456.639]}
{"baseline": [22241.125, 25591.807], "519.lbm_r_100_100_130": [22481.75, 25573.375]}
