{"baseline": [4584.125, 25667.583], "519.lbm_r_100_100_130": [2939.75, 25516.031]}
{"baseline": [3410.25, 25839.614999999998], "519.lbm_r_100_100_130": [3109.25, 25724.927]}
{"baseline": [3603.375, 25837.567], "519.lbm_r_100_100_130": [2483.625, 25618.431]}
{"baseline": [3800.0, 25653.247], "519.lbm_r_100_100_130": [2915.625, 25716.735]}
{"baseline": [3728.0, 25851.903000000002], "519.lbm_r_100_100_130": [2366.375, 25733.119]}
{"baseline": [2928.375, 25438.207], "519.lbm_r_100_100_130": [3811.25, 25726.975]}
{"baseline": [4121.5, 25632.767], "519.lbm_r_100_100_130": [2789.5, 25432.063]}
{"baseline": [3174.25, 25745.407], "519.lbm_r_100_100_130": [3705.875, 25698.303]}
{"baseline": [3750.625, 25741.311], "519.lbm_r_100_100_130": [2490.375, 25733.119]}
{"baseline": [3810.875, 25733.119], "519.lbm_r_100_100_130": [3259.75, 25452.542999999998]}
