{"baseline": [3015.75, 25440.255], "519.lbm_r_100_100_130": [2808.375, 25425.918999999998]}
{"baseline": [2997.5, 25458.686999999998], "519.lbm_r_100_100_130": [3205.375, 25219.071]}
{"baseline": [3006.25, 25341.951], "519.lbm_r_100_100_130": [1964.875, 25223.167]}
{"baseline": [2916.25, 25536.511], "519.lbm_r_100_100_130": [2656.875, 25229.310999999998]}
{"baseline": [3554.125, 25315.327], "519.lbm_r_100_100_130": [3344.375, 25122.815]}
{"baseline": [3177.625, 25536.511], "519.lbm_r_100_100_130": [3136.0, 25122.815000000002]}
{"baseline": [4623.0, 25264.127], "519.lbm_r_100_100_130": [4345.25, 25323.519]}
{"baseline": [3563.125, 25540.607], "519.lbm_r_100_100_130": [3008.0, 25229.311]}
{"baseline": [3078.5, 25143.295], "519.lbm_r_100_100_130": [2401.625, 25223.167]}
{"baseline": [3143.75, 25546.751], "519.lbm_r_100_100_130": [2382.625, 25311.231]}
