{"baseline": [690.125, 25233.407], "519.lbm_r_100_100_130": [605.5, 25571.327]}
{"baseline": [340.375, 25577.471], "519.lbm_r_100_100_130": [425.125, 25550.847]}
{"baseline": [669.75, 25774.078999999998], "519.lbm_r_100_100_130": [488.125, 25456.639]}
{"baseline": [284.375, 25776.127], "519.lbm_r_100_100_130": [721.0, 25610.239]}
{"baseline": [901.5, 25774.078999999998], "519.lbm_r_100_100_130": [301.75, 25333.759]}
{"baseline": [518.5, 25757.695], "519.lbm_r_100_100_130": [516.375, 25454.591]}
{"baseline": [402.375, 25581.567], "519.lbm_r_100_100_130": [361.0, 25362.431]}
{"baseline": [356.625, 25669.631], "519.lbm_r_100_100_130": [678.5, 25659.391]}
{"baseline": [758.25, 25774.079], "519.lbm_r_100_100_130": [694.125, 25651.199]}
{"baseline": [657.5, 25669.631], "519.lbm_r_100_100_130": [377.125, 25565.183]}
