{"baseline": [540952.625, 25694.207], "519.lbm_r_100_100_130": [451542.125, 25257.983]}
{"baseline": [337607.5, 25556.990999999998], "519.lbm_r_100_100_130": [571621.75, 25444.351]}
{"baseline": [331563.5, 25669.631], "519.lbm_r_100_100_130": [201084.625, 25395.199]}
{"baseline": [230847.0, 25663.487], "519.lbm_r_100_100_130": [383252.375, 25554.943]}
{"baseline": [245162.125, 25753.599], "519.lbm_r_100_100_130": [244230.25, 25554.943]}
{"baseline": [282669.125, 25661.439], "519.lbm_r_100_100_130": [516839.75, 25415.679]}
{"baseline": [306057.625, 25665.535], "519.lbm_r_100_100_130": [263616.25, 25380.862999999998]}
{"baseline": [606328.0, 25378.815], "519.lbm_r_100_100_130": [280657.25, 25473.023]}
{"baseline": [377097.25, 25546.751], "519.lbm_r_100_100_130": [141619.75, 25651.199]}
{"baseline": [409801.125, 25567.231], "519.lbm_r_100_100_130": [394386.0, 25567.231]}
