{"baseline": [20417.125, 25649.151], "519.lbm_r_100_100_130": [17701.25, 25229.310999999998]}
{"baseline": [21354.75, 25827.327], "519.lbm_r_100_100_130": [22295.75, 25446.399]}
{"baseline": [20227.125, 25542.655], "519.lbm_r_100_100_130": [18762.0, 25532.415]}
{"baseline": [20876.75, 25729.023], "519.lbm_r_100_100_130": [19466.75, 25530.367]}
{"baseline": [21369.625, 25737.215], "519.lbm_r_100_100_130": [18189.125, 25538.559]}
{"baseline": [23192.75, 25825.279000000002], "519.lbm_r_100_100_130": [20516.875, 25612.287]}
{"baseline": [23714.0, 25751.551], "519.lbm_r_100_100_130": [23061.25, 25630.719]}
{"baseline": [23068.125, 25624.575], "519.lbm_r_100_100_130": [21899.5, 25522.175]}
{"baseline": [25783.0, 25454.591], "519.lbm_r_100_100_130": [22491.25, 25532.415]}
{"baseline": [23330.75, 25655.295], "519.lbm_r_100_100_130": [20996.125, 25563.135]}
