{"519.lbm_r": [[1422.0, 0.09033025007772803]], "baseline": [[110741.0, 1.0037761085224115]]}
{"519.lbm_r": [[308392.0, 2.1007524927853165]], "baseline": [[316676.0, 2.073713001388773]]}
{"519.lbm_r": [[1710337.0, 6.000844122113341]], "baseline": [[1454.0, 0.12066169013863567]]}
{"519.lbm_r": [[1920688.0, 7.000822164924758]], "baseline": [[339330.0, 2.0168635325036592]]}
{"519.lbm_r": [[299889.0, 2.296270784935973]], "baseline": [[1387.0, 0.2259542815638926]]}
{"519.lbm_r": [[1468.0, 0.11542620635038309]], "baseline": [[1702037.0, 7.109566581568791]]}
{"519.lbm_r": [[492143.0, 2.0019576258043488]], "baseline": [[1792957.0, 7.245024505433704]]}
{"519.lbm_r": [[1456.0, 0.09815709227387565]], "baseline": [[1453.0, 0.13618180025237606]]}
{"519.lbm_r": [[1517.0, 0.023907767762991652]], "baseline": [[1429.0, 0.17766650100828663]]}
{"519.lbm_r": [[2804353.0, 9.00109038106251]], "baseline": [[1531.0, 0.022284926628016434]]}
{"519.lbm_r": [[2717114.0, 9.014651330002772]], "baseline": [[1734991.0, 6.000264381260921]]}
{"519.lbm_r": [[1408.0, 0.13897420990367865]], "baseline": [[1538.0, 0.12668852058325802]]}
{"519.lbm_r": [[1375.0, 0.15922859479996399]], "baseline": [[1565.0, 0.012117683554949413]]}
{"519.lbm_r": [[1352.0, 0.08959908192968064]], "baseline": [[1786678.0, 7.058345927837769]]}
{"519.lbm_r": [[1443.0, 0.10605667296813091]], "baseline": [[1380.0, 0.13781303148250135]]}
{"519.lbm_r": [[1869447.0, 7.010417424142311]], "baseline": [[1560.0, 0.021117827690229532]]}
{"519.lbm_r": [[573482.0, 2.0005936059787985]], "baseline": [[1707289.0, 6.000308556882272]]}
{"519.lbm_r": [[1509.0, 0.030040107788125308]], "baseline": [[2773763.0, 9.010636088837419]]}
{"519.lbm_r": [[1463.0, 0.13500442169352203]], "baseline": [[1466.0, 0.2294853138976724]]}
{"519.lbm_r": [[2494851.0, 8.000586089521484]], "baseline": [[2267463.0, 8.023270650822765]]}
{"519.lbm_r": [[2190212.0, 7.000353844317502]], "baseline": [[342546.0, 2.013538889650481]]}
{"519.lbm_r": [[694105.0, 3.0057825763890365]], "baseline": [[1383.0, 0.1533000385451253]]}
{"519.lbm_r": [[1397.0, 0.08303583059468948]], "baseline": [[234731.0, 1.0003651425030373]]}
{"519.lbm_r": [[1455.0, 0.09509159039951919]], "baseline": [[1466.0, 0.1455254603533549]]}
{"519.lbm_r": [[222367.0, 2.3256142819378907]], "baseline": [[1433.0, 0.1614856664452595]]}
{"519.lbm_r": [[1418.0, 0.12432757531685519]], "baseline": [[1488.0, 0.06739439395847652]]}
{"519.lbm_r": [[336967.0, 2.0204267450964815]], "baseline": [[1459.0, 0.059077566662035896]]}
{"519.lbm_r": [[1325.0, 0.16217814856977758]], "baseline": [[565350.0, 2.000177239538779]]}
{"519.lbm_r": [[1355.0, 0.303940467167614]], "baseline": [[1447.0, 0.09736076980407248]]}
{"519.lbm_r": [[4831.0, 1.157919707147256]], "baseline": [[1494.0, 0.07122436162622464]]}
