{"519.lbm_r": [[1367.0, 0.1376149214397189]], "baseline": [[1384.0, 0.13295804383254284]]}
{"519.lbm_r": [[1499.0, 0.0590409994211282]], "baseline": [[2534898.0, 8.000170268454852]]}
{"519.lbm_r": [[1413.0, 0.16916103178607014]], "baseline": [[1427.0, 0.1773484497785133]]}
{"519.lbm_r": [[1692240.0, 6.001191414640102]], "baseline": [[615900.0, 3.025442753216882]]}
{"519.lbm_r": [[3172222.0, 19.002056609981647]], "baseline": [[633616.0, 3.009456612275897]]}
{"519.lbm_r": [[1447.0, 0.06978222129763953]], "baseline": [[1405.0, 0.15028988525046605]]}
{"519.lbm_r": [[2045086.0, 7.001147750177968]], "baseline": [[2347819.0, 8.001091623914425]]}
{"519.lbm_r": [[1365.0, 0.1329420836171937]], "baseline": [[1542.0, 0.026813980832613694]]}
{"519.lbm_r": [[4371.0, 1.192833422290825]], "baseline": [[2866891.0, 9.000692727928083]]}
{"519.lbm_r": [[670526.0, 3.006927099582769]], "baseline": [[2670356.0, 9.544293028138103]]}
{"519.lbm_r": [[3042284.0, 9.000347058159988]], "baseline": [[2276735.0, 8.005968209778985]]}
{"519.lbm_r": [[2109626.0, 7.000769382276694]], "baseline": [[2514907.0, 8.000576147866724]]}
{"519.lbm_r": [[2743315.0, 9.066173896595183]], "baseline": [[331118.0, 2.017958599924675]]}
{"519.lbm_r": [[1275.0, 0.1983201840626416]], "baseline": [[1572.0, 0.020722075747758424]]}
{"519.lbm_r": [[2368157.0, 8.001279578116934]], "baseline": [[2370851.0, 8.001255367546861]]}
{"519.lbm_r": [[1688294.0, 6.000901755433015]], "baseline": [[1576769.0, 6.0009253283862565]]}
{"519.lbm_r": [[4615824.0, 13.010243142919375]], "baseline": [[1322.0, 0.1487003304589832]]}
{"519.lbm_r": [[1450.0, 0.11361607041383914]], "baseline": [[1402.0, 0.25396466786573213]]}
{"519.lbm_r": [[1379.0, 0.23514699727991734]], "baseline": [[1572583.0, 6.002761756395867]]}
{"519.lbm_r": [[2764711.0, 9.00379267701793]], "baseline": [[2430596.0, 8.00108471419677]]}
{"519.lbm_r": [[1705478.0, 6.000771575121671]], "baseline": [[1447.0, 0.06715584266218219]]}
{"519.lbm_r": [[1847065.0, 7.027347811974077]], "baseline": [[1331.0, 0.14801564029943132]]}
{"519.lbm_r": [[727709.0, 3.0040869865894204]], "baseline": [[4098705.0, 12.004893371574706]]}
{"519.lbm_r": [[2399299.0, 8.00099150642917]], "baseline": [[1393.0, 0.185244916602163]]}
{"519.lbm_r": [[1350.0, 0.17117272825102597]], "baseline": [[1929186.0, 7.0018907329933375]]}
{"519.lbm_r": [[3993493.0, 11.0002809330048]], "baseline": [[1838471.0, 7.015254337976316]]}
{"519.lbm_r": [[1933554.0, 7.001984937736475]], "baseline": [[1417.0, 0.15770036715097052]]}
{"519.lbm_r": [[1936564.0, 7.0024021040493265]], "baseline": [[132733.0, 1.0030248629172864]]}
{"519.lbm_r": [[2282630.0, 8.645866107000057]], "baseline": [[1451.0, 0.07333011787591684]]}
{"519.lbm_r": [[1470.0, 0.08530926487377567]], "baseline": [[471581.0, 2.002369420600932]]}
