{"519.lbm_r": [[669144.0, 3.00945035269096]], "baseline": [[1408.0, 0.08461035951739185]]}
{"519.lbm_r": [[1428.0, 0.0779878112559337]], "baseline": [[2958193.0, 9.000523623489396]]}
{"519.lbm_r": [[1359.0, 0.12254502331788396]], "baseline": [[249439.0, 1.0009182206356624]]}
{"519.lbm_r": [[1340.0, 0.14147874636764018]], "baseline": [[1376.0, 0.21471925522739524]]}
{"519.lbm_r": [[1335.0, 0.10206121016139291]], "baseline": [[1440.0, 0.14427672105630326]]}
{"519.lbm_r": [[3285930.0, 10.000482166736433]], "baseline": [[1430.0, 0.13439275886118332]]}
{"519.lbm_r": [[2281825.0, 8.005563971216349]], "baseline": [[1472.0, 0.0745738764515232]]}
{"519.lbm_r": [[1401.0, 0.4126761534133024]], "baseline": [[1419.0, 0.33600215804809436]]}
{"519.lbm_r": [[2531224.0, 8.000645709059803]], "baseline": [[1420.0, 0.14359699233413348]]}
{"519.lbm_r": [[1374.0, 0.1741534689996056]], "baseline": [[2202037.0, 7.000130528458791]]}
{"519.lbm_r": [[1350.0, 0.16611083608427882]], "baseline": [[1325.0, 0.3252246153665987]]}
{"519.lbm_r": [[1548548.0, 6.003753185113206]], "baseline": [[2193016.0, 7.000037993861794]]}
{"519.lbm_r": [[712282.0, 3.0058439719525034]], "baseline": [[2464548.0, 8.00076012580804]]}
{"519.lbm_r": [[1326.0, 0.09433461667110231]], "baseline": [[1511.0, 0.04337126374757367]]}
{"519.lbm_r": [[1380.0, 0.19301675723396378]], "baseline": [[1524.0, 0.042566815854736796]]}
{"519.lbm_r": [[1514.0, 0.02164595968500879]], "baseline": [[1823870.0, 7.010956742981283]]}
{"519.lbm_r": [[1554.0, 0.026823338358423092]], "baseline": [[1833802.0, 7.00879610932172]]}
{"519.lbm_r": [[1337.0, 0.23161726587807022]], "baseline": [[2587015.0, 8.000310633601247]]}
{"519.lbm_r": [[3709537.0, 11.000495049222794]], "baseline": [[1319.0, 0.4885241909576563]]}
{"519.lbm_r": [[1512.0, 0.08588906886172037]], "baseline": [[1356.0, 0.15141759064199392]]}
{"519.lbm_r": [[2422228.0, 8.000828217092497]], "baseline": [[1398.0, 0.14278210844619496]]}
{"519.lbm_r": [[1306.0, 0.0776144475822423]], "baseline": [[636284.0, 3.0248106775224746]]}
{"519.lbm_r": [[2171905.0, 8.030485150146173]], "baseline": [[1391.0, 0.19080663597627928]]}
{"519.lbm_r": [[2291830.0, 8.001743409073587]], "baseline": [[1380.0, 0.1892973524074193]]}
{"519.lbm_r": [[1906611.0, 7.002377837855438]], "baseline": [[2194258.0, 8.749607918332027]]}
{"519.lbm_r": [[2610197.0, 8.000380043525043]], "baseline": [[1442.0, 0.12578897086052268]]}
{"519.lbm_r": [[1332.0, 0.21794401745185804]], "baseline": [[695812.0, 3.005586518552612]]}
{"519.lbm_r": [[1475.0, 0.05217571864869494]], "baseline": [[1397.0, 0.12414639691201748]]}
{"519.lbm_r": [[1417.0, 0.11796572969901174]], "baseline": [[1388.0, 0.26411159761748854]]}
{"519.lbm_r": [[1405.0, 0.10769232964121475]], "baseline": [[615832.0, 3.0653086698428234]]}
