{"519.lbm_r": [[1372.0, 0.03162724577775288]]}
{"519.lbm_r": [[1369.0, 0.08112065943086684]]}
{"519.lbm_r": [[1789736.0, 2.0006458855319216]]}
{"519.lbm_r": [[1369.0, 0.15892886407029974]]}
{"519.lbm_r": [[1699392.0, 2.00074928959898]]}
