{"519.lbm_r": [[1344.0, 0.04572673529911449]]}
{"519.lbm_r": [[1397.0, 0.03981592344329624]]}
{"519.lbm_r": [[1367528.0, 2.002562528610122]]}
{"519.lbm_r": [[1424.0, 0.10515693924554693]]}
{"519.lbm_r": [[1382.0, 0.3521747117714451]]}
