{"519.lbm_r": [[1430.0, 0.06642276528592264]], "baseline": [[1407.0, 0.10657998528524652]]}
{"519.lbm_r": [[1388.0, 0.06023410249998513]], "baseline": [[1329.0, 0.22607780651181428]]}
{"519.lbm_r": [[1433.0, 0.13101079743136004]], "baseline": [[1334.0, 0.27316897532014267]]}
{"519.lbm_r": [[3561983.0, 11.986459643409438]], "baseline": [[1471.0, 0.06145572064171017]]}
{"519.lbm_r": [[1400.0, 0.17157631832907727]], "baseline": [[1406.0, 0.27700403141192764]]}
{"519.lbm_r": [[2228231.0, 8.009731991627767]], "baseline": [[303290.0, 2.0868285717000243]]}
{"519.lbm_r": [[1109254.0, 4.001006180354114]], "baseline": [[2028886.0, 7.001232413015713]]}
{"519.lbm_r": [[561879.0, 2.0000838913043615]], "baseline": [[1375.0, 0.17143747429094072]]}
{"519.lbm_r": [[1379.0, 0.1535178987073903]], "baseline": [[1567.0, 0.0218149002878137]]}
{"519.lbm_r": [[1428.0, 0.28015878531847715]], "baseline": [[3312267.0, 10.000531579852362]]}
{"519.lbm_r": [[2234818.0, 8.021506024936174]], "baseline": [[2728790.0, 9.00831262028083]]}
{"519.lbm_r": [[1468.0, 0.09050863890140676]], "baseline": [[1287.0, 0.17972698260902195]]}
{"519.lbm_r": [[3215628.0, 10.009352426319492]], "baseline": [[1475.0, 0.045261483841657055]]}
{"519.lbm_r": [[628313.0, 3.0316534960448838]], "baseline": [[1433.0, 0.120658969408517]]}
{"519.lbm_r": [[1426.0, 0.18631163153552927]], "baseline": [[1398.0, 0.1412564331941851]]}
{"519.lbm_r": [[1493.0, 0.026750625396783446]], "baseline": [[1416.0, 0.1040220354823755]]}
{"519.lbm_r": [[2056159.9999999998, 7.000826281683263]], "baseline": [[375745.0, 2.0064260857343377]]}
{"519.lbm_r": [[51348.0, 1.0090580453347413]], "baseline": [[1832926.0, 7.003884131730718]]}
{"519.lbm_r": [[1537.0, 0.041977125197815796]], "baseline": [[1465.0, 0.14282056273495322]]}
{"519.lbm_r": [[1459.0, 0.10856044722230021]], "baseline": [[1572.0, 0.025155529004046665]]}
{"519.lbm_r": [[1362.0, 0.07354466410903904]], "baseline": [[1957730.0, 7.001585792939358]]}
{"519.lbm_r": [[2210050.0, 8.053974478415016]], "baseline": [[1360.0, 0.18114177680891025]]}
{"519.lbm_r": [[3466495.0, 10.000371045514509]], "baseline": [[1376.0, 0.10329477341327435]]}
{"519.lbm_r": [[2296875.0, 8.014750502867741]], "baseline": [[3652614.0, 11.011294598261065]]}
{"519.lbm_r": [[1479.0, 0.08753833826327906]], "baseline": [[2799025.0, 9.001125138440257]]}
{"519.lbm_r": [[1400.0, 0.3389424882924803]], "baseline": [[1375.0, 0.19127775694377133]]}
{"519.lbm_r": [[1420.0, 0.10642531555296376]], "baseline": [[1419.0, 0.11997288892821925]]}
{"519.lbm_r": [[1571.0, 0.04983258715674195]], "baseline": [[359153.0, 2.0087984573982935]]}
{"519.lbm_r": [[1390.0, 0.15132598833410446]], "baseline": [[1528.0, 0.05180087392879797]]}
{"519.lbm_r": [[485096.0, 2.0016041427069076]], "baseline": [[1701772.0, 7.094422759772538]]}
