{"519.lbm_r": [[2821699.0, 9.000889537985788]], "baseline": [[1328.0, 0.3484699719552527]]}
{"519.lbm_r": [[1752320.0, 7.012821314140591]], "baseline": [[2395035.0, 8.001087794386029]]}
{"519.lbm_r": [[1569.0, 0.007046768595464965]], "baseline": [[1488.0, 0.15605891807802838]]}
{"519.lbm_r": [[1455.0, 0.15299913187858252]], "baseline": [[1457.0, 0.07026728602896141]]}
{"519.lbm_r": [[1387.0, 0.12771762047491328]], "baseline": [[1283.0, 0.11863107023648271]]}
{"519.lbm_r": [[2403278.0, 8.001086406737299]], "baseline": [[3641371.0, 11.014403334244555]]}
{"519.lbm_r": [[1373.0, 0.24393004607750432]], "baseline": [[1380.0, 0.29686695471735397]]}
{"519.lbm_r": [[1357.0, 0.1368157100204575]], "baseline": [[321454.0, 2.0330321231013753]]}
{"519.lbm_r": [[4463889.0, 13.003813862853985]], "baseline": [[1711385.0, 7.665353932647048]]}
{"519.lbm_r": [[1368.0, 0.40237834296959596]], "baseline": [[2444810.0, 8.00078035440531]]}
{"519.lbm_r": [[1477.0, 0.059969532496188735]], "baseline": [[4380459.0, 13.01047047627455]]}
{"519.lbm_r": [[1398.0, 0.27873305878150606]], "baseline": [[311631.0, 2.0052208073048186]]}
{"519.lbm_r": [[1684566.0, 7.854038741681315]], "baseline": [[155905.0, 1.0020897016281365]]}
{"519.lbm_r": [[1429.0, 0.45666887811235624]], "baseline": [[1395.0, 0.12158466669369258]]}
{"519.lbm_r": [[2869200.0, 9.000733921588493]], "baseline": [[1362.0, 0.1494804776378787]]}
{"519.lbm_r": [[1919012.0, 7.0019465934097465]], "baseline": [[2015659.0, 7.001004648719333]]}
{"519.lbm_r": [[1423.0, 0.15447610880731702]], "baseline": [[494564.0, 2.0017889501497113]]}
{"519.lbm_r": [[1491.0, 0.31122310723450824]], "baseline": [[1379.0, 0.12393313201244834]]}
{"519.lbm_r": [[2274770.0, 8.004749360078513]], "baseline": [[1399.0, 0.21132687319782825]]}
{"519.lbm_r": [[2861937.0, 9.000796756252672]], "baseline": [[1764231.0, 7.733164523448807]]}
{"519.lbm_r": [[2681887.0, 9.42952438553281]], "baseline": [[1415.0, 0.1180260798697288]]}
{"519.lbm_r": [[1764081.0, 7.528823865154838]], "baseline": [[391588.0, 2.005487954429057]]}
{"519.lbm_r": [[3889694.0, 12.757595303866731]], "baseline": [[1509.0, 0.15476870287768735]]}
{"519.lbm_r": [[1411.0, 0.22661101191923427]], "baseline": [[1295.0, 0.10669819322797613]]}
{"519.lbm_r": [[1428.0, 0.10625642394769556]], "baseline": [[2096585.9999999998, 7.000471049077017]]}
{"519.lbm_r": [[3077360.0, 10.280795424776464]], "baseline": [[63725.0, 1.0061813074360109]]}
{"519.lbm_r": [[2356962.0, 8.001235579478255]], "baseline": [[1359.0, 0.13991169906355633]]}
{"519.lbm_r": [[1327.0, 0.20970031759581595]], "baseline": [[1364.0, 0.17922354126591572]]}
{"519.lbm_r": [[1459.0, 0.10756435080790917]], "baseline": [[2164693.0, 8.067774486929352]]}
{"519.lbm_r": [[1412.0, 0.08886173731988199]], "baseline": [[368531.0, 2.007347153736192]]}
