{"519.lbm_r": [[1503.0, 0.06576267253102691]], "baseline": [[1501.0, 0.05247642044645496]]}
{"519.lbm_r": [[1437.0, 0.10019367334637379]], "baseline": [[1478.0, 0.12951009202639607]]}
{"519.lbm_r": [[1336.0, 0.1976105532748603]], "baseline": [[1455.0, 0.09261622128363739]]}
{"519.lbm_r": [[1452.0, 0.11058835975383896]], "baseline": [[1473.0, 0.08447948886581286]]}
{"519.lbm_r": [[1518.0, 0.06423209583876638]], "baseline": [[1459.0, 0.05923619463825607]]}
{"519.lbm_r": [[1357.0, 0.16255042729884495]], "baseline": [[1466.0, 0.3564581855924669]]}
{"519.lbm_r": [[1521520.0, 6.000966461051676]], "baseline": [[1404.0, 0.30399241170501656]]}
{"519.lbm_r": [[1529.0, 0.04003350463177221]], "baseline": [[1328.0, 0.11003137286348856]]}
{"519.lbm_r": [[2079.0, 1.8939924665301522]], "baseline": [[1357.0, 0.2279449723145136]]}
{"519.lbm_r": [[1322.0, 0.36221692790038273]], "baseline": [[3113902.0, 10.095496614523059]]}
{"519.lbm_r": [[1440.0, 0.18882401581898206]], "baseline": [[2024089.0, 7.001295536260267]]}
{"519.lbm_r": [[127366.0, 1.003357548952317]], "baseline": [[1501.0, 0.16594630740381414]]}
{"519.lbm_r": [[1773781.0, 7.977894928824191]], "baseline": [[2634279.0, 8.000225167774788]]}
{"519.lbm_r": [[1770546.0, 6.000197015512273]], "baseline": [[1428.0, 0.08920511832591935]]}
{"519.lbm_r": [[2639028.0, 8.000331029586196]], "baseline": [[1472.0, 0.06725100931057333]]}
{"519.lbm_r": [[1419.0, 0.1760881192645215]], "baseline": [[1417.0, 0.13931087395774508]]}
{"519.lbm_r": [[1310.0, 0.12538391779143768]], "baseline": [[1484.0, 0.1178260007759958]]}
{"519.lbm_r": [[1385.0, 0.3037548121184398]], "baseline": [[1464.0, 0.15527788324523084]]}
{"519.lbm_r": [[1385.0, 0.13440278545824483]], "baseline": [[1450.0, 0.1397413655770341]]}
{"519.lbm_r": [[1433.0, 0.115813201985029]], "baseline": [[1927863.0, 7.001780385432978]]}
{"519.lbm_r": [[358126.0, 2.0114792905449344]], "baseline": [[1957492.0, 7.001697151253932]]}
{"519.lbm_r": [[1894514.0, 7.010839518368916]], "baseline": [[2592399.0, 8.00024097321239]]}
{"519.lbm_r": [[1579.0, 0.00352028871840584]], "baseline": [[2326470.0, 8.01505186545864]]}
{"519.lbm_r": [[1395.0, 0.12432663779566946]], "baseline": [[2077069.0, 7.000889840034672]]}
{"519.lbm_r": [[1373.0, 0.28437097703240255]], "baseline": [[1531.0, 0.027641913390668505]]}
{"519.lbm_r": [[4114662.9999999995, 12.018039389645265]], "baseline": [[2027104.0, 7.001297556882047]]}
{"519.lbm_r": [[1550.0, 0.029266183552285347]], "baseline": [[1431.0, 0.08547742165118197]]}
{"519.lbm_r": [[1968476.0, 7.001585202092494]], "baseline": [[1445.0, 0.13259988223436273]]}
{"519.lbm_r": [[1408.0, 0.13431095387050523]], "baseline": [[1379.0, 0.09233538872511293]]}
{"519.lbm_r": [[1344.0, 0.14894980964401627]], "baseline": [[1445.0, 0.09605990021052416]]}
