{"519.lbm_r": [[1362.0, 0.06832958643023068]]}
{"519.lbm_r": [[2538103.0, 2.0002092188185365]]}
{"519.lbm_r": [[2070445.0000000002, 2.0004337009850905]]}
{"519.lbm_r": [[1433828.0, 2.0019071936648976]]}
{"519.lbm_r": [[1348.0, 0.06974334077176735]]}
{"519.lbm_r": [[1372.0, 0.10588170715044032]]}
{"519.lbm_r": [[1352.0, 0.1449350767613875]]}
{"519.lbm_r": [[1358.0, 0.07079896257956467]]}
{"519.lbm_r": [[1361.0, 0.08259110519382247]]}
{"519.lbm_r": [[1891963.0, 2.000564815823378]]}
{"519.lbm_r": [[1317.0, 0.15128882539329547]]}
{"519.lbm_r": [[1164036.0, 2.886087564935888]]}
{"519.lbm_r": [[1699.0, 0.00036068757529138316]]}
{"519.lbm_r": [[1357.0, 0.10570896491023671]]}
{"519.lbm_r": [[1360.0, 0.04592607441910682]]}
