{"519.lbm_r": [[1415.0, 0.11885320064108104]], "baseline": [[1798066.0, 7.016100963772142]]}
{"519.lbm_r": [[1892.0, 0.0005209515031821805]], "baseline": [[1333.0, 0.2950570887211022]]}
{"519.lbm_r": [[1521.0, 0.03360508814309954]], "baseline": [[1700787.0, 6.000751037671375]]}
{"519.lbm_r": [[3147921.0, 10.697903425863617]], "baseline": [[1914464.0, 7.001154139640538]]}
{"519.lbm_r": [[1318.0, 0.35985295344436236]], "baseline": [[1504.0, 0.036743164891613486]]}
{"519.lbm_r": [[1484.0, 0.09371813067762706]], "baseline": [[1369.0, 0.1582936276574871]]}
{"519.lbm_r": [[1462.0, 0.19806342437902194]], "baseline": [[1412.0, 0.21616734440582525]]}
{"519.lbm_r": [[2233001.0, 8.80058962689586]], "baseline": [[72700.0, 1.0069165080447027]]}
{"519.lbm_r": [[2887520.0, 9.000761416437983]], "baseline": [[353058.0, 2.01000735506394]]}
{"519.lbm_r": [[736262.0, 3.0035866770925694]], "baseline": [[1405.0, 0.09914190986885611]]}
{"519.lbm_r": [[2404520.0, 8.0010410720323]], "baseline": [[1383.0, 0.37220780112421437]]}
{"519.lbm_r": [[2498276.0, 8.000850577761273]], "baseline": [[1493.0, 0.028178147538699964]]}
{"519.lbm_r": [[1443.0, 0.13854537068915107]], "baseline": [[1887655.0, 7.002747835100216]]}
{"519.lbm_r": [[2925603.0, 9.000587665445122]], "baseline": [[1404.0, 0.1707156469998023]]}
{"519.lbm_r": [[1422.0, 0.09202620312491382]], "baseline": [[1339.0, 0.0751966893895675]]}
{"519.lbm_r": [[1362.0, 0.14667243043383957]], "baseline": [[1402.0, 0.2158236380644644]]}
{"519.lbm_r": [[2290467.0, 8.02735767214639]], "baseline": [[1629307.0, 6.001518958116029]]}
{"519.lbm_r": [[1386.0, 0.055280520929655005]], "baseline": [[1393.0, 0.34470608015874876]]}
{"519.lbm_r": [[7947.0, 1.075744554385258]], "baseline": [[1435.0, 0.23664524515957314]]}
{"519.lbm_r": [[1457.0, 0.1534091755753632]], "baseline": [[1478.0, 0.17808520759922036]]}
{"519.lbm_r": [[1355.0, 0.11872006637195989]], "baseline": [[1519.0, 0.035359901580233874]]}
{"519.lbm_r": [[1414.0, 0.1284405377402529]], "baseline": [[1383.0, 0.2773087762329217]]}
{"519.lbm_r": [[1294.0, 0.32895892827594897]], "baseline": [[1422.0, 0.10635391342917275]]}
{"519.lbm_r": [[1357.0, 0.13702325546428212]], "baseline": [[1379.0, 0.1458327700116787]]}
{"519.lbm_r": [[1379.0, 0.10240400730237416]], "baseline": [[2435779.0, 8.000966163200992]]}
{"519.lbm_r": [[518910.99999999994, 2.001470633101626]], "baseline": [[723547.0, 3.0042174147658613]]}
{"519.lbm_r": [[1521.0, 0.025729955897577077]], "baseline": [[2981529.0, 9.000377447174012]]}
{"519.lbm_r": [[1365.0, 0.18144130663896177]], "baseline": [[3558391.0, 10.00020778590004]]}
{"519.lbm_r": [[1343.0, 0.2307103975382002]], "baseline": [[2480751.0, 8.000875517154345]]}
{"519.lbm_r": [[1630.0, 0.002229785124721249]], "baseline": [[1428.0, 0.0465381360882836]]}
