{"519.lbm_r": [[1642.0, 0.0005305452760711404]], "baseline": [[1417.0, 0.1107943931154227]]}
{"519.lbm_r": [[2687780.0, 2.000154863845355]], "baseline": [[1349.0, 0.17550700800702673]]}
{"519.lbm_r": [[1300.0, 0.1359039794604304]], "baseline": [[1324.0, 0.15111615135329878]]}
{"519.lbm_r": [[1351.0, 0.045966118690987226]], "baseline": [[1309.0, 0.0608294282110462]]}
{"519.lbm_r": [[1268937.0, 2.0072278836128556]], "baseline": [[2388243.0, 2.0002128195866233]]}
{"519.lbm_r": [[1137874.0, 2.5917754052163837]], "baseline": [[1366.0, 0.06896870331473746]]}
{"519.lbm_r": [[1571.0, 0.0007995141322153055]], "baseline": [[3376270.0, 3.000409143042379]]}
{"519.lbm_r": [[1321.0, 0.08659597467501223]], "baseline": [[1633.0, 0.0005390450523590454]]}
{"519.lbm_r": [[1700.0, 0.00032931221533945786]], "baseline": [[1316.0, 0.083713607084068]]}
{"519.lbm_r": [[1411.0, 0.025059863927170824]], "baseline": [[1414.0, 0.05190497481740361]]}
