{"519.lbm_r": [[1315.0, 0.13031107613877957]], "baseline": [[1308.0, 0.13390960243601766]]}
{"519.lbm_r": [[1319.0, 0.13761643238468635]], "baseline": [[1403.0, 0.0496631990429048]]}
{"519.lbm_r": [[1388.0, 0.10121138543161952]], "baseline": [[1317.0, 0.12243909995351276]]}
{"519.lbm_r": [[39150.0, 1.0167012040755834]], "baseline": [[1352.0, 0.08053234072599572]]}
{"519.lbm_r": [[1410.0, 0.09288282474402332]], "baseline": [[2007290.0, 2.000446495139794]]}
{"519.lbm_r": [[1330.0, 0.23568563490173886]], "baseline": [[1585.0, 0.000802961012101284]]}
{"519.lbm_r": [[1606.0, 0.0005114510373339972]], "baseline": [[1287.0, 0.13961045711746248]]}
{"519.lbm_r": [[1421.0, 0.061497648213048685]], "baseline": [[1356.0, 0.05728216321787434]]}
{"519.lbm_r": [[1376.0, 0.13195359972695153]], "baseline": [[1316880.0, 2.0024800816851056]]}
{"519.lbm_r": [[1452296.0, 2.001713040360483]], "baseline": [[1653.0, 0.00046346844265128675]]}
