{"519.lbm_r": [[1458.0, 0.09846843220627573]], "baseline": [[1525.0, 0.02184517483622208]]}
{"519.lbm_r": [[3911323.0, 11.000319146149007]], "baseline": [[3504652.0, 10.00013832989448]]}
{"519.lbm_r": [[1400.0, 0.0448156517814732]], "baseline": [[2192354.0, 7.000238809276998]]}
{"519.lbm_r": [[1364.0, 0.14649052668339502]], "baseline": [[1451.0, 0.04514041723294669]]}
{"519.lbm_r": [[1374.0, 0.24896896914058153]], "baseline": [[4110654.9999999995, 12.002465673203924]]}
{"519.lbm_r": [[1449.0, 0.1903814226532206]], "baseline": [[1476.0, 0.13324022869536012]]}
{"519.lbm_r": [[161821.0, 1.0018342758329177]], "baseline": [[2241345.0, 8.144444347751024]]}
{"519.lbm_r": [[6951568.0, 19.793079250538533]], "baseline": [[1397.0, 0.04080279567808613]]}
{"519.lbm_r": [[1359.0, 0.23602883887739334]], "baseline": [[1438.0, 0.07888724945345738]]}
{"519.lbm_r": [[2483849.0, 8.000858181875737]], "baseline": [[853153.0, 4.365926215983801]]}
{"519.lbm_r": [[1373.0, 0.14337132014222712]], "baseline": [[2642465.0, 9.270137277947754]]}
{"519.lbm_r": [[1349.0, 0.3104578608251445]], "baseline": [[4792952.0, 13.000185567422783]]}
{"519.lbm_r": [[1442.0, 0.10023769670985169]], "baseline": [[72186.0, 1.0058538757571338]]}
{"519.lbm_r": [[2524712.0, 8.00041954627488]], "baseline": [[1390.0, 0.1805832450768297]]}
{"519.lbm_r": [[2655305.0, 9.539673288159925]], "baseline": [[2606209.0, 8.000242172526233]]}
{"519.lbm_r": [[1427.0, 0.12840670545707278]], "baseline": [[1981582.0, 7.001445435459063]]}
{"519.lbm_r": [[2614805.0, 8.000211488752809]], "baseline": [[3391415.0, 10.000269817512516]]}
{"519.lbm_r": [[1827671.0, 7.10773107557612]], "baseline": [[1431.0, 0.23624111388990993]]}
{"519.lbm_r": [[1418.0, 0.17835862379247727]], "baseline": [[1494.0, 0.09750986820303902]]}
{"519.lbm_r": [[1444.0, 0.10217626063868349]], "baseline": [[2402999.0, 8.001090385063712]]}
{"519.lbm_r": [[1789018.0, 7.025419710182028]], "baseline": [[1478.0, 0.13369864419158906]]}
{"519.lbm_r": [[1407.0, 0.15657965179961528]], "baseline": [[1302.0, 0.26452723111678517]]}
{"519.lbm_r": [[1392.0, 0.2522838398731076]], "baseline": [[1364.0, 0.12651026560552003]]}
{"519.lbm_r": [[1429.0, 0.1324409701434815]], "baseline": [[1421.0, 0.05731044860630244]]}
{"519.lbm_r": [[2108540.0, 7.000765596687377]], "baseline": [[1376.0, 0.5058701334469269]]}
{"519.lbm_r": [[3297603.0, 10.000574276139844]], "baseline": [[1076369.0, 4.001181950242353]]}
{"519.lbm_r": [[1462.0, 0.14335954999560738]], "baseline": [[1493.0, 0.03913762089061191]]}
{"519.lbm_r": [[2310292.0, 8.008196502810184]], "baseline": [[1449.0, 0.12172373916890095]]}
{"519.lbm_r": [[1345.0, 0.11454452885198294]], "baseline": [[1481.0, 0.08752211341425367]]}
{"519.lbm_r": [[1544.0, 0.03400991153873875]], "baseline": [[1830176.0, 7.017878303487329]]}
