{"519.lbm_r": [[1434.0, 0.0335962013135737]]}
{"519.lbm_r": [[1336.0, 0.07813483723457719]]}
{"519.lbm_r": [[1320.0, 0.16726986385462794]]}
{"519.lbm_r": [[2972783.0, 3.530402002502406]]}
{"519.lbm_r": [[1369.0, 0.13747496790731056]]}
