{"519.lbm_r": [[1772390.0, 100.0]], "baseline": [[6232580.0, 100.0]]}
{"519.lbm_r": [[2399873.0, 100.0]], "baseline": [[1604.0, 0.0019981511146494537]]}
{"519.lbm_r": [[1612.0, 0.0005419571710206917]], "baseline": [[1797.0, 0.0005225032182389019]]}
{"519.lbm_r": [[1597.0, 0.005949590483658973]], "baseline": [[1187926.0, 100.0]]}
{"519.lbm_r": [[3481615.0, 100.0]], "baseline": [[1658.0, 0.0004296689543145958]]}
{"519.lbm_r": [[1602.0, 0.0005751889766132935]], "baseline": [[1916854.0, 100.0]]}
{"519.lbm_r": [[1925846.0, 100.0]], "baseline": [[1430.0, 0.20455945360374836]]}
{"519.lbm_r": [[3837515.0, 100.0]], "baseline": [[6270923.0, 100.0]]}
{"519.lbm_r": [[1634.0, 0.000528410811619115]], "baseline": [[1727.0, 0.00026558999290137965]]}
{"519.lbm_r": [[2556457.0, 100.0]], "baseline": [[1767.0, 0.0005338882312662285]]}
{"519.lbm_r": [[1777024.0, 100.0]], "baseline": [[1361849.0, 100.0]]}
{"519.lbm_r": [[2649466.0, 100.0]], "baseline": [[1817.0, 0.00039146555492415835]]}
{"519.lbm_r": [[2188755.0, 100.0]], "baseline": [[1858.0, 0.00039310544803354146]]}
{"519.lbm_r": [[1734.0, 0.00027352896204208774]], "baseline": [[3082026.0, 100.0]]}
{"519.lbm_r": [[2907477.0, 100.0]], "baseline": [[4038791.0, 100.0]]}
{"519.lbm_r": [[2964359.0, 100.0]], "baseline": [[8581866.0, 100.0]]}
{"519.lbm_r": [[8782849.0, 100.0]], "baseline": [[1716.0, 0.0006356447978843315]]}
{"519.lbm_r": [[3905090.0, 100.0]], "baseline": [[1764.0, 0.0004435889222067387]]}
{"519.lbm_r": [[1612.0, 0.0005046834687052229]], "baseline": [[1857609.0, 100.0]]}
{"519.lbm_r": [[2767659.0, 100.0]], "baseline": [[2182055.0, 100.0]]}
{"519.lbm_r": [[1373090.0, 100.0]], "baseline": [[209586.0, 7.076284125556333]]}
{"519.lbm_r": [[1751.0, 0.0002944891959480331]], "baseline": [[1116599.0, 100.0]]}
{"519.lbm_r": [[1698.0, 0.0005302749613137656]], "baseline": [[6732521.0, 100.0]]}
{"519.lbm_r": [[1988185.0, 100.0]], "baseline": [[2883453.0, 100.0]]}
{"519.lbm_r": [[2745535.0, 100.0]], "baseline": [[4294236.0, 100.0]]}
{"519.lbm_r": [[3908988.0, 100.0]], "baseline": [[3693297.0, 100.0]]}
{"519.lbm_r": [[5159308.0, 100.0]], "baseline": [[2525148.0, 100.0]]}
{"519.lbm_r": [[1589560.0, 100.0]], "baseline": [[5715232.0, 100.0]]}
{"519.lbm_r": [[1811.0, 0.00037854821595513147]], "baseline": [[6790932.0, 100.0]]}
{"519.lbm_r": [[1644.0, 0.0003962789643070056]], "baseline": [[1604999.0, 100.0]]}
