{"519.lbm_r": [[1324.0, 0.12108532624950472]]}
{"519.lbm_r": [[1416.0, 0.039561264451729895]]}
{"519.lbm_r": [[1359.0, 0.02788995701797269]]}
{"519.lbm_r": [[1354.0, 0.2069426323177258]]}
{"519.lbm_r": [[1394.0, 0.0930847476646195]]}
