{"519.lbm_r": [[1375.0, 0.13990653601602057]]}
{"519.lbm_r": [[1331.0, 0.04202846820470698]]}
{"519.lbm_r": [[2139987.0, 2.000355005499758]]}
{"519.lbm_r": [[2051344.9999999998, 2.0004174239108914]]}
{"519.lbm_r": [[1362.0, 0.07835679839120221]]}
