{"519.lbm_r": [[1866.0, 0.00012705382149264294]]}
{"519.lbm_r": [[1314.0, 0.1485084731492383]]}
{"519.lbm_r": [[1873898.0, 2.000602817361909]]}
{"519.lbm_r": [[1386.0, 0.07356857883692851]]}
{"519.lbm_r": [[1154816.0, 2.340388987551222]]}
