{"519.lbm_r": [[1519.0, 0.02957155180135347]], "baseline": [[1461.0, 0.12247216925869464]]}
{"519.lbm_r": [[2801245.0, 9.011603473796237]], "baseline": [[551072.0, 3.4810827155041113]]}
{"519.lbm_r": [[1855196.0, 7.003429177279794]], "baseline": [[1429.0, 0.12547363761566335]]}
{"519.lbm_r": [[1426.0, 0.22978314595225313]], "baseline": [[1339.0, 0.10770040926664584]]}
{"519.lbm_r": [[2855371.0, 9.000802807036651]], "baseline": [[1415.0, 0.13974177911629215]]}
{"519.lbm_r": [[2398238.0, 8.001172250060199]], "baseline": [[2022058.0, 7.000114840529446]]}
{"519.lbm_r": [[1346.0, 0.2431100264290859]], "baseline": [[665073.0, 3.008872363890349]]}
{"519.lbm_r": [[1364.0, 0.2037786888768382]], "baseline": [[687944.0, 3.007090058225478]]}
{"519.lbm_r": [[1551.0, 0.02473103296657824]], "baseline": [[2859157.0, 9.000694603977054]]}
{"519.lbm_r": [[332267.0, 2.0072185287948465]], "baseline": [[1490.0, 0.05211158067509837]]}
{"519.lbm_r": [[296939.0, 2.062682493440712]], "baseline": [[3241655.0, 10.000734887872891]]}
{"519.lbm_r": [[1406.0, 0.16963118132877814]], "baseline": [[1451.0, 0.057433812274666554]]}
{"519.lbm_r": [[1364.0, 0.19887620023260708]], "baseline": [[1427.0, 0.09214269281142323]]}
{"519.lbm_r": [[1932528.0, 7.001919723293548]], "baseline": [[653680.0, 3.0122479123280583]]}
{"519.lbm_r": [[2380506.0, 8.001093158207834]], "baseline": [[1399.0, 0.2690807277561007]]}
{"519.lbm_r": [[1487.0, 0.05086144386602135]], "baseline": [[1362.0, 0.15460015249534578]]}
{"519.lbm_r": [[1371.0, 0.1803968025301795]], "baseline": [[1353.0, 0.14994041233817487]]}
{"519.lbm_r": [[1429.0, 0.16461767895761165]], "baseline": [[2031571.0, 7.000272602570358]]}
{"519.lbm_r": [[1662129.0, 7.198785454713082]], "baseline": [[4979619.0, 14.008916457377003]]}
{"519.lbm_r": [[1381.0, 0.21277176118837432]], "baseline": [[1419.0, 0.15366638903754334]]}
{"519.lbm_r": [[1660215.0, 6.001200190546682]], "baseline": [[1402.0, 0.15390319221966006]]}
{"519.lbm_r": [[581029.0, 3.637112263616945]], "baseline": [[1674817.0, 6.000867383694423]]}
{"519.lbm_r": [[1933351.0, 7.002073802843507]], "baseline": [[1423.0, 0.030048004068087754]]}
{"519.lbm_r": [[1467.0, 0.1114869224337514]], "baseline": [[3645960.0, 11.020539635061558]]}
{"519.lbm_r": [[1447.0, 0.1331992531684987]], "baseline": [[2355950.0, 8.00117261081665]]}
{"519.lbm_r": [[1442.0, 0.060783172775008325]], "baseline": [[1398.0, 0.15852186958003125]]}
{"519.lbm_r": [[2271813.0, 8.0110488149582]], "baseline": [[1361.0, 0.24526852420908507]]}
{"519.lbm_r": [[67741.0, 1.0070967129710575]], "baseline": [[2576618.0, 8.000634460123035]]}
{"519.lbm_r": [[2242408.0, 8.379683632112924]], "baseline": [[2487507.0, 8.000628251185638]]}
{"519.lbm_r": [[657445.0, 3.009092036628915]], "baseline": [[1362.0, 0.11094843567617199]]}
{"519.lbm_r": [[3520057.0, 11.826863521048429]], "baseline": [[1381.0, 0.07657198366272758]]}
{"519.lbm_r": [[1397.0, 0.06462089012126523]], "baseline": [[2120162.0, 8.514026162159457]]}
{"519.lbm_r": [[3541534.0, 10.000087656069907]], "baseline": [[1927800.0, 7.002016413386831]]}
{"519.lbm_r": [[1432.0, 0.10378384958422747]], "baseline": [[3181715.0, 10.015662312947725]]}
{"519.lbm_r": [[695610.0, 3.005717847518203]], "baseline": [[1449.0, 0.1224158392454431]]}
{"519.lbm_r": [[1346.0, 0.21838478281283505]], "baseline": [[4588531.0, 13.003740393418042]]}
{"519.lbm_r": [[1416.0, 0.12884813370424733]], "baseline": [[4379844.0, 12.000195979780848]]}
{"519.lbm_r": [[1655036.0, 6.001294665269322]], "baseline": [[1571.0, 0.03996411871487158]]}
{"519.lbm_r": [[2346513.0, 8.012162486179092]], "baseline": [[1440.0, 0.10646209896361829]]}
{"519.lbm_r": [[1365.0, 0.17490114718762964]], "baseline": [[2489139.0, 8.000712912014324]]}
{"519.lbm_r": [[1417.0, 0.2695481060751012]], "baseline": [[1422.0, 0.13536214684140357]]}
{"519.lbm_r": [[1479.0, 0.10102247444007713]], "baseline": [[1420.0, 0.11946372793190309]]}
{"519.lbm_r": [[2168695.0, 7.000597007574213]], "baseline": [[1398.0, 0.08175165017860263]]}
{"519.lbm_r": [[2124546.0, 7.0009085573347365]], "baseline": [[1386.0, 0.11537227001630758]]}
{"519.lbm_r": [[1528.0, 0.027653219767772824]], "baseline": [[1455.0, 0.09478282304604259]]}
{"519.lbm_r": [[1409.0, 0.14696181690383273]], "baseline": [[1916326.0, 7.00239774407907]]}
{"519.lbm_r": [[1709497.0, 6.000758252243627]], "baseline": [[1293.0, 0.2556795807849518]]}
{"519.lbm_r": [[3494105.0, 10.000399718346657]], "baseline": [[1367.0, 0.35421070143684136]]}
{"519.lbm_r": [[1369.0, 0.2771119994790459]], "baseline": [[1491.0, 0.024804077447378465]]}
{"519.lbm_r": [[1428.0, 0.05035890734912135]], "baseline": [[2547902.0, 9.486715743620373]]}
{"519.lbm_r": [[1478.0, 0.11000797430841239]], "baseline": [[1515.0, 0.029394948150766414]]}
{"519.lbm_r": [[1415.0, 0.17988484035721589]], "baseline": [[1956782.0, 7.00148362727838]]}
{"519.lbm_r": [[1338.0, 0.1126914995052094]], "baseline": [[1670457.0, 7.917945568201383]]}
{"519.lbm_r": [[324317.0, 2.036146780487686]], "baseline": [[2239013.0, 8.013753196395387]]}
{"519.lbm_r": [[1463.0, 0.19575272367537183]], "baseline": [[260322.99999999997, 2.410094774172214]]}
{"519.lbm_r": [[240226.0, 2.175149119676271]], "baseline": [[1424.0, 0.12444980426720262]]}
{"519.lbm_r": [[1888866.0, 7.002441527996966]], "baseline": [[1438.0, 0.129667316355379]]}
{"519.lbm_r": [[2150686.0, 7.000132532480147]], "baseline": [[2186625.0, 8.005226637663181]]}
{"519.lbm_r": [[1502.0, 0.07966572661155452]], "baseline": [[1826083.0, 7.005075354108795]]}
{"519.lbm_r": [[1469.0, 0.1965490785945332]], "baseline": [[1466.0, 0.15283128818731923]]}
{"519.lbm_r": [[1855706.0, 7.004871141144039]], "baseline": [[1436.0, 0.11657381144566151]]}
{"519.lbm_r": [[1340.0, 0.03361072373376496]], "baseline": [[1446.0, 0.07384485335134602]]}
{"519.lbm_r": [[1460.0, 0.09520706264772093]], "baseline": [[1343.0, 0.2898742199232553]]}
{"519.lbm_r": [[1461.0, 0.14547214444626214]], "baseline": [[1402.0, 0.11794395813653098]]}
{"519.lbm_r": [[1451.0, 0.31383552486253236]], "baseline": [[1994318.0, 7.001064264431731]]}
{"519.lbm_r": [[1453.0, 0.04497636629629805]], "baseline": [[2054888.0, 7.001033824979444]]}
{"519.lbm_r": [[2554938.0, 8.00046944394908]], "baseline": [[1376.0, 0.22083273114233834]]}
{"519.lbm_r": [[1342.0, 0.4160086444237492]], "baseline": [[2577513.0, 9.044227568121418]]}
{"519.lbm_r": [[2960958.0, 9.00030155694457]], "baseline": [[1321.0, 0.47828898375263357]]}
{"519.lbm_r": [[1858170.0, 7.011169520572433]], "baseline": [[2044719.0, 7.000566379705014]]}
{"519.lbm_r": [[1428.0, 0.1753990632760111]], "baseline": [[16853404.0, 100.0]]}
{"519.lbm_r": [[1494.0, 0.028373033164872233]], "baseline": [[1375.0, 0.31521155937319373]]}
{"519.lbm_r": [[1894977.0, 7.002465903627212]], "baseline": [[1398.0, 0.30498328172947947]]}
{"519.lbm_r": [[317526.0, 2.059034419735389]], "baseline": [[1509.0, 0.025283297705290458]]}
{"519.lbm_r": [[3030784.0, 9.000347146256608]], "baseline": [[1393.0, 0.10560897370051879]]}
{"519.lbm_r": [[1456.0, 0.17516337856096978]], "baseline": [[1359.0, 0.14383790651639095]]}
{"519.lbm_r": [[1425.0, 0.07947814398658022]], "baseline": [[690123.0, 3.007030872204231]]}
{"519.lbm_r": [[1705429.0, 6.000878199941701]], "baseline": [[1751527.0, 7.143899886503167]]}
{"519.lbm_r": [[1513.0, 0.031449608731815605]], "baseline": [[1438.0, 0.2177660508921467]]}
{"519.lbm_r": [[2607096.0, 8.000259549283072]], "baseline": [[2965833.0, 9.000469556663408]]}
{"519.lbm_r": [[2887951.0, 9.000726146307692]], "baseline": [[1444.0, 0.38062369028908666]]}
{"519.lbm_r": [[461271.0, 2.0026539829158665]], "baseline": [[4215215.0, 12.000324987781543]]}
{"519.lbm_r": [[2147260.0, 7.000540321387411]], "baseline": [[1402.0, 0.10448583198283315]]}
{"519.lbm_r": [[4614376.0, 13.001303039330377]], "baseline": [[2363829.0, 8.001114270503864]]}
{"519.lbm_r": [[1382.0, 0.11317830010620362]], "baseline": [[1401.0, 0.14290126283556656]]}
{"519.lbm_r": [[2144806.0, 7.000532224890926]],