{"519.lbm_r": [[15789949.0, 100.0]], "baseline": [[19058472.0, 100.0]]}
{"519.lbm_r": [[16582421.999999998, 100.0]], "baseline": [[19075472.0, 100.0]]}
{"519.lbm_r": [[7678065.0, 100.0]], "baseline": [[18544428.0, 100.0]]}
{"519.lbm_r": [[18680231.0, 100.0]], "baseline": [[11956584.0, 100.0]]}
{"519.lbm_r": [[10119574.0, 100.0]], "baseline": [[18065038.0, 100.0]]}
{"519.lbm_r": [[16524223.000000002, 100.0]], "baseline": [[18368560.0, 100.0]]}
{"519.lbm_r": [[19273507.0, 100.0]], "baseline": [[11905550.0, 100.0]]}
{"519.lbm_r": [[15626529.0, 100.0]], "baseline": [[16135522.0, 100.0]]}
{"519.lbm_r": [[14718472.0, 100.0]], "baseline": [[15741062.0, 100.0]]}
{"519.lbm_r": [[17928148.0, 100.0]], "baseline": [[14583778.0, 100.0]]}
{"519.lbm_r": [[19049597.0, 100.0]], "baseline": [[17063457.0, 100.0]]}
{"519.lbm_r": [[10938889.0, 100.0]], "baseline": [[18654165.0, 100.0]]}
{"519.lbm_r": [[16680307.0, 100.0]], "baseline": [[18363454.0, 100.0]]}
{"519.lbm_r": [[14587929.0, 100.0]], "baseline": [[18134691.0, 100.0]]}
{"519.lbm_r": [[17670116.0, 100.0]], "baseline": [[13019097.0, 100.0]]}
{"519.lbm_r": [[18189859.0, 100.0]], "baseline": [[17939412.0, 100.0]]}
{"519.lbm_r": [[14213302.0, 100.0]], "baseline": [[19166984.0, 100.0]]}
{"519.lbm_r": [[11824978.0, 100.0]], "baseline": [[14336603.0, 100.0]]}
{"519.lbm_r": [[17467995.0, 100.0]], "baseline": [[17382493.0, 100.0]]}
{"519.lbm_r": [[18372267.0, 100.0]], "baseline": [[16720111.0, 100.0]]}
{"519.lbm_r": [[10331084.0, 100.0]], "baseline": [[10335284.0, 100.0]]}
{"519.lbm_r": [[17230142.0, 100.0]], "baseline": [[13283491.0, 100.0]]}
{"519.lbm_r": [[18306391.0, 100.0]], "baseline": [[17871730.0, 100.0]]}
{"519.lbm_r": [[12563041.0, 100.0]], "baseline": [[8507912.0, 100.0]]}
{"519.lbm_r": [[17956768.0, 100.0]], "baseline": [[16243557.0, 100.0]]}
{"519.lbm_r": [[13770339.0, 100.0]], "baseline": [[15419542.0, 100.0]]}
{"519.lbm_r": [[17473817.0, 100.0]], "baseline": [[17159003.0, 100.0]]}
{"519.lbm_r": [[17926911.0, 100.0]], "baseline": [[17126967.0, 100.0]]}
{"519.lbm_r": [[14261214.0, 100.0]], "baseline": [[18544266.0, 100.0]]}
{"519.lbm_r": [[18790410.0, 100.0]], "baseline": [[18705144.0, 100.0]]}
