{"519.lbm_r": [[1702.0, 0.0003453850824766376]]}
{"519.lbm_r": [[1339.0, 0.1439366834240448]]}
{"519.lbm_r": [[1392.0, 0.09469475049277429]]}
{"519.lbm_r": [[1363.0, 0.0737311980869]]}
{"519.lbm_r": [[1843108.0, 2.0006063021830283]]}
