{"519.lbm_r": [[10048324.0, 100.0]]}
{"519.lbm_r": [[10553033.0, 100.0]]}
{"519.lbm_r": [[168291.0, 1.0010823148618717]]}
{"519.lbm_r": [[8121473.0, 100.0]]}
{"519.lbm_r": [[126259.0, 1.0029500479748672]]}
