{"519.lbm_r": [[2652760.0, 9.490254981391779]], "baseline": [[1400.0, 0.2063348888313043]]}
{"519.lbm_r": [[2110554.0, 7.000832657321473]], "baseline": [[1829782.0, 7.0114614820662515]]}
{"519.lbm_r": [[2724984.0, 9.01277189416955]], "baseline": [[268707.0, 2.8744975771816823]]}
{"519.lbm_r": [[1377.0, 0.1653463081241203]], "baseline": [[2761967.0, 9.001085524714583]]}
{"519.lbm_r": [[1391.0, 0.16149316553240958]], "baseline": [[1371.0, 0.1435168615565668]]}
{"519.lbm_r": [[1401.0, 0.2258812281866994]], "baseline": [[1387.0, 0.18053078416904658]]}
{"519.lbm_r": [[1406.0, 0.10318709436819347]], "baseline": [[1712.0, 0.0015960296921695262]]}
{"519.lbm_r": [[1409.0, 0.14297485574286597]], "baseline": [[3330533.0, 10.00019639281106]]}
{"519.lbm_r": [[1350.0, 0.4489903554077968]], "baseline": [[2209545.0, 8.068113400978184]]}
{"519.lbm_r": [[2795780.0, 9.000859109498046]], "baseline": [[1478.0, 0.11382335540205618]]}
{"519.lbm_r": [[1462.0, 0.0942910399601481]], "baseline": [[1857298.0, 7.003034970267399]]}
{"519.lbm_r": [[3685010.0, 11.003152331054652]], "baseline": [[71039.0, 1.0060465191868837]]}
{"519.lbm_r": [[1468.0, 0.038425043499134885]], "baseline": [[2305696.0, 8.010920652444339]]}
{"519.lbm_r": [[2056270.0, 7.000656836469699]], "baseline": [[2759635.0, 9.001067481875552]]}
{"519.lbm_r": [[575704.0, 3.3259350935545604]], "baseline": [[2162498.0, 7.000503584983941]]}
{"519.lbm_r": [[1401.0, 0.23535534094338678]], "baseline": [[2920113.0, 9.000564463422796]]}
{"519.lbm_r": [[2326562.0, 8.001363586649324]], "baseline": [[301463.0, 2.074854767119523]]}
{"519.lbm_r": [[1364.0, 0.1658996771140191]], "baseline": [[1413.0, 0.06571168164086003]]}
{"519.lbm_r": [[361257.0, 2.010059834950786]], "baseline": [[1323.0, 0.18018606920094293]]}
{"519.lbm_r": [[1520.0, 0.025060020179869018]], "baseline": [[1451.0, 0.14643253777062945]]}
{"519.lbm_r": [[1321.0, 0.15297243482527695]], "baseline": [[1900925.0, 7.0027266022895125]]}
{"519.lbm_r": [[1550.0, 0.027946802842582056]], "baseline": [[2634861.0, 9.204198147060222]]}
{"519.lbm_r": [[1435.0, 0.30003385448426423]], "baseline": [[2260755.0, 8.018159768928179]]}
{"519.lbm_r": [[646963.0, 3.0118210919363873]], "baseline": [[1452.0, 0.08673060485671197]]}
{"519.lbm_r": [[1439.0, 0.1870627727725263]], "baseline": [[1511.0, 0.03392143692523228]]}
{"519.lbm_r": [[1369.0, 0.1477810740720379]], "baseline": [[510591.0, 2.00118293280784]]}
{"519.lbm_r": [[1344.0, 0.12812089707865124]], "baseline": [[1341.0, 0.20541866503941933]]}
{"519.lbm_r": [[1424.0, 0.1456145135010545]], "baseline": [[234759.0, 1.000742491986131]]}
{"519.lbm_r": [[1366.0, 0.20969502098995266]], "baseline": [[1743.0, 0.001120257533019303]]}
{"519.lbm_r": [[1441.0, 0.1420080175901911]], "baseline": [[1802790.0, 7.021568186476023]]}
