{"519.lbm_r": [[1349.0, 0.055372576625224525]]}
{"519.lbm_r": [[1399.0, 0.17012859815395373]]}
{"519.lbm_r": [[2249703.0, 2.0003391870425324]]}
{"519.lbm_r": [[1640.0, 0.0005138755012958852]]}
{"519.lbm_r": [[1267.0, 0.15599455407942606]]}
