{"519.lbm_r": [[1376.0, 0.0803512891060455]]}
{"519.lbm_r": [[2136595.0, 2.000396283491257]]}
{"519.lbm_r": [[3536904.0, 3.000386711553973]]}
{"519.lbm_r": [[1366.0, 0.2225605044536235]]}
{"519.lbm_r": [[1090214.0, 1.0001777852593559]]}
