{"519.lbm_r": [[1351.0, 0.19063761308008031]]}
{"519.lbm_r": [[1332.0, 0.12801246687852583]]}
{"519.lbm_r": [[1057034.0, 1.000054223165039]]}
{"519.lbm_r": [[1352.0, 0.04782282543424169]]}
{"519.lbm_r": [[1307.0, 0.15592846226284932]]}
