{"519.lbm_r": [[2761192.0, 2.0000576976518367]], "baseline": [[1312.0, 0.2548539839538624]]}
{"519.lbm_r": [[1335.0, 0.21578887208455713]], "baseline": [[1365.0, 0.029926729361741258]]}
{"519.lbm_r": [[1345.0, 0.045994983884864504]], "baseline": [[1308.0, 0.1490920262384151]]}
{"519.lbm_r": [[1332790.0, 2.0028990998808713]], "baseline": [[1640.0, 0.000460791227576477]]}
{"519.lbm_r": [[1334.0, 0.21177844934329268]], "baseline": [[1374.0, 0.28692481377524026]]}
{"519.lbm_r": [[1993805.0, 2.0004775435036093]], "baseline": [[1750.0, 0.0002642670571597485]]}
{"519.lbm_r": [[1882.0, 0.0001133566112766144]], "baseline": [[1107257.0, 2.4231824172866525]]}
{"519.lbm_r": [[1369.0, 0.2737077421140631]], "baseline": [[1309.0, 0.0855646493817818]]}
{"519.lbm_r": [[3191092.0, 3.0005631258041454]], "baseline": [[1379.0, 0.1721154522697969]]}
{"519.lbm_r": [[1602604.0, 2.000935197482821]], "baseline": [[1467528.0, 2.001430356223955]]}
