{"519.lbm_r": [[5330943.0, 100.0]], "baseline": [[3860305.0, 100.0]]}
{"519.lbm_r": [[3952483.0, 100.0]], "baseline": [[1954.0, 4.2062602945448436e-05]]}
{"519.lbm_r": [[209557.0, 27.183908906582616]], "baseline": [[3091.0, 1.3118992242817191]]}
{"519.lbm_r": [[1921.0, 8.209707570510627e-05]], "baseline": [[2054.0, 1.909343516168179]]}
{"519.lbm_r": [[4616456.0, 100.0]], "baseline": [[2557913.0, 100.0]]}
{"519.lbm_r": [[101939.0, 3.001297068594304]], "baseline": [[1745.0, 0.0012847500898658633]]}
{"519.lbm_r": [[1906.0, 0.00020844906899911668]], "baseline": [[2177.0, 1.740738326267239]]}
{"519.lbm_r": [[192131.0, 7.7089034131535294]], "baseline": [[1728072.0, 100.0]]}
{"519.lbm_r": [[1986011.0, 100.0]], "baseline": [[3145967.0, 100.0]]}
{"519.lbm_r": [[69479.0, 1.000629731419864]], "baseline": [[1797.0, 0.0005618219631025412]]}
{"519.lbm_r": [[3002341.0, 100.0]], "baseline": [[1727.0, 0.00042225582357660336]]}
{"519.lbm_r": [[2111.0, 1.8336683060072159]], "baseline": [[2097.0, 1.841488797714762]]}
{"519.lbm_r": [[1859.0, 0.0003983796677856423]], "baseline": [[1814.0, 0.0003300236654144533]]}
{"519.lbm_r": [[1782.0, 0.00032643935151933126]], "baseline": [[1326274.0, 100.0]]}
{"519.lbm_r": [[5213459.0, 100.0]], "baseline": [[2412654.0, 100.0]]}
{"519.lbm_r": [[2508118.0, 100.0]], "baseline": [[2720962.0, 100.0]]}
{"519.lbm_r": [[3380532.0, 100.0]], "baseline": [[4461963.0, 100.0]]}
{"519.lbm_r": [[4183752.9999999995, 100.0]], "baseline": [[2531651.0, 100.0]]}
{"519.lbm_r": [[7848346.0, 100.0]], "baseline": [[7971039.0, 100.0]]}
{"519.lbm_r": [[2471322.0, 100.0]], "baseline": [[1839.0, 0.00015091130634988493]]}
{"519.lbm_r": [[4921788.0, 100.0]], "baseline": [[1897.0, 0.00022362577449718974]]}
{"519.lbm_r": [[4337653.0, 100.0]], "baseline": [[1868.0, 0.0003013380881806019]]}
{"519.lbm_r": [[4246978.0, 100.0]], "baseline": [[1748.0, 0.00037677607887537606]]}
{"519.lbm_r": [[5147668.0, 100.0]], "baseline": [[5650769.0, 100.0]]}
{"519.lbm_r": [[3552234.0, 100.0]], "baseline": [[1856.0, 0.00015462633324336597]]}
{"519.lbm_r": [[1891.0, 0.00014871146922167228]], "baseline": [[1692.0, 0.0027362956499744594]]}
{"519.lbm_r": [[1790.0, 0.0003545139408200395]], "baseline": [[3181559.0, 100.0]]}
{"519.lbm_r": [[5212815.0, 100.0]], "baseline": [[1988.0, 1.2870315894607004e-05]]}
{"519.lbm_r": [[1628480.0, 100.0]], "baseline": [[3793384.0, 100.0]]}
{"519.lbm_r": [[4777037.0, 100.0]], "baseline": [[3100210.0, 100.0]]}
