{"519.lbm_r": [[2953723.0, 3.0090670781515527]], "baseline": [[1271.0, 0.1933866111735716]]}
{"519.lbm_r": [[318843.0, 1.0014022985803581]], "baseline": [[2594805.0, 2.000152191422515]]}
{"519.lbm_r": [[1320.0, 0.031917872203831625]], "baseline": [[1361.0, 0.06362678458390854]]}
{"519.lbm_r": [[2003134.0, 2.000477330416556]], "baseline": [[3022935.0, 3.008065898829051]]}
{"519.lbm_r": [[2107184.0, 2.0003788539750644]], "baseline": [[1296.0, 0.06880363570584383]]}
{"519.lbm_r": [[1317.0, 0.24803672941732455]], "baseline": [[1402.0, 0.031167742038119436]]}
{"519.lbm_r": [[1369.0, 0.11597837810287351]], "baseline": [[1397.0, 0.07762506752096995]]}
{"519.lbm_r": [[1723163.0, 2.0007468474510253]], "baseline": [[1350.0, 0.12437456782009644]]}
{"519.lbm_r": [[1804.0, 0.0002078022731165847]], "baseline": [[1372.0, 0.10824478791702315]]}
{"519.lbm_r": [[1347.0, 0.06461651880803901]], "baseline": [[1392.0, 0.06666232567957672]]}
