{"519.lbm_r": [[1341.0, 0.07227916324063757]]}
{"519.lbm_r": [[1356.0, 0.06335956513680753]]}
{"519.lbm_r": [[1347.0, 0.10130162413476423]]}
{"519.lbm_r": [[2247638.0, 2.000356085857432]]}
{"519.lbm_r": [[1749431.0, 2.000791659992573]]}
