{"519.lbm_r": [[2297204.0, 2.000316186060721]], "baseline": [[1337.0, 0.19303032013617397]]}
{"519.lbm_r": [[1326.0, 0.12086667588315464]], "baseline": [[1771.0, 0.0002390210950083553]]}
{"519.lbm_r": [[1334.0, 0.21802879730241342]], "baseline": [[1973240.0, 2.0004838665386204]]}
{"519.lbm_r": [[1333.0, 0.08323070200487326]], "baseline": [[1584521.0, 2.0009845305807077]]}
{"519.lbm_r": [[1317.0, 0.20119249576182924]], "baseline": [[1594.0, 0.0005663870787102574]]}
{"519.lbm_r": [[1317.0, 0.1613447767704215]], "baseline": [[1330.0, 0.16167094981991906]]}
{"519.lbm_r": [[1299.0, 0.13792867258770572]], "baseline": [[1435.0, 0.01856203797806653]]}
{"519.lbm_r": [[1407.0, 0.06175510417036783]], "baseline": [[1387.0, 0.033812823522552785]]}
{"519.lbm_r": [[1332.0, 0.0301772091427822]], "baseline": [[1358.0, 0.07687728968749488]]}
{"519.lbm_r": [[3033.0, 1.387349127249792]], "baseline": [[1343.0, 0.1607722131806205]]}
