{"masstree": {"facesim": {"95th_latency": 5639.0, "99th_latency": 18079.0, "violate_rate": 21.223673615602134, "throughput": 4000}, "baseline": {"95th_latency": 4456.0, "99th_latency": 14221.0, "violate_rate": 15.551480428949617, "throughput": 4000}}}
{"masstree": {"facesim": {"95th_latency": 5469.0, "99th_latency": 17356.0, "violate_rate": 21.89156237450675, "throughput": 4000}, "baseline": {"95th_latency": 4745.0, "99th_latency": 15209.0, "violate_rate": 15.649260540720306, "throughput": 4000}}}
{"masstree": {"facesim": {"95th_latency": 5701.0, "99th_latency": 18414.0, "violate_rate": 21.42955149038811, "throughput": 4000}, "baseline": {"95th_latency": 4483.0, "99th_latency": 14525.0, "violate_rate": 15.739080107424112, "throughput": 4000}}}
{"masstree": {"facesim": {"95th_latency": 5561.0, "99th_latency": 17716.0, "violate_rate": 21.79045545621526, "throughput": 4000}, "baseline": {"95th_latency": 4368.0, "99th_latency": 14741.0, "violate_rate": 15.148180476788966, "throughput": 4000}}}
{"masstree": {"facesim": {"95th_latency": 5808.0, "99th_latency": 18279.0, "violate_rate": 21.50075472568555, "throughput": 4000}, "baseline": {"95th_latency": 4088.0, "99th_latency": 13232.0, "violate_rate": 15.975711918977211, "throughput": 4000}}}
{"masstree": {"blackscholes": {"95th_latency": 4712.0, "99th_latency": 15230.0, "violate_rate": 15.17858565341119, "throughput": 4000}, "bodytrack": {"95th_latency": 4555.0, "99th_latency": 14927.0, "violate_rate": 16.95507321061278, "throughput": 4000}, "facesim": {"95th_latency": 5489.0, "99th_latency": 17942.0, "violate_rate": 21.76024301851029, "throughput": 4000}, "ferret": {"95th_latency": 7832.0, "99th_latency": 25371.0, "violate_rate": 29.054413938659312, "throughput": 4000}, "fluidanimate": {"95th_latency": 6810.0, "99th_latency": 23144.0, "violate_rate": 26.84068107530515, "throughput": 4000}, "freqmine": {"95th_latency": 4487.0, "99th_latency": 15053.0, "violate_rate": 15.168352121132376, "throughput": 4000}, "raytrace": {"95th_latency": 4309.0, "99th_latency": 14675.0, "violate_rate": 14.1793588579896, "throughput": 4000}, "swaptions": {"95th_latency": 4272.0, "99th_latency": 14892.0, "violate_rate": 14.095695927433026, "throughput": 4000}, "vips": {"95th_latency": 4368.0, "99th_latency": 14765.0, "violate_rate": 15.368230616068953, "throughput": 4000}, "x264": {"95th_latency": 4794.0, "99th_latency": 15520.0, "violate_rate": 15.803566232555099, "throughput": 4000}, "baseline": {"95th_latency": 4384.0, "99th_latency": 14515.0, "violate_rate": 16.95543238466776, "throughput": 4000}}}
{"masstree": {"blackscholes": {"95th_latency": 4465.0, "99th_latency": 14002.0, "violate_rate": 15.432715600948129, "throughput": 4000}, "bodytrack": {"95th_latency": 4474.0, "99th_latency": 15245.0, "violate_rate": 15.202500271926622, "throughput": 4000}, "facesim": {"95th_latency": 5525.0, "99th_latency": 18394.0, "violate_rate": 21.29987321503411, "throughput": 4000}, "ferret": {"95th_latency": 7885.0, "99th_latency": 25003.0, "violate_rate": 29.15983069192677, "throughput": 4000}, "fluidanimate": {"95th_latency": 6469.0, "99th_latency": 20818.0, "violate_rate": 26.404519170386145, "throughput": 4000}, "freqmine": {"95th_latency": 4520.0, "99th_latency": 15274.0, "violate_rate": 16.66814964623683, "throughput": 4000}, "raytrace": {"95th_latency": 4357.0, "99th_latency": 14530.0, "violate_rate": 15.456994692382281, "throughput": 4000}, "swaptions": {"95th_latency": 4391.0, "99th_latency": 14445.0, "violate_rate": 15.534769750001884, "throughput": 4000}, "vips": {"95th_latency": 4374.0, "99th_latency": 15177.0, "violate_rate": 15.843796992956298, "throughput": 4000}, "x264": {"95th_latency": 4536.0, "99th_latency": 16165.0, "violate_rate": 15.742952214268726, "throughput": 4000}, "baseline": {"95th_latency": 4106.0, "99th_latency": 13917.0, "violate_rate": 14.301255612840482, "throughput": 4000}}}
