{"masstree": {"facesim": {"95th_latency": 4959.0, "99th_latency": 16677.0, "violate_rate": 18.552962152638816, "throughput": 4000}, "baseline": {"95th_latency": 4573.0, "99th_latency": 14291.0, "violate_rate": 15.378996737135767, "throughput": 4000}}}
{"masstree": {"facesim": {"95th_latency": 5261.0, "99th_latency": 16929.0, "violate_rate": 19.902200760967467, "throughput": 4000}, "baseline": {"95th_latency": 4282.0, "99th_latency": 14452.0, "violate_rate": 15.743666127969746, "throughput": 4000}}}
{"masstree": {"facesim": {"95th_latency": 5353.0, "99th_latency": 17419.0, "violate_rate": 19.768992666880532, "throughput": 4000}, "baseline": {"95th_latency": 4448.0, "99th_latency": 14603.0, "violate_rate": 15.446893032954673, "throughput": 4000}}}
{"masstree": {"facesim": {"95th_latency": 4819.0, "99th_latency": 16574.0, "violate_rate": 18.098571015881593, "throughput": 4000}, "baseline": {"95th_latency": 4365.0, "99th_latency": 14921.0, "violate_rate": 15.442713134106942, "throughput": 4000}}}
{"masstree": {"facesim": {"95th_latency": 5369.0, "99th_latency": 17610.0, "violate_rate": 19.77520831636276, "throughput": 4000}, "baseline": {"95th_latency": 4223.0, "99th_latency": 15076.0, "violate_rate": 15.382468041815287, "throughput": 4000}}}
{"masstree": {"blackscholes": {"95th_latency": 4892.0, "99th_latency": 15960.0, "violate_rate": 16.318340691397353, "throughput": 4000}, "bodytrack": {"95th_latency": 4649.0, "99th_latency": 15305.0, "violate_rate": 17.967861695421067, "throughput": 4000}, "facesim": {"95th_latency": 5593.0, "99th_latency": 17993.0, "violate_rate": 19.30170760674317, "throughput": 4000}, "ferret": {"95th_latency": 5985.0, "99th_latency": 21348.0, "violate_rate": 24.919395308774515, "throughput": 4000}, "fluidanimate": {"95th_latency": 5192.0, "99th_latency": 16207.0, "violate_rate": 18.84736916961027, "throughput": 4000}, "freqmine": {"95th_latency": 5083.0, "99th_latency": 16008.0, "violate_rate": 17.593317794538834, "throughput": 4000}, "raytrace": {"95th_latency": 4260.0, "99th_latency": 14150.0, "violate_rate": 15.55604869778659, "throughput": 4000}, "swaptions": {"95th_latency": 4498.0, "99th_latency": 15464.0, "violate_rate": 15.658546000315074, "throughput": 4000}, "vips": {"95th_latency": 4712.0, "99th_latency": 15230.0, "violate_rate": 17.891785279274135, "throughput": 4000}, "x264": {"95th_latency": 5119.0, "99th_latency": 16929.0, "violate_rate": 19.40835717165139, "throughput": 4000}, "baseline": {"95th_latency": 4903.0, "99th_latency": 16068.000000000002, "violate_rate": 16.532580476494942, "throughput": 4000}}}
{"masstree": {"blackscholes": {"95th_latency": 4799.0, "99th_latency": 16158.999999999998, "violate_rate": 16.328352389447726, "throughput": 4000}, "bodytrack": {"95th_latency": 4484.0, "99th_latency": 15302.0, "violate_rate": 15.049872500620369, "throughput": 4000}, "facesim": {"95th_latency": 4903.0, "99th_latency": 16354.0, "violate_rate": 19.671611275104578, "throughput": 4000}, "ferret": {"95th_latency": 5799.0, "99th_latency": 19002.0, "violate_rate": 23.82560747459346, "throughput": 4000}, "fluidanimate": {"95th_latency": 4708.0, "99th_latency": 15953.0, "violate_rate": 18.998426603807733, "throughput": 4000}, "freqmine": {"95th_latency": 4695.0, "99th_latency": 15015.0, "violate_rate": 17.622103288884997, "throughput": 4000}, "raytrace": {"95th_latency": 4453.0, "99th_latency": 14848.0, "violate_rate": 15.27574661538107, "throughput": 4000}, "swaptions": {"95th_latency": 4664.0, "99th_latency": 14706.0, "violate_rate": 15.508676027676117, "throughput": 4000}, "vips": {"95th_latency": 4606.0, "99th_latency": 14680.0, "violate_rate": 16.727915963744934, "throughput": 4000}, "x264": {"95th_latency": 5521.0, "99th_latency": 17402.0, "violate_rate": 20.652518465297373, "throughput": 4000}, "baseline": {"95th_latency": 4655.0, "99th_latency": 16088.999999999998, "violate_rate": 16.83440609160397, "throughput": 4000}}}
{"masstree": {"blackscholes": {"95th_latency": 4597.0, "99th_latency": 15294.0, "violate_rate": 16.67633838714773, "throughput": 4000}, "bodytrack": {"95th_latency": 4348.0, "99th_latency": 14556.0, "violate_rate": 15.513552574036341, "throughput": 4000}, "facesim": {"95th_latency": 4851.0, "99th_latency": 16093.0, "violate_rate": 19.783337512312947, "throughput": 4000}, "ferret": {"95th_latency": 6022.0, "99th_latency": 20241.0, "violate_rate": 23.998355687322977, "throughput": 4000}, "fluidanimate": {"95th_latency": 4953.0, "99th_latency": 16353.000000000002, "violate_rate": 17.820063386143477, "throughput": 4000}, "freqmine": {"95th_latency": 4933.0, "99th_latency": 17140.0, "violate_rate": 17.725140916483493, "throughput": 4000}, "raytrace": {"95th_latency": 4396.0, "99th_latency": 14946.0, "violate_rate": 15.233122973412932, "throughput": 4000}, "swaptions": {"95th_latency": 4322.0, "99th_latency": 14392.0, "violate_rate": 15.627485337482996, "throughput": 4000}, "vips": {"95th_latency": 4293.0, "99th_latency": 15273.0, "violate_rate": 15.315758715398257, "throughput": 4000}, "x264": {"95th_latency": 5449.0, "99th_latency": 17459.0, "violate_rate": 19.188918889269306, "throughput": 4000}, "baseline": {"95th_latency": 4446.0, "99th_latency": 14043.0, "violate_rate": 16.732218892712744, "throughput": 4000}}}
