{"519.lbm_r": [[459.125, 1.1785167455177625], [3023.0, 1.3749982905982914]], "baseline": [[474.125, 1.155838372878353], [2960.5, 0.9029607142857118]]}
