{"519.lbm_r": [[335.75, 1.0961656136664994], [2947.5, 1.0132779761904729]], "baseline": [[377.0, 1.0416528391801485], [3009.0, 1.227858333333333]]}
