{"519.lbm_r": [[296.125, 1.3124752170787033], [2992.25, 1.2323735722610707]], "baseline": [[287.25, 0.9219103129201378], [2990.75, 1.1973931818181802]]}
