{"519.lbm_r": [[224.875, 1.1969575581480962], [2982.0, 1.3782279040404048]], "baseline": [[250.5, 0.7717209517981031], [3009.25, 1.3146165404040402]]}
