{"519.lbm_r": [[208.625, 1.2556898912981127], [2996.25, 1.2304391414141402]], "baseline": [[186.625, 1.3123767458257176], [2999.75, 1.5081488636363631]]}
