{"519.lbm_r": [[264.625, 1.347848908339794], [2995.75, 1.230370113220112]], "baseline": [[189.0, 1.0918079070892948], [2894.75, 0.8125791666666614]]}
