{"519.lbm_r": [[209.125, 1.4770968214825286], [2950.0, 1.0663658730158718]], "baseline": [[221.25, 1.2444017973018553], [3016.0, 1.3485147727272728]]}
