{"519.lbm_r": [[227.0, 1.4436493092805303], [2960.75, 1.0396142857142872]], "baseline": [[187.625, 1.3869378865486477], [2951.5, 1.1180339285714262]]}
