{"519.lbm_r": [[347.5, 1.2800474916038787], [3071.25, 1.7848401960784306]], "baseline": [[309.125, 1.3203611428289943], [3567.0, 2.474983990306649]]}
