{"519.lbm_r": [[460.5, 1.166202230729249], [3078.25, 1.8538812499999993]], "baseline": [[411.375, 1.1873313483926196], [3037.75, 1.54421691919192]]}
