{"519.lbm_r": [[245.5, 1.2169951026462598], [2980.25, 1.2148245879120891]], "baseline": [[311.75, 1.230662551513372], [2939.0, 0.9833579365079339]]}
