{"519.lbm_r": [[157.875, 1.2085873067104131], [3013.75, 1.2213068181818183]], "baseline": [[196.75, 1.0513162456892402], [2951.75, 0.9469928571428521]]}
