{"519.lbm_r": [[155.125, 1.0017294389462468], [3008.75, 1.592454166666667]], "baseline": [[159.375, 0.7387518487097777], [2983.0, 1.3588917124542117]]}
