{"519.lbm_r": [[463.5, 1.1602125554399398], [3029.0, 1.4131513888888905]], "baseline": [[394.5, 1.2094854929836765], [2945.75, 0.916449404761902]]}
