{"519.lbm_r": [[440.25, 1.1829682274908997], [2953.75, 0.9523934523809492]], "baseline": [[365.0, 1.2404476826649435], [3178.25, 2.2595667672970303]]}
