{"519.lbm_r": [[227.125, 1.2295606050175285], [3008.75, 1.5338068181818183]], "baseline": [[215.125, 1.2803910984418458], [3014.25, 1.4562625000000005]]}
