{"519.lbm_r": [[523.25, 1.149425716006758], [3000.75, 1.461557954545454]], "baseline": [[428.625, 1.2128791559840433], [2988.75, 1.2783590909090892]]}
