{"519.lbm_r": [[387.25, 1.1998139460630197], [3049.75, 1.6317237762237773]], "baseline": [[385.375, 1.2075150005747584], [2988.5, 1.215609340659339]]}
