{"519.lbm_r": [[165.75, 0.9485257500618468], [2995.75, 1.2505634615384602]], "baseline": [[123.5, 0.34075448361162647], [2998.0, 1.1475331585081572]]}
