{"519.lbm_r": [[185.375, 1.3057193689115705], [2961.0, 1.1621000000000024]], "baseline": [[186.75, 0.8873192565315694], [2977.25, 1.38360892857143]]}
