{"519.lbm_r": [[355.125, 1.246328508074634], [3034.25, 1.4275486111111122]], "baseline": [[283.625, 1.326597243287599], [3004.0, 1.2575333333333327]]}
