{"519.lbm_r": [[310.5, 1.3001998232905483], [2990.25, 1.2205939393939378]], "baseline": [[303.875, 1.320941253117779], [2992.25, 1.258597348484847]]}
