{"519.lbm_r": [[276.25, 1.3333217708020206], [3030.0, 1.5062875000000013]], "baseline": [[211.75, 1.4416314725753285], [3023.0, 1.419215277777779]]}
