{"519.lbm_r": [[400.875, 1.213473433018856], [2998.5, 1.2966361111111113]], "baseline": [[400.0, 1.2339209385262335], [2940.5, 0.9824557539682504]]}
