{"519.lbm_r": [[355.25, 1.2359929118984474], [2994.0, 1.3554287878787878]], "baseline": [[336.5, 1.0740444573898282], [2985.0, 1.3890511363636358]]}
