{"519.lbm_r": [[281.25, 1.3582183625935187], [2958.5, 0.6946708333333292]], "baseline": [[248.25, 1.4676514857336762], [3248.75, 2.3587902046783626]]}
