{"519.lbm_r": [[251.875, 1.4331410011898291], [3007.0, 1.4229498737373736]], "baseline": [[265.0, 1.1611772844450698], [2977.5, 1.3066125000000017]]}
