{"519.lbm_r": [[272.125, 1.1278898585069301], [3016.25, 1.5204180555555562]], "baseline": [[267.25, 0.9488726985930964], [2953.25, 0.9255053571428528]]}
