{"519.lbm_r": [[367.75, 1.2310153833371493], [2987.75, 1.3081886363636346]], "baseline": [[343.125, 1.31218345060627], [2996.0, 1.093067045454544]]}
