{"519.lbm_r": [[569.125, 1.1218232773622658], [2999.5, 1.355861994949494]], "baseline": [[516.5, 1.157486454566371], [2999.0, 1.3565722222222214]]}
