{"519.lbm_r": [[410.375, 1.1812660115994669], [3036.25, 1.5517781204906218]], "baseline": [[383.75, 1.2496945831856276], [2986.25, 1.2642584595959623]]}
