{"519.lbm_r": [[457.625, 1.1710591748452264], [3019.75, 1.473809722222223]], "baseline": [[395.125, 1.205400135530527], [2938.5, 0.9596134920634884]]}
