{"519.lbm_r": [[315.875, 1.3236767909665335], [2943.0, 1.007111706349202]], "baseline": [[370.0, 1.2642064948924348], [2939.0, 1.0378160714285674]]}
