{"519.lbm_r": [[204.875, 1.0711379231387563], [2989.0, 1.3457833333333318]], "baseline": [[201.125, 1.0661745002829395], [2936.25, 0.9910805555555522]]}
