{"519.lbm_r": [[387.375, 1.234130410298776], [4635.75, 2.5631957497911446]], "baseline": [[414.0, 1.230669591550584], [3036.5, 1.499549873737375]]}
