{"519.lbm_r": [[164.375, 0.9317070388838998], [3038.5, 1.7520517676767677]], "baseline": [[139.75, 1.0170843704583106], [2998.75, 1.1168222027972015]]}
