{"519.lbm_r": [[350.875, 1.0764788541106922], [3003.0, 1.4720361111111107]], "baseline": [[314.125, 1.2855285057485528], [3023.75, 1.43032638888889]]}
