{"519.lbm_r": [[148.875, 0.9891303747384502], [2974.75, 1.4368941849816863]], "baseline": [[162.875, 1.1792721020901074], [2935.25, 1.02426825396825]]}
