{"519.lbm_r": [[238.375, 1.392408609782391], [2935.25, 1.248973809523805]], "baseline": [[237.625, 1.0091706642819076], [2951.25, 0.8991940476190445]]}
