{"519.lbm_r": [[138.875, 0.5237777803104093], [3019.5, 1.39800643939394]], "baseline": [[178.875, 0.8862698040407019], [2947.75, 1.1083829365079347]]}
