{"519.lbm_r": [[333.0, 1.2769918547228096], [2946.5, 0.9919952380952343]], "baseline": [[316.0, 1.3531470473784142], [3380.25, 2.1468854078712827]]}
