{"519.lbm_r": [[243.5, 1.1848225793583225], [2919.25, 0.8123171717171638]], "baseline": [[287.125, 1.1122333195597864], [2981.5, 1.4558037878787882]]}
