{"519.lbm_r": [[359.875, 1.2236881231604608], [2944.75, 0.9476095238095202]], "baseline": [[292.25, 1.3271257073416862], [2936.5, 0.8716886904761857]]}
