{"519.lbm_r": [[250.875, 1.3863298790721927], [2963.0, 0.9027994047619071]], "baseline": [[220.0, 1.4371815233618803], [2959.25, 1.0464130952380946]]}
