{"519.lbm_r": [[220.625, 1.2341946460954625], [2972.5, 1.1735178571428615]], "baseline": [[208.625, 1.3038570377194794], [2941.0, 0.8716392857142817]]}
