{"519.lbm_r": [[122.625, 0.8525703474682336], [2934.75, 0.809631944444442]], "baseline": [[184.375, 0.8913611829595328], [3022.5, 1.6436138888888903]]}
