{"519.lbm_r": [[212.5, 0.8246555038177222], [2959.0, 1.130298214285715]], "baseline": [[258.375, 1.4060949725086003], [2991.75, 1.2947715909090896]]}
