{"519.lbm_r": [[243.625, 1.4015093423651754], [2989.25, 1.1527821969696963]], "baseline": [[226.75, 1.2566400423365283], [2952.0, 1.0281498015872998]]}
