{"519.lbm_r": [[152.0, 0.9717680407800157], [2942.5, 1.1444101190476172]], "baseline": [[128.375, 0.8067750801855392], [2952.75, 1.1492839285714262]]}
