{"519.lbm_r": [[275.875, 1.1325412281824891], [3020.5, 1.5739027777777788]], "baseline": [[340.75, 1.2851371038732071], [3023.75, 1.4557666666666678]]}
