{"519.lbm_r": [[487.625, 1.1565264535397182], [3003.5, 1.4341888888888885]], "baseline": [[401.625, 1.2201314823153828], [3646.5, 2.2917103364471787]]}
