{"519.lbm_r": [[291.0, 1.3046563332855063], [2962.25, 1.2582154761904778]], "baseline": [[283.625, 1.3685704137858656], [2956.5, 1.0256696428571428]]}
