{"519.lbm_r": [[513.75, 1.141208444754593], [2990.0, 1.3462475982350979]], "baseline": [[527.0, 1.1393481778291283], [3136.25, 2.1501836580086575]]}
