{"519.lbm_r": [[363.375, 1.2598513193268026], [3011.5, 1.4688430555555558]], "baseline": [[368.0, 1.2461275496585245], [3019.5, 1.6761597222222233]]}
