{"519.lbm_r": [[285.75, 1.1178456651602933], [3020.75, 1.5542289682539696]], "baseline": [[277.25, 1.4019122098494448], [3012.0, 1.4845115079365083]]}
