{"519.lbm_r": [[240.5, 1.442433088858211], [2973.25, 1.4953019230769244]], "baseline": [[164.0, 0.705364766747543], [2947.25, 1.1018571428571389]]}
