{"519.lbm_r": [[183.75, 1.0784998141398705], [3037.25, 1.6157305555555561]], "baseline": [[268.125, 1.4456662556644209], [3059.5, 1.691747222222222]]}
