{"519.lbm_r": [[189.0, 1.0894698213726155], [3033.25, 1.7488902777777784]], "baseline": [[200.0, 1.58934886859435], [3010.25, 1.3397411616161616]]}
