{"519.lbm_r": [[293.625, 1.1115978215286881], [2954.5, 1.138358730158731]], "baseline": [[277.5, 1.3511500342678215], [2992.75, 1.2125555555555545]]}
