{"519.lbm_r": [[179.0, 1.1107731312985347], [2986.0, 1.2672833333333349]], "baseline": [[268.0, 1.1592332053642211], [2958.75, 1.0876053571428588]]}
