{"519.lbm_r": [[321.0, 1.2591386735977785], [3010.5, 1.5504837301587306]], "baseline": [[344.25, 1.24716611085902], [3035.5, 1.6583425505050513]]}
