{"519.lbm_r": [[238.875, 1.4099781003791216], [3025.5, 1.5395402777777794]], "baseline": [[201.0, 1.2736641406644889], [3012.75, 1.5203897727272728]]}
