{"519.lbm_r": [[383.0, 1.2131184973354372], [3006.25, 1.318342929292929]], "baseline": [[305.375, 1.1206651907075742], [3008.25, 1.3631013888888888]]}
