{"519.lbm_r": [[431.875, 1.2096588008884663], [3029.25, 1.5736311868686883]], "baseline": [[418.375, 1.240569005707858], [3024.5, 1.6104068181818194]]}
