{"519.lbm_r": [[284.0, 1.3740013404181521], [2992.75, 1.2821611111111098]], "baseline": [[316.25, 1.2795841285634082], [3000.0, 1.3062994047619039]]}
