{"519.lbm_r": [[213.625, 1.2142072806202642], [2960.5, 0.9517267857142865]], "baseline": [[173.125, 1.1016937241916387], [3021.75, 1.2806611111111117]]}
