{"519.lbm_r": [[183.75, 1.1539412244009024], [3033.5, 1.439633333333335]], "baseline": [[257.75, 0.9644587915432539], [3030.0, 1.639115782828284]]}
