{"519.lbm_r": [[257.625, 1.397576442744872], [2935.75, 1.070715277777773]], "baseline": [[284.0, 1.1520184635131472], [2985.5, 1.1523000000000003]]}
