{"519.lbm_r": [[155.0, 0.9638233553595015], [2954.0, 0.8882472222222199]], "baseline": [[153.875, 0.9348780606602476], [2995.0, 1.2874151515151502]]}
