{"519.lbm_r": [[359.625, 1.2171611887897629], [2930.75, 0.8983101190476135]], "baseline": [[284.625, 1.2961266803383156], [2963.0, 1.0242404761904753]]}
