{"519.lbm_r": [[229.75, 1.014492088984891], [3024.5, 1.621391666666668]], "baseline": [[208.75, 0.8752043299409109], [3030.25, 1.5190857323232339]]}
