{"519.lbm_r": [[337.875, 1.3097346485052777], [2928.5, 0.8354039682539635]], "baseline": [[298.25, 1.3180622099315125], [2950.5, 1.045219642857138]]}
