{"519.lbm_r": [[260.25, 1.1640880528292599], [2972.75, 1.0847065476190532]], "baseline": [[198.875, 1.0822329402658306], [2963.0, 0.9902374999999992]]}
