{"519.lbm_r": [[319.125, 1.2871379550553392], [2940.5, 0.815318055555551]], "baseline": [[211.375, 1.2447817518651754], [2980.25, 1.2685028138528143]]}
