{"519.lbm_r": [[204.875, 1.0937554271267693], [3005.75, 1.3705840909090905]], "baseline": [[128.375, 0.3653177288964091], [2948.0, 1.1141494047619016]]}
