{"519.lbm_r": [[194.0, 1.0649855669872688], [12772.0, 3.054473325111197]], "baseline": [[255.0, 1.205251950204751], [3282.75, 2.3297788742690058]]}
