{"519.lbm_r": [[181.25, 0.8740309391107102], [2958.25, 1.3116535714285738]], "baseline": [[165.25, 1.1659227160112682], [2930.0, 0.823319444444438]]}
