{"519.lbm_r": [[417.0, 1.1799859832120294], [2987.75, 1.1648357683982677]], "baseline": [[417.875, 1.1968538852485788], [2984.5, 1.2664774891774895]]}
