{"519.lbm_r": [[351.25, 1.2410617688793906], [3015.0, 1.6143603174603183]], "baseline": [[300.5, 1.1273233881307372], [3006.25, 1.4381013888888887]]}
