{"519.lbm_r": [[295.0, 1.3701982839011437], [3006.0, 1.2999874999999996]], "baseline": [[301.625, 1.3387739431531762], [3018.25, 1.4572236111111116]]}
