{"519.lbm_r": [[190.75, 1.0539219404577926], [3011.0, 1.2006013888888887]], "baseline": [[230.125, 1.2281851938386463], [3018.0, 1.5595736111111118]]}
