{"519.lbm_r": [[171.0, 1.1123033139897038], [3019.75, 1.3134736111111118]], "baseline": [[163.375, 0.9590673246114655], [2951.25, 1.001094444444442]]}
