{"519.lbm_r": [[176.125, 1.3563526757217093], [2984.75, 1.3277821969696963]], "baseline": [[253.25, 1.161439090022051], [2927.25, 1.0928319444444428]]}
