{"519.lbm_r": [[344.125, 1.2588626071258662], [2987.5, 1.3470143939393924]], "baseline": [[360.25, 1.2357815883889298], [2987.5, 1.388586363636362]]}
