{"519.lbm_r": [[244.125, 1.1586833398108056], [2974.25, 1.3485488095238118]], "baseline": [[202.875, 1.0945734534180804], [2965.5, 1.297876190476196]]}
{"519.lbm_r": [[218.0, 1.456096375654761], [2955.25, 1.4026196428571436]], "baseline": [[214.0, 1.0314587318449402], [2988.75, 1.2447416666666649]]}
{"519.lbm_r": [[210.875, 1.2576364661396104], [2961.75, 1.0698380952380977]], "baseline": [[170.875, 0.9712193029500589], [2951.25, 0.9612321428571389]]}
{"519.lbm_r": [[241.875, 1.3793291781782573], [2958.5, 1.1579178571428588]], "baseline": [[221.75, 1.0421720832254147], [2944.75, 1.1470642857142803]]}
{"519.lbm_r": [[208.625, 1.2413925776904824], [2981.75, 1.4257259199134191]], "baseline": [[175.125, 0.9146193733671047], [2987.5, 1.2454857142857125]]}
{"519.lbm_r": [[235.875, 1.1650593014570023], [2985.0, 1.388171153846152]], "baseline": [[198.125, 1.0852082047174476], [2972.75, 1.2082591575091617]]}
{"519.lbm_r": [[219.875, 1.223021452658599], [2982.75, 1.493940384615383]], "baseline": [[238.75, 1.2076943369016915], [2992.75, 1.0927530303030286]]}
{"519.lbm_r": [[245.625, 1.3732179907584805], [2970.75, 1.1686775183150235]], "baseline": [[220.625, 1.4711087697857332], [2957.5, 1.0479910714285714]]}
{"519.lbm_r": [[223.125, 1.4737546498353862], [2962.25, 1.1223833333333364]], "baseline": [[229.875, 1.2330083568621906], [2955.25, 1.0198196428571404]]}
{"519.lbm_r": [[250.625, 1.4197970752928755], [2977.75, 1.6537961538461523]], "baseline": [[219.125, 0.8393416984297652], [2969.25, 1.1283232142857205]]}
