{"519.lbm_r": [[227.625, 1.2175341843290222], [2966.5, 1.2533232142857205]], "baseline": [[189.5, 1.0844187160833547], [2956.5, 0.9821428571428571]]}
{"519.lbm_r": [[167.625, 1.1559942850037173], [3015.0, 1.7278027777777787]], "baseline": [[210.5, 1.268274802631718], [2946.25, 0.9149988095238062]]}
{"519.lbm_r": [[162.125, 0.9856189681805521], [3011.25, 1.2849933857808855]], "baseline": [[169.125, 0.8875749120014261], [2944.75, 1.1309214285714253]]}
{"519.lbm_r": [[169.125, 1.1475951234966075], [3014.5, 1.8056752525252535]], "baseline": [[168.625, 1.1428242636539445], [2988.5, 1.2373011904761888]]}
{"519.lbm_r": [[130.0, 0.7755084910664887], [2957.25, 1.2207898809523825]], "baseline": [[166.75, 1.1956040930442773], [3000.25, 1.4843237304362298]]}
{"519.lbm_r": [[147.875, 1.0336830835871458], [2955.25, 1.1189236111111112]], "baseline": [[177.75, 0.8684875963521058], [3000.75, 1.3162993006992998]]}
{"519.lbm_r": [[180.875, 0.9168841076357881], [2967.0, 1.0887089285714333]], "baseline": [[206.25, 1.0682554863858436], [2957.75, 1.2691529761904778]]}
{"519.lbm_r": [[196.625, 1.3119443735945886], [3008.25, 1.540909090909091]], "baseline": [[160.125, 0.7006371621952596], [2976.25, 1.338594047619049]]}
{"519.lbm_r": [[199.875, 1.0512717338738542], [2975.5, 1.3835644480519478]], "baseline": [[144.375, 0.7742946665764862], [2965.5, 1.1567892857142903]]}
{"519.lbm_r": [[162.5, 0.9420266356604722], [2961.75, 1.1495410714285745]], "baseline": [[144.375, 0.786400809546032], [2989.25, 1.0437096320346324]]}
