{"519.lbm_r": [[153.875, 0.7364671147565884], [3002.0, 1.4136288003662998]], "baseline": [[157.25, 0.7595812444057334], [2944.5, 1.0167410714285678]]}
{"519.lbm_r": [[227.5, 1.1978974837896175], [3013.5, 1.3808639277389276]], "baseline": [[218.125, 1.0209150310981712], [2965.0, 1.3679351648351694]]}
{"519.lbm_r": [[182.875, 1.1167968860906141], [2945.25, 1.1958767857142825]], "baseline": [[161.625, 0.7239671499689546], [2964.75, 1.0942273809523826]]}
{"519.lbm_r": [[202.375, 1.2976448550336823], [3015.5, 1.5704180555555562]], "baseline": [[166.75, 1.149181657040721], [2988.5, 1.2231642857142841]]}
{"519.lbm_r": [[167.375, 0.7140583713668027], [2995.0, 1.258461813186812]], "baseline": [[132.75, 0.5832936757918955], [3010.75, 1.2419208333333331]]}
{"519.lbm_r": [[153.75, 0.7704634781140081], [3011.0, 1.2032055555555554]], "baseline": [[169.625, 1.1776940450316793], [3015.0, 1.3360147727272729]]}
{"519.lbm_r": [[167.5, 0.9260799743124648], [2969.5, 1.2660905219780254]], "baseline": [[185.375, 0.9047989347914012], [3006.75, 1.4846291666666664]]}
{"519.lbm_r": [[162.0, 1.0045313009097467], [2959.25, 1.135314285714288]], "baseline": [[158.625, 0.7075671709347469], [2989.25, 1.1738996212121207]]}
{"519.lbm_r": [[146.375, 0.7488688810095724], [2966.25, 1.0979515151515165]], "baseline": [[169.125, 0.9208446867160971], [3001.75, 1.2522477272727264]]}
{"519.lbm_r": [[208.5, 1.0288014463036568], [2990.5, 1.1465846153846138]], "baseline": [[182.375, 1.3621736188349964], [2952.0, 1.0973803571428564]]}
