{"519.lbm_r": [[151.0, 1.2053949768023382], [3010.75, 1.5878140151515154]], "baseline": [[201.875, 1.2783506240013793], [2994.25, 1.40778307109557]]}
{"519.lbm_r": [[162.125, 0.919196554255148], [2998.25, 1.2808454254079245]], "baseline": [[163.375, 1.1972892719649675], [2984.25, 1.388171153846152]]}
{"519.lbm_r": [[179.875, 0.8849771112292716], [3007.0, 1.3035702020202016]], "baseline": [[170.5, 0.8942069480582603], [2972.0, 1.261597619047619]]}
{"519.lbm_r": [[208.75, 1.2375283660380998], [3021.25, 1.4100944444444452]], "baseline": [[175.0, 1.1490019867377943], [2975.0, 1.5375695512820526]]}
{"519.lbm_r": [[186.375, 0.9134959552157934], [2978.25, 1.3791224025974032]], "baseline": [[176.875, 1.1310028644830943], [3017.5, 1.4648625000000006]]}
{"519.lbm_r": [[201.5, 1.267846119496439], [2968.5, 1.1229689393939424]], "baseline": [[142.125, 0.7580142099086689], [2991.25, 1.110870329670328]]}
{"519.lbm_r": [[176.0, 1.135135070439262], [3006.5, 1.328254545454545]], "baseline": [[152.875, 0.7411920173869379], [3042.75, 1.536213383838385]]}
{"519.lbm_r": [[187.75, 1.3419186787636141], [3006.0, 1.5270825466200464]], "baseline": [[154.0, 0.7233553826793662], [3002.75, 1.164242676767676]]}
{"519.lbm_r": [[171.25, 1.1213328349926077], [3008.5, 1.414174621212121]], "baseline": [[138.125, 0.7750902777777777], [3004.75, 1.4026547979797976]]}
{"519.lbm_r": [[191.5, 1.2953172307644218], [3008.0, 1.414079924242424]], "baseline": [[172.375, 1.1651330040055552], [3021.0, 1.4324902777777786]]}
