{"519.lbm_r": [[1336.0, 0.15732063418882627]], "baseline": [[1299.0, 0.1851889020341068]]}
