{"519.lbm_r": [[3392309.0, 2.0001462369856915]], "baseline": [[3320537.0, 2.0001585462767952]]}
