{"519.lbm_r": [[1359747.0, 2.0025171642811914]], "baseline": [[1421.0, 0.03605993570800858]]}
