{"519.lbm_r": [[1327.0, 0.09832945817861467]], "baseline": [[1274.0, 0.1218563123452409]]}
