{"519.lbm_r": [[1353.0, 0.04434740851924951]], "507.cactuBSSN_r": [[1445.0, 0.1368161504996481]], "baseline": [[1388.0, 0.04201387957824413]]}
{"519.lbm_r": [[1413.0, 0.006153657005155178]], "507.cactuBSSN_r": [[1422.0, 0.11480687264971917]], "baseline": [[1381.0, 0.054914493421921576]]}
{"519.lbm_r": [[1789219.0, 2.000675587238285]], "507.cactuBSSN_r": [[1420.0, 0.18694531157410182]], "baseline": [[1355.0, 0.08113046788729636]]}
{"519.lbm_r": [[1749.0, 0.000250960322336998]], "507.cactuBSSN_r": [[1488.0, 0.042857997240574874]], "baseline": [[1130091.0, 2.156513559959651]]}
{"519.lbm_r": [[1959687.0, 2.000504417741208]], "507.cactuBSSN_r": [[1461.0, 0.08707254125150528]], "baseline": [[1314.0, 0.10918245280636688]]}
{"519.lbm_r": [[1315.0, 0.034020696975760434]], "507.cactuBSSN_r": [[1809.0, 0.00022606055758417755]], "baseline": [[1365.0, 0.09330960077172279]]}
{"519.lbm_r": [[1336.0, 0.1345834415285185]], "507.cactuBSSN_r": [[1506.0, 0.03726583289402516]], "baseline": [[1346.0, 0.10314593190195935]]}
{"519.lbm_r": [[1561779.0, 2.001243565992529]], "507.cactuBSSN_r": [[2152.0, 1.791601577195833]], "baseline": [[1418.0, 0.02881208507128897]]}
{"519.lbm_r": [[2363756.0, 2.0002615107138744]], "507.cactuBSSN_r": [[1448.0, 0.12997269078821505]], "baseline": [[1308.0, 0.1795739372236913]]}
{"519.lbm_r": [[2537705.0, 2.0001856790205275]], "507.cactuBSSN_r": [[1435.0, 0.1100439663408902]], "baseline": [[1325.0, 0.2660308812672099]]}
{"519.lbm_r": [[1360.0, 0.10050053182041165]], "507.cactuBSSN_r": [[1486.0, 0.1267124328878072]], "baseline": [[1336.0, 0.09518145578593729]]}
{"519.lbm_r": [[1341.0, 0.06651081531577674]], "507.cactuBSSN_r": [[1460.0, 0.15229912855648056]], "baseline": [[1345.0, 0.08159246097792751]]}
{"519.lbm_r": [[1147516.0, 2.1578571295920175]], "507.cactuBSSN_r": [[1480.0, 0.03036431687573795]], "baseline": [[1357.0, 0.04180743350610883]]}
{"519.lbm_r": [[2330130.0, 2.000320280617561]], "507.cactuBSSN_r": [[1647.0, 0.0005880444363452758]], "baseline": [[1243976.0, 2.004632975876505]]}
{"519.lbm_r": [[1878122.0, 2.0005836643198704]], "507.cactuBSSN_r": [[1468.0, 0.1215040123374042]], "baseline": [[1711776.0, 2.000750333795218]]}
{"519.lbm_r": [[2849645.0, 2.000074973982654]], "507.cactuBSSN_r": [[1471.0, 0.011921831191134154]], "baseline": [[1289.0, 0.21436031628256016]]}
{"519.lbm_r": [[1525031.0, 2.0012871006417225]], "507.cactuBSSN_r": [[1488.0, 0.12771022971882878]], "baseline": [[1339.0, 0.048548727777531185]]}
{"519.lbm_r": [[1350.0, 0.16768756791328462]], "507.cactuBSSN_r": [[1469.0, 0.05952967839641484]], "baseline": [[1360.0, 0.17886493806658027]]}
{"519.lbm_r": [[1323.0, 0.09395034449193482]], "507.cactuBSSN_r": [[1479.0, 0.09009085262704881]], "baseline": [[1329.0, 0.11705802932082926]]}
{"519.lbm_r": [[1146651.0, 2.571608456761364]], "507.cactuBSSN_r": [[1505.0, 0.03293772257023011]], "baseline": [[1308.0, 0.25348158152656575]]}
