{"519.lbm_r": [[1333.0, 0.05614047876678944]], "baseline": [[1372.0, 0.13982784360978928]]}
{"519.lbm_r": [[1303.0, 0.08388052708368925]], "baseline": [[1362.0, 0.36881123200275195]]}
