{"519.lbm_r": [[1468622.0, 2.0015841323690315]], "baseline": [[34149.0, 1.0172603604096602]]}
{"519.lbm_r": [[933436.0, 1.0002754816605233]], "baseline": [[1333.0, 0.09714802431084776]]}
