{"519.lbm_r": [[2201743.0, 2.5838083976741055]], "baseline": [[4433489.0, 3.021903673452175]]}
