{"519.lbm_r": [[2654482.0, 2.000004673269317]], "baseline": [[2667342.0, 2.0000785408964137]]}
