{"519.lbm_r": [[1291.0, 0.04762346640763946]], "baseline": [[1309.0, 0.07552682241268092]]}
