{"519.lbm_r": [[1244.0, 0.24669100806927075]], "baseline": [[1321.0, 0.14775136254322355]]}
