{"519.lbm_r": [[1440149.0, 2.0236779478289604]], "baseline": [[2403154.0, 2.000259439065645]]}
{"519.lbm_r": [[1356.0, 0.17207694869861573]], "baseline": [[1481230.0, 2.0016508667888764]]}
