{"519.lbm_r": [[1328260.0, 2.043516150976027]], "baseline": [[1332.0, 0.04717160231122041]]}
