{"519.lbm_r": [[1243506.0, 1.0002133229814938]], "baseline": [[1729786.0, 2.0095216747605638]]}
