{"memcached": {"519.lbm_r": {"95th_latency": 35.75, "99th_latency": 56.375, "violate_rate": 0.0, "throughput": 50000}, "507.cactuBSSN_r": {"95th_latency": 36.25, "99th_latency": 209.375, "violate_rate": 0.7659605814562598, "throughput": 50000}, "baseline": {"95th_latency": 33.25, "99th_latency": 50.625, "violate_rate": 0.0, "throughput": 50000}}}
{"memcached": {"519.lbm_r": {"95th_latency": 35.375, "99th_latency": 58.375, "violate_rate": 0.2482638888888889, "throughput": 50000}, "507.cactuBSSN_r": {"95th_latency": 36.625, "99th_latency": 257.5, "violate_rate": 0.7873173895235062, "throughput": 50000}, "baseline": {"95th_latency": 33.875, "99th_latency": 55.75, "violate_rate": 0.0, "throughput": 50000}}}
{"memcached": {"519.lbm_r": {"95th_latency": 36.25, "99th_latency": 57.625, "violate_rate": 0.0, "throughput": 50000}, "507.cactuBSSN_r": {"95th_latency": 37.5, "99th_latency": 253.25, "violate_rate": 1.3626414019536646, "throughput": 50000}, "baseline": {"95th_latency": 33.625, "99th_latency": 50.5, "violate_rate": 0.0, "throughput": 50000}}}
{"memcached": {"519.lbm_r": {"95th_latency": 35.25, "99th_latency": 49.5, "violate_rate": 0.0, "throughput": 50000}, "507.cactuBSSN_r": {"95th_latency": 35.625, "99th_latency": 200.75, "violate_rate": 0.567883108186595, "throughput": 50000}, "baseline": {"95th_latency": 33.25, "99th_latency": 51.0, "violate_rate": 0.0, "throughput": 50000}}}
{"memcached": {"519.lbm_r": {"95th_latency": 36.125, "99th_latency": 69.0, "violate_rate": 0.23863636363636365, "throughput": 50000}, "507.cactuBSSN_r": {"95th_latency": 37.625, "99th_latency": 272.375, "violate_rate": 1.0344338636952273, "throughput": 50000}, "baseline": {"95th_latency": 33.375, "99th_latency": 52.125, "violate_rate": 0.0, "throughput": 50000}}}
