{"nginx": {"519.lbm_r": {"95th_latency": 2596.75, "99th_latency": 3036.75, "violate_rate": 1.6673975377557837, "throughput": 40000}, "507.cactuBSSN_r": {"95th_latency": 2527.0, "99th_latency": 2974.25, "violate_rate": 1.252278254664439, "throughput": 40000}, "baseline": {"95th_latency": 2481.25, "99th_latency": 2932.25, "violate_rate": 1.3894430369875213, "throughput": 40000}}}
{"nginx": {"519.lbm_r": {"95th_latency": 2590.25, "99th_latency": 3050.5, "violate_rate": 1.5446990710908868, "throughput": 40000}, "507.cactuBSSN_r": {"95th_latency": 2450.0, "99th_latency": 2816.75, "violate_rate": 0.8468678998579875, "throughput": 40000}, "baseline": {"95th_latency": 2467.5, "99th_latency": 2897.0, "violate_rate": 1.3636488878446118, "throughput": 40000}}}
{"nginx": {"519.lbm_r": {"95th_latency": 2378.25, "99th_latency": 2668.5, "violate_rate": 0.5308031083992433, "throughput": 40000}, "507.cactuBSSN_r": {"95th_latency": 2050.375, "99th_latency": 2300.75, "violate_rate": 0.6016837208346494, "throughput": 40000}, "baseline": {"95th_latency": 2033.375, "99th_latency": 2274.875, "violate_rate": 0.36251119084624883, "throughput": 40000}}}
{"nginx": {"519.lbm_r": {"95th_latency": 2413.5, "99th_latency": 2687.0, "violate_rate": 0.5175558473389337, "throughput": 40000}, "507.cactuBSSN_r": {"95th_latency": 2177.375, "99th_latency": 2443.125, "violate_rate": 0.49924580961264287, "throughput": 40000}, "baseline": {"95th_latency": 2255.5, "99th_latency": 2515.75, "violate_rate": 0.35671668316848254, "throughput": 40000}}}
