{"nginx": {"519.lbm_r": {"95th_latency": 2840.25, "99th_latency": 3620.25, "violate_rate": 3.7613556525441774, "throughput": 50000}, "507.cactuBSSN_r": {"95th_latency": 2811.5, "99th_latency": 3590.25, "violate_rate": 3.637984811003261, "throughput": 50000}, "baseline": {"95th_latency": 2762.25, "99th_latency": 3494.25, "violate_rate": 3.3259376620368, "throughput": 50000}}}
{"nginx": {"519.lbm_r": {"95th_latency": 2685.5, "99th_latency": 3159.75, "violate_rate": 1.9297247307084757, "throughput": 50000}, "507.cactuBSSN_r": {"95th_latency": 2521.625, "99th_latency": 2956.0, "violate_rate": 1.6028551462115401, "throughput": 50000}, "baseline": {"95th_latency": 2399.25, "99th_latency": 2787.375, "violate_rate": 1.625831208886743, "throughput": 50000}}}
