{"nginx": {"519.lbm_r": {"95th_latency": 69259.0, "99th_latency": 123615.0, "violate_rate": 71.4846507379419, "throughput": 60000}, "507.cactuBSSN_r": {"95th_latency": 277599.0, "99th_latency": 485119.0, "violate_rate": 90.56439755449877, "throughput": 60000}, "baseline": {"95th_latency": 6785.5, "99th_latency": 20609.0, "violate_rate": 18.522459982858823, "throughput": 60000}}}
{"nginx": {"519.lbm_r": {"95th_latency": 6471.5, "99th_latency": 16253.0, "violate_rate": 20.855853628247118, "throughput": 60000}, "507.cactuBSSN_r": {"95th_latency": 1200767.0, "99th_latency": 1891903.0, "violate_rate": 90.11688856773183, "throughput": 60000}, "baseline": {"95th_latency": 285199.0, "99th_latency": 504223.0, "violate_rate": 90.62820316029452, "throughput": 60000}}}
{"nginx": {"519.lbm_r": {"95th_latency": 35795.0, "99th_latency": 61975.0, "violate_rate": 61.45370441089838, "throughput": 60000}, "507.cactuBSSN_r": {"95th_latency": 61443.0, "99th_latency": 106767.0, "violate_rate": 71.57588712959742, "throughput": 60000}, "baseline": {"95th_latency": 2973951.0, "99th_latency": 3921279.0, "violate_rate": 90.04681383972205, "throughput": 60000}}}
