{"nginx": {"519.lbm_r": {"95th_latency": 1874.75, "99th_latency": 2234.5, "violate_rate": 0.49002980769230825, "throughput": 900}, "507.cactuBSSN_r": {"95th_latency": 1733.875, "99th_latency": 2058.75, "violate_rate": 0.24820296052631616, "throughput": 900}, "baseline": {"95th_latency": 2049.625, "99th_latency": 2442.75, "violate_rate": 0.5579740861653061, "throughput": 900}}}
{"nginx": {"519.lbm_r": {"95th_latency": 1866.25, "99th_latency": 2226.25, "violate_rate": 0.3364128634475577, "throughput": 900}, "507.cactuBSSN_r": {"95th_latency": 1798.25, "99th_latency": 2145.25, "violate_rate": 0.45931777654044464, "throughput": 900}, "baseline": {"95th_latency": 1781.875, "99th_latency": 2133.375, "violate_rate": 0.16459707792207756, "throughput": 900}}}
