{"nginx": {"519.lbm_r": {"95th_latency": 2703.0, "99th_latency": 3175.25, "violate_rate": 2.0929640462506844, "throughput": 50000}, "507.cactuBSSN_r": {"95th_latency": 2573.375, "99th_latency": 3032.0, "violate_rate": 1.9059898139128946, "throughput": 50000}, "baseline": {"95th_latency": 2637.25, "99th_latency": 3088.25, "violate_rate": 1.5687861657821023, "throughput": 50000}}}
{"nginx": {"519.lbm_r": {"95th_latency": 2702.25, "99th_latency": 3161.75, "violate_rate": 1.988099418378462, "throughput": 50000}, "507.cactuBSSN_r": {"95th_latency": 2528.125, "99th_latency": 2958.5, "violate_rate": 1.6812267062034354, "throughput": 50000}, "baseline": {"95th_latency": 2619.75, "99th_latency": 3074.0, "violate_rate": 1.5887103108847676, "throughput": 50000}}}
{"nginx": {"519.lbm_r": {"95th_latency": 2693.0, "99th_latency": 3148.0, "violate_rate": 2.2102082977207975, "throughput": 50000}, "507.cactuBSSN_r": {"95th_latency": 2667.75, "99th_latency": 3143.75, "violate_rate": 1.8264204880896553, "throughput": 50000}, "baseline": {"95th_latency": 2390.25, "99th_latency": 2765.625, "violate_rate": 1.410112747448333, "throughput": 50000}}}
{"nginx": {"519.lbm_r": {"95th_latency": 2585.125, "99th_latency": 3006.0, "violate_rate": 2.004444447221569, "throughput": 50000}, "507.cactuBSSN_r": {"95th_latency": 2677.0, "99th_latency": 3148.5, "violate_rate": 2.0415278252449305, "throughput": 50000}, "baseline": {"95th_latency": 2332.625, "99th_latency": 2699.5, "violate_rate": 1.1071457296353968, "throughput": 50000}}}
{"nginx": {"519.lbm_r": {"95th_latency": 2725.0, "99th_latency": 3200.0, "violate_rate": 2.145642496716607, "throughput": 50000}, "507.cactuBSSN_r": {"95th_latency": 2554.0, "99th_latency": 2982.75, "violate_rate": 1.6873201235462139, "throughput": 50000}, "baseline": {"95th_latency": 2607.5, "99th_latency": 3057.5, "violate_rate": 1.489811056998557, "throughput": 50000}}}
