{"nginx": {"519.lbm_r": {"95th_latency": 1807.0, "99th_latency": 2034.0, "violate_rate": 0.4842097993756547, "throughput": 10000}, "507.cactuBSSN_r": {"95th_latency": 1742.75, "99th_latency": 1950.5, "violate_rate": 0.4786696143134181, "throughput": 10000}, "baseline": {"95th_latency": 1755.25, "99th_latency": 1978.0, "violate_rate": 0.6167733038768933, "throughput": 10000}}}
{"nginx": {"519.lbm_r": {"95th_latency": 1792.0, "99th_latency": 2019.625, "violate_rate": 0.45502730505452804, "throughput": 10000}, "507.cactuBSSN_r": {"95th_latency": 1736.125, "99th_latency": 1955.375, "violate_rate": 0.45338960835807796, "throughput": 10000}, "baseline": {"95th_latency": 1688.875, "99th_latency": 1890.25, "violate_rate": 0.7034506496991558, "throughput": 10000}}}
