{"nginx": {"519.lbm_r": {"95th_latency": 2436.375, "99th_latency": 2796.375, "violate_rate": 1.6996251508295617, "throughput": 54000}, "507.cactuBSSN_r": {"95th_latency": 2621.5, "99th_latency": 3077.75, "violate_rate": 1.5195276315789485, "throughput": 54000}, "baseline": {"95th_latency": 2364.125, "99th_latency": 2720.875, "violate_rate": 1.2532381665492138, "throughput": 54000}}}
{"nginx": {"519.lbm_r": {"95th_latency": 2605.5, "99th_latency": 3066.0, "violate_rate": 1.6655694444444455, "throughput": 54000}, "507.cactuBSSN_r": {"95th_latency": 2607.25, "99th_latency": 3031.75, "violate_rate": 1.267174822472849, "throughput": 54000}, "baseline": {"95th_latency": 2478.25, "99th_latency": 2868.375, "violate_rate": 1.4005372210363265, "throughput": 54000}}}
{"nginx": {"519.lbm_r": {"95th_latency": 2429.625, "99th_latency": 2786.125, "violate_rate": 1.170967963177173, "throughput": 54000}, "507.cactuBSSN_r": {"95th_latency": 2493.875, "99th_latency": 2890.875, "violate_rate": 1.297472380752413, "throughput": 54000}, "baseline": {"95th_latency": 2476.625, "99th_latency": 2856.125, "violate_rate": 1.4404905110426292, "throughput": 54000}}}
{"nginx": {"519.lbm_r": {"95th_latency": 2546.0, "99th_latency": 2951.375, "violate_rate": 1.5135990689865677, "throughput": 54000}, "507.cactuBSSN_r": {"95th_latency": 2400.75, "99th_latency": 2771.75, "violate_rate": 1.351762817663922, "throughput": 54000}, "baseline": {"95th_latency": 2475.125, "99th_latency": 2856.5, "violate_rate": 1.5532392998306035, "throughput": 54000}}}
{"nginx": {"519.lbm_r": {"95th_latency": 2563.75, "99th_latency": 2996.75, "violate_rate": 1.7603493915076138, "throughput": 54000}, "507.cactuBSSN_r": {"95th_latency": 2607.25, "99th_latency": 3023.25, "violate_rate": 1.3529135338345863, "throughput": 54000}, "baseline": {"95th_latency": 2550.0, "99th_latency": 2967.25, "violate_rate": 1.4324390839836476, "throughput": 54000}}}
