{"masstree": {"519.lbm_r": {"95th_latency": 3192.0, "99th_latency": 9868.0, "violate_rate": 12.173433901082689, "throughput": 3000}, "baseline": {"95th_latency": 1551.0, "99th_latency": 4480.0, "violate_rate": 3.864151637517043, "throughput": 3000}}}
{"masstree": {"519.lbm_r": {"95th_latency": 3143.0, "99th_latency": 9903.0, "violate_rate": 12.364414221101901, "throughput": 3000}, "baseline": {"95th_latency": 1573.0, "99th_latency": 4322.0, "violate_rate": 3.7816020642028723, "throughput": 3000}}}
{"masstree": {"519.lbm_r": {"95th_latency": 3119.0, "99th_latency": 9890.0, "violate_rate": 12.383039957727211, "throughput": 3000}, "baseline": {"95th_latency": 1593.0, "99th_latency": 4727.0, "violate_rate": 3.625531720973629, "throughput": 3000}}}
