{"masstree": {"519.lbm_r": {"95th_latency": 2052.0, "99th_latency": 6402.0, "violate_rate": 5.734706367750661, "throughput": 3000}, "baseline": {"95th_latency": 1309.0, "99th_latency": 3656.0, "violate_rate": 2.5895277711811477, "throughput": 3000}}}
{"masstree": {"519.lbm_r": {"95th_latency": 2029.9999999999998, "99th_latency": 6050.0, "violate_rate": 5.840032581073464, "throughput": 3000}, "baseline": {"95th_latency": 1299.0, "99th_latency": 3527.0, "violate_rate": 2.677120760926951, "throughput": 3000}}}
{"masstree": {"519.lbm_r": {"95th_latency": 2564.0, "99th_latency": 7735.0, "violate_rate": 7.252377886398342, "throughput": 3000}, "baseline": {"95th_latency": 3015.0, "99th_latency": 9864.0, "violate_rate": 10.637850045865411, "throughput": 3000}}}
