{"masstree": {"519.lbm_r": {"95th_latency": 8020.0, "99th_latency": 29069.0, "violate_rate": 38.650087338735155, "throughput": 3000}, "baseline": {"95th_latency": 2611.0, "99th_latency": 8000.0, "violate_rate": 8.886299751078392, "throughput": 3000}}}
{"masstree": {"519.lbm_r": {"95th_latency": 6912.0, "99th_latency": 23916.0, "violate_rate": 32.89329544845938, "throughput": 3000}, "baseline": {"95th_latency": 2691.0, "99th_latency": 8039.999999999999, "violate_rate": 8.22063823510218, "throughput": 3000}}}
{"masstree": {"519.lbm_r": {"95th_latency": 7084.0, "99th_latency": 25116.0, "violate_rate": 33.204395914059624, "throughput": 3000}, "baseline": {"95th_latency": 3070.0, "99th_latency": 9179.0, "violate_rate": 10.149155787837907, "throughput": 3000}}}
{"masstree": {"519.lbm_r": {"95th_latency": 2629.0, "99th_latency": 7782.0, "violate_rate": 8.26384249255279, "throughput": 3000}, "baseline": {"95th_latency": 1334.0, "99th_latency": 3763.0, "violate_rate": 2.522823038979356, "throughput": 3000}}}
