{"masstree": {"519.lbm_r": {"95th_latency": 14262.0, "99th_latency": 38752.0, "violate_rate": 53.34100863168848, "throughput": 3000}, "baseline": {"95th_latency": 2531.0, "99th_latency": 7684.0, "violate_rate": 7.266951859067127, "throughput": 3000}}}
{"masstree": {"519.lbm_r": {"95th_latency": 12195.0, "99th_latency": 34826.0, "violate_rate": 49.415987280570484, "throughput": 3000}, "baseline": {"95th_latency": 2641.0, "99th_latency": 7924.0, "violate_rate": 8.618450172118358, "throughput": 3000}}}
{"masstree": {"519.lbm_r": {"95th_latency": 13412.0, "99th_latency": 37503.0, "violate_rate": 51.36646144421101, "throughput": 3000}, "baseline": {"95th_latency": 2945.0, "99th_latency": 8825.0, "violate_rate": 10.712325662907057, "throughput": 3000}}}
{"masstree": {"519.lbm_r": {"95th_latency": 6514.0, "99th_latency": 20759.0, "violate_rate": 39.38627161222658, "throughput": 3000}, "baseline": {"95th_latency": 1311.0, "99th_latency": 3501.0, "violate_rate": 2.6569115661707863, "throughput": 3000}}}
