{"masstree": {"519.lbm_r": {"95th_latency": 3231.0, "99th_latency": 9938.0, "violate_rate": 13.88519370867847, "throughput": 3000}, "baseline": {"95th_latency": 1570.0, "99th_latency": 4441.0, "violate_rate": 3.7890197721664016, "throughput": 3000}}}
{"masstree": {"519.lbm_r": {"95th_latency": 3224.0, "99th_latency": 10069.0, "violate_rate": 12.186643937187311, "throughput": 3000}, "baseline": {"95th_latency": 1561.0, "99th_latency": 4556.0, "violate_rate": 3.7848926250564103, "throughput": 3000}}}
{"masstree": {"519.lbm_r": {"95th_latency": 3191.0, "99th_latency": 9888.0, "violate_rate": 12.158561221714624, "throughput": 3000}, "baseline": {"95th_latency": 1591.0, "99th_latency": 4572.0, "violate_rate": 3.648212874503221, "throughput": 3000}}}
