{"masstree": {"519.lbm_r": {"95th_latency": 20406.0, "99th_latency": 45640.0, "violate_rate": 59.24619207906519, "throughput": 3000}, "baseline": {"95th_latency": 2663.0, "99th_latency": 8138.0, "violate_rate": 8.490155450476859, "throughput": 3000}}}
{"masstree": {"519.lbm_r": {"95th_latency": 20499.0, "99th_latency": 45073.0, "violate_rate": 59.27428482014416, "throughput": 3000}, "baseline": {"95th_latency": 2706.0, "99th_latency": 8157.999999999999, "violate_rate": 8.294922259285572, "throughput": 3000}}}
{"masstree": {"519.lbm_r": {"95th_latency": 21460.0, "99th_latency": 47029.0, "violate_rate": 60.95722387703002, "throughput": 3000}, "baseline": {"95th_latency": 2742.0, "99th_latency": 8272.0, "violate_rate": 8.099423469400119, "throughput": 3000}}}
{"masstree": {"519.lbm_r": {"95th_latency": 11343.0, "99th_latency": 35087.0, "violate_rate": 58.55711357208831, "throughput": 3000}, "baseline": {"95th_latency": 1325.0, "99th_latency": 3576.0, "violate_rate": 2.5696069546246694, "throughput": 3000}}}
