{"masstree": {"519.lbm_r": {"95th_latency": 2012.0, "99th_latency": 5977.0, "violate_rate": 5.935445385870527, "throughput": 3000}, "baseline": {"95th_latency": 1316.0, "99th_latency": 3541.0, "violate_rate": 2.609436568067774, "throughput": 3000}}}
{"masstree": {"519.lbm_r": {"95th_latency": 2062.0, "99th_latency": 6226.0, "violate_rate": 5.682896956141356, "throughput": 3000}, "baseline": {"95th_latency": 1302.0, "99th_latency": 3569.0, "violate_rate": 2.610090948101116, "throughput": 3000}}}
{"masstree": {"519.lbm_r": {"95th_latency": 2070.0, "99th_latency": 6189.0, "violate_rate": 5.647983044697865, "throughput": 3000}, "baseline": {"95th_latency": 1305.0, "99th_latency": 3624.0, "violate_rate": 2.599946693861314, "throughput": 3000}}}
{"masstree": {"519.lbm_r": {"95th_latency": 2048.0, "99th_latency": 6190.0, "violate_rate": 5.751841335419353, "throughput": 3000}, "baseline": {"95th_latency": 1329.0, "99th_latency": 3770.0, "violate_rate": 2.509974665301426, "throughput": 3000}}}
{"masstree": {"519.lbm_r": {"95th_latency": 2033.0, "99th_latency": 6196.0, "violate_rate": 5.819146837124171, "throughput": 3000}, "baseline": {"95th_latency": 1301.0, "99th_latency": 3430.0, "violate_rate": 2.6440387759100705, "throughput": 3000}}}
