{"masstree": {"519.lbm_r": {"95th_latency": 3230.0, "99th_latency": 9918.0, "violate_rate": 13.9738825233496, "throughput": 3000}, "baseline": {"95th_latency": 1545.0, "99th_latency": 4378.0, "violate_rate": 3.875672637060455, "throughput": 3000}}}
{"masstree": {"519.lbm_r": {"95th_latency": 3227.0, "99th_latency": 10222.0, "violate_rate": 13.99583493481048, "throughput": 3000}, "baseline": {"95th_latency": 1564.0, "99th_latency": 4556.0, "violate_rate": 3.80093713012582, "throughput": 3000}}}
{"masstree": {"519.lbm_r": {"95th_latency": 3131.0, "99th_latency": 9701.0, "violate_rate": 12.326297749218222, "throughput": 3000}, "baseline": {"95th_latency": 1583.0, "99th_latency": 4397.0, "violate_rate": 3.704888539125373, "throughput": 3000}}}
