{"masstree": {"519.lbm_r": {"95th_latency": 2013.9999999999998, "99th_latency": 5775.0, "violate_rate": 5.924779647499871, "throughput": 3000}, "baseline": {"95th_latency": 1309.0, "99th_latency": 3529.0, "violate_rate": 2.629566300363599, "throughput": 3000}}}
{"masstree": {"519.lbm_r": {"95th_latency": 2081.0, "99th_latency": 6214.0, "violate_rate": 5.600707226192603, "throughput": 3000}, "baseline": {"95th_latency": 1321.0, "99th_latency": 3461.0, "violate_rate": 2.5897035881079202, "throughput": 3000}}}
{"masstree": {"519.lbm_r": {"95th_latency": 4393.0, "99th_latency": 14929.0, "violate_rate": 19.603522680333416, "throughput": 3000}, "baseline": {"95th_latency": 3102.0, "99th_latency": 9550.0, "violate_rate": 11.752242400293452, "throughput": 3000}}}
