{"masstree": {"519.lbm_r": {"95th_latency": 3233.0, "99th_latency": 9798.0, "violate_rate": 13.877167598130043, "throughput": 3000}, "baseline": {"95th_latency": 1540.0, "99th_latency": 4500.0, "violate_rate": 3.924421441262753, "throughput": 3000}}}
{"masstree": {"519.lbm_r": {"95th_latency": 3191.0, "99th_latency": 9971.0, "violate_rate": 12.13370066572561, "throughput": 3000}, "baseline": {"95th_latency": 1564.0, "99th_latency": 4502.0, "violate_rate": 3.7515537942221737, "throughput": 3000}}}
{"masstree": {"519.lbm_r": {"95th_latency": 3234.0, "99th_latency": 10027.0, "violate_rate": 13.949570341697957, "throughput": 3000}, "baseline": {"95th_latency": 1557.0, "99th_latency": 4326.0, "violate_rate": 3.8457028546405003, "throughput": 3000}}}
