{"baseline": [0, [[157.5625, 1.0723149470722457]]], "500.perlbench_r": [0, [[597.4375, 1.0126328587975653]]], "502.gcc_r": [0, [[742.5625, 1.0612754166208027]]], "503.bwaves_r": [0, [[878.375, 1.046276318512123]]], "505.mcf_r": [0, [[734.625, 1.0790764036878266]]], "507.cactuBSSN_r": [0, [[360.9375, 0.8137141618460554]]], "508.namd_r": [0, [[249.0625, 1.2164300593070925]]], "510.parest_r": [0, [[170.8125, 0.942315247191229]]], "511.povray_r": [0, [[159.125, 0.9273776720424337]]], "519.lbm_r": [0, [[380.3125, 1.1884954520773585]]], "520.omnetpp_r": [0, [[154.5, 1.2916277316581732]]], "521.wrf_r": [0, [[227.25, 1.1031439447936677]]], "523.xalancbmk_r": [0, [[160.125, 1.0684597166976557]]], "525.x264_r": [0, [[148.125, 0.8994087442159353]]], "526.blender_r": [0, [[162.375, 1.050010930030623]]], "527.cam4_r": [0, [[411.8125, 1.1697945976058939]]], "531.deepsjeng_r": [0, [[155.1875, 1.0543078622066335]]], "538.imagick_r": [0, [[166.9375, 1.1704828000598306]]], "541.leela_r": [0, [[128.6875, 1.2152879721973633]]], "544.nab_r": [0, [[167.8125, 0.8019683578395989]]], "548.exchange2_r": [0, [[162.75, 1.039035978815951]]], "549.fotonik3d_r": [0, [[296.0625, 1.1867697408864764]]], "554.roms_r": [0, [[266.5625, 1.316182787264235]]], "557.xz_r": [0, [[180.875, 0.9564470749601625]]]}
{"baseline": [0, [[150.375, 0.9758003516074172]]], "500.perlbench_r": [0, [[159.375, 1.0586191993159315]]], "502.gcc_r": [0, [[167.4375, 0.9276478977207232]]], "503.bwaves_r": [0, [[252.8125, 1.3581704055610904]]], "505.mcf_r": [0, [[156.8125, 1.061508736376129]]], "507.cactuBSSN_r": [0, [[148.4375, 1.0241714620434441]]], "508.namd_r": [0, [[152.5, 1.1055823781101004]]], "510.parest_r": [0, [[182.6875, 1.0008985223635007]]], "511.povray_r": [0, [[183.375, 0.9358660311797621]]], "519.lbm_r": [0, [[321.0, 1.255958805049452]]], "520.omnetpp_r": [0, [[144.3125, 0.8777936528105365]]], "521.wrf_r": [0, [[181.6875, 1.4461352035769306]]], "523.xalancbmk_r": [0, [[168.6875, 1.1522142980881342]]], "525.x264_r": [0, [[149.625, 1.0842124048838844]]], "526.blender_r": [0, [[151.4375, 1.0326352951878492]]], "527.cam4_r": [0, [[168.375, 1.276962784972465]]], "531.deepsjeng_r": [0, [[235.75, 1.470847107489331]]], "538.imagick_r": [0, [[149.0, 0.7449632629760612]]], "541.leela_r": [0, [[137.375, 1.257561156228631]]], "544.nab_r": [0, [[144.0, 1.0158721192988076]]], "548.exchange2_r": [0, [[230.9375, 1.136743417956298]]], "549.fotonik3d_r": [0, [[277.9375, 1.2104757777752844]]], "554.roms_r": [0, [[207.3125, 1.2169540187746803]]], "557.xz_r": [0, [[159.125, 0.9479986891868095]]]}
{"baseline": [0, [[143.25, 0.9906861760291019]]], "500.perlbench_r": [0, [[155.1875, 0.7335611452137754]]], "502.gcc_r": [0, [[152.0, 1.0633503724218367]]], "503.bwaves_r": [0, [[264.25, 1.3792764396625228]]], "505.mcf_r": [0, [[191.625, 1.1032618634108637]]], "507.cactuBSSN_r": [0, [[332.4375, 1.1324081103799433]]], "508.namd_r": [0, [[135.0, 0.6899678355108771]]], "510.parest_r": [0, [[239.5625, 1.1596727375271765]]], "511.povray_r": [0, [[149.0, 0.9843746804774588]]], "519.lbm_r": [0, [[367.5, 1.2434488398252337]]], "520.omnetpp_r": [0, [[553.4375, 1.1294795008982532]]], "521.wrf_r": [0, [[194.0625, 1.0864189920939533]]], "523.xalancbmk_r": [0, [[181.6875, 0.8469305147587178]]], "525.x264_r": [0, [[173.5, 1.3532822783938045]]], "526.blender_r": [0, [[216.625, 1.2898807993020773]]], "527.cam4_r": [0, [[196.0625, 1.344401284152071]]], "531.deepsjeng_r": [0, [[265.125, 0.9837299903350664]]], "538.imagick_r": [0, [[759.4375, 1.0449686217668916]]], "541.leela_r": [0, [[130.4375, 0.8473318021462444]]], "544.nab_r": [0, [[156.25, 1.0868166143688343]]], "548.exchange2_r": [0, [[149.3125, 0.8446058981819566]]], "549.fotonik3d_r": [0, [[346.125, 1.214892730568809]]], "554.roms_r": [0, [[228.5, 1.2985350764718602]]], "557.xz_r": [0, [[177.75, 1.0539431701914594]]]}
{"baseline": [0, [[157.75, 0.8280432295863177]]], "500.perlbench_r": [0, [[149.8125, 0.9768738677600434]]], "502.gcc_r": [0, [[150.0, 1.1266249459162139]]], "503.bwaves_r": [0, [[209.1875, 1.3388315995418643]]], "505.mcf_r": [0, [[170.6875, 0.9950306080548939]]], "507.cactuBSSN_r": [0, [[185.875, 1.1582936991901682]]], "508.namd_r": [0, [[137.0625, 1.0673253597162948]]], "510.parest_r": [0, [[169.625, 1.1022799488782347]]], "511.povray_r": [0, [[141.75, 0.9713160274722776]]], "519.lbm_r": [0, [[380.1875, 1.2264438399962578]]], "520.omnetpp_r": [0, [[176.9375, 1.256334380312328]]], "521.wrf_r": [0, [[186.0, 0.9965025946126583]]], "523.xalancbmk_r": [0, [[166.6875, 1.0279680200390893]]], "525.x264_r": [0, [[166.5625, 0.9084094429524372]]], "526.blender_r": [0, [[222.125, 1.065058150306552]]], "527.cam4_r": [0, [[252.125, 1.2276789439931393]]], "531.deepsjeng_r": [0, [[159.75, 1.153537975589913]]], "538.imagick_r": [0, [[142.4375, 0.9863393209697252]]], "541.leela_r": [0, [[141.875, 0.9218660692453063]]], "544.nab_r": [0, [[154.0625, 1.2346599248392505]]], "548.exchange2_r": [0, [[170.625, 0.9062525517081708]]], "549.fotonik3d_r": [0, [[286.5625, 1.3260576876836507]]], "554.roms_r": [0, [[237.1875, 1.3777857634285466]]], "557.xz_r": [0, [[172.4375, 1.305327920318736]]]}
{"baseline": [0, [[144.4375, 1.1314180495700414]]], "500.perlbench_r": [0, [[153.9375, 1.1682450617371034]]], "502.gcc_r": [0, [[147.5, 0.987480769993585]]], "503.bwaves_r": [0, [[321.1875, 1.3113276249210646]]], "505.mcf_r": [0, [[152.3125, 1.2785658564476479]]], "507.cactuBSSN_r": [0, [[157.1875, 0.8530317666019327]]], "508.namd_r": [0, [[126.625, 0.8678672236337523]]], "510.parest_r": [0, [[166.0625, 1.0091715290310221]]], "511.povray_r": [0, [[151.5, 1.081853542351459]]], "519.lbm_r": [0, [[314.625, 1.235767922281132]]], "520.omnetpp_r": [0, [[184.625, 1.3385458783283952]]], "521.wrf_r": [0, [[180.8125, 0.8600305550847765]]], "523.xalancbmk_r": [0, [[192.9375, 1.092287682627791]]], "525.x264_r": [0, [[222.6875, 1.1524699055372871]]], "526.blender_r": [0, [[149.9375, 1.3188835608529097]]], "527.cam4_r": [0, [[185.1875, 1.2764495173463897]]], "531.deepsjeng_r": [0, [[155.125, 0.9314662498719166]]], "538.imagick_r": [0, [[166.125, 1.0524469590436674]]], "541.leela_r": [0, [[164.6875, 1.0680793931529315]]], "544.nab_r": [0, [[154.3125, 0.8532025645910484]]], "548.exchange2_r": [0, [[169.625, 0.790600280624698]]], "549.fotonik3d_r": [0, [[244.75, 1.3514966114726341]]], "554.roms_r": [0, [[267.875, 1.2238915334318103]]], "557.xz_r": [0, [[148.5625, 1.0071441065607494]]]}
{"baseline": [0, [[129.625, 0.974890006485214]]], "500.perlbench_r": [0, [[194.4375, 0.9736194532591534]]], "502.gcc_r": [0, [[467.625, 1.081614127071503]]], "503.bwaves_r": [0, [[285.0625, 1.2873441015191118]]], "505.mcf_r": [0, [[169.25, 0.9065773687134197]]], "507.cactuBSSN_r": [0, [[158.875, 0.7636937849485437]]], "508.namd_r": [0, [[135.5, 1.0945370563521015]]], "510.parest_r": [0, [[163.5, 1.2652700871640217]]], "511.povray_r": [0, [[170.75, 0.9014473648066446]]], "519.lbm_r": [0, [[300.9375, 1.2614759389553647]]], "520.omnetpp_r": [0, [[154.3125, 1.0991269221396256]]], "521.wrf_r": [0, [[220.9375, 0.9574612158667289]]], "523.xalancbmk_r": [0, [[342.125, 1.3186568206399583]]], "525.x264_r": [0, [[276.5625, 1.1362406527709663]]], "526.blender_r": [0, [[193.875, 1.0593231762067232]]], "527.cam4_r": [0, [[232.75, 1.2670146383600918]]], "531.deepsjeng_r": [0, [[156.0, 1.223842921769116]]], "538.imagick_r": [0, [[151.4375, 1.0726621860340793]]], "541.leela_r": [0, [[135.75, 0.9152399966538612]]], "544.nab_r": [0, [[152.5, 1.3591946790045828]]], "548.exchange2_r": [0, [[163.0, 0.9564878491313312]]], "549.fotonik3d_r": [0, [[249.3125, 1.39925474440016]]], "554.roms_r": [0, [[245.5625, 1.3581983036397387]]], "557.xz_r": [0, [[212.3125, 1.036646919900233]]]}
{"baseline": [0, [[142.8125, 1.012462534599074]]], "500.perlbench_r": [0, [[164.1875, 1.3871504505098387]]], "502.gcc_r": [0, [[157.0, 1.0565702253263551]]], "503.bwaves_r": [0, [[265.0, 1.3858843141089703]]], "505.mcf_r": [0, [[154.4375, 1.0500791269574732]]],