{"500.perlbench_r": [0, [100000, 470106.375, 100, 49.22281690858235]], "502.gcc_r": [0, [100000, 9029.8125, 100, 18.58145337295008]], "503.bwaves_r": [0, [100000, 787430.4375, 100, 50.90715461338554]], "505.mcf_r": [0, [100000, 309604.9375, 100, 25.05059339288942]], "507.cactuBSSN_r": [0, [100000, 403665.6875, 100, 42.32579063506984]], "508.namd_r": [0, [100000, 2069.875, 100, 1.4063538729727254]], "510.parest_r": [0, [100000, 208930.6875, 100, 26.748234759783678]], "511.povray_r": [0, [100000, 28054.125, 100, 27.714059807386192]], "519.lbm_r": [0, [100000, 2320.0625, 100, 2.485590326804413]], "520.omnetpp_r": [0, [100000, 4170.875, 100, 10.160591660266274]], "521.wrf_r": [0, [100000, 2056.125, 100, 0.713711503071869]], "523.xalancbmk_r": [0, [100000, 264770.625, 100, 25.58844555414591]], "525.x264_r": [0, [100000, 6746.25, 100, 18.480728521955402]], "526.blender_r": [0, [100000, 3580.5625, 100, 9.315216414844922]], "527.cam4_r": [0, [100000, 2821.5, 100, 5.3661083369265805]], "531.deepsjeng_r": [0, [100000, 3110.875, 100, 6.6604923593908225]], "538.imagick_r": [0, [100000, 405513.625, 100, 34.24953125836083]], "541.leela_r": [0, [100000, 2569.625, 100, 2.8939901743512486]], "544.nab_r": [0, [100000, 2654.625, 100, 2.930510854896068]], "548.exchange2_r": [0, [100000, 8913.375, 100, 25.721801983413133]], "549.fotonik3d_r": [0, [100000, 2639.5625, 100, 3.2953542040650805]], "554.roms_r": [0, [100000, 2593.625, 100, 3.970326308168236]], "557.xz_r": [0, [100000, 2315.3125, 100, 2.32344553424559]]}
{"500.perlbench_r": [0, [100000, 1738.625, 100, 0.33440980674119547]], "502.gcc_r": [0, [100000, 268711.25, 100, 34.24509652081752]], "503.bwaves_r": [0, [100000, 2550.375, 100, 3.6935317428509613]], "505.mcf_r": [0, [100000, 7947.625, 100, 19.17329238511496]], "507.cactuBSSN_r": [0, [100000, 2055.1875, 100, 0.9603332214326228]], "508.namd_r": [0, [100000, 402766.875, 100, 27.220986501215066]], "510.parest_r": [0, [100000, 26108.0625, 100, 17.0811122110514]], "511.povray_r": [0, [100000, 228389.125, 100, 25.30341175478831]], "519.lbm_r": [0, [100000, 3846.5625, 100, 7.734592479707711]], "520.omnetpp_r": [0, [100000, 2698.5, 100, 5.533315205904036]], "521.wrf_r": [0, [100000, 402556.625, 100, 32.395314199586466]], "523.xalancbmk_r": [0, [100000, 271268.8125, 100, 27.741577069325093]], "525.x264_r": [0, [100000, 306298.375, 100, 26.919119466605252]], "526.blender_r": [0, [100000, 195511.4375, 100, 25.404870479994525]], "527.cam4_r": [0, [100000, 8192.125, 100, 17.166723199295184]], "531.deepsjeng_r": [0, [100000, 402210.9375, 100, 26.516853841253578]], "538.imagick_r": [0, [100000, 3942.4375, 100, 8.99481071379854]], "541.leela_r": [0, [100000, 396588.9375, 100, 26.77167530370489]], "544.nab_r": [0, [100000, 2284.8125, 100, 2.058341157429449]], "548.exchange2_r": [0, [100000, 47529.6875, 100, 63.39068492365807]], "549.fotonik3d_r": [0, [100000, 10639.5625, 100, 18.183010380815993]], "554.roms_r": [0, [100000, 6245.125, 100, 15.070958489342388]], "557.xz_r": [0, [100000, 3375.375, 100, 7.2040627769259045]]}
{"500.perlbench_r": [0, [100000, 7383.0, 100, 15.69250577851591]], "502.gcc_r": [0, [100000, 2253.25, 100, 2.8317622628472665]], "503.bwaves_r": [0, [100000, 5738.0625, 100, 13.106999925387244]], "505.mcf_r": [0, [100000, 19797.125, 100, 31.971530378504266]], "507.cactuBSSN_r": [0, [100000, 182282.125, 100, 45.50603499276409]], "508.namd_r": [0, [100000, 360238.3125, 100, 28.467362085897516]], "510.parest_r": [0, [100000, 398463.6875, 100, 31.26565627575996]], "511.povray_r": [0, [100000, 2305.5625, 100, 2.386207195196392]], "519.lbm_r": [0, [100000, 4010.9375, 100, 8.088506921981852]], "520.omnetpp_r": [0, [100000, 4309.5, 100, 9.007187453102533]], "521.wrf_r": [0, [100000, 5034.6875, 100, 11.538649271323854]], "523.xalancbmk_r": [0, [100000, 402000.3125, 100, 41.89645950218344]], "525.x264_r": [0, [100000, 4812.0625, 100, 9.166365750185662]], "526.blender_r": [0, [100000, 5504.75, 100, 15.844790468728712]], "527.cam4_r": [0, [100000, 403121.5625, 100, 33.123006370414004]], "531.deepsjeng_r": [0, [100000, 2570.875, 100, 3.2806014578934497]], "538.imagick_r": [0, [100000, 229043.9375, 100, 38.799068463570904]], "541.leela_r": [0, [100000, 2402.1875, 100, 3.228074834471086]], "544.nab_r": [0, [100000, 3006.125, 100, 3.7851212565057444]], "548.exchange2_r": [0, [100000, 211749.625, 100, 30.492915992297593]], "549.fotonik3d_r": [0, [100000, 2195.375, 100, 2.172353336135204]], "554.roms_r": [0, [100000, 291711.3125, 100, 25.530075073074105]], "557.xz_r": [0, [100000, 2883.0625, 100, 3.619784075646431]]}
{"500.perlbench_r": [0, [100000, 2426.875, 100, 2.406209357806273]], "502.gcc_r": [0, [100000, 2705.3125, 100, 2.657045402250194]], "503.bwaves_r": [0, [100000, 2570.0625, 100, 3.416936937108696]], "505.mcf_r": [0, [100000, 220007.125, 100, 32.63615910725456]], "507.cactuBSSN_r": [0, [100000, 12530.625, 100, 16.41051499970098]], "508.namd_r": [0, [100000, 4661.9375, 100, 8.24548228380716]], "510.parest_r": [0, [100000, 4233.1875, 100, 8.286986375720055]], "511.povray_r": [0, [100000, 2355.0, 100, 2.2504605277333862]], "519.lbm_r": [0, [100000, 1914.1875, 100, 0.7901464290045538]], "520.omnetpp_r": [0, [100000, 2708.5, 100, 4.794876061069896]], "521.wrf_r": [0, [100000, 2293.375, 100, 2.1991701675493087]], "523.xalancbmk_r": [0, [100000, 2950.75, 100, 7.589238262163675]], "525.x264_r": [0, [100000, 2451.8125, 100, 2.613206827701625]], "526.blender_r": [0, [100000, 196454.5, 100, 32.1109723780755]], "527.cam4_r": [0, [100000, 2634.1875, 100, 4.104944365817089]], "531.deepsjeng_r": [0, [100000, 398844.625, 100, 28.951817202982163]], "538.imagick_r": [0, [100000, 2469.0625, 100, 3.7884031531223794]], "541.leela_r": [0, [100000, 2429.125, 100, 2.843970659990816]], "544.nab_r": [0, [100000, 114472.8125, 100, 27.595894524929406]], "548.exchange2_r": [0, [100000, 23138.875, 100, 25.502821015717444]], "549.fotonik3d_r": [0, [100000, 1850.125, 100, 0.7463822533711986]], "554.roms_r": [0, [100000, 2229.3125, 100, 1.5492273978750248]], "557.xz_r": [0, [100000, 2244.3125, 100, 2.0343675551763223]]}
{"500.perlbench_r": [0, [100000, 2514.3125, 100, 3.1358720812703025]], "502.gcc_r": [0, [100000, 5622.1875, 100, 11.970134589507092]], "503.bwaves_r": [0, [100000, 2409.875, 100, 2.166112161134464]], "505.mcf_r": [0, [100000, 2152.5625, 100, 1.779226585523553]], "507.cactuBSSN_r": [0, [100000, 3875.8125, 100, 9.061939809682228]], "508.namd_r": [0, [100000, 4528.9375, 100, 9.233021401669578]], "510.parest_r": [0, [100000, 11775.4375, 100, 22.30303946816853]], "511.povray_r": [0, [100000, 2259.0, 100, 1.8797106984604024]], "519.lbm_r": [0, [100000, 407350.1875, 100, 25.763727170719662]], "520.omnetpp_r": [0, [100000, 277835.625, 100, 26.46276165393645]], "521.wrf_r": [0, [100000, 403858.25, 100, 30.397570465686275]], "523.xalancbmk_r": [0, [100000, 131238.125, 100, 42.649432342483166]], "525.x264_r": [0, [100000, 283969.9375, 100, 31.24398320078152]], "526.blender_r": [0, [100000, 368451.6875, 100, 36.27827173822078]], "527.cam4_r": [0, [100000, 262018.375, 100, 31.038562740896147]], "531.deepsjeng_r": [0, [100000, 2340.375, 100, 2.0487330532526675]], "538.imagick_r": [0, [100000, 2448.125, 100, 2.91650809701794]], "541.leela_r": [0, [100000, 2079.625, 100, 1.2896199261745527]], "544.nab_r": [0, [100000, 399649.0625, 100, 27.28432500157658]], "548.exchange2_r": [0, [100000, 208653.8125, 100, 30.66251270016339]], "549.fotonik3d_r": [0, [100000, 397065.9375, 100, 27.244702409223276]], "554.roms_r": [0, [100000, 2092.6875, 100, 1.257375721187116]], "557.xz_r": [0, [100000, 3334.75, 100, 6.961791258758273]]}
{"500.perlbench_r": [0, [100000, 2107.875, 100, 1.431976768348888]], "502.gcc_r": [0, [100000, 2974.9375, 100, 4.7195174546900525]], "503.bwaves_r": [0, [100000, 4830.875, 100, 13.534678789251476]], "505.mcf_r": [0, [100000, 16659.375, 100, 31.273239798295297]], "507.cactuBSSN_r": [0, [100000, 89508.5625, 100, 25.705316665565245]],