{"500.perlbench_r": [0, [5241.75, 3394.25, 8.051612106021757, 5.828135139903742]], "502.gcc_r": [0, [1914.5625, 570969.6875, 0.6156853486564807, 64.21423394276536]], "503.bwaves_r": [0, [15585.5625, 780127.3125, 29.629686913833126, 50.3178994982372]], "505.mcf_r": [0, [406874.5625, 10105.0, 33.5336610660212, 19.9165296595426]], "507.cactuBSSN_r": [0, [95293.8125, 255906.5625, 16.56630056987311, 25.531149909600206]], "508.namd_r": [0, [2200.8125, 4613.5, 3.0293748439138675, 11.299226025777267]], "510.parest_r": [0, [2174.125, 267664.4375, 1.951130019780677, 22.721833549185135]], "511.povray_r": [0, [2316.625, 2491.3125, 2.799388782027888, 3.208264336157234]], "519.lbm_r": [0, [10520.9375, 11310.1875, 20.5954508596886, 20.380384789619402]], "520.omnetpp_r": [0, [397710.8125, 84909.875, 33.516788047373005, 22.297018040514043]], "521.wrf_r": [0, [37411.3125, 2663.25, 44.444916880372, 4.130920294273936]], "523.xalancbmk_r": [0, [2782.25, 128025.5625, 4.336791342688712, 28.32513335184678]], "525.x264_r": [0, [2661.0625, 4090.9375, 3.1336164425614004, 9.704437417432032]], "526.blender_r": [0, [5470.125, 2198.1875, 7.757083690351353, 1.7851558229817588]], "527.cam4_r": [0, [2382.375, 2099.4375, 2.4305274370543164, 1.0254179474676217]], "531.deepsjeng_r": [0, [2798.375, 2277.1875, 4.151312467257244, 2.3764088380994863]], "538.imagick_r": [0, [2101.4375, 1737.375, 1.627567106156173, 0.4293908643318192]], "541.leela_r": [0, [2428.875, 2051.0625, 2.9166012784364828, 1.4437353173186858]], "544.nab_r": [0, [2297.0625, 1850.5625, 2.4908639923055462, 1.0041839636304335]], "548.exchange2_r": [0, [1888.3125, 2886.875, 0.7846825236516624, 6.320964949810897]], "549.fotonik3d_r": [0, [2404.375, 4808.375, 2.2272518041943283, 10.750612341447603]], "554.roms_r": [0, [4176.625, 13216.75, 8.00337123741144, 15.749484403573138]], "557.xz_r": [0, [4802.9375, 2123.6875, 11.683327005692215, 1.177564337316154]]}
{"500.perlbench_r": [0, [5799.125, 2401.0625, 13.243382896828013, 2.2857039845628155]], "502.gcc_r": [0, [2109.8125, 11054.25, 1.3281667108356499, 18.4373937235208]], "503.bwaves_r": [0, [2425.25, 3131.75, 2.2726085288412294, 6.171524172144756]], "505.mcf_r": [0, [6760.5625, 3087.6875, 11.516752789694433, 4.570559301710636]], "507.cactuBSSN_r": [0, [2068.9375, 5563.8125, 1.0742973580639672, 12.853480429471919]], "508.namd_r": [0, [4945.3125, 1871.8125, 9.392038657610291, 0.7758009152351282]], "510.parest_r": [0, [3269.75, 232072.5625, 5.534980415696685, 23.26515699255061]], "511.povray_r": [0, [2800.375, 405272.125, 4.2807312814612, 48.13943888291747]], "519.lbm_r": [0, [392816.5625, 384499.5, 30.119140147656356, 26.1374049230501]], "520.omnetpp_r": [0, [3283.75, 2232.25, 5.135183677820293, 1.7415531593005895]], "521.wrf_r": [0, [399826.4375, 1193935.5, 27.592658162628872, 75.0]], "523.xalancbmk_r": [0, [144087.3125, 5399.25, 30.366853955034966, 12.991732109590407]], "525.x264_r": [0, [6973.875, 3967.0625, 15.901319747547205, 8.839622860806685]], "526.blender_r": [0, [7719.375, 9818.4375, 12.602688139104044, 18.721386972012617]], "527.cam4_r": [0, [165996.9375, 2376.5, 25.1236784099602, 2.7528721391022635]], "531.deepsjeng_r": [0, [321278.25, 4125.6875, 41.875386474189604, 11.679563821215533]], "538.imagick_r": [0, [11510.5, 4421.0625, 21.793711755070156, 9.57917627933351]], "541.leela_r": [0, [385663.1875, 2003.375, 26.18134557730489, 1.191999388054395]], "544.nab_r": [0, [2735.125, 4431.9375, 4.433792594203812, 5.507536994626329]], "548.exchange2_r": [0, [291084.625, 4814.5625, 26.561594919449455, 8.619772701437808]], "549.fotonik3d_r": [0, [2702.125, 4299.0, 4.519481320552933, 8.089360552235094]], "554.roms_r": [0, [743821.5, 2604.4375, 51.00301928679011, 2.5787220367428576]], "557.xz_r": [0, [10289.25, 2568.125, 18.031278458753913, 2.3535755417986146]]}
{"500.perlbench_r": [0, [4165.625, 3024.1875, 9.680904750481094, 6.318382308488551]], "502.gcc_r": [0, [394689.0, 3013.9375, 36.37198734443077, 5.993448406440819]], "503.bwaves_r": [0, [2287.6875, 5244.0, 2.1964826836936675, 11.803494339136497]], "505.mcf_r": [0, [2399.3125, 3272.8125, 2.5873343083794103, 4.706789326505866]], "507.cactuBSSN_r": [0, [409074.3125, 7996.625, 51.678377663748535, 15.215230470894664]], "508.namd_r": [0, [8829.25, 2244.625, 17.489655103690406, 3.85204921825127]], "510.parest_r": [0, [2036.5, 2387.0625, 1.262799569732295, 2.848419784189346]], "511.povray_r": [0, [222266.0625, 3337.0, 31.12790326641083, 6.909210357332087]], "519.lbm_r": [0, [2752.3125, 1996.5625, 4.136443561976234, 1.017339670485579]], "520.omnetpp_r": [0, [2059.75, 5412.1875, 1.408293171597544, 12.279528667289082]], "521.wrf_r": [0, [405310.3125, 16341.0625, 30.209806409719278, 24.74161785103023]], "523.xalancbmk_r": [0, [324231.875, 350164.375, 37.64218201681842, 34.10745296617542]], "525.x264_r": [0, [3976.5, 39396.5625, 9.238044250409958, 12.621381816658072]], "526.blender_r": [0, [7675.9375, 9630.6875, 11.39200931926827, 16.612158299898933]], "527.cam4_r": [0, [99321.25, 2829.125, 17.573193979234134, 3.3067702641945096]], "531.deepsjeng_r": [0, [11278.5625, 2042.5, 19.867817819698942, 1.792244887477472]], "538.imagick_r": [0, [398166.6875, 2123.125, 28.673355145973133, 1.6305702474351564]], "541.leela_r": [0, [320550.4375, 3371.9375, 28.976499687417956, 6.826828953957429]], "544.nab_r": [0, [3216.3125, 1845.375, 6.549213869312398, 0.8386693326139731]], "548.exchange2_r": [0, [17859.3125, 10014.9375, 25.00528440802725, 20.359773212310884]], "549.fotonik3d_r": [0, [2274.5625, 3545.8125, 2.104649575736729, 8.122049521581701]], "554.roms_r": [0, [2546.375, 2049.375, 3.015658340730112, 1.374537868619416]], "557.xz_r": [0, [2437.125, 1843.1875, 2.7330126371859818, 0.9993032130780517]]}
{"500.perlbench_r": [0, [6794.5, 67814.5, 17.737791569592325, 44.829023304510606]], "502.gcc_r": [0, [2066.8125, 1939.3125, 1.2714697588539994, 0.9886498108499958]], "503.bwaves_r": [0, [1999.0625, 403028.0, 1.0191711257691511, 35.95976998131357]], "505.mcf_r": [0, [2299.5625, 8116.1875, 1.8434859394863836, 16.582517799311404]], "507.cactuBSSN_r": [0, [2377.3125, 53528.25, 2.910057507789056, 23.87610489664118]], "508.namd_r": [0, [2666.75, 3417.6875, 3.750650494656208, 5.339468762840826]], "510.parest_r": [0, [6451.25, 2804.8125, 19.743033143616366, 4.22106901705955]], "511.povray_r": [0, [7028.75, 2053.875, 17.320324951452044, 1.4992921715834813]], "519.lbm_r": [0, [2861.0, 2426.1875, 4.576468666667516, 3.3651856664438338]], "520.omnetpp_r": [0, [2140.1875, 2652.875, 1.5363985683873667, 4.185778234208278]], "521.wrf_r": [0, [2965.625, 2383.3125, 5.484154357910716, 3.04191771294452]], "523.xalancbmk_r": [0, [366151.6875, 404282.6875, 26.586173001549025, 28.351289684544195]], "525.x264_r": [0, [111184.4375, 2154.6875, 17.745922718170736, 1.6716534458919903]], "526.blender_r": [0, [400096.0625, 400257.125, 26.277440193880572, 27.444917859873716]], "527.cam4_r": [0, [9194.0625, 406853.8125, 16.2611580684418, 28.06643989619535]], "531.deepsjeng_r": [0, [2413.1875, 11938.5, 3.3414775978195466, 24.97779052073023]], "538.imagick_r": [0, [17239.8125, 2214.625, 31.61122489619338, 1.9779798843986571]], "541.leela_r": [0, [2255.375, 396485.875, 1.63091441310907, 25.437782234785058]], "544.nab_r": [0, [400250.25, 2306.75, 30.957793679003, 2.529519506933541]], "548.exchange2_r": [0, [401519.25, 8628.875, 26.07251106274127, 17.80951925358006]], "549.fotonik3d_r": [0, [2260.4375, 20559.4375, 1.7500720573867306, 28.362679088534577]], "554.roms_r": [0, [2776.0, 254157.75, 4.695250820665357, 46.34829997453935]], "557.xz_r": [0, [2456.6875, 2237.75, 3.7740375474288985, 2.911473724327706]]}
{"500.perlbench_r": [0, [275867.375, 2096.3125, 25.809061534425172, 1.3219742575484266]], "502.gcc_r": [0, [406233.9375, 6031.125, 42.65643688212083, 12.46166861950246]], "503.bwaves_r": [0, [398301.375, 8434.625, 25.625302228551565, 17.5906302791665]], "505.mcf_r": [0, [335469.375, 2438.3125, 24.966973898806348, 3.64503684370578]],