{"baseline": [0, [[1029223.0, 1.0001699338332641]]], "500.perlbench_r": [0, [[1292.0, 0.13451034108964668]]], "502.gcc_r": [0, [[1397.0, 0.0764184503700508]]], "503.bwaves_r": [0, [[1367.0, 0.07314628687989608]]], "505.mcf_r": [0, [[1356.0, 0.0856731805581237]]], "507.cactuBSSN_r": [0, [[1456.0, 0.2417988707379222]]], "508.namd_r": [0, [[1610.0, 0.0005654774202886201]]], "510.parest_r": [0, [[1339.0, 0.14115735847088018]]], "511.povray_r": [0, [[1562.0, 0.0012488126435939175]]], "519.lbm_r": [0, [[1823815.0, 2.000691191765691]]], "520.omnetpp_r": [0, [[1299.0, 0.12705589638542109]]], "521.wrf_r": [0, [[1915015.0, 2.0005535357917372]]], "523.xalancbmk_r": [0, [[1302.0, 0.18696029896482416]]], "525.x264_r": [0, [[1579680.0, 2.0011379080036376]]], "526.blender_r": [0, [[1311.0, 0.1872647461677085]]], "527.cam4_r": [0, [[1402599.0, 2.011727443390097]]], "531.deepsjeng_r": [0, [[1301150.0, 2.0201411958289417]]], "538.imagick_r": [0, [[6513295.0, 7.0474716417694925]]], "541.leela_r": [0, [[1329.0, 0.07481364995322007]]], "544.nab_r": [0, [[1352.0, 0.08374496576901773]]], "548.exchange2_r": [0, [[1354.0, 0.09553114583702885]]], "549.fotonik3d_r": [0, [[1355.0, 0.10450185563149243]]], "554.roms_r": [0, [[973345.0, 1.000209106076145]]], "557.xz_r": [0, [[80479635.0, 100.0]]]}
{"baseline": [0, [[1422.0, 0.03616797936193647]]], "500.perlbench_r": [0, [[1328.0, 0.15915366360152988]]], "502.gcc_r": [0, [[1855299.0, 2.0005713627870088]]], "503.bwaves_r": [0, [[1044492.0, 1.0001888011373132]]], "505.mcf_r": [0, [[1325.0, 0.08141204617478312]]], "507.cactuBSSN_r": [0, [[1750.0, 0.000295063407422173]]], "508.namd_r": [0, [[1359.0, 0.11137325876768911]]], "510.parest_r": [0, [[2028044.0, 2.000479844009759]]], "511.povray_r": [0, [[1364.0, 0.07271501770091514]]], "519.lbm_r": [0, [[1299.0, 0.04554346585830535]]], "520.omnetpp_r": [0, [[2245230.0, 2.000361416351441]]], "521.wrf_r": [0, [[1403.0, 0.028348312384045442]]], "523.xalancbmk_r": [0, [[1347.0, 0.04171416784473579]]], "525.x264_r": [0, [[1341.0, 0.06659939712422142]]], "526.blender_r": [0, [[1345.0, 0.06965982719838468]]], "527.cam4_r": [0, [[1646.0, 0.000511426093171497]]], "531.deepsjeng_r": [0, [[1784275.0, 2.0007652924368857]]], "538.imagick_r": [0, [[2040891.0, 2.000455418929496]]], "541.leela_r": [0, [[1324.0, 0.1364477651643581]]], "544.nab_r": [0, [[1300.0, 0.0794189585065018]]], "548.exchange2_r": [0, [[1773927.0, 2.0007411595356213]]], "549.fotonik3d_r": [0, [[1665463.0, 2.0009620118482587]]], "554.roms_r": [0, [[1324090.0, 2.3869858457518927]]], "557.xz_r": [0, [[1593.0, 0.0006048149059973147]]]}
{"baseline": [0, [[1598682.0, 2.000896383909403]]], "500.perlbench_r": [0, [[1342.0, 0.11286603669774896]]], "502.gcc_r": [0, [[1285.0, 0.1985393712533971]]], "503.bwaves_r": [0, [[1221039.0, 2.8001401278314004]]], "505.mcf_r": [0, [[1310.0, 0.09000264839210723]]], "507.cactuBSSN_r": [0, [[1494.0, 0.08722260161662278]]], "508.namd_r": [0, [[1343.0, 0.10523282236337098]]], "510.parest_r": [0, [[1322.0, 0.08686142460483413]]], "511.povray_r": [0, [[1452.0, 0.02657119522789202]]], "519.lbm_r": [0, [[1326.0, 0.206743764083058]]], "520.omnetpp_r": [0, [[1796988.0, 2.000730039787274]]], "521.wrf_r": [0, [[1380.0, 0.13750753020572157]]], "523.xalancbmk_r": [0, [[1344.0, 0.0929299778657005]]], "525.x264_r": [0, [[1339.0, 0.0698966743541816]]], "526.blender_r": [0, [[1341.0, 0.06893188792710621]]], "527.cam4_r": [0, [[1409.0, 0.08849951963123806]]], "531.deepsjeng_r": [0, [[1377.0, 0.10531395122169183]]], "538.imagick_r": [0, [[1081025.0, 1.0000366095957731]]], "541.leela_r": [0, [[1310.0, 0.10592034601411156]]], "544.nab_r": [0, [[1334.0, 0.11455642363065299]]], "548.exchange2_r": [0, [[1179658.0, 2.7140505994280484]]], "549.fotonik3d_r": [0, [[1365.0, 0.25809198199330485]]], "554.roms_r": [0, [[1284105.0, 2.8516116062705095]]], "557.xz_r": [0, [[1127422.0, 1.000114578302653]]]}
{"baseline": [0, [[1319.0, 0.08193107695107175]]], "500.perlbench_r": [0, [[1788945.0, 2.0007479311311607]]], "502.gcc_r": [0, [[1391.0, 0.024500481326573828]]], "503.bwaves_r": [0, [[2203820.0, 2.0003800701674943]]], "505.mcf_r": [0, [[1508575.0, 2.00158891603497]]], "507.cactuBSSN_r": [0, [[1453.0, 0.19954394079415916]]], "508.namd_r": [0, [[1374.0, 0.14146810901815712]]], "510.parest_r": [0, [[3328157.0, 3.0006025885770593]]], "511.povray_r": [0, [[1603.0, 0.0005681955335827059]]], "519.lbm_r": [0, [[1254677.0, 2.3364444905959507]]], "520.omnetpp_r": [0, [[1359.0, 0.05330550794599056]]], "521.wrf_r": [0, [[1362.0, 0.15555813477150165]]], "523.xalancbmk_r": [0, [[1276.0, 0.11091695766576602]]], "525.x264_r": [0, [[1404.0, 0.009734130537221601]]], "526.blender_r": [0, [[1069018.0, 1.0002112985832297]]], "527.cam4_r": [0, [[1818856.0, 2.0006207699384797]]], "531.deepsjeng_r": [0, [[1332.0, 0.11574945218342257]]], "538.imagick_r": [0, [[1344.0, 0.13584860438769975]]], "541.leela_r": [0, [[1235.0, 0.13751266842585216]]], "544.nab_r": [0, [[1364.0, 0.14384365216843437]]], "548.exchange2_r": [0, [[1399.0, 0.030566882278494696]]], "549.fotonik3d_r": [0, [[1369.0, 0.04633427707223681]]], "554.roms_r": [0, [[1798393.0, 2.0006864118470036]]], "557.xz_r": [0, [[1328.0, 0.05864346873298976]]]}
{"baseline": [0, [[1030941.0, 1.0000845494647657]]], "500.perlbench_r": [0, [[1888650.0, 2.0005667701394465]]], "502.gcc_r": [0, [[1390.0, 0.12384063967480355]]], "503.bwaves_r": [0, [[1388.0, 0.08083737842637413]]], "505.mcf_r": [0, [[1668.0, 0.0004128381699015566]]], "507.cactuBSSN_r": [0, [[1487.0, 0.11355336706066105]]], "508.namd_r": [0, [[1639.0, 0.000491855754097112]]], "510.parest_r": [0, [[339369.0, 1.0013774883834141]]], "511.povray_r": [0, [[1427.0, 0.035024067432224325]]], "519.lbm_r": [0, [[1311.0, 0.2287907027221334]]], "520.omnetpp_r": [0, [[1307.0, 0.15148837027865167]]], "521.wrf_r": [0, [[1014931.0, 1.0001834546165793]]], "523.xalancbmk_r": [0, [[1336.0, 0.05549361909905435]]], "525.x264_r": [0, [[1083386.0, 2.78820279334998]]], "526.blender_r": [0, [[1039906.9999999999, 1.000164973891087]]], "527.cam4_r": [0, [[2302628.0, 2.0002978085482184]]], "531.deepsjeng_r": [0, [[1385.0, 0.05194975879584301]]], "538.imagick_r": [0, [[1329.0, 0.2334203670620797]]], "541.leela_r": [0, [[1333.0, 0.10980705559927702]]], "544.nab_r": [0, [[1124917.0, 1.0000657563877746]]], "548.exchange2_r": [0, [[1321.0, 0.030368519001935042]]], "549.fotonik3d_r": [0, [[1394615.0, 2.0237973115380146]]], "554.roms_r": [0, [[1329.0, 0.17378276489183253]]], "557.xz_r": [0, [[1351.0, 0.06868489028498413]]]}
{"baseline": [0, [[1373.0, 0.051142804228783555]]], "500.perlbench_r": [0, [[1327.0, 0.12347013183708823]]], "502.gcc_r": [0, [[1395.0, 0.014664883374260033]]], "503.bwaves_r": [0, [[1715947.0, 2.0007327719313923]]], "505.mcf_r": [0, [[1333.0, 0.17142124792381574]]], "507.cactuBSSN_r": [0, [[1445.0, 0.16897845085651242]]], "508.namd_r": [0, [[1051408.0, 1.0002209603370709]]], "510.parest_r": [0, [[1340.0, 0.14563061735586147]]], "511.povray_r": [0, [[1393.0, 0.05100748775306775]]], "519.lbm_r": [0, [[1351.0, 0.17219645072027753]]], "520.omnetpp_r": [0, [[1431005.0, 2.0017732551736978]]], "521.wrf_r": [0, [[1306.0, 0.10172426634813818]]], "523.xalancbmk_r": [0, [[1410459.0, 2.0021733890586084]]], "525.x264_r": [0, [[1250896.0, 2.555590750321862]]], "526.blender_r": [0, [[2962552.0, 2.000015551203156]]], "527.cam4_r": [0, [[1413.0, 0.030469843015909274]]], "531.deepsjeng_r": [0, [[1479.0, 0.003692990029432539]]], "538.imagick_r": [0, [[1347.0, 0.062479417424173594]]], "541.leela_r": [0, [[1403.0, 0.08662014632768025]]], "544.nab_r": [0, [[1309.0, 0.1478836405410604]]], "548.exchange2_r": [0, [[1338.0, 0.03492054895207681]]], "549.fotonik3d_r": [0, [[1358.0, 0.12224600302670954]]], "554.roms_r": [0, [[1603541.0, 2.0012339170273483]]], "557.xz_r": [0, [[1039476.0000000001, 1.0002283967582544]]]}
{"baseline": [0, [[2271629.0, 2.0003398448276295]]], "500.perlbench_r": [0, [[1314.0, 0.10167962262654759]]], "502.gcc_r": [0, [[1146479.0, 2.4137262022439963]]],