{"baseline": [0, [[96.625, 0.0]]], "500.perlbench_r": [0, [[97.6875, 0.0]]], "502.gcc_r": [0, [[99.1875, 0.0]]], "503.bwaves_r": [0, [[100.4375, 0.11569148936170212]]], "505.mcf_r": [0, [[101.5, 0.11458333333333334]]], "507.cactuBSSN_r": [0, [[99.125, 0.0]]], "508.namd_r": [0, [[94.9375, 0.0]]], "510.parest_r": [0, [[99.0625, 0.0]]], "511.povray_r": [0, [[99.375, 0.0]]], "519.lbm_r": [0, [[124.4375, 0.267298907013072]]], "520.omnetpp_r": [0, [[99.375, 0.12331081081081081]]], "521.wrf_r": [0, [[98.125, 0.0]]], "523.xalancbmk_r": [0, [[98.375, 0.0]]], "525.x264_r": [0, [[98.375, 0.11221590909090909]]], "526.blender_r": [0, [[110.625, 0.07643072289156627]]], "527.cam4_r": [0, [[100.25, 0.11303191489361702]]], "531.deepsjeng_r": [0, [[99.4375, 0.12162162162162163]]], "538.imagick_r": [0, [[99.0, 0.0]]], "541.leela_r": [0, [[96.0625, 0.0]]], "544.nab_r": [0, [[97.8125, 0.0]]], "548.exchange2_r": [0, [[100.6875, 0.0]]], "549.fotonik3d_r": [0, [[99.9375, 0.11842105263157895]]], "554.roms_r": [0, [[105.4375, 0.22034313725490196]]], "557.xz_r": [0, [[100.25, 0.11436170212765957]]]}
{"baseline": [0, [[96.75, 0.0]]], "500.perlbench_r": [0, [[96.5, 0.0]]], "502.gcc_r": [0, [[97.9375, 0.0]]], "503.bwaves_r": [0, [[100.0625, 0.0]]], "505.mcf_r": [0, [[117.375, 0.26070999170812603]]], "507.cactuBSSN_r": [0, [[100.0, 0.1130952380952381]]], "508.namd_r": [0, [[96.0625, 0.11505681818181818]]], "510.parest_r": [0, [[97.75, 0.0]]], "511.povray_r": [0, [[99.375, 0.0]]], "519.lbm_r": [0, [[99.75, 0.11337209302325582]]], "520.omnetpp_r": [0, [[100.1875, 0.0]]], "521.wrf_r": [0, [[98.0, 0.0]]], "523.xalancbmk_r": [0, [[228.9375, 0.752437322161453]]], "525.x264_r": [0, [[214.5625, 0.9440764177005031]]], "526.blender_r": [0, [[435.5, 0.7387278025142912]]], "527.cam4_r": [0, [[727.6875, 1.0511842578501656]]], "531.deepsjeng_r": [0, [[258.9375, 0.2819519927536232]]], "538.imagick_r": [0, [[314.875, 0.6543831423275734]]], "541.leela_r": [0, [[477.6875, 1.1158994053068996]]], "544.nab_r": [0, [[632.75, 0.730262901787864]]], "548.exchange2_r": [0, [[871.6875, 0.8404936819020586]]], "549.fotonik3d_r": [0, [[256.75, 0.18502132470068341]]], "554.roms_r": [0, [[227.0, 1.0654404736396341]]], "557.xz_r": [0, [[394.125, 0.7432396587041791]]]}
{"baseline": [0, [[95.875, 0.0]]], "500.perlbench_r": [0, [[97.625, 0.0]]], "502.gcc_r": [0, [[398.25, 0.9984077244473488]]], "503.bwaves_r": [0, [[534.625, 0.8154344606011984]]], "505.mcf_r": [0, [[544.25, 0.884391631285393]]], "507.cactuBSSN_r": [0, [[172.0625, 0.6547114338434172]]], "508.namd_r": [0, [[258.875, 0.9972518580945768]]], "510.parest_r": [0, [[695.25, 1.0389340731204586]]], "511.povray_r": [0, [[533.125, 1.0122722770343653]]], "519.lbm_r": [0, [[540.625, 0.8813806461496071]]], "520.omnetpp_r": [0, [[290.75, 1.1101602400102788]]], "521.wrf_r": [0, [[298.5625, 0.4829017479535322]]], "523.xalancbmk_r": [0, [[449.3125, 1.1619375500749562]]], "525.x264_r": [0, [[178.0, 0.8776873963903731]]], "526.blender_r": [0, [[184.25, 0.5595743078820594]]], "527.cam4_r": [0, [[580.25, 1.0162097499667693]]], "531.deepsjeng_r": [0, [[329.0, 0.8919968833938497]]], "538.imagick_r": [0, [[395.4375, 0.8013392795699171]]], "541.leela_r": [0, [[340.75, 1.0070280436612946]]], "544.nab_r": [0, [[505.8125, 1.193605665139256]]], "548.exchange2_r": [0, [[543.6875, 0.7760727572696648]]], "549.fotonik3d_r": [0, [[209.8125, 0.8613458657973418]]], "554.roms_r": [0, [[616.6875, 1.1119327718111485]]], "557.xz_r": [0, [[381.0625, 0.7710342058315662]]]}
{"baseline": [0, [[97.6875, 0.0]]], "500.perlbench_r": [0, [[233.4375, 0.06321938305709024]]], "502.gcc_r": [0, [[267.0, 0.14777542372881355]]], "503.bwaves_r": [0, [[184.0625, 0.579085391425216]]], "505.mcf_r": [0, [[714.0, 1.173566618256505]]], "507.cactuBSSN_r": [0, [[325.625, 0.9619771674515668]]], "508.namd_r": [0, [[674.5, 1.1054677467991083]]], "510.parest_r": [0, [[354.125, 1.168418728653628]]], "511.povray_r": [0, [[607.625, 1.0324202550704347]]], "519.lbm_r": [0, [[645.3125, 1.0340008533889027]]], "520.omnetpp_r": [0, [[379.6875, 0.9393520903397331]]], "521.wrf_r": [0, [[166.0625, 0.17007565789473683]]], "523.xalancbmk_r": [0, [[104.6875, 0.21288699690402474]]], "525.x264_r": [0, [[350.375, 1.1386638791853392]]], "526.blender_r": [0, [[586.5625, 1.1269194552242177]]], "527.cam4_r": [0, [[302.75, 0.6730939213100952]]], "531.deepsjeng_r": [0, [[641.25, 1.0215540594773909]]], "538.imagick_r": [0, [[641.0, 1.0829049018507226]]], "541.leela_r": [0, [[268.125, 0.8809197725813014]]], "544.nab_r": [0, [[500.6875, 0.9589969103828451]]], "548.exchange2_r": [0, [[238.5625, 0.8644523456773117]]], "549.fotonik3d_r": [0, [[338.8125, 0.7806744585699209]]], "554.roms_r": [0, [[600.5, 1.0489676796431078]]], "557.xz_r": [0, [[835.75, 1.1056307188171821]]]}
{"baseline": [0, [[98.875, 0.0]]], "500.perlbench_r": [0, [[96.625, 0.0]]], "502.gcc_r": [0, [[436.8125, 0.9786740765851231]]], "503.bwaves_r": [0, [[378.6875, 1.0040345008635627]]], "505.mcf_r": [0, [[418.625, 1.09109311296773]]], "507.cactuBSSN_r": [0, [[611.25, 1.0347013359910024]]], "508.namd_r": [0, [[250.1875, 0.8229898553969124]]], "510.parest_r": [0, [[191.5625, 0.7657333348882264]]], "511.povray_r": [0, [[458.0, 0.9944837359305001]]], "519.lbm_r": [0, [[376.1875, 1.0086411536900106]]], "520.omnetpp_r": [0, [[100.25, 0.24313909774436088]]], "521.wrf_r": [0, [[399.625, 1.1485060590232963]]], "523.xalancbmk_r": [0, [[223.125, 0.25415645562600236]]], "525.x264_r": [0, [[403.5, 0.822848613754096]]], "526.blender_r": [0, [[362.0625, 0.9684670796831247]]], "527.cam4_r": [0, [[945.0625, 1.0267723816503032]]], "531.deepsjeng_r": [0, [[580.9375, 1.1397493177042595]]], "538.imagick_r": [0, [[1080.0, 1.2226739996576117]]], "541.leela_r": [0, [[368.375, 0.8721408770098552]]], "544.nab_r": [0, [[369.25, 0.9665901452604269]]], "548.exchange2_r": [0, [[203.5625, 0.38546357356730493]]], "549.fotonik3d_r": [0, [[377.375, 1.2609500119720394]]], "554.roms_r": [0, [[430.1875, 0.9479968604172171]]], "557.xz_r": [0, [[465.75, 0.7636175294973438]]]}
