{"500.perlbench_r": [0, [971.0, 979.25, -0.008424814909369416]], "502.gcc_r": [0, [1049.9375, 814.3125, 0.2893545168470335]], "503.bwaves_r": [0, [1264.375, 853.6875, 0.48107474924957905]], "505.mcf_r": [0, [1226.875, 965.5625, 0.2706324033918053]], "507.cactuBSSN_r": [0, [1348.5625, 1126.8125, 0.19679405402407224]], "508.namd_r": [0, [937.1875, 979.1875, -0.04289270441054449]], "510.parest_r": [0, [953.5625, 999.3125, -0.045781474763900154]], "511.povray_r": [0, [27781.625, 974.5, 27.508594150846587]], "519.lbm_r": [0, [1045.4375, 977.375, 0.06963806113313731]], "520.omnetpp_r": [0, [1107.8125, 870.1875, 0.2730733318968612]], "521.wrf_r": [0, [1195.4375, 915.5625, 0.3056863949757662]], "523.xalancbmk_r": [0, [1118.375, 997.875, 0.12075660779155717]], "525.x264_r": [0, [1019.0625, 885.4375, 0.15091409613891438]], "526.blender_r": [0, [1096.25, 1028.0, 0.06639105058365757]], "527.cam4_r": [0, [954.8125, 823.0625, 0.1600728984736881]], "531.deepsjeng_r": [0, [998.1875, 925.125, 0.07897581407917853]], "538.imagick_r": [0, [1098.1875, 910.4375, 0.20621953731035902]], "541.leela_r": [0, [903.0625, 880.8125, 0.025260767757042446]], "544.nab_r": [0, [973.125, 1028.0625, -0.05343789896042317]], "548.exchange2_r": [0, [991.9375, 917.3125, 0.08135177488587586]], "549.fotonik3d_r": [0, [1204.3125, 911.3125, 0.32151429943076604]], "554.roms_r": [0, [1257.5625, 1050.25, 0.19739347774339433]], "557.xz_r": [0, [1092.625, 858.75, 0.2723435225618631]]}
{"500.perlbench_r": [0, [1006.4375, 829.75, 0.21294064477252195]], "502.gcc_r": [0, [1004.625, 969.3125, 0.03643045973305825]], "503.bwaves_r": [0, [1103.625, 1000.3125, 0.10328022492970956]], "505.mcf_r": [0, [1152.875, 829.125, 0.39047188300919644]], "507.cactuBSSN_r": [0, [1096.625, 949.375, 0.15510204081632661]], "508.namd_r": [0, [940.1875, 913.8125, 0.028862594897749894]], "510.parest_r": [0, [979.25, 947.3125, 0.033713795605990526]], "511.povray_r": [0, [87593.375, 885.5625, 97.91269673230292]], "519.lbm_r": [0, [1079.0, 942.9375, 0.1442964141313714]], "520.omnetpp_r": [0, [1003.8125, 995.625, 0.008223477715003202]], "521.wrf_r": [0, [1129.25, 945.9375, 0.1937892302609845]], "523.xalancbmk_r": [0, [1100.875, 926.5625, 0.18812816188870163]], "525.x264_r": [0, [1003.6875, 895.75, 0.12049958135640515]], "526.blender_r": [0, [1014.875, 866.1875, 0.17165740673930308]], "527.cam4_r": [0, [984.0625, 961.25, 0.023732119635890836]], "531.deepsjeng_r": [0, [1118.375, 2840.0625, -0.6062146519662859]], "538.imagick_r": [0, [884.8125, 899.25, -0.016055045871559592]], "541.leela_r": [0, [844.25, 841.375, 0.0034170257019758843]], "544.nab_r": [0, [945.0, 793.9375, 0.19027001495709683]], "548.exchange2_r": [0, [909.5625, 826.875, 0.10000000000000009]], "549.fotonik3d_r": [0, [1039.0625, 933.0625, 0.11360439413222578]], "554.roms_r": [0, [1122.5, 802.6875, 0.39842715876352885]], "557.xz_r": [0, [778.4375, 929.625, -0.16263278203576714]]}
{"500.perlbench_r": [0, [968.875, 887.6875, 0.09145955079912693]], "502.gcc_r": [0, [994.6875, 818.625, 0.21507100320659633]], "503.bwaves_r": [0, [875.9375, 874.5, 0.0016437964551172524]], "505.mcf_r": [0, [1011.8125, 1010.875, 0.0009274143687398873]], "507.cactuBSSN_r": [0, [852.9375, 871.375, -0.0211590876488309]], "508.namd_r": [0, [990.0625, 837.125, 0.18269374346722422]], "510.parest_r": [0, [937.4375, 826.9375, 0.1336255762980878]], "511.povray_r": [0, [4538.4375, 925.0, 3.906418918918919]], "519.lbm_r": [0, [787.8125, 746.125, 0.055872005361031984]], "520.omnetpp_r": [0, [897.875, 859.875, 0.044192469835731885]], "521.wrf_r": [0, [947.9375, 859.125, 0.1033755274261603]], "523.xalancbmk_r": [0, [1141.9375, 879.1875, 0.2988554773583565]], "525.x264_r": [0, [1127.4375, 871.1875, 0.29413874739938306]], "526.blender_r": [0, [1011.4375, 901.9375, 0.12140530801746241]], "527.cam4_r": [0, [846.6875, 1123.125, -0.24613244296048975]], "531.deepsjeng_r": [0, [852.8125, 818.5, 0.04192119731215649]], "538.imagick_r": [0, [831.0625, 1020.6875, -0.18578164227542715]], "541.leela_r": [0, [810.25, 954.6875, -0.15129296235679213]], "544.nab_r": [0, [1059.0625, 904.9375, 0.17031562953242618]], "548.exchange2_r": [0, [857.9375, 815.4375, 0.05211926113282739]], "549.fotonik3d_r": [0, [846.0, 1026.3125, -0.1756896656720054]], "554.roms_r": [0, [946.5625, 858.625, 0.10241665453486681]], "557.xz_r": [0, [853.9375, 915.8125, -0.0675629563911827]]}
{"500.perlbench_r": [0, [956.1875, 954.875, 0.0013745254614478952]], "502.gcc_r": [0, [1143.75, 890.0625, 0.28502211923319987]], "503.bwaves_r": [0, [1097.9375, 970.5, 0.13131117980422458]], "505.mcf_r": [0, [1142.3125, 897.8125, 0.27232857640097463]], "507.cactuBSSN_r": [0, [1332.5, 1098.0625, 0.2135010529910637]], "508.namd_r": [0, [936.75, 1097.375, -0.14637202414853623]], "510.parest_r": [0, [1150.875, 981.5625, 0.17249283667621773]], "511.povray_r": [0, [28556.6875, 832.5, 33.302327327327326]], "519.lbm_r": [0, [945.625, 851.6875, 0.11029573640566515]], "520.omnetpp_r": [0, [1156.4375, 934.3125, 0.23774165496019806]], "521.wrf_r": [0, [1005.8125, 862.0625, 0.1667512506343798]], "523.xalancbmk_r": [0, [1307.5625, 1042.875, 0.2538055855207959]], "525.x264_r": [0, [953.25, 896.625, 0.06315349226265154]], "526.blender_r": [0, [1067.375, 853.25, 0.2509522414298271]], "527.cam4_r": [0, [1041.375, 963.3125, 0.08103548952183215]], "531.deepsjeng_r": [0, [950.25, 932.4375, 0.019103157048059538]], "538.imagick_r": [0, [999.25, 895.125, 0.11632453567937429]], "541.leela_r": [0, [1080.3125, 1069.625, 0.009991819562930937]], "544.nab_r": [0, [960.5, 1098.0625, -0.1252774773749218]], "548.exchange2_r": [0, [1232.5625, 1020.4375, 0.207876523549948]], "549.fotonik3d_r": [0, [1020.5625, 856.1875, 0.1919848164099569]], "554.roms_r": [0, [1025.75, 952.875, 0.07647907647907637]], "557.xz_r": [0, [956.3125, 855.125, 0.11833065341324378]]}
{"500.perlbench_r": [0, [811.1875, 860.0, -0.0567587209302326]], "502.gcc_r": [0, [891.8125, 879.625, 0.013855336080716318]], "503.bwaves_r": [0, [1104.0, 774.8125, 0.42486085343228197]], "505.mcf_r": [0, [897.0625, 808.3125, 0.1097966442434084]], "507.cactuBSSN_r": [0, [799.75, 919.375, -0.13011556764106047]], "508.namd_r": [0, [860.9375, 780.9375, 0.10244097639055627]], "510.parest_r": [0, [1289.625, 859.375, 0.5006545454545455]], "511.povray_r": [0, [106883.75, 853.875, 124.17493778363344]], "519.lbm_r": [0, [968.3125, 866.1875, 0.117901724511148]], "520.omnetpp_r": [0, [840.875, 781.125, 0.07649223875820121]], "521.wrf_r": [0, [803.25, 897.8125, -0.10532544378698228]], "523.xalancbmk_r": [0, [1020.3125, 793.375, 0.28604064912557114]], "525.x264_r": [0, [893.9375, 821.875, 0.08768060836501901]], "526.blender_r": [0, [968.5625, 803.4375, 0.20552314274601313]], "527.cam4_r": [0, [974.9375, 917.6875, 0.06238507117074166]], "531.deepsjeng_r": [0, [813.125, 877.4375, -0.07329581879051217]], "538.imagick_r": [0, [764.5625, 844.375, -0.09452257586972612]], "541.leela_r": [0, [923.25, 893.9375, 0.03279032370831292]], "544.nab_r": [0, [887.0, 854.875, 0.03757859336160263]], "548.exchange2_r": [0, [828.8125, 825.375, 0.0041647735877632375]], "549.fotonik3d_r": [0, [1156.625, 917.625, 0.26045497888571045]], "554.roms_r": [0, [951.25, 803.375, 0.18406721643068313]], "557.xz_r": [0, [786.8125, 741.25, 0.06146711635750424]]}
{"500.perlbench_r": [0, [881.625, 835.0, 0.05583832335329331]], "502.gcc_r": [0, [893.375, 818.3125, 0.09172840449094943]], "503.bwaves_r": [0, [1086.375, 778.75, 0.39502407704654896]], "505.mcf_r": [0, [872.0625, 923.5, -0.05569842988630214]], "507.cactuBSSN_r": [0, [991.0, 777.5625, 0.27449561932320554]], "508.namd_r": [0, [795.6875, 831.875, -0.04350112697220132]], "510.parest_r": [0, [1068.5, 939.6875, 0.13708014632524113]], "511.povray_r": [0, [14326.5, 808.5625, 16.718481873695602]], "519.lbm_r": [0, [1099.375, 824.5, 0.33338386901152206]], "520.omnetpp_r": [0, [1028.9375, 834.0625, 0.2336455601348819]], "521.wrf_r": [0, [1006.25, 929.625, 0.08242570929138093]], "523.xalancbmk_r": [0, [975.875, 836.75, 0.1662682999701226]],