{"519.lbm_r": [0, [3117.0, 2481.25, 9.876768762681708, 1.0628570417132592]]}
{"519.lbm_r": [0, [3087.375, 1834.1875, 12.354996417216922, 0.4414218769352835]]}
{"519.lbm_r": [0, [2937.0, 2923.625, 4.546596899116965, 5.860317818357032]]}
{"519.lbm_r": [0, [2404.75, 2437.125, 0.7129622051624378, 0.7032915556665554]]}
{"519.lbm_r": [0, [2796.125, 2427.25, 2.8050543186566204, 0.614383774880968]]}
{"519.lbm_r": [0, [3770.6875, 2477.0, 32.57775589441933, 0.8701513485082112]]}
{"519.lbm_r": [0, [3504.4375, 2818.75, 22.91564882573864, 3.8165193930703794]]}
{"519.lbm_r": [0, [2724.6875, 2557.25, 2.802050223306105, 0.9937352333736518]]}
{"519.lbm_r": [0, [2491.1875, 2423.5625, 0.7553577380952372, 1.1747906344717745]]}
