{"519.lbm_r": [0, [2847.0, 2802.375, 3.95751596681469, 2.7957270220194226]]}
{"519.lbm_r": [0, [2527.0625, 2664.375, 1.1617385651629082, 2.0866569808691757]]}
{"519.lbm_r": [0, [2765.125, 2539.5, 3.2805654310966794, 0.8506568714681748]]}
{"519.lbm_r": [0, [3279.25, 2174.6875, 13.002301338498478, 0.15220233918128634]]}
{"519.lbm_r": [0, [2251.0, 2636.3125, 0.517819944927357, 1.3014155417477]]}
{"519.lbm_r": [0, [2465.4375, 3143.8125, 0.5692283834673781, 11.682601173701018]]}
