{"500.perlbench_r": [0, [2064.375, 2498.0, -0.17358887109687748]], "502.gcc_r": [0, [4720.1875, 13427.0, -0.6484555373501155]], "503.bwaves_r": [0, [168419.625, 2382.5, 69.69029380902414]], "505.mcf_r": [0, [136280.8125, 1938.3125, 69.30899945184278]], "507.cactuBSSN_r": [0, [3046.5625, 207208.6875, -0.9852971294941483]], "508.namd_r": [0, [5401.1875, 8190.375, -0.3405445416113426]], "510.parest_r": [0, [5220.3125, 4701.9375, 0.11024710558147577]], "511.povray_r": [0, [1280204.3125, 2025.5625, 631.0240982443148]], "519.lbm_r": [0, [198409.1875, 2003.3125, 98.04055782610052]], "520.omnetpp_r": [0, [2021.8125, 191853.25, -0.9894616718768121]], "521.wrf_r": [0, [242579.1875, 209490.625, 0.15794770052359142]], "523.xalancbmk_r": [0, [293255.1875, 9963.75, 28.432210513110025]], "525.x264_r": [0, [12483.25, 11685.625, 0.06825693961598112]], "526.blender_r": [0, [397113.9375, 8046.8125, 48.35046485797948]], "527.cam4_r": [0, [30784.6875, 9643.1875, 2.1923767426486314]], "531.deepsjeng_r": [0, [1958.75, 76952.9375, -0.9745461308738215]], "538.imagick_r": [0, [1745.125, 12320.0625, -0.8583509620994212]], "541.leela_r": [0, [2577.5, 2041.25, 0.26270667483159826]], "544.nab_r": [0, [1905.875, 1894.875, 0.0058051322646612835]], "548.exchange2_r": [0, [3173.1875, 2028.5, 0.5643024402267685]], "549.fotonik3d_r": [0, [11006.375, 2002.8125, 4.495459510063973]], "554.roms_r": [0, [95224.125, 2044.875, 45.56721070970108]], "557.xz_r": [0, [3038.4375, 2791.9375, 0.0882899420205503]]}
{"500.perlbench_r": [0, [18828.0625, 2003.1875, 8.399051511653303]], "502.gcc_r": [0, [2865.625, 2020.5, 0.41827517941103687]], "503.bwaves_r": [0, [4909.75, 1878.75, 1.6133067198935462]], "505.mcf_r": [0, [2390.4375, 32019.625, -0.9253446128741358]], "507.cactuBSSN_r": [0, [8576.75, 2145.9375, 2.9967380224260958]], "508.namd_r": [0, [2270.375, 2406.5625, -0.05659005323983901]], "510.parest_r": [0, [44396.9375, 2452.75, 17.100881663438997]], "511.povray_r": [0, [1304937.625, 1988.125, 655.3659855391386]], "519.lbm_r": [0, [2616.5625, 4740.4375, -0.44803354120795813]], "520.omnetpp_r": [0, [11549.375, 2089.125, 4.528331239155149]], "521.wrf_r": [0, [12260.875, 2060.75, 4.949714909620284]], "523.xalancbmk_r": [0, [33082.9375, 2266.125, 13.598902311214077]], "525.x264_r": [0, [3466.4375, 42388.4375, -0.9182220977123774]], "526.blender_r": [0, [2061.0, 2290.5625, -0.10022101558023411]], "527.cam4_r": [0, [2530.125, 2469.25, 0.024653234787891165]], "531.deepsjeng_r": [0, [1806.6875, 1909.5, -0.05384262896046088]], "538.imagick_r": [0, [117429.8125, 2014.4375, 57.29409574633117]], "541.leela_r": [0, [154166.9375, 2392.0625, 63.449376845295646]], "544.nab_r": [0, [2706.4375, 4604.5625, -0.41222700310833005]], "548.exchange2_r": [0, [3696.875, 2086.1875, 0.7720722610024267]], "549.fotonik3d_r": [0, [2369.375, 4331.9375, -0.45304497121668996]], "554.roms_r": [0, [185064.0, 1932.0625, 94.78572121761071]], "557.xz_r": [0, [2779.375, 2082.9375, 0.3343535271701623]]}
{"500.perlbench_r": [0, [2507.75, 1955.375, 0.2824905708623666]], "502.gcc_r": [0, [147951.5625, 2436.125, 59.732336189645444]], "503.bwaves_r": [0, [30476.0625, 3888.6875, 6.8371076359311465]], "505.mcf_r": [0, [34789.8125, 3073.3125, 10.319972342545706]], "507.cactuBSSN_r": [0, [29927.5, 2432.5625, 11.30286991598366]], "508.namd_r": [0, [18148.5, 161627.4375, -0.8877139903922563]], "510.parest_r": [0, [130357.25, 136098.3125, -0.04218320120611341]], "511.povray_r": [0, [1502923.125, 3114.75, 481.51805923428844]], "519.lbm_r": [0, [5213.625, 1973.6875, 1.641565597390671]], "520.omnetpp_r": [0, [215226.1875, 2047.5, 104.11657509157509]], "521.wrf_r": [0, [186529.25, 16363.0625, 10.399409493180142]], "523.xalancbmk_r": [0, [73205.0625, 3376.375, 20.68155566250787]], "525.x264_r": [0, [1837.6875, 2645.25, -0.3052877799829884]], "526.blender_r": [0, [24785.25, 2303.75, 9.758654367878458]], "527.cam4_r": [0, [4703.5625, 3217.5, 0.46186868686868676]], "531.deepsjeng_r": [0, [2573.6875, 3035.4375, -0.15211975209504391]], "538.imagick_r": [0, [196162.375, 5701.4375, 33.40577485941046]], "541.leela_r": [0, [82075.625, 16782.9375, 3.89042070257367]], "544.nab_r": [0, [125978.8125, 128831.1875, -0.02214040757793989]], "548.exchange2_r": [0, [2603.0625, 3865.0625, -0.3265147717533675]], "549.fotonik3d_r": [0, [13877.9375, 3237.9375, 3.286042426699095]], "554.roms_r": [0, [3703.3125, 2253.625, 0.6432691774363526]], "557.xz_r": [0, [6460.5625, 2380.6875, 1.7137381533695621]]}
{"500.perlbench_r": [0, [5584.0, 2500.0, 1.2336]], "502.gcc_r": [0, [42310.0, 5276.0, 7.019332827899925]], "503.bwaves_r": [0, [8834.0625, 82625.875, -0.8930835830785453]], "505.mcf_r": [0, [2494.5, 95021.4375, -0.973748029227615]], "507.cactuBSSN_r": [0, [2108.5, 2256.1875, -0.06545887697720154]], "508.namd_r": [0, [21716.6875, 2629.25, 7.259651041171436]], "510.parest_r": [0, [14674.5625, 2133.8125, 5.877156498052195]], "511.povray_r": [0, [1270545.875, 1951.75, 649.9777763545536]], "519.lbm_r": [0, [2646.5625, 2304.4375, 0.14846356214911438]], "520.omnetpp_r": [0, [3998.5625, 2406.375, 0.6616539400550621]], "521.wrf_r": [0, [2098.6875, 2070.5625, 0.013583265417006274]], "523.xalancbmk_r": [0, [60954.6875, 2960.5625, 19.58888724693365]], "525.x264_r": [0, [2038.0625, 2057.75, -0.009567488761997311]], "526.blender_r": [0, [346429.6875, 1675.3125, 205.78511471740347]], "527.cam4_r": [0, [116204.625, 2218.75, 51.37391549295775]], "531.deepsjeng_r": [0, [4090.6875, 75216.1875, -0.9456142668757307]], "538.imagick_r": [0, [2681.125, 98555.5, -0.9727957851160006]], "541.leela_r": [0, [72456.1875, 2150.875, 32.68684256407276]], "544.nab_r": [0, [4494.4375, 2152.5, 1.0880081300813007]], "548.exchange2_r": [0, [2013.1875, 2014.875, -0.0008375209380234727]], "549.fotonik3d_r": [0, [216883.3125, 2297.6875, 93.39199738867883]], "554.roms_r": [0, [2729.4375, 3175.5, -0.14047000472366555]], "557.xz_r": [0, [2855.875, 4800.5625, -0.40509575700764233]]}
{"500.perlbench_r": [0, [121049.0625, 1802.875, 66.14223809193649]], "502.gcc_r": [0, [24708.75, 1995.0625, 11.3849503461671]], "503.bwaves_r": [0, [5053.25, 25998.25, -0.805631148250363]], "505.mcf_r": [0, [5247.875, 2287.0625, 1.2945918618314978]], "507.cactuBSSN_r": [0, [2329.1875, 1938.5, 0.20154114005674484]], "508.namd_r": [0, [2841.75, 5422.625, -0.47594569050967017]], "510.parest_r": [0, [3217.8125, 2290.125, 0.40508160034932583]], "511.povray_r": [0, [1122211.0625, 1797.3125, 623.382828528706]], "519.lbm_r": [0, [6826.0, 4356.625, 0.5668091699423292]], "520.omnetpp_r": [0, [205556.3125, 1955.625, 104.1102908277405]], "521.wrf_r": [0, [6441.0, 5657.0, 0.13858935831712915]], "523.xalancbmk_r": [0, [155472.25, 2582.9375, 59.19202942386333]], "525.x264_r": [0, [3937.0625, 12054.375, -0.6733914035360606]], "526.blender_r": [0, [8131.0, 2371.1875, 2.429083528822584]], "527.cam4_r": [0, [115137.6875, 75013.6875, 0.5348890494151484]], "531.deepsjeng_r": [0, [2634.375, 2212.0625, 0.1909134574633402]], "538.imagick_r": [0, [2108.125, 2272.125, -0.07217912746877919]], "541.leela_r": [0, [4137.875, 1972.125, 1.098180896241364]], "544.nab_r": [0, [36097.875, 2255.75, 15.002604455280949]], "548.exchange2_r": [0, [3531.75, 2590.375, 0.3634126333059886]], "549.fotonik3d_r": [0, [6855.75, 170917.6875, -0.9598885867210203]], "554.roms_r": [0, [168604.5, 2984.875, 55.48628502031073]], "557.xz_r": [0, [5705.125, 3454.9375, 0.65129615224588]]}
