{"519.lbm_r": [0, [3055.0, 319187.5625, 103.48038052373158]]}
{"519.lbm_r": [0, [3979.0625, 7098.6875, 0.7840100526191784]]}
{"519.lbm_r": [0, [402942.6875, 2750.0625, -0.9931750529658141]]}
{"519.lbm_r": [0, [8447.6875, 3636.25, -0.5695567573966248]]}
{"519.lbm_r": [0, [2021.125, 71590.75, 34.42123817181025]]}
{"519.lbm_r": [0, [6626.6875, 401630.125, 59.60797721335132]]}
{"519.lbm_r": [0, [6233.875, 15360.75, 1.4640773194842693]]}
{"519.lbm_r": [0, [38473.0, 420676.5, 9.934330569490292]]}
{"519.lbm_r": [0, [873793.9375, 397059.125, -0.5455918060772766]]}
{"519.lbm_r": [0, [3494.8125, 19508.375, 4.5820948906414865]]}
{"519.lbm_r": [0, [2430.8125, 340011.375, 138.87560743578535]]}
{"519.lbm_r": [0, [3040.8125, 3129.6875, 0.029227385772716996]]}
{"519.lbm_r": [0, [3413.0625, 110986.4375, 31.518138035854896]]}
{"519.lbm_r": [0, [299139.0, 401999.875, 0.34385645134870413]]}
{"519.lbm_r": [0, [5013.9375, 6845.875, 0.3653690338182316]]}
{"519.lbm_r": [0, [218718.375, 4881.625, -0.9776807732775081]]}
{"519.lbm_r": [0, [214721.1875, 557935.875, 1.5984202187778975]]}
{"519.lbm_r": [0, [23318.375, 2372.625, -0.8982508429511061]]}
{"519.lbm_r": [0, [2635.4375, 202109.5625, 75.68918822776105]]}
{"519.lbm_r": [0, [18024.5625, 392127.5, 20.755174362761924]]}
