{"519.lbm_r": [[1444.0, 0.0011865150768185415]]}
{"519.lbm_r": [[1436.0, 0.06290798490239635]]}
{"519.lbm_r": [[324073.0, 5.016432705873089]]}
{"519.lbm_r": [[1471.0, 0.0013724134509392478]]}
{"519.lbm_r": [[1446.0, 0.0011753771362351631]]}
{"519.lbm_r": [[1462.0, 0.0013279392435434248]]}
{"519.lbm_r": [[1492.0, 0.0007067907757828226]]}
{"519.lbm_r": [[1464.0, 0.0012235157966450716]]}
{"519.lbm_r": [[1482.0, 0.001874441574989883]]}
{"519.lbm_r": [[305981.0, 15.005519665992546]]}
{"519.lbm_r": [[1446.0, 0.05547563488234814]]}
{"519.lbm_r": [[1496.0, 0.0008382297322665118]]}
{"519.lbm_r": [[1434.0, 0.0009523892747006559]]}
{"519.lbm_r": [[1424.0, 0.0010044866595113565]]}
{"519.lbm_r": [[1469.0, 0.0023240126245783568]]}
{"519.lbm_r": [[1411.0, 0.02349518164724896]]}
{"519.lbm_r": [[1479.0, 0.0009574888983624774]]}
{"519.lbm_r": [[1486.0, 0.00069475830422446]]}
{"519.lbm_r": [[1404.0, 0.0016727793256116]]}
{"519.lbm_r": [[1413.0, 0.0010179530044101075]]}
{"519.lbm_r": [[276775.0, 8.006052057877621]]}
{"519.lbm_r": [[1413.0, 0.06398861011491208]]}
{"519.lbm_r": [[1410.0, 0.08802810002568302]]}
{"519.lbm_r": [[1395.0, 0.0010138452601222345]]}
{"519.lbm_r": [[3782889.0, 100.0]]}
{"519.lbm_r": [[1423.0, 0.001130257215313029]]}
{"519.lbm_r": [[3677495.0, 100.0]]}
{"519.lbm_r": [[1439.0, 0.0013605101567074763]]}
