{"519.lbm_r": [[1954.0, 4.229790770465083e-05]]}
{"519.lbm_r": [[2225.0, 1.7431471567576526]]}
{"519.lbm_r": [[1406.0, 0.08861449843703821]]}
{"519.lbm_r": [[1355.0, 0.14500302343368668]]}
{"519.lbm_r": [[1396.0, 0.12025105269524526]]}
{"519.lbm_r": [[1394.0, 0.1790003909126377]]}
{"519.lbm_r": [[1410.0, 0.10361717704428705]]}
{"519.lbm_r": [[696446.0, 1.0007240257645833]]}
{"519.lbm_r": [[560542.0, 1.000885902963313]]}
{"519.lbm_r": [[1335.0, 0.11692783013430325]]}
{"519.lbm_r": [[1435.0, 0.10186394159993523]]}
{"519.lbm_r": [[1344.0, 0.22959052446195136]]}
{"519.lbm_r": [[2027.0000000000002, 1.9598122124030481]]}
{"519.lbm_r": [[1373.0, 0.085278659704255]]}
{"519.lbm_r": [[1330.0, 0.22636056113012903]]}
{"519.lbm_r": [[1399.0, 0.16849549563857047]]}
{"519.lbm_r": [[1457.0, 0.0023954800150609557]]}
{"519.lbm_r": [[1345.0, 0.2030691920786436]]}
{"519.lbm_r": [[1411.0, 0.13028682395511088]]}
{"519.lbm_r": [[1395.0, 0.14374644225727204]]}
{"519.lbm_r": [[1453647.0, 1.000243938374832]]}
{"519.lbm_r": [[1387.0, 0.160956123924922]]}
{"519.lbm_r": [[1411.0, 0.13644278009748192]]}
{"519.lbm_r": [[1354.0, 0.1783136768331558]]}
{"519.lbm_r": [[1377.0, 0.1617496431729377]]}
