{"519.lbm_r": [[1468.0, 0.0007237182112712115]]}
{"519.lbm_r": [[1437.0, 0.001303543508907687]]}
{"519.lbm_r": [[11536929.0, 100.0]]}
{"519.lbm_r": [[1809.0, 0.00026617095179037095]]}
{"519.lbm_r": [[6260537.0, 100.0]]}
{"519.lbm_r": [[1395.0, 0.11948680803625208]]}
{"519.lbm_r": [[3146914.0, 100.0]]}
{"519.lbm_r": [[1432.0, 0.13288994267833198]]}
{"519.lbm_r": [[1450.0, 0.0011787330458169125]]}
{"519.lbm_r": [[1400.0, 0.0022338785949286674]]}
{"519.lbm_r": [[1421.0, 0.0011989622977850813]]}
{"519.lbm_r": [[1384.0, 0.08342238403344358]]}
{"519.lbm_r": [[1396.0, 0.16424143183860468]]}
{"519.lbm_r": [[92478.0, 1.0048799089701148]]}
{"519.lbm_r": [[1486.0, 0.0008841509823339627]]}
{"519.lbm_r": [[1469.0, 0.0009786727610917338]]}
{"519.lbm_r": [[1430477.0, 100.0]]}
{"519.lbm_r": [[1470.0, 0.0037244704756040315]]}
{"519.lbm_r": [[1456.0, 0.000796871392277509]]}
{"519.lbm_r": [[1373.0, 0.11708583755003002]]}
{"519.lbm_r": [[1452.0, 0.0008648959749125813]]}
{"519.lbm_r": [[1450.0, 0.0009712268811011195]]}
{"519.lbm_r": [[1407.0, 0.0009089768046975137]]}
{"519.lbm_r": [[1407.0, 0.0008252065669901158]]}
{"519.lbm_r": [[1459.0, 0.051123636821550564]]}
{"519.lbm_r": [[1436.0, 0.0007615978952125088]]}
{"519.lbm_r": [[6418596.0, 100.0]]}
{"519.lbm_r": [[1431.0, 0.0021349547920444345]]}
