{"519.lbm_r": [[1374.0, 0.2363189830808826]]}
{"519.lbm_r": [[760294.0, 1.00059086952092]]}
{"519.lbm_r": [[1412.0, 0.03477205209313233]]}
{"519.lbm_r": [[631500.0, 1.0008016152924102]]}
{"519.lbm_r": [[329953.0, 1.0015950165365892]]}
{"519.lbm_r": [[2118.0, 1.847564412350326]]}
{"519.lbm_r": [[1360.0, 0.1313510638885854]]}
{"519.lbm_r": [[1381.0, 0.09091467384719823]]}
{"519.lbm_r": [[1439.0, 0.0473580333462098]]}
{"519.lbm_r": [[1486.0, 0.0025794594858417254]]}
{"519.lbm_r": [[1407.0, 0.20393539463890728]]}
{"519.lbm_r": [[1382.0, 0.16332501830697452]]}
{"519.lbm_r": [[1450.0, 0.10944215068598309]]}
{"519.lbm_r": [[1388.0, 0.10197496215624445]]}
{"519.lbm_r": [[333336.0, 1.001741740882138]]}
{"519.lbm_r": [[2115.0, 1.8503258351519236]]}
{"519.lbm_r": [[1912.0, 9.352036909165916e-05]]}
{"519.lbm_r": [[1343.0, 0.1914409567705072]]}
{"519.lbm_r": [[1424.0, 0.10660745820860688]]}
{"519.lbm_r": [[1382.0, 0.09697862557018447]]}
{"519.lbm_r": [[233665.0, 1.0023248396083246]]}
{"519.lbm_r": [[1449.0, 0.07904907679785335]]}
{"519.lbm_r": [[1427.0, 0.20334277404098175]]}
{"519.lbm_r": [[1547.0, 0.0010802311504826783]]}
{"519.lbm_r": [[1449.0, 0.04669590034550252]]}
