{"519.lbm_r": [[626379.0, 1.0007191999524794]]}
{"519.lbm_r": [[1421.0, 0.07912467651313697]]}
{"519.lbm_r": [[1376.0, 0.10519159359621424]]}
{"519.lbm_r": [[1407.0, 0.14472496037613083]]}
{"519.lbm_r": [[1408.0, 0.07216308533520234]]}
{"519.lbm_r": [[1374.0, 0.126423949020971]]}
{"519.lbm_r": [[1407.0, 0.16762129389250968]]}
{"519.lbm_r": [[2450.0, 1.5738740721694566]]}
{"519.lbm_r": [[1374.0, 0.22825002769848643]]}
{"519.lbm_r": [[1449.0, 0.0033230592339305626]]}
{"519.lbm_r": [[1386.0, 0.17613323826217595]]}
{"519.lbm_r": [[1362.0, 0.23401713076207536]]}
{"519.lbm_r": [[1338.0, 0.18368612195394413]]}
{"519.lbm_r": [[1419.0, 0.18371607989767336]]}
{"519.lbm_r": [[1413.0, 0.10337096190076087]]}
{"519.lbm_r": [[1915.0, 8.354726831785813e-05]]}
{"519.lbm_r": [[2608.0, 1.5135106921921262]]}
{"519.lbm_r": [[1325.0, 0.18641991026977353]]}
{"519.lbm_r": [[1380.0, 0.11674798495297359]]}
{"519.lbm_r": [[1416.0, 0.08227445658542339]]}
{"519.lbm_r": [[1518.0, 0.0032275533895990706]]}
{"519.lbm_r": [[1442.0, 0.08611359501248082]]}
{"519.lbm_r": [[1463.0, 0.10600971836773913]]}
{"519.lbm_r": [[1407.0, 0.17245859043254225]]}
{"519.lbm_r": [[1363.0, 0.12673726109534603]]}
