{"519.lbm_r": [[514048.0, 1.0009489727969763]]}
{"519.lbm_r": [[1387.0, 0.10749109321792029]]}
{"519.lbm_r": [[1382.0, 0.13460579473183962]]}
{"519.lbm_r": [[1373.0, 0.11204347848023098]]}
{"519.lbm_r": [[1397.0, 0.0594664321169457]]}
{"519.lbm_r": [[1389.0, 0.14756762933817172]]}
{"519.lbm_r": [[4442.0, 1.195715283455974]]}
{"519.lbm_r": [[1796.0, 0.00020783079337666265]]}
{"519.lbm_r": [[1373.0, 0.11573180370445763]]}
{"519.lbm_r": [[1379.0, 0.15209602838284753]]}
{"519.lbm_r": [[2009.0, 1.986729593833667]]}
{"519.lbm_r": [[1405.0, 0.11791597835647084]]}
{"519.lbm_r": [[739141.0, 1.0006061585095098]]}
{"519.lbm_r": [[1367.0, 0.13138606140962533]]}
{"519.lbm_r": [[1343.0, 0.16299853437685308]]}
{"519.lbm_r": [[1372.0, 0.1356036163576555]]}
{"519.lbm_r": [[1393.0, 0.17238887057499586]]}
{"519.lbm_r": [[1412.0, 0.18044840887840816]]}
{"519.lbm_r": [[1361.0, 0.17360609763669507]]}
{"519.lbm_r": [[1506189.0, 1.0002144154362065]]}
{"519.lbm_r": [[9051.0, 1.0824119485399653]]}
{"519.lbm_r": [[1357.0, 0.06182605732017873]]}
{"519.lbm_r": [[556511.0, 1.0008737493747617]]}
{"519.lbm_r": [[521254.0, 1.0011026756810064]]}
{"519.lbm_r": [[1499.0, 0.0018836997834888402]]}
