{"519.lbm_r": [[1443.0, 0.13710157051721794]]}
{"519.lbm_r": [[14800.0, 1.0460650081265277]]}
{"519.lbm_r": [[1451.0, 0.05518287996103673]]}
{"519.lbm_r": [[1398.0, 0.1298255239139262]]}
{"519.lbm_r": [[1411.0, 0.30548991888776683]]}
{"519.lbm_r": [[1921.0, 8.026863737075256e-05]]}
{"519.lbm_r": [[1400.0, 0.11558907311707287]]}
{"519.lbm_r": [[1365.0, 0.04832874297895342]]}
{"519.lbm_r": [[1527.0, 0.0016821256579002337]]}
{"519.lbm_r": [[2729.0, 1.4609860120382114]]}
{"519.lbm_r": [[1375.0, 0.22576868017401433]]}
{"519.lbm_r": [[1408.0, 0.2018649653519464]]}
{"519.lbm_r": [[1426.0, 0.07667030664621109]]}
{"519.lbm_r": [[1391.0, 0.14168288651396693]]}
{"519.lbm_r": [[1379.0, 0.15147895063082045]]}
{"519.lbm_r": [[1425.0, 0.09066070548372815]]}
{"519.lbm_r": [[1430.0, 0.012541660022190721]]}
{"519.lbm_r": [[1565.0, 0.0010683250485950043]]}
{"519.lbm_r": [[1382.0, 0.09906721611297749]]}
{"519.lbm_r": [[1399.0, 0.2746590631002751]]}
{"519.lbm_r": [[1413.0, 0.05603467098005954]]}
{"519.lbm_r": [[1453.0, 0.06766070200134051]]}
{"519.lbm_r": [[1393.0, 0.13482163107006723]]}
{"519.lbm_r": [[1454.0, 0.12136509732838137]]}
{"519.lbm_r": [[1554.0, 0.0012051145458130217]]}
