{"519.lbm_r": [[1395.0, 0.001686447758651819]]}
{"519.lbm_r": [[1501.0, 0.0006511075422247115]]}
{"519.lbm_r": [[1404.0, 0.12547418710067765]]}
{"519.lbm_r": [[1477.0, 0.0006238751121194088]]}
{"519.lbm_r": [[1364.0, 0.20449663612871538]]}
{"519.lbm_r": [[1347906.0, 24.003906232159665]]}
{"519.lbm_r": [[1426.0, 0.0028178104420197064]]}
{"519.lbm_r": [[1463.0, 0.0010873906322888232]]}
{"519.lbm_r": [[1402.0, 0.0009406953535769612]]}
{"519.lbm_r": [[1382.0, 0.20444806726965337]]}
{"519.lbm_r": [[1371.0, 0.0015079709001412061]]}
{"519.lbm_r": [[1394.0, 0.0013062128335603162]]}
{"519.lbm_r": [[13320266.0, 100.0]]}
{"519.lbm_r": [[158378.0, 2.0050353674475794]]}
{"519.lbm_r": [[1466.0, 0.008472807935342741]]}
{"519.lbm_r": [[1471.0, 0.0009415966677090241]]}
{"519.lbm_r": [[126692.0, 3.009662306709064]]}
{"519.lbm_r": [[1454.0, 0.0017734570212473936]]}
{"519.lbm_r": [[92683.0, 1.0047219648520138]]}
{"519.lbm_r": [[1445.0, 0.0013111344037921551]]}
{"519.lbm_r": [[1372.0, 0.0009456356304205567]]}
{"519.lbm_r": [[1434.0, 0.0008604343714856644]]}
{"519.lbm_r": [[1448.0, 0.07857751103223491]]}
{"519.lbm_r": [[1512.0, 0.0005057355452517058]]}
{"519.lbm_r": [[1455.0, 0.0016157876531535148]]}
