{"519.lbm_r": [[1455.0, 0.0010645535725791878]]}
{"519.lbm_r": [[1468.0, 0.0018893702231909666]]}
{"519.lbm_r": [[1393.0, 0.13397329839916677]]}
{"519.lbm_r": [[1466.0, 0.0011922840516683888]]}
{"519.lbm_r": [[1461.0, 0.0007416504545524685]]}
{"519.lbm_r": [[1511.0, 0.0005500147503692428]]}
{"519.lbm_r": [[1457.0, 0.0011122815075608925]]}
{"519.lbm_r": [[1447.0, 0.0085292358690834]]}
{"519.lbm_r": [[1480.0, 0.0012769346180274126]]}
{"519.lbm_r": [[1476.0, 0.04524074400018625]]}
{"519.lbm_r": [[829868.0, 15.609926944883712]]}
{"519.lbm_r": [[1467.0, 0.005931839302953545]]}
{"519.lbm_r": [[1503.0, 0.0009667363158995274]]}
{"519.lbm_r": [[1495.0, 0.0023560131686694696]]}
{"519.lbm_r": [[1414.0, 0.20439823386926245]]}
{"519.lbm_r": [[1285846.0, 29.002483942186224]]}
{"519.lbm_r": [[219823.0, 4.003248873834112]]}
{"519.lbm_r": [[1464.0, 0.0006629851140738854]]}
{"519.lbm_r": [[1460.0, 0.15239190984334305]]}
{"519.lbm_r": [[1505.0, 0.0012776035020193922]]}
{"519.lbm_r": [[1410.0, 0.14481387616881614]]}
{"519.lbm_r": [[180901.0, 3.008867152322654]]}
{"519.lbm_r": [[1509.0, 0.0004837723797972702]]}
{"519.lbm_r": [[1424.0, 0.1296859235505624]]}
{"519.lbm_r": [[1418.0, 0.08244691191105677]]}
{"519.lbm_r": [[1492.0, 0.0009121739669003261]]}
{"519.lbm_r": [[1524.0, 0.002297905494056792]]}
{"519.lbm_r": [[1398.0, 0.1599856656136075]]}
