{"519.lbm_r": [[42358.0, 1.0145935597287563]]}
{"519.lbm_r": [[1394.0, 0.1378098725387435]]}
{"519.lbm_r": [[1333.0, 0.17461811755300877]]}
{"519.lbm_r": [[1408.0, 0.2621762800843046]]}
{"519.lbm_r": [[1430.0, 0.13676574008619954]]}
{"519.lbm_r": [[1364.0, 0.2729900422098062]]}
{"519.lbm_r": [[1419.0, 0.11901888685132628]]}
{"519.lbm_r": [[1381.0, 0.14768978501204885]]}
{"519.lbm_r": [[1344.0, 0.2183910313027699]]}
{"519.lbm_r": [[1356.0, 0.07444153739264021]]}
{"519.lbm_r": [[1349.0, 0.17318596730409616]]}
{"519.lbm_r": [[1401.0, 0.04281630061052901]]}
{"519.lbm_r": [[1392.0, 0.0939421731564942]]}
{"519.lbm_r": [[317459.0, 1.0018924469907389]]}
{"519.lbm_r": [[1638.0, 0.0005188334601064578]]}
{"519.lbm_r": [[1453.0, 0.06969611393674441]]}
{"519.lbm_r": [[1351.0, 0.2392966277776146]]}
{"519.lbm_r": [[494168.0, 1.0011115303106493]]}
{"519.lbm_r": [[1378.0, 0.3016538157393879]]}
{"519.lbm_r": [[1992.0, 7.758601010226788e-06]]}
{"519.lbm_r": [[1407.0, 0.16326334083287364]]}
{"519.lbm_r": [[1386.0, 0.13619310060828452]]}
{"519.lbm_r": [[650444.0, 1.0007000097913565]]}
{"519.lbm_r": [[28074.0, 1.02396959329284]]}
{"519.lbm_r": [[1369.0, 0.2654075813035896]]}
