{"519.lbm_r": [[1497.0, 0.0018436692553804189]]}
{"519.lbm_r": [[1483.0, 0.003019356652773071]]}
{"519.lbm_r": [[1448.0, 0.2323743559676156]]}
{"519.lbm_r": [[1490.0, 0.17109643711615208]]}
{"519.lbm_r": [[1550.0, 0.0006557191930024389]]}
{"519.lbm_r": [[1459.0, 0.08257252347458911]]}
{"519.lbm_r": [[1437.0, 0.07115874916003705]]}
{"519.lbm_r": [[1480.0, 0.008372007138609661]]}
{"519.lbm_r": [[1428.0, 0.0009606312470310269]]}
{"519.lbm_r": [[1481.0, 0.0008947263885251269]]}
{"519.lbm_r": [[1452.0, 0.2357345078778254]]}
{"519.lbm_r": [[1390.0, 0.00570968412838382]]}
{"519.lbm_r": [[1437.0, 0.000659872993184601]]}
{"519.lbm_r": [[1515.0, 0.0006322313713951064]]}
{"519.lbm_r": [[1794.0, 0.0005201971076582193]]}
{"519.lbm_r": [[1416.0, 0.06582844963026904]]}
{"519.lbm_r": [[1964.0, 5.120247486130064e-05]]}
{"519.lbm_r": [[1511.0, 0.002509442463977763]]}
{"519.lbm_r": [[82831.0, 1.0042091759021419]]}
{"519.lbm_r": [[1487.0, 0.018150338488199705]]}
{"519.lbm_r": [[67187.0, 1.005857011811664]]}
{"519.lbm_r": [[1447.0, 0.0021514754651041196]]}
{"519.lbm_r": [[2184.0, 1.758961327526443]]}
{"519.lbm_r": [[1443.0, 0.12334532558659311]]}
{"519.lbm_r": [[146944.0, 3.007183932744298]]}
