{"519.lbm_r": [[1360.0, 0.1787092911805846]]}
{"519.lbm_r": [[1412.0, 0.1919510296839268]]}
{"519.lbm_r": [[1410.0, 0.20051155660836006]]}
{"519.lbm_r": [[1384.0, 0.018499179335886913]]}
{"519.lbm_r": [[1410.0, 0.09179063295306349]]}
{"519.lbm_r": [[1888.0, 0.0001137443569589187]]}
{"519.lbm_r": [[1438.0, 0.05410101836991153]]}
{"519.lbm_r": [[350824.0, 1.0014531109455436]]}
{"519.lbm_r": [[1417.0, 0.09912697872518446]]}
{"519.lbm_r": [[2052.0, 1.92660406844719]]}
{"519.lbm_r": [[1414.0, 0.12491635036000827]]}
{"519.lbm_r": [[1429.0, 0.057027165431455466]]}
{"519.lbm_r": [[512591.0, 1.0009281635897131]]}
{"519.lbm_r": [[1449.0, 0.016721677608974386]]}
{"519.lbm_r": [[1466.0, 0.1960740072069502]]}
{"519.lbm_r": [[181860.0, 1.0028741579560396]]}
{"519.lbm_r": [[1455.0, 0.1494228354906323]]}
{"519.lbm_r": [[1418.0, 0.10903203663231123]]}
{"519.lbm_r": [[1412.0, 0.2029826224002486]]}
{"519.lbm_r": [[1420.0, 0.1500797948556578]]}
{"519.lbm_r": [[326982.0, 1.0016928315806208]]}
{"519.lbm_r": [[440339.0, 1.0012476619896709]]}
{"519.lbm_r": [[1421.0, 0.1425020327825976]]}
{"519.lbm_r": [[1449.0, 0.2234047141655344]]}
{"519.lbm_r": [[1433.0, 0.11528282015152559]]}
