{"519.lbm_r": [[1365.0, 0.11200443089077229]]}
{"519.lbm_r": [[4362.0, 1.217029274796431]]}
{"519.lbm_r": [[1409.0, 0.14131850929927975]]}
{"519.lbm_r": [[1305.0, 0.2191485720991232]]}
{"519.lbm_r": [[466302.0, 1.001021955832711]]}
{"519.lbm_r": [[1448.0, 0.1091307825134982]]}
{"519.lbm_r": [[1418.0, 0.19337190377902894]]}
{"519.lbm_r": [[1394.0, 0.20647639685097152]]}
{"519.lbm_r": [[1421.0, 0.1247175588920285]]}
{"519.lbm_r": [[1457.0, 0.04691051424891144]]}
{"519.lbm_r": [[1391.0, 0.10355628627937455]]}
{"519.lbm_r": [[1410.0, 0.15378726674854118]]}
{"519.lbm_r": [[378767.0, 1.0013925009894558]]}
{"519.lbm_r": [[1451.0, 0.1656957261500663]]}
{"519.lbm_r": [[1439.0, 0.14767414436768692]]}
{"519.lbm_r": [[1464.0, 0.09916615689840566]]}
{"519.lbm_r": [[1380.0, 0.104199954984699]]}
{"519.lbm_r": [[1396.0, 0.1630797444329546]]}
{"519.lbm_r": [[1410.0, 0.08984528103638495]]}
{"519.lbm_r": [[1514.0, 0.0018092653651514553]]}
{"519.lbm_r": [[429235.0, 1.0012236152250096]]}
{"519.lbm_r": [[1397.0, 0.10202139496337827]]}
{"519.lbm_r": [[1410.0, 0.09782924368612203]]}
{"519.lbm_r": [[1443.0, 0.06947192064965096]]}
{"519.lbm_r": [[1377.0, 0.10799700631806923]]}
