{"519.lbm_r": [[15836789.0, 100.0]]}
{"519.lbm_r": [[1453.0, 0.002663522210159445]]}
{"519.lbm_r": [[1415.0, 0.1561352466956857]]}
{"519.lbm_r": [[234389.0, 5.21160947960028]]}
{"519.lbm_r": [[1449.0, 0.0009188882844074748]]}
{"519.lbm_r": [[1434.0, 0.0480021286100739]]}
{"519.lbm_r": [[1498.0, 0.0013045701883681441]]}
{"519.lbm_r": [[1457.0, 0.001566030734242553]]}
{"519.lbm_r": [[1415.0, 0.004763003491946216]]}
{"519.lbm_r": [[1457.0, 0.0012364088368820524]]}
{"519.lbm_r": [[1407.0, 0.19023657031583766]]}
{"519.lbm_r": [[8172263.0, 100.0]]}
{"519.lbm_r": [[1452.0, 0.0010400742758096147]]}
{"519.lbm_r": [[1480.0, 0.0007839199479797571]]}
{"519.lbm_r": [[1428.0, 0.0045061406083393455]]}
{"519.lbm_r": [[1431.0, 0.0016716657168412506]]}
{"519.lbm_r": [[1465.0, 0.0009283880575027281]]}
{"519.lbm_r": [[1418.0, 0.07825258361707942]]}
{"519.lbm_r": [[1411.0, 0.0021122189186507873]]}
{"519.lbm_r": [[1398.0, 0.14797423338861357]]}
{"519.lbm_r": [[1430.0, 0.11426484246080644]]}
{"519.lbm_r": [[1442.0, 0.0018107919148057723]]}
{"519.lbm_r": [[11323120.0, 100.0]]}
{"519.lbm_r": [[1416.0, 0.0037258204690157402]]}
{"519.lbm_r": [[8641.0, 1.0853388458491435]]}
