{"519.lbm_r": [[1480.0, 0.002698475277870988]]}
{"519.lbm_r": [[119355.0, 1.0028610532859743]]}
{"519.lbm_r": [[274651.0, 6.0107650982853125]]}
{"519.lbm_r": [[1488.0, 0.0004802234702644877]]}
{"519.lbm_r": [[1530.0, 0.001303446574184894]]}
{"519.lbm_r": [[1426.0, 0.0016692465546025111]]}
{"519.lbm_r": [[60104.0, 1.0079982874358113]]}
{"519.lbm_r": [[3725405.0, 100.0]]}
{"519.lbm_r": [[1364.0, 0.11004360314145437]]}
{"519.lbm_r": [[1518.0, 0.0008410414957800825]]}
{"519.lbm_r": [[1446.0, 0.001059118008450064]]}
{"519.lbm_r": [[1482.0, 0.0009076984676862253]]}
{"519.lbm_r": [[1724.0, 0.00028634676588551146]]}
{"519.lbm_r": [[1490.0, 0.0007489623537414743]]}
{"519.lbm_r": [[2072.0, 1.9003654503262002]]}
{"519.lbm_r": [[1447.0, 0.0021880682842605973]]}
{"519.lbm_r": [[1424.0, 0.0026096713906536588]]}
{"519.lbm_r": [[1395.0, 0.0011500953060487218]]}
{"519.lbm_r": [[1469.0, 0.0024588938055316446]]}
{"519.lbm_r": [[1457.0, 0.0031560765554607853]]}
{"519.lbm_r": [[1445.0, 0.0012685308264390985]]}
{"519.lbm_r": [[1383.0, 0.14154356860930156]]}
{"519.lbm_r": [[1552.0, 0.00042848054259453665]]}
{"519.lbm_r": [[1488.0, 0.0004696653266225236]]}
{"519.lbm_r": [[1453.0, 0.0014553203047953996]]}
{"519.lbm_r": [[1465.0, 0.0020035407625462443]]}
{"519.lbm_r": [[1437.0, 0.0021883703256174065]]}
{"519.lbm_r": [[1513.0, 0.0023727222324625295]]}
