{"519.lbm_r": [[1367.0, 0.2628176507705531]]}
{"519.lbm_r": [[1410.0, 0.07855972264546575]]}
{"519.lbm_r": [[1518.0, 0.00266154572914878]]}
{"519.lbm_r": [[3702.0, 1.2517972071743504]]}
{"519.lbm_r": [[1383.0, 0.12970166449272433]]}
{"519.lbm_r": [[1433.0, 0.20726196511444267]]}
{"519.lbm_r": [[1378.0, 0.30198969165845085]]}
{"519.lbm_r": [[1366.0, 0.13352466074473276]]}
{"519.lbm_r": [[1318.0, 0.1563012793848265]]}
{"519.lbm_r": [[1340.0, 0.18791856436005377]]}
{"519.lbm_r": [[1360.0, 0.09841835681654912]]}
{"519.lbm_r": [[1394.0, 0.07171630430127518]]}
{"519.lbm_r": [[1382.0, 0.1471874806328099]]}
{"519.lbm_r": [[1354.0, 0.08413381125359425]]}
{"519.lbm_r": [[1385.0, 0.07371916506287152]]}
{"519.lbm_r": [[1370.0, 0.2209503036663273]]}
{"519.lbm_r": [[1438.0, 0.07133042386561601]]}
{"519.lbm_r": [[1421.0, 0.02196168842109283]]}
{"519.lbm_r": [[1397.0, 0.0719549705411186]]}
{"519.lbm_r": [[1376.0, 0.10892620094200704]]}
{"519.lbm_r": [[1373.0, 0.15911811075198468]]}
{"519.lbm_r": [[1416.0, 0.09388949645649075]]}
{"519.lbm_r": [[1398.0, 0.13827470456742616]]}
{"519.lbm_r": [[1404.0, 0.22891883269340588]]}
{"519.lbm_r": [[1112367.0, 1.0003658054608204]]}
