{"519.lbm_r": [[3042.0, 1.349409613617623]]}
{"519.lbm_r": [[1409.0, 0.0018685859774792508]]}
{"519.lbm_r": [[4891750.0, 100.0]]}
{"519.lbm_r": [[1452.0, 0.0006720625233991341]]}
{"519.lbm_r": [[196910.0, 4.003556947480173]]}
{"519.lbm_r": [[1457.0, 0.00215907916670913]]}
{"519.lbm_r": [[1461.0, 0.07236930597071829]]}
{"519.lbm_r": [[1526.0, 0.0015481968949924837]]}
{"519.lbm_r": [[1454.0, 0.0011229431661459047]]}
{"519.lbm_r": [[1436.0, 0.12860763362739333]]}
{"519.lbm_r": [[1496.0, 0.0011086068505388844]]}
{"519.lbm_r": [[1492.0, 0.0007231471712397904]]}
{"519.lbm_r": [[1445.0, 0.1140776865446747]]}
{"519.lbm_r": [[1417.0, 0.18004673933074244]]}
{"519.lbm_r": [[16581532.0, 100.0]]}
{"519.lbm_r": [[1487.0, 0.0014502217556128304]]}
{"519.lbm_r": [[1509.0, 0.0018547556288273646]]}
{"519.lbm_r": [[1477.0, 0.0010378780940951328]]}
{"519.lbm_r": [[1409.0, 0.0006186126637434924]]}
{"519.lbm_r": [[1465.0, 0.18270313233375665]]}
{"519.lbm_r": [[1454.0, 0.010586376440566014]]}
{"519.lbm_r": [[1516.0, 0.060418581875650905]]}
{"519.lbm_r": [[1475.0, 0.0016567249912380062]]}
{"519.lbm_r": [[1443.0, 0.11962789964259486]]}
{"519.lbm_r": [[1445.0, 0.1261374899129346]]}
{"519.lbm_r": [[1480.0, 0.0018131691507337815]]}
{"519.lbm_r": [[222126.0, 5.472358359138703]]}
{"519.lbm_r": [[1420.0, 0.1516786025275425]]}
