{"519.lbm_r": [[1476.0, 0.00056721000981053]]}
{"519.lbm_r": [[1475.0, 0.0004460586379171027]]}
{"519.lbm_r": [[12566732.0, 100.0]]}
{"519.lbm_r": [[1445.0, 0.059361825649820156]]}
{"519.lbm_r": [[1551.0, 0.0005490644731315622]]}
{"519.lbm_r": [[1436.0, 0.0016466940615703467]]}
{"519.lbm_r": [[1490.0, 0.000978654643001397]]}
{"519.lbm_r": [[171501.0, 3.002525931883303]]}
{"519.lbm_r": [[1421.0, 0.07927071406269896]]}
{"519.lbm_r": [[81250.0, 1.0050856015458896]]}
{"519.lbm_r": [[1439.0, 0.0008441526592875379]]}
{"519.lbm_r": [[13034592.0, 100.0]]}
{"519.lbm_r": [[1319001.0, 25.00031173253026]]}
{"519.lbm_r": [[1461.0, 0.05707165961467419]]}
{"519.lbm_r": [[1424.0, 0.000879199705326785]]}
{"519.lbm_r": [[1500.0, 0.0017987941037012685]]}
{"519.lbm_r": [[2015.0000000000002, 1.9783991278693072]]}
{"519.lbm_r": [[1439.0, 0.0011006766715983842]]}
{"519.lbm_r": [[3273965.0, 100.0]]}
{"519.lbm_r": [[1513.0, 0.0038194464310929957]]}
{"519.lbm_r": [[1551.0, 0.000482954520820917]]}
{"519.lbm_r": [[1490.0, 0.058215531640369675]]}
{"519.lbm_r": [[1514.0, 0.0009345856640741494]]}
{"519.lbm_r": [[1454.0, 0.0018045957596822299]]}
{"519.lbm_r": [[1432.0, 0.1414263772124186]]}
