{"519.lbm_r": [[1488.0, 0.07471660818119699]]}
{"519.lbm_r": [[1449.0, 0.07475683013202544]]}
{"519.lbm_r": [[17703.0, 1.031142887209486]]}
{"519.lbm_r": [[112724.0, 1.000690401951226]]}
{"519.lbm_r": [[1519.0, 0.0008307483328540673]]}
{"519.lbm_r": [[1480.0, 0.0006367787628584346]]}
{"519.lbm_r": [[1504.0, 0.0011513321704988604]]}
{"519.lbm_r": [[6830050.0, 100.0]]}
{"519.lbm_r": [[1422.0, 0.10670778202863204]]}
{"519.lbm_r": [[8430101.0, 100.0]]}
{"519.lbm_r": [[1433.0, 0.0005339728035419115]]}
{"519.lbm_r": [[1410.0, 0.0016159269606586463]]}
{"519.lbm_r": [[510107.0, 9.003351812367832]]}
{"519.lbm_r": [[172270.0, 2.0054501152305755]]}
{"519.lbm_r": [[1438.0, 0.08689548193550231]]}
{"519.lbm_r": [[1471.0, 0.003545599955647846]]}
{"519.lbm_r": [[1462.0, 0.1106991904515742]]}
{"519.lbm_r": [[1438.0, 0.06650764296555403]]}
{"519.lbm_r": [[1429.0, 0.08356562599600574]]}
{"519.lbm_r": [[1476.0, 0.0006668925530604699]]}
{"519.lbm_r": [[1446.0, 0.05200982409494157]]}
{"519.lbm_r": [[1419.0, 0.14263021090959221]]}
{"519.lbm_r": [[1453.0, 0.12883236555178246]]}
{"519.lbm_r": [[1539.0, 0.0016236710431420777]]}
{"519.lbm_r": [[1506.0, 0.00040957546837689285]]}
{"519.lbm_r": [[1488.0, 0.059225260087405154]]}
{"519.lbm_r": [[1526.0, 0.0011483882461140842]]}
{"519.lbm_r": [[1624.0, 0.000437182570016904]]}
