{"519.lbm_r": [[342682.0, 1.001607049789473]]}
{"519.lbm_r": [[1317.0, 0.1293957338105338]]}
{"519.lbm_r": [[1403.0, 0.08351583022463045]]}
{"519.lbm_r": [[1085233.0, 1.0003686633600444]]}
{"519.lbm_r": [[934096.0, 1.000470211087477]]}
{"519.lbm_r": [[2000.0, 3.379075095624257e-07]]}
{"519.lbm_r": [[1375.0, 0.08618053546231241]]}
{"519.lbm_r": [[1428.0, 0.11171235078854291]]}
{"519.lbm_r": [[1299.0, 0.10198932027618744]]}
{"519.lbm_r": [[1385.0, 0.20714264670501537]]}
{"519.lbm_r": [[1348.0, 0.18719369210783499]]}
{"519.lbm_r": [[1376.0, 0.02831442440742648]]}
{"519.lbm_r": [[1428.0, 0.06122505304172622]]}
{"519.lbm_r": [[1426.0, 0.11853682136742803]]}
{"519.lbm_r": [[1396.0, 0.13607782664199936]]}
{"519.lbm_r": [[1965.0, 3.2341277487437956e-05]]}
{"519.lbm_r": [[572483.0, 1.0008603873279553]]}
{"519.lbm_r": [[911789.0, 1.0004534068018942]]}
{"519.lbm_r": [[1352.0, 0.12094008500739918]]}
{"519.lbm_r": [[18201.0, 1.0337969331024466]]}
{"519.lbm_r": [[1935.0, 5.6583474686891475e-05]]}
{"519.lbm_r": [[1362.0, 0.16969077988137982]]}
{"519.lbm_r": [[1362.0, 0.23628359004433006]]}
{"519.lbm_r": [[466791.0, 1.0010342474832512]]}
{"519.lbm_r": [[1973.0, 2.400639093394366e-05]]}
