{"519.lbm_r": [[52.625, 152.5625, 0.6302646983033544]], "baseline": [[51.625, 76.9375, 0.0]]}
{"519.lbm_r": [[52.875, 203.875, 0.5341771062993024]], "baseline": [[52.0, 77.8125, 0.0]]}
