{"507.cactuBSSN_r": [[66.1875, 634.8125, 1.0040902424253055]]}
{"507.cactuBSSN_r": [[66.375, 614.1875, 0.9544163829154545]]}
{"507.cactuBSSN_r": [[66.4375, 455.25, 1.1987148123306433]]}
{"507.cactuBSSN_r": [[65.8125, 488.875, 1.106035760714771]]}
{"507.cactuBSSN_r": [[65.875, 314.5625, 1.3025932066245156]]}
{"507.cactuBSSN_r": [[66.25, 455.125, 0.9320541150605067]]}
{"507.cactuBSSN_r": [[65.375, 345.75, 0.8386027271526251]]}
{"507.cactuBSSN_r": [[65.5625, 507.8125, 0.9668464370447972]]}
{"507.cactuBSSN_r": [[65.375, 248.6875, 0.8952966166078448]]}
{"507.cactuBSSN_r": [[65.625, 254.0, 0.3763030315199543]]}
{"507.cactuBSSN_r": [[67.375, 812.5, 0.9824667218005726]]}
{"507.cactuBSSN_r": [[66.0, 405.5625, 0.9661257180506597]]}
{"507.cactuBSSN_r": [[66.375, 777.1875, 1.0498119658944038]]}
{"507.cactuBSSN_r": [[64.875, 109.625, 0.20395644461962947]]}
{"507.cactuBSSN_r": [[65.8125, 493.375, 0.8124625993262025]]}
{"507.cactuBSSN_r": [[66.3125, 462.8125, 1.133368752662419]]}
{"507.cactuBSSN_r": [[65.625, 230.75, 0.6879333775446395]]}
{"507.cactuBSSN_r": [[66.375, 572.75, 1.2408615952213229]]}
{"507.cactuBSSN_r": [[66.125, 491.9375, 0.9552249676475211]]}
{"507.cactuBSSN_r": [[65.0625, 214.9375, 0.7217793330270599]]}
{"507.cactuBSSN_r": [[65.375, 634.0625, 1.2261022902598644]]}
