{"519.lbm_r": [[65.125, 443.5625, 0.9165516671719721]], "baseline": [[64.9375, 108.8125, 0.11948529411764705]]}
{"519.lbm_r": [[65.6875, 443.4375, 1.2589148400866157]], "baseline": [[65.3125, 109.5, 0.0]]}
{"519.lbm_r": [[65.4375, 375.6875, 0.8144358383807032]], "baseline": [[64.9375, 110.8125, 0.11280487804878049]]}
{"519.lbm_r": [[64.5, 130.0625, 0.5795305735930736]], "baseline": [[65.0, 110.5, 0.23907563025210082]]}
{"519.lbm_r": [[66.3125, 484.5, 1.1166389823533913]], "baseline": [[65.625, 110.8125, 0.23080357142857144]]}
{"519.lbm_r": [[66.0, 438.875, 0.9718431541966658]], "baseline": [[64.8125, 107.125, 0.0]]}
{"519.lbm_r": [[66.1875, 468.4375, 1.0740687427018552]], "baseline": [[64.5625, 107.8125, 0.0]]}
{"519.lbm_r": [[65.25, 580.375, 1.0121093148209952]], "baseline": [[65.25, 114.0, 0.32448472580051524]]}
{"519.lbm_r": [[66.0, 629.0, 1.0137284645082592]], "baseline": [[65.0, 110.4375, 0.11538461538461539]]}
{"519.lbm_r": [[65.1875, 477.8125, 0.9855874616420957]], "baseline": [[64.6875, 107.1875, 0.0]]}
{"519.lbm_r": [[65.875, 506.0625, 1.0548937029705194]], "baseline": [[65.1875, 112.6875, 0.3391672922922923]]}
{"519.lbm_r": [[65.0, 108.6875, 0.229490022172949]], "baseline": [[64.9375, 109.1875, 0.11655405405405406]]}
{"519.lbm_r": [[65.125, 270.0625, 0.53842802842619]], "baseline": [[64.4375, 108.125, 0.0]]}
{"519.lbm_r": [[65.875, 758.6875, 1.054699531846835]], "baseline": [[65.0625, 110.25, 0.11607142857142858]]}
{"519.lbm_r": [[65.4375, 575.625, 1.0129655253192946]], "baseline": [[64.8125, 108.0625, 0.0]]}
{"519.lbm_r": [[65.1875, 339.5625, 1.043667363075667]], "baseline": [[64.875, 110.0, 0.11824324324324324]]}
{"519.lbm_r": [[65.1875, 108.8125, 0.0]], "baseline": [[65.0625, 110.0, 0.0]]}
{"519.lbm_r": [[66.0, 467.1875, 1.18046339242128]], "baseline": [[64.625, 109.5625, 0.3463726359338062]]}
{"519.lbm_r": [[64.9375, 137.5, 0.8114316823116114]], "baseline": [[64.1875, 106.375, 0.0]]}
{"519.lbm_r": [[64.3125, 151.875, 0.6497929291433193]], "baseline": [[64.5625, 107.4375, 0.0]]}
{"519.lbm_r": [[65.8125, 546.5625, 1.0728064272140772]], "baseline": [[65.0625, 109.5625, 0.11948529411764705]]}

