{"519.lbm_r": [[61.375, 509.5625, 0.8601244201094315]], "baseline": [[60.4375, 97.25, 0.0]]}
{"519.lbm_r": [[60.125, 231.6875, 0.06295745654162854]], "baseline": [[60.625, 96.125, 0.0]]}
