{"519.lbm_r": [[73.875, 635.125, 1.2423406701968944]], "baseline": [[72.3125, 142.3125, 1.6427498635106246]]}
