{"519.lbm_r": [[71.25, 546.4375, 1.173682060150035]], "baseline": [[69.8125, 134.75, 0.9284215257619083]]}
