{"519.lbm_r": [[67.9375, 183.625, 1.089803995586143]], "baseline": [[67.8125, 118.125, 0.5461220934738451]]}
