{"masstree": {"blackscholes": {"95th_latency": 23386645.0, "99th_latency": 24330382.0, "violate_rate": 99.00737203593158, "throughput": 6000}, "bodytrack": {"95th_latency": 24003580.0, "99th_latency": 24936796.0, "violate_rate": 99.0069572327884, "throughput": 6000}, "facesim": {"95th_latency": 27127310.0, "99th_latency": 28229813.0, "violate_rate": 99.00607791220226, "throughput": 6000}, "ferret": {"95th_latency": 27983186.0, "99th_latency": 28935802.0, "violate_rate": 99.00493938881523, "throughput": 6000}, "fluidanimate": {"95th_latency": 29539086.0, "99th_latency": 30745113.0, "violate_rate": 99.00624257918447, "throughput": 6000}, "freqmine": {"95th_latency": 23846221.0, "99th_latency": 24785488.0, "violate_rate": 99.00620167646079, "throughput": 6000}, "raytrace": {"95th_latency": 22887289.0, "99th_latency": 23796586.0, "violate_rate": 99.00790015255416, "throughput": 6000}, "swaptions": {"95th_latency": 23316492.0, "99th_latency": 24235546.0, "violate_rate": 99.00752260735821, "throughput": 6000}, "vips": {"95th_latency": 23543844.0, "99th_latency": 24477741.0, "violate_rate": 99.00589997247229, "throughput": 6000}, "x264": {"95th_latency": 23212478.0, "99th_latency": 24105935.0, "violate_rate": 99.00648110757209, "throughput": 6000}, "baseline": {"95th_latency": 23246397.0, "99th_latency": 24236750.0, "violate_rate": 99.00703760056011, "throughput": 6000}}}
