{"masstree": {"blackscholes": {"95th_latency": 626534.0, "99th_latency": 695778.0, "violate_rate": 99.07567594889964, "throughput": 5000}, "bodytrack": {"95th_latency": 883809.0, "99th_latency": 982657.0, "violate_rate": 99.13700814755116, "throughput": 5000}, "facesim": {"95th_latency": 3631242.0, "99th_latency": 3712985.0, "violate_rate": 99.03769261553633, "throughput": 5000}, "ferret": {"95th_latency": 5559093.0, "99th_latency": 5609870.0, "violate_rate": 99.01908958589821, "throughput": 5000}, "fluidanimate": {"95th_latency": 4933091.0, "99th_latency": 5036329.0, "violate_rate": 99.03961263995473, "throughput": 5000}, "freqmine": {"95th_latency": 1296667.0, "99th_latency": 1353758.0, "violate_rate": 99.04358318451739, "throughput": 5000}, "raytrace": {"95th_latency": 530959.0, "99th_latency": 633635.0, "violate_rate": 99.09868202552205, "throughput": 5000}, "swaptions": {"95th_latency": 446794.0, "99th_latency": 513600.0, "violate_rate": 99.1584498265853, "throughput": 5000}, "vips": {"95th_latency": 350793.0, "99th_latency": 449616.0, "violate_rate": 99.16115099566328, "throughput": 5000}, "x264": {"95th_latency": 454238.0, "99th_latency": 534082.0, "violate_rate": 99.10520285585564, "throughput": 5000}, "baseline": {"95th_latency": 532355.0, "99th_latency": 628046.0, "violate_rate": 99.1371578309498, "throughput": 5000}}}
{"masstree": {"blackscholes": {"95th_latency": 658090.0, "99th_latency": 758089.0, "violate_rate": 99.1800957588212, "throughput": 5000}, "bodytrack": {"95th_latency": 993940.0, "99th_latency": 1107836.0, "violate_rate": 99.10402440483006, "throughput": 5000}, "facesim": {"95th_latency": 3625112.0, "99th_latency": 3719153.0, "violate_rate": 99.02977315112216, "throughput": 5000}, "ferret": {"95th_latency": 5726413.0, "99th_latency": 5811846.0, "violate_rate": 99.01963685902639, "throughput": 5000}, "fluidanimate": {"95th_latency": 5420037.0, "99th_latency": 5554676.0, "violate_rate": 99.04042982255531, "throughput": 5000}, "freqmine": {"95th_latency": 1140744.0, "99th_latency": 1198470.0, "violate_rate": 99.0849859563023, "throughput": 5000}, "raytrace": {"95th_latency": 910291.0, "99th_latency": 1006759.0, "violate_rate": 99.15010833467008, "throughput": 5000}, "swaptions": {"95th_latency": 3682047.0, "99th_latency": 3753376.0, "violate_rate": 99.02277532800595, "throughput": 5000}, "vips": {"95th_latency": 792396.0, "99th_latency": 867438.0, "violate_rate": 99.13998226028127, "throughput": 5000}, "x264": {"95th_latency": 889822.0, "99th_latency": 975765.0, "violate_rate": 99.13911658865695, "throughput": 5000}, "baseline": {"95th_latency": 723647.0, "99th_latency": 819811.0, "violate_rate": 99.22471101176009, "throughput": 5000}}}
{"masstree": {"blackscholes": {"95th_latency": 1075690.0, "99th_latency": 1161973.0, "violate_rate": 99.05223310170773, "throughput": 5000}, "bodytrack": {"95th_latency": 840337.0, "99th_latency": 939854.0, "violate_rate": 99.11433300053511, "throughput": 5000}, "facesim": {"95th_latency": 3436672.0, "99th_latency": 3485371.0, "violate_rate": 99.03640345178235, "throughput": 5000}, "ferret": {"95th_latency": 5774544.0, "99th_latency": 5857896.0, "violate_rate": 99.01431651410925, "throughput": 5000}, "fluidanimate": {"95th_latency": 4965339.0, "99th_latency": 5086084.0, "violate_rate": 99.04607947472971, "throughput": 5000}, "freqmine": {"95th_latency": 1216141.0, "99th_latency": 1320002.0, "violate_rate": 99.0312090662214, "throughput": 5000}, "raytrace": {"95th_latency": 574702.0, "99th_latency": 643856.0, "violate_rate": 99.19262008577017, "throughput": 5000}, "swaptions": {"95th_latency": 639056.0, "99th_latency": 726536.0, "violate_rate": 99.11847753276803, "throughput": 5000}, "vips": {"95th_latency": 1339275.0, "99th_latency": 1364315.0, "violate_rate": 99.11381924582852, "throughput": 5000}, "x264": {"95th_latency": 1081713.0, "99th_latency": 1130244.0, "violate_rate": 99.14831317527614, "throughput": 5000}, "baseline": {"95th_latency": 1100537.0, "99th_latency": 1157368.0, "violate_rate": 99.142863981018, "throughput": 5000}}}
{"masstree": {"blackscholes": {"95th_latency": 626898.0, "99th_latency": 670535.0, "violate_rate": 99.1102813097023, "throughput": 5000}, "bodytrack": {"95th_latency": 1523022.0, "99th_latency": 1592613.0, "violate_rate": 99.1055490020143, "throughput": 5000}, "facesim": {"95th_latency": 3197805.0, "99th_latency": 3318376.0, "violate_rate": 99.05990739732547, "throughput": 5000}, "ferret": {"95th_latency": 5873863.0, "99th_latency": 5964267.0, "violate_rate": 99.02014246650648, "throughput": 5000}, "fluidanimate": {"95th_latency": 5406204.0, "99th_latency": 5581598.0, "violate_rate": 99.0287664162524, "throughput": 5000}, "freqmine": {"95th_latency": 1408918.0, "99th_latency": 1495008.0, "violate_rate": 99.04806785177095, "throughput": 5000}, "raytrace": {"95th_latency": 1608609.0, "99th_latency": 1624801.0, "violate_rate": 99.05916952581867, "throughput": 5000}, "swaptions": {"95th_latency": 1340571.0, "99th_latency": 1408946.0, "violate_rate": 99.09639607260522, "throughput": 5000}, "vips": {"95th_latency": 1496055.0, "99th_latency": 1512792.0, "violate_rate": 99.1339467415695, "throughput": 5000}, "x264": {"95th_latency": 1701456.0, "99th_latency": 1736602.0, "violate_rate": 99.1037065393361, "throughput": 5000}, "baseline": {"95th_latency": 657544.0, "99th_latency": 740841.0, "violate_rate": 99.1191781674488, "throughput": 5000}}}
