{"masstree": {"blackscholes": {"95th_latency": 4378.0, "99th_latency": 14263.0, "violate_rate": 15.360984696911142, "throughput": 4000}, "bodytrack": {"95th_latency": 4450.0, "99th_latency": 15609.0, "violate_rate": 16.7903904888292, "throughput": 4000}, "facesim": {"95th_latency": 5566.0, "99th_latency": 17799.0, "violate_rate": 20.210669510016384, "throughput": 4000}, "ferret": {"95th_latency": 6829.0, "99th_latency": 22321.0, "violate_rate": 26.69243979607964, "throughput": 4000}, "fluidanimate": {"95th_latency": 5104.0, "99th_latency": 17160.0, "violate_rate": 18.471004305763206, "throughput": 4000}, "freqmine": {"95th_latency": 4592.0, "99th_latency": 15770.0, "violate_rate": 16.08696203728493, "throughput": 4000}, "raytrace": {"95th_latency": 4515.0, "99th_latency": 14885.0, "violate_rate": 16.470095564210222, "throughput": 4000}, "swaptions": {"95th_latency": 4378.0, "99th_latency": 14019.0, "violate_rate": 15.176519824236546, "throughput": 4000}, "vips": {"95th_latency": 4414.0, "99th_latency": 14804.0, "violate_rate": 15.583781607506454, "throughput": 4000}, "x264": {"95th_latency": 4840.0, "99th_latency": 16148.0, "violate_rate": 16.77192433332272, "throughput": 4000}, "baseline": {"95th_latency": 4497.0, "99th_latency": 14381.0, "violate_rate": 15.003396583359674, "throughput": 4000}}}
{"masstree": {"blackscholes": {"95th_latency": 4884.0, "99th_latency": 16417.0, "violate_rate": 17.834470221248996, "throughput": 4000}, "bodytrack": {"95th_latency": 4993.0, "99th_latency": 15795.0, "violate_rate": 17.401953386819464, "throughput": 4000}, "facesim": {"95th_latency": 5444.0, "99th_latency": 18107.0, "violate_rate": 20.30452592169202, "throughput": 4000}, "ferret": {"95th_latency": 6782.0, "99th_latency": 23869.0, "violate_rate": 26.095413153923904, "throughput": 4000}, "fluidanimate": {"95th_latency": 5171.0, "99th_latency": 16770.0, "violate_rate": 19.518928534343335, "throughput": 4000}, "freqmine": {"95th_latency": 5237.0, "99th_latency": 17019.0, "violate_rate": 17.248890817811013, "throughput": 4000}, "raytrace": {"95th_latency": 4386.0, "99th_latency": 14823.0, "violate_rate": 15.307698519360214, "throughput": 4000}, "swaptions": {"95th_latency": 4740.0, "99th_latency": 15577.0, "violate_rate": 16.121871294449026, "throughput": 4000}, "vips": {"95th_latency": 4463.0, "99th_latency": 15294.0, "violate_rate": 15.266160025193884, "throughput": 4000}, "x264": {"95th_latency": 4975.0, "99th_latency": 15623.0, "violate_rate": 16.92239885663797, "throughput": 4000}, "baseline": {"95th_latency": 4201.0, "99th_latency": 13246.0, "violate_rate": 14.075500918946132, "throughput": 4000}}}
{"masstree": {"blackscholes": {"95th_latency": 4770.0, "99th_latency": 16010.000000000002, "violate_rate": 16.15583890721888, "throughput": 4000}, "bodytrack": {"95th_latency": 4720.0, "99th_latency": 15151.0, "violate_rate": 15.048334578608989, "throughput": 4000}, "facesim": {"95th_latency": 5478.0, "99th_latency": 17540.0, "violate_rate": 21.9903565787733, "throughput": 4000}, "ferret": {"95th_latency": 7382.0, "99th_latency": 22760.0, "violate_rate": 27.6125869609273, "throughput": 4000}, "fluidanimate": {"95th_latency": 4935.0, "99th_latency": 16408.0, "violate_rate": 19.651048481893103, "throughput": 4000}, "freqmine": {"95th_latency": 4821.0, "99th_latency": 15655.0, "violate_rate": 18.740486460787807, "throughput": 4000}, "raytrace": {"95th_latency": 4480.0, "99th_latency": 15578.0, "violate_rate": 15.344826859876331, "throughput": 4000}, "swaptions": {"95th_latency": 4862.0, "99th_latency": 15175.0, "violate_rate": 16.020640885019688, "throughput": 4000}, "vips": {"95th_latency": 4393.0, "99th_latency": 14849.0, "violate_rate": 16.96949625687052, "throughput": 4000}, "x264": {"95th_latency": 4398.0, "99th_latency": 14223.0, "violate_rate": 15.569644670739994, "throughput": 4000}, "baseline": {"95th_latency": 4303.0, "99th_latency": 13797.0, "violate_rate": 15.470920821814058, "throughput": 4000}}}
{"masstree": {"blackscholes": {"95th_latency": 4847.0, "99th_latency": 15425.0, "violate_rate": 17.96648021546405, "throughput": 4000}, "bodytrack": {"95th_latency": 4291.0, "99th_latency": 14420.0, "violate_rate": 15.048533025746904, "throughput": 4000}, "facesim": {"95th_latency": 5263.0, "99th_latency": 17037.0, "violate_rate": 19.63161248914081, "throughput": 4000}, "ferret": {"95th_latency": 7337.0, "99th_latency": 23301.0, "violate_rate": 27.807676463607216, "throughput": 4000}, "fluidanimate": {"95th_latency": 5278.0, "99th_latency": 17089.0, "violate_rate": 18.332810699676696, "throughput": 4000}, "freqmine": {"95th_latency": 4874.0, "99th_latency": 17686.0, "violate_rate": 18.781299213120587, "throughput": 4000}, "raytrace": {"95th_latency": 4297.0, "99th_latency": 14924.0, "violate_rate": 15.493532456438688, "throughput": 4000}, "swaptions": {"95th_latency": 4151.0, "99th_latency": 14305.0, "violate_rate": 15.88881449366356, "throughput": 4000}, "vips": {"95th_latency": 4464.0, "99th_latency": 14707.0, "violate_rate": 15.310695368299818, "throughput": 4000}, "x264": {"95th_latency": 4394.0, "99th_latency": 14636.0, "violate_rate": 15.408554260836752, "throughput": 4000}, "baseline": {"95th_latency": 4387.0, "99th_latency": 14802.0, "violate_rate": 15.520322068526413, "throughput": 4000}}}
{"masstree": {"blackscholes": {"95th_latency": 4620.0, "99th_latency": 15246.0, "violate_rate": 16.718218512831083, "throughput": 4000}, "bodytrack": {"95th_latency": 4918.0, "99th_latency": 16232.0, "violate_rate": 18.71250673930108, "throughput": 4000}, "facesim": {"95th_latency": 5143.0, "99th_latency": 16268.0, "violate_rate": 19.649218446129908, "throughput": 4000}, "ferret": {"95th_latency": 7008.0, "99th_latency": 21923.0, "violate_rate": 27.25261193000915, "throughput": 4000}, "fluidanimate": {"95th_latency": 5143.0, "99th_latency": 16878.0, "violate_rate": 19.041377623806664, "throughput": 4000}, "freqmine": {"95th_latency": 4895.0, "99th_latency": 15458.0, "violate_rate": 17.57004278978275, "throughput": 4000}, "raytrace": {"95th_latency": 4430.0, "99th_latency": 14829.0, "violate_rate": 15.302469946629731, "throughput": 4000}, "swaptions": {"95th_latency": 4902.0, "99th_latency": 16651.0, "violate_rate": 16.311949161793283, "throughput": 4000}, "vips": {"95th_latency": 4542.0, "99th_latency": 16050.999999999998, "violate_rate": 16.87049061518724, "throughput": 4000}, "x264": {"95th_latency": 4310.0, "99th_latency": 14617.0, "violate_rate": 15.400343867462041, "throughput": 4000}, "baseline": {"95th_latency": 4627.0, "99th_latency": 15233.0, "violate_rate": 15.405759024423501, "throughput": 4000}}}
