{"masstree": {"blackscholes": {"95th_latency": 836.0, "99th_latency": 1892.0, "violate_rate": 0.003314041278968043, "throughput": 2500}, "bodytrack": {"95th_latency": 825.0, "99th_latency": 1834.0, "violate_rate": 0.004555672557193818, "throughput": 2500}, "facesim": {"95th_latency": 936.0, "99th_latency": 2175.0, "violate_rate": 1.7606630970438155, "throughput": 2500}, "ferret": {"95th_latency": 999.0, "99th_latency": 2274.0, "violate_rate": 1.6159280031560517, "throughput": 2500}, "fluidanimate": {"95th_latency": 1008.0, "99th_latency": 2452.0, "violate_rate": 1.475367726879903, "throughput": 2500}, "freqmine": {"95th_latency": 872.0, "99th_latency": 1940.0, "violate_rate": 0.001682804388198187, "throughput": 2500}, "raytrace": {"95th_latency": 826.0, "99th_latency": 1816.0, "violate_rate": 0.005404809651380997, "throughput": 2500}, "swaptions": {"95th_latency": 831.0, "99th_latency": 1793.0, "violate_rate": 0.009182568125764035, "throughput": 2500}, "vips": {"95th_latency": 815.0, "99th_latency": 1761.0, "violate_rate": 0.00785164229096852, "throughput": 2500}, "x264": {"95th_latency": 838.0, "99th_latency": 1825.0, "violate_rate": 0.005453400695908855, "throughput": 2500}, "baseline": {"95th_latency": 825.0, "99th_latency": 1775.0, "violate_rate": 0.0071904987304747744, "throughput": 2500}}}
{"masstree": {"blackscholes": {"95th_latency": 816.0, "99th_latency": 1752.0, "violate_rate": 0.006847603287094773, "throughput": 2500}, "bodytrack": {"95th_latency": 830.0, "99th_latency": 1751.0, "violate_rate": 0.009181701945450977, "throughput": 2500}, "facesim": {"95th_latency": 922.0, "99th_latency": 2082.0, "violate_rate": 1.8762522715223402, "throughput": 2500}, "ferret": {"95th_latency": 1002.9999999999999, "99th_latency": 2413.0, "violate_rate": 1.5049039800001744, "throughput": 2500}, "fluidanimate": {"95th_latency": 993.0, "99th_latency": 2316.0, "violate_rate": 1.5823813540012015, "throughput": 2500}, "freqmine": {"95th_latency": 854.0, "99th_latency": 1854.0, "violate_rate": 0.004304689650645457, "throughput": 2500}, "raytrace": {"95th_latency": 829.0, "99th_latency": 1807.0, "violate_rate": 0.004174637643923591, "throughput": 2500}, "swaptions": {"95th_latency": 829.0, "99th_latency": 1771.0, "violate_rate": 0.0077599698470109954, "throughput": 2500}, "vips": {"95th_latency": 825.0, "99th_latency": 1813.0, "violate_rate": 0.006401142552207222, "throughput": 2500}, "x264": {"95th_latency": 830.0, "99th_latency": 1789.0, "violate_rate": 0.004499362381353944, "throughput": 2500}, "baseline": {"95th_latency": 832.0, "99th_latency": 1830.0, "violate_rate": 0.004544676185093217, "throughput": 2500}}}
{"masstree": {"blackscholes": {"95th_latency": 837.0, "99th_latency": 1794.0, "violate_rate": 0.006236893025931306, "throughput": 2500}, "bodytrack": {"95th_latency": 844.0, "99th_latency": 1855.0, "violate_rate": 0.003616748594710937, "throughput": 2500}, "facesim": {"95th_latency": 914.0, "99th_latency": 2012.0, "violate_rate": 1.9810446855210135, "throughput": 2500}, "ferret": {"95th_latency": 1004.0, "99th_latency": 2386.0, "violate_rate": 1.528473820830167, "throughput": 2500}, "fluidanimate": {"95th_latency": 974.0, "99th_latency": 2158.0, "violate_rate": 1.7629486752106465, "throughput": 2500}, "freqmine": {"95th_latency": 850.0, "99th_latency": 1840.0, "violate_rate": 0.00556791875575538, "throughput": 2500}, "raytrace": {"95th_latency": 855.0, "99th_latency": 1856.0, "violate_rate": 0.004618257054562594, "throughput": 2500}, "swaptions": {"95th_latency": 838.0, "99th_latency": 1831.0, "violate_rate": 0.004333961227312695, "throughput": 2500}, "vips": {"95th_latency": 833.0, "99th_latency": 1828.0, "violate_rate": 0.005614094704068487, "throughput": 2500}, "x264": {"95th_latency": 828.0, "99th_latency": 1827.0, "violate_rate": 0.00497398606094073, "throughput": 2500}, "baseline": {"95th_latency": 826.0, "99th_latency": 1774.0, "violate_rate": 0.006291573187939269, "throughput": 2500}}}
{"masstree": {"blackscholes": {"95th_latency": 822.0, "99th_latency": 1790.0, "violate_rate": 0.006554000467879192, "throughput": 2500}, "bodytrack": {"95th_latency": 827.0, "99th_latency": 1759.0, "violate_rate": 0.011449157556370658, "throughput": 2500}, "facesim": {"95th_latency": 919.0, "99th_latency": 2084.0, "violate_rate": 1.8764945191752973, "throughput": 2500}, "ferret": {"95th_latency": 1010.0, "99th_latency": 2385.0, "violate_rate": 1.5220235504268638, "throughput": 2500}, "fluidanimate": {"95th_latency": 1000.9999999999999, "99th_latency": 2335.0, "violate_rate": 1.5619209999960257, "throughput": 2500}, "freqmine": {"95th_latency": 845.0, "99th_latency": 1887.0, "violate_rate": 0.003055794776366709, "throughput": 2500}, "raytrace": {"95th_latency": 833.0, "99th_latency": 1833.0, "violate_rate": 0.005112612131925134, "throughput": 2500}, "swaptions": {"95th_latency": 824.0, "99th_latency": 1789.0, "violate_rate": 0.006369071322224938, "throughput": 2500}, "vips": {"95th_latency": 826.0, "99th_latency": 1760.0, "violate_rate": 0.007179261302398508, "throughput": 2500}, "x264": {"95th_latency": 829.0, "99th_latency": 1824.0, "violate_rate": 0.007739132052203917, "throughput": 2500}, "baseline": {"95th_latency": 823.0, "99th_latency": 1742.0, "violate_rate": 0.007863385735260632, "throughput": 2500}}}
{"masstree": {"blackscholes": {"95th_latency": 853.0, "99th_latency": 1863.0, "violate_rate": 0.003450594984780783, "throughput": 2500}, "bodytrack": {"95th_latency": 856.0, "99th_latency": 1838.0, "violate_rate": 0.005043975162255301, "throughput": 2500}, "facesim": {"95th_latency": 917.0, "99th_latency": 1991.0, "violate_rate": 0.0002455283104954471, "throughput": 2500}, "ferret": {"95th_latency": 997.0, "99th_latency": 2339.0, "violate_rate": 1.5618482367242823, "throughput": 2500}, "fluidanimate": {"95th_latency": 984.0, "99th_latency": 2415.0, "violate_rate": 1.5238284855603867, "throughput": 2500}, "freqmine": {"95th_latency": 842.0, "99th_latency": 1861.0, "violate_rate": 0.003897835335396408, "throughput": 2500}, "raytrace": {"95th_latency": 828.0, "99th_latency": 1740.0, "violate_rate": 0.013302490506237111, "throughput": 2500}, "swaptions": {"95th_latency": 829.0, "99th_latency": 1806.0, "violate_rate": 0.006061988544948522, "throughput": 2500}, "vips": {"95th_latency": 826.0, "99th_latency": 1781.0, "violate_rate": 0.006919553446400489, "throughput": 2500}, "x264": {"95th_latency": 839.0, "99th_latency": 1792.0, "violate_rate": 0.005942025054279545, "throughput": 2500}, "baseline": {"95th_latency": 830.0, "99th_latency": 1795.0, "violate_rate": 0.006851901184660753, "throughput": 2500}}}
