{"masstree": {"blackscholes": {"95th_latency": 860.0, "99th_latency": 1918.0, "violate_rate": 0.002349526664749672, "throughput": 2500}, "bodytrack": {"95th_latency": 871.0, "99th_latency": 1994.0, "violate_rate": 0.0001312500734231485, "throughput": 2500}, "facesim": {"95th_latency": 877.0, "99th_latency": 1937.0, "violate_rate": 0.001754182852073882, "throughput": 2500}, "ferret": {"95th_latency": 941.0, "99th_latency": 2096.0, "violate_rate": 1.853350728406667, "throughput": 2500}, "fluidanimate": {"95th_latency": 877.0, "99th_latency": 1867.0, "violate_rate": 0.006085414667648762, "throughput": 2500}, "freqmine": {"95th_latency": 852.0, "99th_latency": 1840.0, "violate_rate": 0.005336365594164986, "throughput": 2500}, "raytrace": {"95th_latency": 811.0, "99th_latency": 1707.0, "violate_rate": 0.008278894670253003, "throughput": 2500}, "swaptions": {"95th_latency": 819.0, "99th_latency": 1773.0, "violate_rate": 0.006323979336739753, "throughput": 2500}, "vips": {"95th_latency": 807.0, "99th_latency": 1718.0, "violate_rate": 0.016334794758140484, "throughput": 2500}, "x264": {"95th_latency": 889.0, "99th_latency": 1954.0, "violate_rate": 0.0011089045100655401, "throughput": 2500}, "baseline": {"95th_latency": 812.0, "99th_latency": 1723.0, "violate_rate": 0.007475828155809718, "throughput": 2500}}}
{"masstree": {"blackscholes": {"95th_latency": 846.0, "99th_latency": 1893.0, "violate_rate": 0.002863630898181678, "throughput": 2500}, "bodytrack": {"95th_latency": 831.0, "99th_latency": 1931.0, "violate_rate": 0.0018343663363028161, "throughput": 2500}, "facesim": {"95th_latency": 858.0, "99th_latency": 1861.0, "violate_rate": 0.004004769071116924, "throughput": 2500}, "ferret": {"95th_latency": 928.0, "99th_latency": 2106.0, "violate_rate": 1.8449922512067878, "throughput": 2500}, "fluidanimate": {"95th_latency": 865.0, "99th_latency": 1943.0, "violate_rate": 0.0014302076724310832, "throughput": 2500}, "freqmine": {"95th_latency": 858.0, "99th_latency": 1886.0, "violate_rate": 0.0032817259038672407, "throughput": 2500}, "raytrace": {"95th_latency": 821.0, "99th_latency": 1840.0, "violate_rate": 0.003978117305226404, "throughput": 2500}, "swaptions": {"95th_latency": 815.0, "99th_latency": 1795.0, "violate_rate": 0.0054969917090634994, "throughput": 2500}, "vips": {"95th_latency": 810.0, "99th_latency": 1711.0, "violate_rate": 0.009734779303567608, "throughput": 2500}, "x264": {"95th_latency": 895.0, "99th_latency": 2031.0000000000002, "violate_rate": 1.9532712450674428, "throughput": 2500}, "baseline": {"95th_latency": 830.0, "99th_latency": 1731.0, "violate_rate": 0.00639753184511737, "throughput": 2500}}}
{"masstree": {"blackscholes": {"95th_latency": 830.0, "99th_latency": 1794.0, "violate_rate": 0.005829784988414689, "throughput": 2500}, "bodytrack": {"95th_latency": 818.0, "99th_latency": 1744.0, "violate_rate": 0.007275167252794477, "throughput": 2500}, "facesim": {"95th_latency": 869.0, "99th_latency": 1991.0, "violate_rate": 0.00024946960164662276, "throughput": 2500}, "ferret": {"95th_latency": 936.0, "99th_latency": 2107.0, "violate_rate": 1.8378795991720127, "throughput": 2500}, "fluidanimate": {"95th_latency": 853.0, "99th_latency": 1909.0, "violate_rate": 0.0015028245229306504, "throughput": 2500}, "freqmine": {"95th_latency": 848.0, "99th_latency": 1857.0, "violate_rate": 0.00683470715182797, "throughput": 2500}, "raytrace": {"95th_latency": 830.0, "99th_latency": 1785.0, "violate_rate": 0.005035390364440849, "throughput": 2500}, "swaptions": {"95th_latency": 838.0, "99th_latency": 1957.0, "violate_rate": 0.0009596461585016996, "throughput": 2500}, "vips": {"95th_latency": 812.0, "99th_latency": 1801.0, "violate_rate": 0.005422483801149483, "throughput": 2500}, "x264": {"95th_latency": 890.0, "99th_latency": 1902.0, "violate_rate": 0.004011027133135698, "throughput": 2500}, "baseline": {"95th_latency": 826.0, "99th_latency": 1775.0, "violate_rate": 0.007067292130359531, "throughput": 2500}}}
{"masstree": {"blackscholes": {"95th_latency": 824.0, "99th_latency": 1742.0, "violate_rate": 0.009636122570654328, "throughput": 2500}, "bodytrack": {"95th_latency": 843.0, "99th_latency": 1838.0, "violate_rate": 0.008141314774226081, "throughput": 2500}, "facesim": {"95th_latency": 868.0, "99th_latency": 1890.0, "violate_rate": 0.003974387667452134, "throughput": 2500}, "ferret": {"95th_latency": 926.0, "99th_latency": 2052.0, "violate_rate": 1.9182605935575698, "throughput": 2500}, "fluidanimate": {"95th_latency": 853.0, "99th_latency": 1855.0, "violate_rate": 0.004691510536875415, "throughput": 2500}, "freqmine": {"95th_latency": 883.0, "99th_latency": 1939.0, "violate_rate": 0.0023811962031561203, "throughput": 2500}, "raytrace": {"95th_latency": 807.0, "99th_latency": 1725.0, "violate_rate": 0.008319775011466522, "throughput": 2500}, "swaptions": {"95th_latency": 823.0, "99th_latency": 1810.0, "violate_rate": 0.00555044645712549, "throughput": 2500}, "vips": {"95th_latency": 815.0, "99th_latency": 1753.0, "violate_rate": 0.009650252053918227, "throughput": 2500}, "x264": {"95th_latency": 900.0, "99th_latency": 2003.0, "violate_rate": 1.995923932276511, "throughput": 2500}, "baseline": {"95th_latency": 813.0, "99th_latency": 1774.0, "violate_rate": 0.007229559300772339, "throughput": 2500}}}
{"masstree": {"blackscholes": {"95th_latency": 846.0, "99th_latency": 1838.0, "violate_rate": 0.005115050417950065, "throughput": 2500}, "bodytrack": {"95th_latency": 830.0, "99th_latency": 1739.0, "violate_rate": 0.016643057040610646, "throughput": 2500}, "facesim": {"95th_latency": 877.0, "99th_latency": 1900.0, "violate_rate": 0.0036456042995804297, "throughput": 2500}, "ferret": {"95th_latency": 942.0, "99th_latency": 2111.0, "violate_rate": 1.8334968331293116, "throughput": 2500}, "fluidanimate": {"95th_latency": 852.0, "99th_latency": 1831.0, "violate_rate": 0.005227168760074609, "throughput": 2500}, "freqmine": {"95th_latency": 852.0, "99th_latency": 1832.0, "violate_rate": 0.005385252191039913, "throughput": 2500}, "raytrace": {"95th_latency": 815.0, "99th_latency": 1788.0, "violate_rate": 0.0036175192337792464, "throughput": 2500}, "swaptions": {"95th_latency": 819.0, "99th_latency": 1782.0, "violate_rate": 0.0052551642875704645, "throughput": 2500}, "vips": {"95th_latency": 825.0, "99th_latency": 1837.0, "violate_rate": 0.007087379101929912, "throughput": 2500}, "x264": {"95th_latency": 888.0, "99th_latency": 1978.0, "violate_rate": 0.0005554870673664673, "throughput": 2500}, "baseline": {"95th_latency": 813.0, "99th_latency": 1742.0, "violate_rate": 0.0099110612393545, "throughput": 2500}}}
