{"masstree": {"blackscholes": {"95th_latency": 4669.0, "99th_latency": 15718.0, "violate_rate": 15.02805295578942, "throughput": 4000}, "bodytrack": {"95th_latency": 4731.0, "99th_latency": 15912.0, "violate_rate": 15.010338536123912, "throughput": 4000}, "facesim": {"95th_latency": 4904.0, "99th_latency": 16408.0, "violate_rate": 18.176296119793772, "throughput": 4000}, "ferret": {"95th_latency": 6090.0, "99th_latency": 19416.0, "violate_rate": 23.955099052334173, "throughput": 4000}, "fluidanimate": {"95th_latency": 4750.0, "99th_latency": 16004.000000000002, "violate_rate": 16.33910896453422, "throughput": 4000}, "freqmine": {"95th_latency": 4948.0, "99th_latency": 15332.0, "violate_rate": 18.257598281377835, "throughput": 4000}, "raytrace": {"95th_latency": 4554.0, "99th_latency": 15609.0, "violate_rate": 16.852707073507823, "throughput": 4000}, "swaptions": {"95th_latency": 4432.0, "99th_latency": 14765.0, "violate_rate": 15.179494078428323, "throughput": 4000}, "vips": {"95th_latency": 4999.0, "99th_latency": 15529.0, "violate_rate": 16.11181557416091, "throughput": 4000}, "x264": {"95th_latency": 5597.0, "99th_latency": 18366.0, "violate_rate": 19.38037242797442, "throughput": 4000}, "baseline": {"95th_latency": 4542.0, "99th_latency": 15202.0, "violate_rate": 16.407309317078116, "throughput": 4000}}}
{"masstree": {"blackscholes": {"95th_latency": 4424.0, "99th_latency": 14946.0, "violate_rate": 16.361794092161418, "throughput": 4000}, "bodytrack": {"95th_latency": 4456.0, "99th_latency": 15250.0, "violate_rate": 15.016090262757134, "throughput": 4000}, "facesim": {"95th_latency": 5368.0, "99th_latency": 16922.0, "violate_rate": 21.64161321049949, "throughput": 4000}, "ferret": {"95th_latency": 6241.0, "99th_latency": 19797.0, "violate_rate": 23.653232236954512, "throughput": 4000}, "fluidanimate": {"95th_latency": 4581.0, "99th_latency": 16570.0, "violate_rate": 17.67119607037388, "throughput": 4000}, "freqmine": {"95th_latency": 4954.0, "99th_latency": 16261.0, "violate_rate": 17.56781665305794, "throughput": 4000}, "raytrace": {"95th_latency": 4567.0, "99th_latency": 15642.0, "violate_rate": 16.67787232334673, "throughput": 4000}, "swaptions": {"95th_latency": 4967.0, "99th_latency": 16396.0, "violate_rate": 17.63325163794167, "throughput": 4000}, "vips": {"95th_latency": 4545.0, "99th_latency": 15758.0, "violate_rate": 16.499972804435473, "throughput": 4000}, "x264": {"95th_latency": 5575.0, "99th_latency": 17319.0, "violate_rate": 20.149619624113072, "throughput": 4000}, "baseline": {"95th_latency": 4817.0, "99th_latency": 16244.0, "violate_rate": 17.648575271247747, "throughput": 4000}}}
{"masstree": {"blackscholes": {"95th_latency": 4556.0, "99th_latency": 15026.0, "violate_rate": 16.442208850740712, "throughput": 4000}, "bodytrack": {"95th_latency": 4228.0, "99th_latency": 15033.0, "violate_rate": 15.552564396902714, "throughput": 4000}, "facesim": {"95th_latency": 5535.0, "99th_latency": 17357.0, "violate_rate": 19.15261883208336, "throughput": 4000}, "ferret": {"95th_latency": 5922.0, "99th_latency": 18783.0, "violate_rate": 22.260676339654093, "throughput": 4000}, "fluidanimate": {"95th_latency": 4592.0, "99th_latency": 14779.0, "violate_rate": 17.330321354310556, "throughput": 4000}, "freqmine": {"95th_latency": 4626.0, "99th_latency": 16206.0, "violate_rate": 16.26697017733682, "throughput": 4000}, "raytrace": {"95th_latency": 4388.0, "99th_latency": 14698.0, "violate_rate": 15.494468417149957, "throughput": 4000}, "swaptions": {"95th_latency": 4571.0, "99th_latency": 15293.0, "violate_rate": 16.609110713586077, "throughput": 4000}, "vips": {"95th_latency": 4260.0, "99th_latency": 14209.0, "violate_rate": 15.355530634859294, "throughput": 4000}, "x264": {"95th_latency": 5302.0, "99th_latency": 17513.0, "violate_rate": 20.982791047769982, "throughput": 4000}, "baseline": {"95th_latency": 4547.0, "99th_latency": 14992.0, "violate_rate": 15.660924667772516, "throughput": 4000}}}
{"masstree": {"blackscholes": {"95th_latency": 4837.0, "99th_latency": 15797.0, "violate_rate": 16.708069099203268, "throughput": 4000}, "bodytrack": {"95th_latency": 4731.0, "99th_latency": 16009.0, "violate_rate": 17.379358618863076, "throughput": 4000}, "facesim": {"95th_latency": 5127.0, "99th_latency": 16827.0, "violate_rate": 19.029724734006333, "throughput": 4000}, "ferret": {"95th_latency": 6457.0, "99th_latency": 20886.0, "violate_rate": 23.0445057046982, "throughput": 4000}, "fluidanimate": {"95th_latency": 4568.0, "99th_latency": 15640.0, "violate_rate": 17.24532048645263, "throughput": 4000}, "freqmine": {"95th_latency": 5092.0, "99th_latency": 16829.0, "violate_rate": 18.537954616244864, "throughput": 4000}, "raytrace": {"95th_latency": 4463.0, "99th_latency": 15048.0, "violate_rate": 16.827525837563936, "throughput": 4000}, "swaptions": {"95th_latency": 4609.0, "99th_latency": 15132.0, "violate_rate": 16.93476677555594, "throughput": 4000}, "vips": {"95th_latency": 4849.0, "99th_latency": 15858.0, "violate_rate": 16.4775741682887, "throughput": 4000}, "x264": {"95th_latency": 5890.0, "99th_latency": 18806.0, "violate_rate": 21.6759496568808, "throughput": 4000}, "baseline": {"95th_latency": 4783.0, "99th_latency": 15563.0, "violate_rate": 16.63782752303973, "throughput": 4000}}}
{"masstree": {"blackscholes": {"95th_latency": 4622.0, "99th_latency": 15734.0, "violate_rate": 16.268470113684312, "throughput": 4000}, "bodytrack": {"95th_latency": 4706.0, "99th_latency": 15743.0, "violate_rate": 16.48990583381709, "throughput": 4000}, "facesim": {"95th_latency": 5423.0, "99th_latency": 17596.0, "violate_rate": 20.90653946550731, "throughput": 4000}, "ferret": {"95th_latency": 5750.0, "99th_latency": 19451.0, "violate_rate": 22.9545635317735, "throughput": 4000}, "fluidanimate": {"95th_latency": 4763.0, "99th_latency": 15556.0, "violate_rate": 17.578063545992663, "throughput": 4000}, "freqmine": {"95th_latency": 5022.0, "99th_latency": 16455.0, "violate_rate": 17.224107064289786, "throughput": 4000}, "raytrace": {"95th_latency": 4776.0, "99th_latency": 15882.0, "violate_rate": 16.99650490721949, "throughput": 4000}, "swaptions": {"95th_latency": 4231.0, "99th_latency": 14267.0, "violate_rate": 14.01345994884241, "throughput": 4000}, "vips": {"95th_latency": 4726.0, "99th_latency": 15491.0, "violate_rate": 16.934370266328134, "throughput": 4000}, "x264": {"95th_latency": 5195.0, "99th_latency": 16125.0, "violate_rate": 19.4652814623984, "throughput": 4000}, "baseline": {"95th_latency": 4616.0, "99th_latency": 15458.0, "violate_rate": 16.66499003758941, "throughput": 4000}}}
