{"masstree": {"blackscholes": {"95th_latency": 840.0, "99th_latency": 1824.0, "violate_rate": 0.006051492842635345, "throughput": 2500}, "bodytrack": {"95th_latency": 822.0, "99th_latency": 1729.0, "violate_rate": 0.012329850463398849, "throughput": 2500}, "facesim": {"95th_latency": 884.0, "99th_latency": 2032.0, "violate_rate": 1.9524530975964753, "throughput": 2500}, "ferret": {"95th_latency": 973.0, "99th_latency": 2234.0, "violate_rate": 1.6742709420706416, "throughput": 2500}, "fluidanimate": {"95th_latency": 898.0, "99th_latency": 1975.0, "violate_rate": 0.0007184212542697642, "throughput": 2500}, "freqmine": {"95th_latency": 875.0, "99th_latency": 1958.0, "violate_rate": 0.0016163480964518499, "throughput": 2500}, "raytrace": {"95th_latency": 838.0, "99th_latency": 1841.0, "violate_rate": 0.004424488565456849, "throughput": 2500}, "swaptions": {"95th_latency": 833.0, "99th_latency": 1803.0, "violate_rate": 0.005704337870859936, "throughput": 2500}, "vips": {"95th_latency": 855.0, "99th_latency": 1835.0, "violate_rate": 0.0043585249305455225, "throughput": 2500}, "x264": {"95th_latency": 822.0, "99th_latency": 1773.0, "violate_rate": 0.005601624012612576, "throughput": 2500}, "baseline": {"95th_latency": 831.0, "99th_latency": 1853.0, "violate_rate": 0.003886543719085007, "throughput": 2500}}}
{"masstree": {"blackscholes": {"95th_latency": 847.0, "99th_latency": 1848.0, "violate_rate": 0.004346956075442542, "throughput": 2500}, "bodytrack": {"95th_latency": 867.0, "99th_latency": 1934.0, "violate_rate": 0.0019691696421113157, "throughput": 2500}, "facesim": {"95th_latency": 892.0, "99th_latency": 1969.0, "violate_rate": 0.0009141696600340197, "throughput": 2500}, "ferret": {"95th_latency": 957.0, "99th_latency": 2190.0, "violate_rate": 1.7306000531163777, "throughput": 2500}, "fluidanimate": {"95th_latency": 888.0, "99th_latency": 2076.0, "violate_rate": 1.8928182925600665, "throughput": 2500}, "freqmine": {"95th_latency": 864.0, "99th_latency": 1895.0, "violate_rate": 0.0026240141106056154, "throughput": 2500}, "raytrace": {"95th_latency": 846.0, "99th_latency": 1789.0, "violate_rate": 0.006520906639519326, "throughput": 2500}, "swaptions": {"95th_latency": 820.0, "99th_latency": 1889.0, "violate_rate": 0.0032051239581445162, "throughput": 2500}, "vips": {"95th_latency": 836.0, "99th_latency": 1785.0, "violate_rate": 0.006390270816907766, "throughput": 2500}, "x264": {"95th_latency": 825.0, "99th_latency": 1821.0, "violate_rate": 0.00473886407780988, "throughput": 2500}, "baseline": {"95th_latency": 826.0, "99th_latency": 1796.0, "violate_rate": 0.0068350381809176575, "throughput": 2500}}}
{"masstree": {"blackscholes": {"95th_latency": 858.0, "99th_latency": 1881.0, "violate_rate": 0.003154613394385077, "throughput": 2500}, "bodytrack": {"95th_latency": 861.0, "99th_latency": 1916.0, "violate_rate": 0.0023129750578476708, "throughput": 2500}, "facesim": {"95th_latency": 901.0, "99th_latency": 2029.0, "violate_rate": 1.9540216735161082, "throughput": 2500}, "ferret": {"95th_latency": 961.0, "99th_latency": 2131.0, "violate_rate": 1.801452097505681, "throughput": 2500}, "fluidanimate": {"95th_latency": 884.0, "99th_latency": 1983.0, "violate_rate": 0.0005097554817280624, "throughput": 2500}, "freqmine": {"95th_latency": 865.0, "99th_latency": 1865.0, "violate_rate": 0.004335525779843623, "throughput": 2500}, "raytrace": {"95th_latency": 829.0, "99th_latency": 1807.0, "violate_rate": 0.005065830643069481, "throughput": 2500}, "swaptions": {"95th_latency": 825.0, "99th_latency": 1803.0, "violate_rate": 0.005278652134745884, "throughput": 2500}, "vips": {"95th_latency": 846.0, "99th_latency": 1805.0, "violate_rate": 0.006972636437019737, "throughput": 2500}, "x264": {"95th_latency": 836.0, "99th_latency": 1789.0, "violate_rate": 0.005418246680323989, "throughput": 2500}, "baseline": {"95th_latency": 841.0, "99th_latency": 1870.0, "violate_rate": 0.004638315412539924, "throughput": 2500}}}
{"masstree": {"blackscholes": {"95th_latency": 844.0, "99th_latency": 1861.0, "violate_rate": 0.0032058148007502864, "throughput": 2500}, "bodytrack": {"95th_latency": 855.0, "99th_latency": 1890.0, "violate_rate": 0.004214529861569897, "throughput": 2500}, "facesim": {"95th_latency": 898.0, "99th_latency": 2009.9999999999998, "violate_rate": 1.984702926253588, "throughput": 2500}, "ferret": {"95th_latency": 976.0, "99th_latency": 2270.0, "violate_rate": 1.6461962331478837, "throughput": 2500}, "fluidanimate": {"95th_latency": 888.0, "99th_latency": 1951.0, "violate_rate": 0.0016141213965823098, "throughput": 2500}, "freqmine": {"95th_latency": 867.0, "99th_latency": 1859.0, "violate_rate": 0.004663868726605681, "throughput": 2500}, "raytrace": {"95th_latency": 834.0, "99th_latency": 1822.0, "violate_rate": 0.005210505794404851, "throughput": 2500}, "swaptions": {"95th_latency": 827.0, "99th_latency": 1801.0, "violate_rate": 0.005416403909664015, "throughput": 2500}, "vips": {"95th_latency": 846.0, "99th_latency": 1893.0, "violate_rate": 0.0031898735918907857, "throughput": 2500}, "x264": {"95th_latency": 841.0, "99th_latency": 1839.0, "violate_rate": 0.004407230031320233, "throughput": 2500}, "baseline": {"95th_latency": 849.0, "99th_latency": 1937.0, "violate_rate": 0.0015864947958391265, "throughput": 2500}}}
{"masstree": {"blackscholes": {"95th_latency": 844.0, "99th_latency": 1857.0, "violate_rate": 0.004295525980106259, "throughput": 2500}, "bodytrack": {"95th_latency": 832.0, "99th_latency": 1872.0, "violate_rate": 0.003926393937796976, "throughput": 2500}, "facesim": {"95th_latency": 888.0, "99th_latency": 1939.0, "violate_rate": 0.002594699377969231, "throughput": 2500}, "ferret": {"95th_latency": 962.0, "99th_latency": 2166.0, "violate_rate": 1.7580142165543082, "throughput": 2500}, "fluidanimate": {"95th_latency": 884.0, "99th_latency": 1998.0, "violate_rate": 4.779088509265291e-05, "throughput": 2500}, "freqmine": {"95th_latency": 863.0, "99th_latency": 1921.0, "violate_rate": 0.002173966416264649, "throughput": 2500}, "raytrace": {"95th_latency": 828.0, "99th_latency": 1801.0, "violate_rate": 0.006195716728697211, "throughput": 2500}, "swaptions": {"95th_latency": 817.0, "99th_latency": 1719.0, "violate_rate": 0.0133047695906387, "throughput": 2500}, "vips": {"95th_latency": 838.0, "99th_latency": 1786.0, "violate_rate": 0.00486360956084328, "throughput": 2500}, "x264": {"95th_latency": 836.0, "99th_latency": 1890.0, "violate_rate": 0.003074577366896019, "throughput": 2500}, "baseline": {"95th_latency": 856.0, "99th_latency": 1917.0, "violate_rate": 0.0024431322395369838, "throughput": 2500}}}
