{"519.lbm_r": [[1362.0, 0.06832958643023068]]}
{"519.lbm_r": [[2538103.0, 2.0002092188185365]]}
{"519.lbm_r": [[2070445.0000000002, 2.0004337009850905]]}
{"519.lbm_r": [[1433828.0, 2.0019071936648976]]}
{"519.lbm_r": [[1348.0, 0.06974334077176735]]}
{"519.lbm_r": [[1372.0, 0.10588170715044032]]}
{"519.lbm_r": [[1352.0, 0.1449350767613875]]}
{"519.lbm_r": [[1358.0, 0.07079896257956467]]}
{"519.lbm_r": [[1361.0, 0.08259110519382247]]}
{"519.lbm_r": [[1891963.0, 2.000564815823378]]}
{"519.lbm_r": [[1317.0, 0.15128882539329547]]}
{"519.lbm_r": [[1164036.0, 2.886087564935888]]}
{"519.lbm_r": [[1699.0, 0.00036068757529138316]]}
{"519.lbm_r": [[1357.0, 0.10570896491023671]]}
{"519.lbm_r": [[1360.0, 0.04592607441910682]]}
{"519.lbm_r": [[1658563.0, 2.0008293502935457]]}
{"519.lbm_r": [[2426093.0, 2.000238412812517]]}
{"519.lbm_r": [[1318.0, 0.24310482641436684]]}
{"519.lbm_r": [[1343.0, 0.047145845271780826]]}
{"519.lbm_r": [[1287871.0, 2.0333152021414835]]}
{"519.lbm_r": [[1295139.0, 2.0374131683547323]]}
{"519.lbm_r": [[2386082.0, 2.000283260162225]]}
{"519.lbm_r": [[1642.0, 0.0004323400193617314]]}
{"519.lbm_r": [[1363.0, 0.10511408996154004]]}
{"519.lbm_r": [[1144333.0, 2.6141266548159514]]}
{"519.lbm_r": [[2105944.0, 2.0004208874848683]]}
{"519.lbm_r": [[1379.0, 0.019975202402487444]]}
{"519.lbm_r": [[3448960.0, 3.000438200455915]]}
{"519.lbm_r": [[1912013.0, 2.0005455892229853]]}
{"519.lbm_r": [[1911797.0, 2.0005490593369455]]}
{"519.lbm_r": [[1379.0, 0.058467270330000654]]}
{"519.lbm_r": [[2011986.0, 2.000477789297406]]}
{"519.lbm_r": [[1383.0, 0.08290310454000022]]}
{"519.lbm_r": [[1336.0, 0.05110472853015966]]}
{"519.lbm_r": [[1365.0, 0.04935372912186486]]}
{"519.lbm_r": [[1342.0, 0.12063462736250495]]}
{"519.lbm_r": [[1463539.0, 2.001586037690131]]}
{"519.lbm_r": [[1371.0, 0.09959050336793013]]}
{"519.lbm_r": [[1350.0, 0.09884185623872407]]}
{"519.lbm_r": [[1428.0, 0.03334556603173694]]}
{"519.lbm_r": [[1409.0, 0.06251747660693635]]}
{"519.lbm_r": [[1113509.0, 2.967888928734894]]}
{"519.lbm_r": [[1399.0, 0.03442781104554928]]}
{"519.lbm_r": [[1341.0, 0.058225560432357694]]}
{"519.lbm_r": [[1355.0, 0.0521932737604946]]}
{"519.lbm_r": [[1387.0, 0.11597463312760092]]}
{"519.lbm_r": [[1758.0, 0.00026333309593073485]]}
{"519.lbm_r": [[1663.0, 0.00043093008428456294]]}
{"519.lbm_r": [[1643722.0, 2.0008971868338654]]}
{"519.lbm_r": [[1969269.0, 2.000501915800504]]}
{"519.lbm_r": [[1354.0, 0.10614037524897382]]}
{"519.lbm_r": [[1630370.0, 2.0007113171278545]]}
{"519.lbm_r": [[1316.0, 0.04158688056477689]]}
{"519.lbm_r": [[2195664.0, 2.000387905018561]]}
{"519.lbm_r": [[1698507.0, 2.000805444941637]]}
{"519.lbm_r": [[1328.0, 0.2838294279346932]]}
