{"519.lbm_r": [[1434.0, 0.0335962013135737]]}
{"519.lbm_r": [[1336.0, 0.07813483723457719]]}
{"519.lbm_r": [[1320.0, 0.16726986385462794]]}
{"519.lbm_r": [[2972783.0, 3.530402002502406]]}
{"519.lbm_r": [[1369.0, 0.13747496790731056]]}
{"519.lbm_r": [[1339.0, 0.037911894903068205]]}
{"519.lbm_r": [[1340.0, 0.06543601196098438]]}
{"519.lbm_r": [[1430.0, 0.046112343285657595]]}
{"519.lbm_r": [[2035814.0, 2.000453695975087]]}
{"519.lbm_r": [[1375.0, 0.06585638404032326]]}
{"519.lbm_r": [[1947248.0, 2.000497776548385]]}
{"519.lbm_r": [[1894806.0, 2.000547624159091]]}
{"519.lbm_r": [[1321.0, 0.14412271090246873]]}
{"519.lbm_r": [[1346.0, 0.07551980596097975]]}
{"519.lbm_r": [[1366.0, 0.13684296137397556]]}
{"519.lbm_r": [[1115297.0, 2.2300954665117048]]}
{"519.lbm_r": [[1328.0, 0.11534010576598137]]}
{"519.lbm_r": [[1687.0, 0.0003699434712388212]]}
{"519.lbm_r": [[1834042.0, 2.0006497484695775]]}
{"519.lbm_r": [[1627.0, 0.000534103286404]]}
{"519.lbm_r": [[1044983.9999999999, 1.0001304683303274]]}
{"519.lbm_r": [[1302.0, 0.1175923760068096]]}
{"519.lbm_r": [[1550.0, 0.0013226626012146706]]}
{"519.lbm_r": [[1327.0, 0.20782528184736668]]}
{"519.lbm_r": [[1362.0, 0.0393274455306831]]}
{"519.lbm_r": [[1615.0, 0.0005477324147808315]]}
{"519.lbm_r": [[1786.0, 0.000208133405817824]]}
{"519.lbm_r": [[1350.0, 0.12436816927214017]]}
{"519.lbm_r": [[1451468.0, 2.0015725347063107]]}
{"519.lbm_r": [[1332.0, 0.2286594462176601]]}
{"519.lbm_r": [[1360.0, 0.03346333376087415]]}
{"519.lbm_r": [[1314.0, 0.029982021767768943]]}
{"519.lbm_r": [[1369.0, 0.05624926749171752]]}
{"519.lbm_r": [[976245.0, 1.0001763766477698]]}
{"519.lbm_r": [[1352.0, 0.13560144424944012]]}
{"519.lbm_r": [[1586625.0, 2.0010495620057442]]}
{"519.lbm_r": [[1656.0, 0.00046558581608370286]]}
{"519.lbm_r": [[1072546.0, 1.0001242684395744]]}
{"519.lbm_r": [[1370.0, 0.10068021740457951]]}
{"519.lbm_r": [[1368.0, 0.08280988675566366]]}
{"519.lbm_r": [[1384.0, 0.11379500584958216]]}
{"519.lbm_r": [[1027957.0000000001, 1.0001508027196955]]}
{"519.lbm_r": [[1313.0, 0.20608875315187447]]}
{"519.lbm_r": [[1363.0, 0.14085054805728783]]}
{"519.lbm_r": [[1098896.0, 1.0000775108023991]]}
{"519.lbm_r": [[1379.0, 0.22660978332266854]]}
{"519.lbm_r": [[1360.0, 0.1730755858236155]]}
{"519.lbm_r": [[1390.0, 0.06347097828421808]]}
{"519.lbm_r": [[1356.0, 0.15971344614429328]]}
{"519.lbm_r": [[1367.0, 0.03634902466457656]]}
{"519.lbm_r": [[1377.0, 0.03042837649501738]]}
{"519.lbm_r": [[2228749.0, 2.000355339062458]]}
{"519.lbm_r": [[1406.0, 0.033868161731656875]]}
{"519.lbm_r": [[1557.0, 0.001155807219691719]]}
{"519.lbm_r": [[1368.0, 0.05407250238878563]]}
{"519.lbm_r": [[1394.0, 0.0786974433226906]]}
{"519.lbm_r": [[2104497.0, 2.0004300065666882]]}
{"519.lbm_r": [[1405.0, 0.2046530880135463]]}
{"519.lbm_r": [[1606931.0, 2.0010567382633075]]}
