{"519.lbm_r": [[1372.0, 0.03162724577775288]]}
{"519.lbm_r": [[1369.0, 0.08112065943086684]]}
{"519.lbm_r": [[1789736.0, 2.0006458855319216]]}
{"519.lbm_r": [[1369.0, 0.15892886407029974]]}
{"519.lbm_r": [[1699392.0, 2.00074928959898]]}
{"519.lbm_r": [[1859.0, 0.00013442612450779607]]}
{"519.lbm_r": [[1363.0, 0.13364143853031485]]}
{"519.lbm_r": [[1400.0, 0.06308326333118314]]}
{"519.lbm_r": [[1761.0, 0.0002592418125497402]]}
{"519.lbm_r": [[1133649.0, 2.3996883176125414]]}
{"519.lbm_r": [[1372.0, 0.029970395753853376]]}
{"519.lbm_r": [[1379.0, 0.09470264916799566]]}
{"519.lbm_r": [[1362.0, 0.12159243057144001]]}
{"519.lbm_r": [[1486.0, 0.0020966022241102624]]}
{"519.lbm_r": [[1350.0, 0.033604058642434036]]}
{"519.lbm_r": [[1339.0, 0.08987273784852115]]}
{"519.lbm_r": [[1402.0, 0.07628286883818679]]}
{"519.lbm_r": [[1706.0, 0.0003941883924567948]]}
{"519.lbm_r": [[1079387.0, 1.000098589067517]]}
{"519.lbm_r": [[1306.0, 0.11315826752306876]]}
{"519.lbm_r": [[1401.0, 0.03663546902851092]]}
{"519.lbm_r": [[1368.0, 0.14479074853896926]]}
{"519.lbm_r": [[1410.0, 0.010113261541127287]]}
{"519.lbm_r": [[1357.0, 0.036629871078238514]]}
{"519.lbm_r": [[1403.0, 0.03407570899775762]]}
{"519.lbm_r": [[1394.0, 0.056307896788107]]}
{"519.lbm_r": [[1360957.0, 2.0029482683734336]]}
{"519.lbm_r": [[1377.0, 0.10551028646918277]]}
{"519.lbm_r": [[1397.0, 0.045215222558512985]]}
{"519.lbm_r": [[1295.0, 0.09270829253250949]]}
{"519.lbm_r": [[1838.0, 0.0001687168652568226]]}
{"519.lbm_r": [[1340.0, 0.03491398043411447]]}
{"519.lbm_r": [[1354.0, 0.14548630904572588]]}
{"519.lbm_r": [[1374.0, 0.22270122521044666]]}
{"519.lbm_r": [[1365.0, 0.10585660548101719]]}
{"519.lbm_r": [[7852387.0, 53.015547497845986]]}
{"519.lbm_r": [[2205726.0, 2.0003644140935055]]}
{"519.lbm_r": [[1381.0, 0.24242972245685845]]}
{"519.lbm_r": [[1067839.0, 2.1894438701839674]]}
{"519.lbm_r": [[1658.0, 0.0005317539304297966]]}
{"519.lbm_r": [[2604029.0, 2.000194567252119]]}
{"519.lbm_r": [[2697438.0, 2.0000996191908778]]}
{"519.lbm_r": [[2268190.0, 2.0003551070664773]]}
{"519.lbm_r": [[1447328.0, 2.0014106202551516]]}
{"519.lbm_r": [[1348.0, 0.030504410110312328]]}
{"519.lbm_r": [[1399.0, 0.14638441611479833]]}
{"519.lbm_r": [[1335.0, 0.11914075281321641]]}
{"519.lbm_r": [[1885477.0, 2.0005693709573666]]}
{"519.lbm_r": [[1408.0, 0.09477999844852501]]}
{"519.lbm_r": [[1385.0, 0.061760329990982896]]}
{"519.lbm_r": [[1299453.0, 2.031753082045687]]}
{"519.lbm_r": [[1075047.0, 1.000166078490215]]}
{"519.lbm_r": [[3741.0, 1.2931486263486784]]}
{"519.lbm_r": [[1326.0, 0.07726479502196579]]}
{"519.lbm_r": [[1358.0, 0.18036602031388108]]}
{"519.lbm_r": [[1325.0, 0.1562315119044832]]}
{"519.lbm_r": [[1364.0, 0.11606109959345966]]}
{"519.lbm_r": [[1317.0, 0.1871913105667438]]}
{"519.lbm_r": [[1397.0, 0.08332216307499293]]}
{"519.lbm_r": [[1328.0, 0.12487959644985135]]}
