{"519.lbm_r": [[1351.0, 0.19063761308008031]]}
{"519.lbm_r": [[1332.0, 0.12801246687852583]]}
{"519.lbm_r": [[1057034.0, 1.000054223165039]]}
{"519.lbm_r": [[1352.0, 0.04782282543424169]]}
{"519.lbm_r": [[1307.0, 0.15592846226284932]]}
{"519.lbm_r": [[2085815.0, 2.0004372566856095]]}
{"519.lbm_r": [[1376.0, 0.1175505064901276]]}
{"519.lbm_r": [[1394.0, 0.05712688205642357]]}
{"519.lbm_r": [[3786385.0, 3.0002998187219867]]}
{"519.lbm_r": [[1357.0, 0.11926156975751841]]}
{"519.lbm_r": [[2005212.0, 2.0004802678894906]]}
{"519.lbm_r": [[1347.0, 0.16130221523248403]]}
{"519.lbm_r": [[1346.0, 0.16328604373532452]]}
{"519.lbm_r": [[1589143.0, 2.0011734169870863]]}
{"519.lbm_r": [[1124671.0, 2.6742891777354503]]}
{"519.lbm_r": [[1399.0, 0.22869360185427745]]}
{"519.lbm_r": [[1363192.0, 2.0025096554532658]]}
{"519.lbm_r": [[1798911.0, 2.0006575887266944]]}
{"519.lbm_r": [[1530418.0, 2.000916947706581]]}
{"519.lbm_r": [[1344.0, 0.2232050547890249]]}
{"519.lbm_r": [[1300.0, 0.20502497333726616]]}
{"519.lbm_r": [[1330.0, 0.19129936072795514]]}
{"519.lbm_r": [[1329.0, 0.23339730139069875]]}
{"519.lbm_r": [[3589350.0, 3.0003409484172416]]}
{"519.lbm_r": [[1569049.0, 2.001047647856327]]}
{"519.lbm_r": [[1964053.0, 2.0005211811273163]]}
{"519.lbm_r": [[1668982.0, 2.0010604171157116]]}
{"519.lbm_r": [[1399.0, 0.1720139374775394]]}
{"519.lbm_r": [[1357.0, 0.06558106698490049]]}
{"519.lbm_r": [[2446472.0, 2.0002471813386498]]}
{"519.lbm_r": [[1382.0, 0.15300574942901213]]}
{"519.lbm_r": [[1292979.0, 2.0221298013291107]]}
{"519.lbm_r": [[1359.0, 0.23760146888799955]]}
{"519.lbm_r": [[1786.0, 0.0002103208841735875]]}
{"519.lbm_r": [[1416.0, 0.05578778945264696]]}
{"519.lbm_r": [[1389.0, 0.03317220316676923]]}
{"519.lbm_r": [[1380.0, 0.12700231235352785]]}
{"519.lbm_r": [[1357.0, 0.03785008803618739]]}
{"519.lbm_r": [[1368.0, 0.14416662406793546]]}
{"519.lbm_r": [[1357.0, 0.02983841997427543]]}
{"519.lbm_r": [[1907544.0, 2.0005483669568713]]}
{"519.lbm_r": [[1318.0, 0.01893064554036459]]}
{"519.lbm_r": [[1356.0, 0.09588537519282635]]}
{"519.lbm_r": [[1344.0, 0.0708410439729159]]}
{"519.lbm_r": [[1340.0, 0.14309821972706135]]}
