{"519.lbm_r": [[1341.0, 0.07227916324063757]]}
{"519.lbm_r": [[1356.0, 0.06335956513680753]]}
{"519.lbm_r": [[1347.0, 0.10130162413476423]]}
{"519.lbm_r": [[2247638.0, 2.000356085857432]]}
{"519.lbm_r": [[1749431.0, 2.000791659992573]]}
{"519.lbm_r": [[1368.0, 0.07709303467278207]]}
{"519.lbm_r": [[1397.0, 0.040069358963611516]]}
{"519.lbm_r": [[1355.0, 0.1425732675163995]]}
{"519.lbm_r": [[1313.0, 0.1910888122035333]]}
{"519.lbm_r": [[1343.0, 0.2280652006946245]]}
{"519.lbm_r": [[1326.0, 0.1839672145338513]]}
{"519.lbm_r": [[1384.0, 0.11467303495331865]]}
{"519.lbm_r": [[1273833.0, 2.2251896699877345]]}
{"519.lbm_r": [[1362.0, 0.17250434446219867]]}
{"519.lbm_r": [[1069458.0, 1.000115525126934]]}
{"519.lbm_r": [[1338.0, 0.061680987157545226]]}
{"519.lbm_r": [[1359.0, 0.04298613620384095]]}
{"519.lbm_r": [[1371523.0, 2.0128789453191995]]}
{"519.lbm_r": [[1295.0, 0.25729743771794383]]}
{"519.lbm_r": [[1444085.0, 2.0018459434685147]]}
{"519.lbm_r": [[1320.0, 0.13471313146256744]]}
{"519.lbm_r": [[3438053.0, 3.0005535776829273]]}
{"519.lbm_r": [[1333.0, 0.10423304850458606]]}
{"519.lbm_r": [[1370.0, 0.028432101411962854]]}
{"519.lbm_r": [[1447.0, 0.02630869967093616]]}
{"519.lbm_r": [[1606.0, 0.0005730119153675586]]}
{"519.lbm_r": [[1693285.0, 2.0009245073208013]]}
{"519.lbm_r": [[1290.0, 0.21990921597962057]]}
{"519.lbm_r": [[2552.0, 1.5726008271027658]]}
{"519.lbm_r": [[1534687.0, 2.0014392992234535]]}
{"519.lbm_r": [[1377.0, 0.06418829189652288]]}
{"519.lbm_r": [[1294.0, 0.15756120540192994]]}
{"519.lbm_r": [[1685442.0, 2.0008788977991485]]}
{"519.lbm_r": [[1367937.0, 2.014529799794328]]}
{"519.lbm_r": [[1330091.0, 2.0216504986420296]]}
{"519.lbm_r": [[1339.0, 0.15423145439878524]]}
{"519.lbm_r": [[1169882.0, 1.0000418009839203]]}
{"519.lbm_r": [[1016180.0, 1.0001395613965087]]}
{"519.lbm_r": [[2377.0, 1.6458291690652613]]}
{"519.lbm_r": [[2329542.0, 2.0003087411615708]]}
{"519.lbm_r": [[2309485.0, 2.0003446405340592]]}
{"519.lbm_r": [[3612337.0, 4.025153110371563]]}
{"519.lbm_r": [[1354.0, 0.11689886443564265]]}
{"519.lbm_r": [[1300.0, 0.09120893732709398]]}
{"519.lbm_r": [[1026928.0000000001, 1.0002436027666763]]}
{"519.lbm_r": [[1783.0, 0.0002119310731290838]]}
