{"519.lbm_r": [[1375.0, 0.13990653601602057]]}
{"519.lbm_r": [[1331.0, 0.04202846820470698]]}
{"519.lbm_r": [[2139987.0, 2.000355005499758]]}
{"519.lbm_r": [[2051344.9999999998, 2.0004174239108914]]}
{"519.lbm_r": [[1362.0, 0.07835679839120221]]}
{"519.lbm_r": [[1298251.0, 2.01422450711343]]}
{"519.lbm_r": [[1342.0, 0.12176472004537019]]}
{"519.lbm_r": [[1625392.0, 2.000902733353247]]}
{"519.lbm_r": [[2138886.0, 2.000360856503485]]}
{"519.lbm_r": [[1347.0, 0.13303568327931423]]}
{"519.lbm_r": [[1374.0, 0.044190057019114715]]}
{"519.lbm_r": [[1388.0, 0.1824762101854627]]}
{"519.lbm_r": [[1360.0, 0.25079462703917466]]}
{"519.lbm_r": [[1365.0, 0.017678896872552023]]}
{"519.lbm_r": [[1360.0, 0.03713298462189421]]}
{"519.lbm_r": [[1332.0, 0.04698660322686085]]}
{"519.lbm_r": [[1382.0, 0.03249260249571873]]}
{"519.lbm_r": [[1907228.0, 2.0005335294436746]]}
{"519.lbm_r": [[1349.0, 0.12300979731237677]]}
{"519.lbm_r": [[1371.0, 0.11252357162659246]]}
{"519.lbm_r": [[1400.0, 0.05494505772303369]]}
{"519.lbm_r": [[1611423.0, 2.001062934037742]]}
{"519.lbm_r": [[1331.0, 0.21065270815262285]]}
{"519.lbm_r": [[1329.0, 0.06076479015746791]]}
{"519.lbm_r": [[1376.0, 0.021618122374555886]]}
{"519.lbm_r": [[1769548.0, 2.000733571478032]]}
{"519.lbm_r": [[1354.0, 0.14343824913073244]]}
{"519.lbm_r": [[1392.0, 0.10013465438563578]]}
{"519.lbm_r": [[1132816.0, 1.0000747968836141]]}
{"519.lbm_r": [[1262495.0, 2.0443887679912573]]}
{"519.lbm_r": [[1386.0, 0.03596291964196453]]}
{"519.lbm_r": [[1906.0, 8.971296583813047e-05]]}
{"519.lbm_r": [[1365.0, 0.035801816660684556]]}
{"519.lbm_r": [[1267185.0, 2.084733265637641]]}
{"519.lbm_r": [[1415.0, 0.0071005065029566255]]}
{"519.lbm_r": [[1308.0, 0.12616080880039732]]}
{"519.lbm_r": [[4192086.0000000005, 3.000180545203049]]}
{"519.lbm_r": [[1405699.0, 2.0020149366653492]]}
{"519.lbm_r": [[1056937.0, 1.000209761838258]]}
{"519.lbm_r": [[1756416.0, 2.0007506310345944]]}
{"519.lbm_r": [[1348.0, 0.15913969367813502]]}
{"519.lbm_r": [[1371.0, 0.3334768559816697]]}
{"519.lbm_r": [[1388.0, 0.06030797773674646]]}
{"519.lbm_r": [[1319.0, 0.1199019955353805]]}
{"519.lbm_r": [[1045811.9999999999, 1.0000024236106648]]}
{"519.lbm_r": [[2815537.0, 2.0001059106124512]]}
