{"519.lbm_r": [[1349.0, 0.055372576625224525]]}
{"519.lbm_r": [[1399.0, 0.17012859815395373]]}
{"519.lbm_r": [[2249703.0, 2.0003391870425324]]}
{"519.lbm_r": [[1640.0, 0.0005138755012958852]]}
{"519.lbm_r": [[1267.0, 0.15599455407942606]]}
{"519.lbm_r": [[1414.0, 0.03203387018078946]]}
{"519.lbm_r": [[1221456.0, 2.642186361566412]]}
{"519.lbm_r": [[1021595.0, 1.0000466105195627]]}
{"519.lbm_r": [[1424.0, 0.0039892783213358535]]}
{"519.lbm_r": [[1383.0, 0.0664000695537398]]}
{"519.lbm_r": [[1374.0, 0.02045726529619114]]}
{"519.lbm_r": [[1364.0, 0.09534743049032596]]}
{"519.lbm_r": [[1435.0, 0.059509251129530205]]}
{"519.lbm_r": [[1308.0, 0.0805671101126235]]}
{"519.lbm_r": [[1314.0, 0.14128424618341234]]}
{"519.lbm_r": [[1549.0, 0.0014519147046135794]]}
{"519.lbm_r": [[2718477.0, 2.000129738454356]]}
{"519.lbm_r": [[1432817.0, 2.001882344300482]]}
{"519.lbm_r": [[1381.0, 0.12335086056717261]]}
{"519.lbm_r": [[1311.0, 0.12897149068063737]]}
{"519.lbm_r": [[3218918.0, 3.000617518102058]]}
{"519.lbm_r": [[1326.0, 0.17005474235879056]]}
{"519.lbm_r": [[1322.0, 0.2764759975517634]]}
{"519.lbm_r": [[1378.0, 0.07494422524582557]]}
{"519.lbm_r": [[2004669.0, 2.000488602908662]]}
{"519.lbm_r": [[1605091.0, 2.0009658305800224]]}
{"519.lbm_r": [[1894248.0, 2.000567862572836]]}
{"519.lbm_r": [[3060069.0, 3.1827394742702126]]}
{"519.lbm_r": [[1378.0, 0.09652830204984164]]}
{"519.lbm_r": [[1384.0, 0.10559140041821061]]}
{"519.lbm_r": [[1332900.0, 2.015969273280508]]}
{"519.lbm_r": [[1887.0, 0.00010389329388669664]]}
{"519.lbm_r": [[1354.0, 0.1630863392679219]]}
{"519.lbm_r": [[2208005.0, 2.000384911979867]]}
{"519.lbm_r": [[1363.0, 0.13707130056862962]]}
{"519.lbm_r": [[1385.0, 0.11432057825091245]]}
{"519.lbm_r": [[1373.0, 0.12273612700129201]]}
{"519.lbm_r": [[1149582.0, 2.892622030706226]]}
{"519.lbm_r": [[1819844.0, 2.000614485869783]]}
{"519.lbm_r": [[1388.0, 0.02735876268068178]]}
{"519.lbm_r": [[1302.0, 0.1896723241914918]]}
{"519.lbm_r": [[1799.0, 0.00021154045439841882]]}
{"519.lbm_r": [[2037.9999999999998, 1.9475392166467302]]}
{"519.lbm_r": [[1432474.0, 2.001656761757138]]}
{"519.lbm_r": [[1216555.0, 2.1010638031011624]]}
