{"masstree": {"ferret": {"95th_latency": 6862.0, "99th_latency": 21387.0, "violate_rate": 25.056532602875116, "throughput": 4000}, "baseline": {"95th_latency": 4485.0, "99th_latency": 15037.0, "violate_rate": 14.247353900008704, "throughput": 4000}}}
{"masstree": {"ferret": {"95th_latency": 6922.0, "99th_latency": 23744.0, "violate_rate": 26.996256664125212, "throughput": 4000}, "baseline": {"95th_latency": 4156.0, "99th_latency": 13904.0, "violate_rate": 14.33075385613529, "throughput": 4000}}}
