{"masstree": {"ferret": {"95th_latency": 7516.0, "99th_latency": 24479.0, "violate_rate": 31.520606927846753, "throughput": 4000}, "baseline": {"95th_latency": 4437.0, "99th_latency": 15347.0, "violate_rate": 15.445550063227582, "throughput": 4000}}}
{"masstree": {"ferret": {"95th_latency": 7129.0, "99th_latency": 24874.0, "violate_rate": 30.412933834194295, "throughput": 4000}, "baseline": {"95th_latency": 4275.0, "99th_latency": 15747.0, "violate_rate": 15.754903830717112, "throughput": 4000}}}
