{"masstree": {"519.lbm_r": {"95th_latency": 2427.0, "99th_latency": 7326.0, "violate_rate": 7.885170663716173, "throughput": 3000}, "507.cactuBSSN_r": {"95th_latency": 1594.0, "99th_latency": 3663.0, "violate_rate": 2.25936986005369, "throughput": 3000}, "500.perlbench_r": {"95th_latency": 1233.0, "99th_latency": 2109.0, "violate_rate": 1.769333738307255, "throughput": 3000}, "502.gcc_r": {"95th_latency": 1237.0, "99th_latency": 2108.0, "violate_rate": 1.7701416110453865, "throughput": 3000}, "503.bwaves_r": {"95th_latency": 1218.0, "99th_latency": 2043.0000000000002, "violate_rate": 1.9002458435567358, "throughput": 3000}, "505.mcf_r": {"95th_latency": 1533.0, "99th_latency": 3292.0, "violate_rate": 2.499874009934709, "throughput": 3000}, "508.namd_r": {"95th_latency": 1253.0, "99th_latency": 2097.0, "violate_rate": 1.7827634243204464, "throughput": 3000}, "510.parest_r": {"95th_latency": 1318.0, "99th_latency": 2506.0, "violate_rate": 1.3013988609316627, "throughput": 3000}, "511.povray_r": {"95th_latency": 1214.0, "99th_latency": 2077.0, "violate_rate": 1.8330880338592774, "throughput": 3000}, "520.omnetpp_r": {"95th_latency": 1456.0, "99th_latency": 2980.0, "violate_rate": 1.0082096321964507, "throughput": 3000}, "521.wrf_r": {"95th_latency": 1207.0, "99th_latency": 2001.0, "violate_rate": 1.9973910133825403, "throughput": 3000}, "523.xalancbmk_r": {"95th_latency": 1274.0, "99th_latency": 2564.0, "violate_rate": 1.3043893346116662, "throughput": 3000}, "525.x264_r": {"95th_latency": 1240.0, "99th_latency": 2124.0, "violate_rate": 1.740240770546634, "throughput": 3000}, "526.blender_r": {"95th_latency": 1323.0, "99th_latency": 2407.0, "violate_rate": 1.355974594728284, "throughput": 3000}, "527.cam4_r": {"95th_latency": 1215.0, "99th_latency": 2061.0, "violate_rate": 1.8681785891473588, "throughput": 3000}, "531.deepsjeng_r": {"95th_latency": 1230.0, "99th_latency": 2164.0, "violate_rate": 1.6854892532419523, "throughput": 3000}, "538.imagick_r": {"95th_latency": 1220.0, "99th_latency": 2126.0, "violate_rate": 1.7481022652407923, "throughput": 3000}, "541.leela_r": {"95th_latency": 1218.0, "99th_latency": 2049.0, "violate_rate": 1.8865097148925722, "throughput": 3000}, "544.nab_r": {"95th_latency": 1233.0, "99th_latency": 2209.0, "violate_rate": 1.623204182573129, "throughput": 3000}, "548.exchange2_r": {"95th_latency": 1196.0, "99th_latency": 1948.0, "violate_rate": 0.0017323654735515056, "throughput": 3000}, "549.fotonik3d_r": {"95th_latency": 1221.0, "99th_latency": 2068.0, "violate_rate": 1.8506478679679503, "throughput": 3000}, "554.roms_r": {"95th_latency": 1224.0, "99th_latency": 2111.0, "violate_rate": 1.7727824774264542, "throughput": 3000}, "557.xz_r": {"95th_latency": 1374.0, "99th_latency": 2779.0, "violate_rate": 1.1537571547410521, "throughput": 3000}, "baseline": {"95th_latency": 1211.0, "99th_latency": 2019.0000000000002, "violate_rate": 1.9545034284465816, "throughput": 3000}}}
{"masstree": {"519.lbm_r": {"95th_latency": 2419.0, "99th_latency": 7387.0, "violate_rate": 7.959809591339326, "throughput": 3000}, "507.cactuBSSN_r": {"95th_latency": 1591.0, "99th_latency": 3569.0, "violate_rate": 2.2516319596311494, "throughput": 3000}, "500.perlbench_r": {"95th_latency": 1243.0, "99th_latency": 2127.0, "violate_rate": 1.735163699914183, "throughput": 3000}, "502.gcc_r": {"95th_latency": 1248.0, "99th_latency": 2142.0, "violate_rate": 1.7060770920645951, "throughput": 3000}, "503.bwaves_r": {"95th_latency": 1216.0, "99th_latency": 1998.0, "violate_rate": 3.548675541855408e-05, "throughput": 3000}, "505.mcf_r": {"95th_latency": 1533.0, "99th_latency": 3600.0, "violate_rate": 2.4383833918170894, "throughput": 3000}, "508.namd_r": {"95th_latency": 1272.0, "99th_latency": 2268.0, "violate_rate": 1.529366350320383, "throughput": 3000}, "510.parest_r": {"95th_latency": 1313.0, "99th_latency": 2510.0, "violate_rate": 1.29992897501643, "throughput": 3000}, "511.povray_r": {"95th_latency": 1212.0, "99th_latency": 2016.0, "violate_rate": 1.9626217190664184, "throughput": 3000}, "520.omnetpp_r": {"95th_latency": 1462.0, "99th_latency": 3244.0, "violate_rate": 2.8050043757191863, "throughput": 3000}, "521.wrf_r": {"95th_latency": 1212.0, "99th_latency": 2009.9999999999998, "violate_rate": 1.9762596626038698, "throughput": 3000}, "523.xalancbmk_r": {"95th_latency": 1282.0, "99th_latency": 2350.0, "violate_rate": 1.4373335661195386, "throughput": 3000}, "525.x264_r": {"95th_latency": 1253.0, "99th_latency": 2227.0, "violate_rate": 1.5834452514903141, "throughput": 3000}, "526.blender_r": {"95th_latency": 1317.0, "99th_latency": 2365.0, "violate_rate": 1.3963085404107707, "throughput": 3000}, "527.cam4_r": {"95th_latency": 1216.0, "99th_latency": 1981.0, "violate_rate": 0.000419775401075802, "throughput": 3000}, "531.deepsjeng_r": {"95th_latency": 1249.0, "99th_latency": 2181.0, "violate_rate": 1.6482739227916319, "throughput": 3000}, "538.imagick_r": {"95th_latency": 1218.0, "99th_latency": 2067.0, "violate_rate": 1.8530100448433053, "throughput": 3000}, "541.leela_r": {"95th_latency": 1225.0, "99th_latency": 2142.0, "violate_rate": 1.7231002963359492, "throughput": 3000}, "544.nab_r": {"95th_latency": 1247.0, "99th_latency": 2171.0, "violate_rate": 1.6698465663264022, "throughput": 3000}, "548.exchange2_r": {"95th_latency": 1229.0, "99th_latency": 2265.0, "violate_rate": 1.5700579924682303, "throughput": 3000}, "549.fotonik3d_r": {"95th_latency": 1203.0, "99th_latency": 1955.0, "violate_rate": 0.0014569922618915083, "throughput": 3000}, "554.roms_r": {"95th_latency": 1201.0, "99th_latency": 1939.0, "violate_rate": 0.001893199481856347, "throughput": 3000}, "557.xz_r": {"95th_latency": 1358.0, "99th_latency": 2581.0, "violate_rate": 1.2290236067629623, "throughput": 3000}, "baseline": {"95th_latency": 1214.0, "99th_latency": 2092.0, "violate_rate": 1.805982579692293, "throughput": 3000}}}
{"masstree": {"519.lbm_r": {"95th_latency": 2486.0, "99th_latency": 7198.0, "violate_rate": 7.656311311006643, "throughput": 3000}, "507.cactuBSSN_r": {"95th_latency": 1619.0, "99th_latency": 3914.0, "violate_rate": 2.0760182546910304, "throughput": 3000}, "500.perlbench_r": {"95th_latency": 1246.0, "99th_latency": 2171.0, "violate_rate": 1.6655601609291697, "throughput": 3000}, "502.gcc_r": {"95th_latency": 1262.0, "99th_latency": 2276.0, "violate_rate": 1.520914774725102, "throughput": 3000}, "503.bwaves_r": {"95th_latency": 1229.0, "99th_latency": 2176.0, "violate_rate": 1.675587288037225, "throughput": 3000}, "505.mcf_r": {"95th_latency": 1528.0, "99th_latency": 3518.0, "violate_rate": 2.4678138058406227, "throughput": 3000}, "508.namd_r": {"95th_latency": 1261.0, "99th_latency": 2172.0, "violate_rate": 1.6580422424845418, "throughput": 3000}, "510.parest_r": {"95th_latency": 1333.0, "99th_latency": 2410.0, "violate_rate": 1.345508380261187, "throughput": 3000}, "511.povray_r": {"95th_latency": 1217.0, "99th_latency": 2053.0, "violate_rate": 1.881498821614982, "throughput": 3000}, "520.omnetpp_r": {"95th_latency": 1479.0, "99th_latency": 3104.0, "violate_rate": 2.7858960085701097, "throughput": 3000}, "521.wrf_r": {"95th_latency": 1219.0, "99th_latency": 2097.0, "violate_rate": 1.7983755785280027, "throughput": 3000}, "523.xalancbmk_r": {"95th_latency": 1278.0, "99th_latency": 2366.0, "violate_rate": 1.4301728524071757, "throughput": 3000}, "525.x264_r": {"95th_latency": 1257.0, "99th_latency": 2188.0, "violate_rate": 1.6349518366408606, "throughput": 3000}, "526.blender_r": {"95th_latency": 1315.0, "99th_latency": 2369.0, "violate_rate": 1.3851659366706752, "throughput": 3000}, "527.cam4_r": {"95th_latency": 1224.0, "99th_latency": 2001.9999999999998, "violate_rate": 1.9959163966563271, "throughput": 3000}, "531.deepsjeng_r": {"95th_latency": 1236.0, "99th_latency": 2202.0, "violate_rate": 1.6352350639220952, "throughput": 3000}, "538.imagick_r": {"95th_latency": 1230.0, "99th_latency": 2104.0, "violate_rate": 1.7818319633059805, "throughput": 3000},