{"masstree": {"519.lbm_r": {"95th_latency": 2443.0, "99th_latency": 7183.0, "violate_rate": 7.882634993857534, "throughput": 3000}, "507.cactuBSSN_r": {"95th_latency": 1578.0, "99th_latency": 3624.0, "violate_rate": 2.260118220658371, "throughput": 3000}, "500.perlbench_r": {"95th_latency": 1219.0, "99th_latency": 2067.0, "violate_rate": 1.8515087517907576, "throughput": 3000}, "502.gcc_r": {"95th_latency": 1231.0, "99th_latency": 2036.0, "violate_rate": 1.9124307595771473, "throughput": 3000}, "503.bwaves_r": {"95th_latency": 1194.0, "99th_latency": 2036.0, "violate_rate": 1.9203408344853994, "throughput": 3000}, "505.mcf_r": {"95th_latency": 1519.0, "99th_latency": 3527.0, "violate_rate": 2.466663022262214, "throughput": 3000}, "508.namd_r": {"95th_latency": 1245.0, "99th_latency": 2128.0, "violate_rate": 1.7293790819291495, "throughput": 3000}, "510.parest_r": {"95th_latency": 1298.0, "99th_latency": 2444.0, "violate_rate": 1.348535937437601, "throughput": 3000}, "511.povray_r": {"95th_latency": 1187.0, "99th_latency": 2037.9999999999998, "violate_rate": 1.9155010225020872, "throughput": 3000}, "520.omnetpp_r": {"95th_latency": 1431.0, "99th_latency": 2761.0, "violate_rate": 1.0806818300928362, "throughput": 3000}, "521.wrf_r": {"95th_latency": 1199.0, "99th_latency": 2070.0, "violate_rate": 1.8504731769400853, "throughput": 3000}, "523.xalancbmk_r": {"95th_latency": 1254.0, "99th_latency": 2227.0, "violate_rate": 1.5890142683073725, "throughput": 3000}, "525.x264_r": {"95th_latency": 1218.0, "99th_latency": 2055.0, "violate_rate": 1.8766065697167205, "throughput": 3000}, "526.blender_r": {"95th_latency": 1301.0, "99th_latency": 2359.0, "violate_rate": 1.4163897977529427, "throughput": 3000}, "527.cam4_r": {"95th_latency": 1187.0, "99th_latency": 1965.0, "violate_rate": 0.0006970349257845173, "throughput": 3000}, "531.deepsjeng_r": {"95th_latency": 1220.0, "99th_latency": 2168.0, "violate_rate": 1.68172148117115, "throughput": 3000}, "538.imagick_r": {"95th_latency": 1212.0, "99th_latency": 2205.0, "violate_rate": 1.645828645280289, "throughput": 3000}, "541.leela_r": {"95th_latency": 1187.0, "99th_latency": 2000.0, "violate_rate": 1.9988706910970926, "throughput": 3000}, "544.nab_r": {"95th_latency": 1210.0, "99th_latency": 2095.0, "violate_rate": 1.8017475732069137, "throughput": 3000}, "548.exchange2_r": {"95th_latency": 1186.0, "99th_latency": 1962.0, "violate_rate": 0.0008565084492606612, "throughput": 3000}, "549.fotonik3d_r": {"95th_latency": 1206.0, "99th_latency": 2047.0000000000002, "violate_rate": 1.8960763553807856, "throughput": 3000}, "554.roms_r": {"95th_latency": 1199.0, "99th_latency": 2029.9999999999998, "violate_rate": 1.9325372599208905, "throughput": 3000}, "557.xz_r": {"95th_latency": 1340.0, "99th_latency": 2589.0, "violate_rate": 1.2494966190864591, "throughput": 3000}, "baseline": {"95th_latency": 1191.0, "99th_latency": 2013.0, "violate_rate": 1.9707065156392365, "throughput": 3000}}}
{"masstree": {"519.lbm_r": {"95th_latency": 2425.0, "99th_latency": 7416.0, "violate_rate": 6.041313263079224, "throughput": 3000}, "507.cactuBSSN_r": {"95th_latency": 1601.0, "99th_latency": 4041.0000000000005, "violate_rate": 2.140546852704662, "throughput": 3000}, "500.perlbench_r": {"95th_latency": 1216.0, "99th_latency": 2081.0, "violate_rate": 1.8299164700597186, "throughput": 3000}, "502.gcc_r": {"95th_latency": 1242.0, "99th_latency": 2208.0, "violate_rate": 1.6099456053744081, "throughput": 3000}, "503.bwaves_r": {"95th_latency": 1204.0, "99th_latency": 1973.0, "violate_rate": 0.0008112630534132065, "throughput": 3000}, "505.mcf_r": {"95th_latency": 1508.0, "99th_latency": 3376.0, "violate_rate": 2.603868788948282, "throughput": 3000}, "508.namd_r": {"95th_latency": 1250.0, "99th_latency": 2184.0, "violate_rate": 1.6485143056201328, "throughput": 3000}, "510.parest_r": {"95th_latency": 1312.0, "99th_latency": 2505.0, "violate_rate": 1.2996316086265947, "throughput": 3000}, "511.povray_r": {"95th_latency": 1212.0, "99th_latency": 2082.0, "violate_rate": 1.826581294559217, "throughput": 3000}, "520.omnetpp_r": {"95th_latency": 1446.0, "99th_latency": 3069.0, "violate_rate": 2.9618511334232407, "throughput": 3000}, "521.wrf_r": {"95th_latency": 1209.0, "99th_latency": 2069.0, "violate_rate": 1.8518328748507107, "throughput": 3000}, "523.xalancbmk_r": {"95th_latency": 1250.0, "99th_latency": 2175.0, "violate_rate": 1.6591945055866755, "throughput": 3000}, "525.x264_r": {"95th_latency": 1251.0, "99th_latency": 2206.0, "violate_rate": 1.6116287113168382, "throughput": 3000}, "526.blender_r": {"95th_latency": 1306.0, "99th_latency": 2431.0, "violate_rate": 1.3626319771452637, "throughput": 3000}, "527.cam4_r": {"95th_latency": 1215.0, "99th_latency": 2077.0, "violate_rate": 1.8353670981275152, "throughput": 3000}, "531.deepsjeng_r": {"95th_latency": 1237.0, "99th_latency": 2231.0, "violate_rate": 1.5925925677576702, "throughput": 3000}, "538.imagick_r": {"95th_latency": 1212.0, "99th_latency": 2068.0, "violate_rate": 1.851982429327509, "throughput": 3000}, "541.leela_r": {"95th_latency": 1214.0, "99th_latency": 2021.9999999999998, "violate_rate": 1.9474177949813745, "throughput": 3000}, "544.nab_r": {"95th_latency": 1230.0, "99th_latency": 2167.0, "violate_rate": 1.6843407701102349, "throughput": 3000}, "548.exchange2_r": {"95th_latency": 1213.0, "99th_latency": 1977.0, "violate_rate": 0.0006693690460615229, "throughput": 3000}, "549.fotonik3d_r": {"95th_latency": 1220.0, "99th_latency": 2008.0, "violate_rate": 1.9802892190752877, "throughput": 3000}, "554.roms_r": {"95th_latency": 1212.0, "99th_latency": 2072.0, "violate_rate": 1.8444944555675784, "throughput": 3000}, "557.xz_r": {"95th_latency": 1340.0, "99th_latency": 2478.0, "violate_rate": 1.2928492184252558, "throughput": 3000}, "baseline": {"95th_latency": 1206.0, "99th_latency": 1983.0, "violate_rate": 0.0005362725727972723, "throughput": 3000}}}
{"masstree": {"519.lbm_r": {"95th_latency": 2467.0, "99th_latency": 7280.0, "violate_rate": 7.801281883492176, "throughput": 3000}, "507.cactuBSSN_r": {"95th_latency": 1601.0, "99th_latency": 3815.0, "violate_rate": 2.1672633071555305, "throughput": 3000}, "500.perlbench_r": {"95th_latency": 1252.0, "99th_latency": 2146.0, "violate_rate": 1.6989849327558861, "throughput": 3000}, "502.gcc_r": {"95th_latency": 1243.0, "99th_latency": 2097.0, "violate_rate": 1.7864531593734272, "throughput": 3000}, "503.bwaves_r": {"95th_latency": 1202.0, "99th_latency": 2004.0, "violate_rate": 1.9896577939310172, "throughput": 3000}, "505.mcf_r": {"95th_latency": 1518.0, "99th_latency": 3259.0, "violate_rate": 2.5666062054560013, "throughput": 3000}, "508.namd_r": {"95th_latency": 1268.0, "99th_latency": 2250.0, "violate_rate": 1.5482564307650422, "throughput": 3000}, "510.parest_r": {"95th_latency": 1299.0, "99th_latency": 2309.0, "violate_rate": 1.4608867018141074, "throughput": 3000}, "511.povray_r": {"95th_latency": 1195.0, "99th_latency": 2041.9999999999998, "violate_rate": 1.909296322904091, "throughput": 3000}, "520.omnetpp_r": {"95th_latency": 1436.0, "99th_latency": 2884.0, "violate_rate": 1.0399812861582516, "throughput": 3000}, "521.wrf_r": {"95th_latency": 1211.0, "99th_latency": 2029.9999999999998, "violate_rate": 1.931385848288675, "throughput": 3000}, "523.xalancbmk_r": {"95th_latency": 1269.0, "99th_latency": 2223.0, "violate_rate": 1.5888637638521883, "throughput": 3000}, "525.x264_r": {"95th_latency": 1244.0, "99th_latency": 2084.0, "violate_rate": 1.8118206768026086, "throughput": 3000}, "526.blender_r": {"95th_latency": 1327.0, "99th_latency": 2448.0, "violate_rate": 1.3331395999058224, "throughput": 3000}, "527.cam4_r": {"95th_latency": 1220.0, "99th_latency": 2090.0, "violate_rate": 1.8077475379013261, "throughput": 3000}, "531.deepsjeng_r": {"95th_latency": 1216.0, "99th_latency": 2057.0, "violate_rate": 1.8734990420648123, "throughput": 3000}, "538.imagick_r": {"95th_latency": 1212.0, "99th_latency": 2130.0,