{"masstree": {"519.lbm_r": {"95th_latency": 2525.0, "99th_latency": 7231.0, "violate_rate": 7.295272963490258, "throughput": 2500}, "507.cactuBSSN_r": {"95th_latency": 1920.0, "99th_latency": 5442.0, "violate_rate": 4.328827372534552, "throughput": 2500}, "500.perlbench_r": {"95th_latency": 1706.0, "99th_latency": 4663.0, "violate_rate": 3.2371931994302443, "throughput": 2500}, "502.gcc_r": {"95th_latency": 1820.0, "99th_latency": 5087.0, "violate_rate": 4.795777597891903, "throughput": 2500}, "503.bwaves_r": {"95th_latency": 1892.0, "99th_latency": 5273.0, "violate_rate": 4.461893982967753, "throughput": 2500}, "505.mcf_r": {"95th_latency": 1993.0, "99th_latency": 5525.0, "violate_rate": 4.0282060188762845, "throughput": 2500}, "508.namd_r": {"95th_latency": 1726.0, "99th_latency": 4780.0, "violate_rate": 3.202668352779672, "throughput": 2500}, "510.parest_r": {"95th_latency": 1864.0, "99th_latency": 5276.0, "violate_rate": 4.586937511813913, "throughput": 2500}, "511.povray_r": {"95th_latency": 1831.0, "99th_latency": 4832.0, "violate_rate": 4.761931750270698, "throughput": 2500}, "520.omnetpp_r": {"95th_latency": 2363.0, "99th_latency": 6711.0, "violate_rate": 6.135706790140382, "throughput": 2500}, "521.wrf_r": {"95th_latency": 1656.0, "99th_latency": 4738.0, "violate_rate": 3.4274810122239794, "throughput": 2500}, "523.xalancbmk_r": {"95th_latency": 1877.0, "99th_latency": 5360.0, "violate_rate": 4.528266449633759, "throughput": 2500}, "525.x264_r": {"95th_latency": 1704.0, "99th_latency": 4776.0, "violate_rate": 3.228948368762831, "throughput": 2500}, "526.blender_r": {"95th_latency": 1994.0, "99th_latency": 5474.0, "violate_rate": 4.024732692144468, "throughput": 2500}, "527.cam4_r": {"95th_latency": 1582.0, "99th_latency": 4540.0, "violate_rate": 3.7629880738286463, "throughput": 2500}, "531.deepsjeng_r": {"95th_latency": 1983.0, "99th_latency": 5563.0, "violate_rate": 4.072542829081758, "throughput": 2500}, "538.imagick_r": {"95th_latency": 1647.0, "99th_latency": 4371.0, "violate_rate": 3.5102083800574024, "throughput": 2500}, "541.leela_r": {"95th_latency": 1773.0, "99th_latency": 4714.0, "violate_rate": 3.0299708864426416, "throughput": 2500}, "544.nab_r": {"95th_latency": 1901.0, "99th_latency": 5491.0, "violate_rate": 4.405195573971109, "throughput": 2500}, "548.exchange2_r": {"95th_latency": 1697.0, "99th_latency": 4670.0, "violate_rate": 3.282434508689345, "throughput": 2500}, "549.fotonik3d_r": {"95th_latency": 1828.0, "99th_latency": 5024.0, "violate_rate": 4.77023302247775, "throughput": 2500}, "554.roms_r": {"95th_latency": 1728.0, "99th_latency": 4907.0, "violate_rate": 3.1452767549123233, "throughput": 2500}, "557.xz_r": {"95th_latency": 1746.0, "99th_latency": 4814.0, "violate_rate": 3.091269586635426, "throughput": 2500}, "baseline": {"95th_latency": 1715.0, "99th_latency": 4975.0, "violate_rate": 3.1863854860202907, "throughput": 2500}}}
{"masstree": {"519.lbm_r": {"95th_latency": 1259.0, "99th_latency": 2941.0, "violate_rate": 1.0311682644581404, "throughput": 2500}, "507.cactuBSSN_r": {"95th_latency": 1026.0, "99th_latency": 2298.0, "violate_rate": 1.5731562636586935, "throughput": 2500}, "500.perlbench_r": {"95th_latency": 918.0, "99th_latency": 2081.0, "violate_rate": 1.8780204121612667, "throughput": 2500}, "502.gcc_r": {"95th_latency": 905.0, "99th_latency": 1978.0, "violate_rate": 0.0009985599405349492, "throughput": 2500}, "503.bwaves_r": {"95th_latency": 893.0, "99th_latency": 1974.0, "violate_rate": 0.000990726995170606, "throughput": 2500}, "505.mcf_r": {"95th_latency": 1008.0, "99th_latency": 2315.0, "violate_rate": 1.5769109440093017, "throughput": 2500}, "508.namd_r": {"95th_latency": 910.0, "99th_latency": 2052.0, "violate_rate": 1.9191129874044521, "throughput": 2500}, "510.parest_r": {"95th_latency": 919.0, "99th_latency": 2016.0, "violate_rate": 1.9739195460767682, "throughput": 2500}, "511.povray_r": {"95th_latency": 893.0, "99th_latency": 1940.0, "violate_rate": 0.0025269653904416347, "throughput": 2500}, "520.omnetpp_r": {"95th_latency": 1086.0, "99th_latency": 2507.0, "violate_rate": 1.3693077923260542, "throughput": 2500}, "521.wrf_r": {"95th_latency": 892.0, "99th_latency": 1924.0, "violate_rate": 0.003574037547662091, "throughput": 2500}, "523.xalancbmk_r": {"95th_latency": 905.0, "99th_latency": 1968.0, "violate_rate": 0.001592871597567276, "throughput": 2500}, "525.x264_r": {"95th_latency": 905.0, "99th_latency": 1977.0, "violate_rate": 0.0010944156745570565, "throughput": 2500}, "526.blender_r": {"95th_latency": 934.0, "99th_latency": 2078.0, "violate_rate": 1.8774166132460874, "throughput": 2500}, "527.cam4_r": {"95th_latency": 891.0, "99th_latency": 1934.0, "violate_rate": 0.0024217927014890906, "throughput": 2500}, "531.deepsjeng_r": {"95th_latency": 900.0, "99th_latency": 1950.0, "violate_rate": 0.00262198990019983, "throughput": 2500}, "538.imagick_r": {"95th_latency": 900.0, "99th_latency": 1947.0, "violate_rate": 0.003007392594910983, "throughput": 2500}, "541.leela_r": {"95th_latency": 897.0, "99th_latency": 1944.0, "violate_rate": 0.0020537477993546193, "throughput": 2500}, "544.nab_r": {"95th_latency": 904.0, "99th_latency": 2078.0, "violate_rate": 1.8829716231704552, "throughput": 2500}, "548.exchange2_r": {"95th_latency": 907.0, "99th_latency": 2029.0, "violate_rate": 1.9541933027825207, "throughput": 2500}, "549.fotonik3d_r": {"95th_latency": 887.0, "99th_latency": 1945.0, "violate_rate": 0.002475853551178801, "throughput": 2500}, "554.roms_r": {"95th_latency": 893.0, "99th_latency": 1934.0, "violate_rate": 0.002331348188682838, "throughput": 2500}, "557.xz_r": {"95th_latency": 953.0, "99th_latency": 2162.0, "violate_rate": 1.7655908415064416, "throughput": 2500}, "baseline": {"95th_latency": 889.0, "99th_latency": 1990.0, "violate_rate": 0.00038308506141540875, "throughput": 2500}}}
{"masstree": {"519.lbm_r": {"95th_latency": 1275.0, "99th_latency": 2819.0, "violate_rate": 1.0513056575577433, "throughput": 2500}, "507.cactuBSSN_r": {"95th_latency": 1035.0, "99th_latency": 2340.0, "violate_rate": 1.5363607705963895, "throughput": 2500}, "500.perlbench_r": {"95th_latency": 927.0, "99th_latency": 2039.0000000000002, "violate_rate": 1.93612290256673, "throughput": 2500}, "503.bwaves_r": {"95th_latency": 3987121.0, "99th_latency": 4476249.0, "violate_rate": 84.02106698841561, "throughput": 2500}, "505.mcf_r": {"95th_latency": 6043479.0, "99th_latency": 6643632.0, "violate_rate": 88.01566015214763, "throughput": 2500}, "508.namd_r": {"95th_latency": 4176765.9999999995, "99th_latency": 4694229.0, "violate_rate": 84.03913842197875, "throughput": 2500}, "510.parest_r": {"95th_latency": 4910306.0, "99th_latency": 5179175.0, "violate_rate": 86.02671681977584, "throughput": 2500}, "511.povray_r": {"95th_latency": 3722447.0, "99th_latency": 4051739.0, "violate_rate": 81.7012143953111, "throughput": 2500}, "526.blender_r": {"95th_latency": 7816433.0, "99th_latency": 8550992.0, "violate_rate": 82.31756098418954, "throughput": 2500}, "527.cam4_r": {"95th_latency": 9611029.0, "99th_latency": 10398288.0, "violate_rate": 97.03218575935472, "throughput": 2500}, "531.deepsjeng_r": {"95th_latency": 8337498.0, "99th_latency": 8692445.0, "violate_rate": 84.0292071714421, "throughput": 2500}, "538.imagick_r": {"95th_latency": 8443830.0, "99th_latency": 8901256.0, "violate_rate": 82.00411483112325, "throughput": 2500}, "541.leela_r": {"95th_latency": 1425890.0, "99th_latency": 1502786.0, "violate_rate": 82.06275717334735, "throughput": 2500}, "544.nab_r": {"95th_latency": 5311968.0, "99th_latency": 5942069.0, "violate_rate": 77.08908434151604, "throughput": 2500}, "548.exchange2_r": {"95th_latency": 6094669.0, "99th_latency": 6712462.0, "violate_rate": 87.01518494768113, "throughput": 2500}, "549.fotonik3d_r": {"95th_latency": 6495038.0, "99th_latency": 6810324.0, "violate_rate": 80.01523482510059, "throughput": 2500}, "554.roms_r": {"95th_latency": 6141110.0, "99th_latency": 6798687.0,