
{"masstree": {"519.lbm_r": {"95th_latency": 2342.0, "99th_latency": 6733.0, "violate_rate": 6.245857148031647, "throughput": 2500}, "507.cactuBSSN_r": {"95th_latency": 1927.0, "99th_latency": 5557.0, "violate_rate": 4.30402605671907, "throughput": 2500}, "500.perlbench_r": {"95th_latency": 1662.0, "99th_latency": 4615.0, "violate_rate": 3.4119542382038834, "throughput": 2500}, "502.gcc_r": {"95th_latency": 1593.0, "99th_latency": 4497.0, "violate_rate": 3.6464051807661666, "throughput": 2500}, "503.bwaves_r": {"95th_latency": 1759.0, "99th_latency": 5006.0, "violate_rate": 3.0400593395583853, "throughput": 2500}, "505.mcf_r": {"95th_latency": 1905.0, "99th_latency": 5614.0, "violate_rate": 4.396292935382562, "throughput": 2500}, "508.namd_r": {"95th_latency": 1767.0, "99th_latency": 4933.0, "violate_rate": 3.019881758616654, "throughput": 2500}, "510.parest_r": {"95th_latency": 2069.0, "99th_latency": 5686.0, "violate_rate": 5.635416496193567, "throughput": 2500}, "511.povray_r": {"95th_latency": 1880.0, "99th_latency": 5422.0, "violate_rate": 4.511485395410293, "throughput": 2500}, "520.omnetpp_r": {"95th_latency": 1948.0, "99th_latency": 5426.0, "violate_rate": 4.211706715356612, "throughput": 2500}, "521.wrf_r": {"95th_latency": 1833.0, "99th_latency": 5236.0, "violate_rate": 4.710798618335257, "throughput": 2500}, "523.xalancbmk_r": {"95th_latency": 1993.0, "99th_latency": 5700.0, "violate_rate": 4.027414300015361, "throughput": 2500}, "525.x264_r": {"95th_latency": 1838.0, "99th_latency": 5253.0, "violate_rate": 4.69557608442476, "throughput": 2500}, "526.blender_r": {"95th_latency": 1874.0, "99th_latency": 5445.0, "violate_rate": 4.492786230867198, "throughput": 2500}, "527.cam4_r": {"95th_latency": 1579.0, "99th_latency": 4402.0, "violate_rate": 3.7706294975613908, "throughput": 2500}, "531.deepsjeng_r": {"95th_latency": 1863.0, "99th_latency": 5211.0, "violate_rate": 4.5957320710892136, "throughput": 2500}, "538.imagick_r": {"95th_latency": 1579.0, "99th_latency": 4138.0, "violate_rate": 3.812359211330769, "throughput": 2500}, "541.leela_r": {"95th_latency": 1706.0, "99th_latency": 4719.0, "violate_rate": 3.2270123473465815, "throughput": 2500}, "544.nab_r": {"95th_latency": 974.0, "99th_latency": 2214.0, "violate_rate": 1.6940448374443333, "throughput": 2500}, "548.exchange2_r": {"95th_latency": 898.0, "99th_latency": 1945.0, "violate_rate": 0.0027861019871448242, "throughput": 2500}, "549.fotonik3d_r": {"95th_latency": 893.0, "99th_latency": 2019.0000000000002, "violate_rate": 1.9706080999239883, "throughput": 2500}, "554.roms_r": {"95th_latency": 889.0, "99th_latency": 1892.0, "violate_rate": 0.004458859866704852, "throughput": 2500}, "557.xz_r": {"95th_latency": 948.0, "99th_latency": 2168.0, "violate_rate": 1.7627191020988495, "throughput": 2500}, "baseline": {"95th_latency": 892.0, "99th_latency": 1987.0, "violate_rate": 0.0006115955676749176, "throughput": 2500}}}
{"masstree": {"519.lbm_r": {"95th_latency": 1253.0, "99th_latency": 2860.0, "violate_rate": 1.046521711648873, "throughput": 2500}, "507.cactuBSSN_r": {"95th_latency": 1030.0, "99th_latency": 2287.0, "violate_rate": 1.5882574791588246, "throughput": 2500}, "500.perlbench_r": {"95th_latency": 907.0, "99th_latency": 1985.0, "violate_rate": 0.0008282702386725804, "throughput": 2500}, "502.gcc_r": {"95th_latency": 907.0, "99th_latency": 1986.0, "violate_rate": 0.0004926543830324143, "throughput": 2500}, "503.bwaves_r": {"95th_latency": 892.0, "99th_latency": 1952.0, "violate_rate": 0.0020298270816319105, "throughput": 2500}, "505.mcf_r": {"95th_latency": 1012.0, "99th_latency": 2332.0, "violate_rate": 1.5547337813871387, "throughput": 2500}, "508.namd_r": {"95th_latency": 903.0, "99th_latency": 2005.9999999999998, "violate_rate": 1.9898760817197805, "throughput": 2500}, "510.parest_r": {"95th_latency": 912.0, "99th_latency": 1954.0, "violate_rate": 0.001883754709971577, "throughput": 2500}, "511.povray_r": {"95th_latency": 882.0, "99th_latency": 1967.0, "violate_rate": 0.0013827419419684172, "throughput": 2500}, "520.omnetpp_r": {"95th_latency": 1080.0, "99th_latency": 2529.0, "violate_rate": 1.3655827684956183, "throughput": 2500}, "521.wrf_r": {"95th_latency": 886.0, "99th_latency": 1936.0, "violate_rate": 0.0031030979330704937, "throughput": 2500}, "523.xalancbmk_r": {"95th_latency": 911.0, "99th_latency": 1967.0, "violate_rate": 0.0012323094733963193, "throughput": 2500}, "525.x264_r": {"95th_latency": 896.0, "99th_latency": 1906.0, "violate_rate": 0.0047330898160020595, "throughput": 2500}, "526.blender_r": {"95th_latency": 931.0, "99th_latency": 2020.0, "violate_rate": 1.9661368517242166, "throughput": 2500}, "527.cam4_r": {"95th_latency": 893.0, "99th_latency": 1979.0, "violate_rate": 0.001061603410900872, "throughput": 2500}, "531.deepsjeng_r": {"95th_latency": 904.0, "99th_latency": 2063.0, "violate_rate": 1.904269962531823, "throughput": 2500}, "538.imagick_r": {"95th_latency": 888.0, "99th_latency": 1908.0, "violate_rate": 0.004552998141897206, "throughput": 2500}, "541.leela_r": {"95th_latency": 898.0, "99th_latency": 2031.0000000000002, "violate_rate": 1.9521275831465816, "throughput": 2500}, "544.nab_r": {"95th_latency": 896.0, "99th_latency": 1946.0, "violate_rate": 0.002817341430238818, "throughput": 2500}, "548.exchange2_r": {"95th_latency": 891.0, "99th_latency": 1980.0, "violate_rate": 0.0008478704250460347, "throughput": 2500}, "549.fotonik3d_r": {"95th_latency": 883.0, "99th_latency": 1928.0, "violate_rate": 0.00315958267955068, "throughput": 2500}, "554.roms_r": {"95th_latency": 886.0, "99th_latency": 1942.0, "violate_rate": 0.0031815609401361607, "throughput": 2500}, "557.xz_r": {"95th_latency": 956.0, "99th_latency": 2223.0, "violate_rate": 1.6999673577419925, "throughput": 2500}, "baseline": {"95th_latency": 895.0, "99th_latency": 1981.0, "violate_rate": 0.0008507472265884057, "throughput": 2500}}}
{"masstree": {"519.lbm_r": {"95th_latency": 1261.0, "99th_latency": 2804.0, "violate_rate": 1.0549082455617067, "throughput": 2500}, "507.cactuBSSN_r": {"95th_latency": 1039.0, "99th_latency": 2483.0, "violate_rate": 1.414228791499846, "throughput": 2500}, "500.perlbench_r": {"95th_latency": 921.0, "99th_latency": 2059.0, "violate_rate": 1.9064646558636023, "throughput": 2500}, "502.gcc_r": {"95th_latency": 910.0, "99th_latency": 1962.0, "violate_rate": 0.0016031797549799194, "throughput": 2500}, "503.bwaves_r": {"95th_latency": 900.0, "99th_latency": 2110.0, "violate_rate": 1.8416451272726873, "throughput": 2500}, "505.mcf_r": {"95th_latency": 1002.9999999999999, "99th_latency": 2266.0, "violate_rate": 1.6320283536938518, "throughput": 2500}, "508.namd_r": {"95th_latency": 917.0, "99th_latency": 1952.0, "violate_rate": 0.0023725832486029158, "throughput": 2500}, "510.parest_r": {"95th_latency": 922.0, "99th_latency": 2032.0, "violate_rate": 1.9479558469652205, "throughput": 2500}, "511.povray_r": {"95th_latency": 894.0, "99th_latency": 1995.0, "violate_rate": 0.0003300328077958659, "throughput": 2500}, "520.omnetpp_r": {"95th_latency": 1096.0, "99th_latency": 2439.0, "violate_rate": 1.4078280481970116, "throughput": 2500}, "523.xalancbmk_r": {"95th_latency": 4578740.0, "99th_latency": 4997001.0, "violate_rate": 52.64697848467072, "throughput": 2500}, "527.cam4_r": {"95th_latency": 5668816.0, "99th_latency": 5868925.0, "violate_rate": 81.18081345553188, "throughput": 2500}, "531.deepsjeng_r": {"95th_latency": 516.0, "99th_latency": 888.0, "violate_rate": 0.4316473959831422, "throughput": 2500}, "538.imagick_r": {"95th_latency": 2930.0, "99th_latency": 5077.0, "violate_rate": 11.752986961891061, "throughput": 2500}, "541.leela_r": {"95th_latency": 4226672.0, "99th_latency": 4646866.0, "violate_rate": 41.112746169207185, "throughput": 2500}, "544.nab_r": {"95th_latency": 903.0, "99th_latency": 1999.0, "violate_rate": 4.377640682247657e-05, "throughput": 2500}, "548.exchange2_r": {"95th_latency": 890.0, "99th_latency": 1932.0,