{"masstree": {"519.lbm_r": {"95th_latency": 2468.0, "99th_latency": 6870.0, "violate_rate": 7.560198257610014, "throughput": 2500}, "507.cactuBSSN_r": {"95th_latency": 1874.0, "99th_latency": 5282.0, "violate_rate": 4.5493357567209, "throughput": 2500}, "500.perlbench_r": {"95th_latency": 1915.0, "99th_latency": 5309.0, "violate_rate": 4.345902180345494, "throughput": 2500}, "502.gcc_r": {"95th_latency": 1670.0, "99th_latency": 4672.0, "violate_rate": 3.3636501549979356, "throughput": 2500}, "503.bwaves_r": {"95th_latency": 1656.0, "99th_latency": 4539.0, "violate_rate": 3.430004001640006, "throughput": 2500}, "505.mcf_r": {"95th_latency": 2060.0, "99th_latency": 6028.0, "violate_rate": 5.685458106256704, "throughput": 2500}, "508.namd_r": {"95th_latency": 1741.0, "99th_latency": 4744.0, "violate_rate": 3.1177042947942026, "throughput": 2500}, "510.parest_r": {"95th_latency": 1689.0, "99th_latency": 4899.0, "violate_rate": 3.298609247636556, "throughput": 2500}, "511.povray_r": {"95th_latency": 1638.0, "99th_latency": 4731.0, "violate_rate": 3.497057088423428, "throughput": 2500}, "520.omnetpp_r": {"95th_latency": 2017.0, "99th_latency": 5684.0, "violate_rate": 5.912043084395268, "throughput": 2500}, "521.wrf_r": {"95th_latency": 1542.0, "99th_latency": 4022.0000000000005, "violate_rate": 3.9737702860434903, "throughput": 2500}, "523.xalancbmk_r": {"95th_latency": 1719.0, "99th_latency": 4733.0, "violate_rate": 3.1832665398912314, "throughput": 2500}, "525.x264_r": {"95th_latency": 1686.0, "99th_latency": 4859.0, "violate_rate": 3.269416221423619, "throughput": 2500}, "526.blender_r": {"95th_latency": 2025.9999999999998, "99th_latency": 5577.0, "violate_rate": 5.8604971330141, "throughput": 2500}, "527.cam4_r": {"95th_latency": 1754.0, "99th_latency": 4950.0, "violate_rate": 3.0751583265302638, "throughput": 2500}, "531.deepsjeng_r": {"95th_latency": 1937.0, "99th_latency": 5229.0, "violate_rate": 4.269180114713745, "throughput": 2500}, "538.imagick_r": {"95th_latency": 1597.0, "99th_latency": 4548.0, "violate_rate": 3.657017861209222, "throughput": 2500}, "541.leela_r": {"95th_latency": 1955.0, "99th_latency": 5344.0, "violate_rate": 4.190092040945956, "throughput": 2500}, "544.nab_r": {"95th_latency": 1650.0, "99th_latency": 4572.0, "violate_rate": 3.474957978425388, "throughput": 2500}, "548.exchange2_r": {"95th_latency": 1764.0, "99th_latency": 5007.0, "violate_rate": 3.052622579857838, "throughput": 2500}, "549.fotonik3d_r": {"95th_latency": 1814.0, "99th_latency": 4937.0, "violate_rate": 4.8121136278214625, "throughput": 2500}, "554.roms_r": {"95th_latency": 1562.0, "99th_latency": 4159.0, "violate_rate": 3.8335703073431175, "throughput": 2500}, "557.xz_r": {"95th_latency": 1806.0, "99th_latency": 4865.0, "violate_rate": 4.874517227883283, "throughput": 2500}, "baseline": {"95th_latency": 1762.0, "99th_latency": 4812.0, "violate_rate": 3.0616946731227705, "throughput": 2500}}}
{"masstree": {"519.lbm_r": {"95th_latency": 1238.0, "99th_latency": 2771.0, "violate_rate": 1.1182701445649466, "throughput": 2500}, "507.cactuBSSN_r": {"95th_latency": 1029.0, "99th_latency": 2287.0, "violate_rate": 1.5867201235881794, "throughput": 2500}, "500.perlbench_r": {"95th_latency": 906.0, "99th_latency": 1987.0, "violate_rate": 0.0005640533053908683, "throughput": 2500}, "502.gcc_r": {"95th_latency": 908.0, "99th_latency": 2033.0, "violate_rate": 1.9478452103329997, "throughput": 2500}, "503.bwaves_r": {"95th_latency": 892.0, "99th_latency": 1978.0, "violate_rate": 0.0006902792908599087, "throughput": 2500}, "505.mcf_r": {"95th_latency": 1004.0, "99th_latency": 2209.0, "violate_rate": 1.6847959491969196, "throughput": 2500}, "508.namd_r": {"95th_latency": 905.0, "99th_latency": 1958.0, "violate_rate": 0.0014563657020484507, "throughput": 2500}, "510.parest_r": {"95th_latency": 910.0, "99th_latency": 1942.0, "violate_rate": 0.0025801264093812996, "throughput": 2500}, "511.povray_r": {"95th_latency": 891.0, "99th_latency": 1977.0, "violate_rate": 0.0010340687969858243, "throughput": 2500}, "520.omnetpp_r": {"95th_latency": 1085.0, "99th_latency": 2509.0, "violate_rate": 1.3742563559960168, "throughput": 2500}, "521.wrf_r": {"95th_latency": 905.0, "99th_latency": 2057.0, "violate_rate": 1.9135190940715683, "throughput": 2500}, "523.xalancbmk_r": {"95th_latency": 916.0, "99th_latency": 2075.0, "violate_rate": 1.8848569553985093, "throughput": 2500}, "525.x264_r": {"95th_latency": 905.0, "99th_latency": 1982.0, "violate_rate": 0.0008981723060955548, "throughput": 2500}, "526.blender_r": {"95th_latency": 933.0, "99th_latency": 2033.0, "violate_rate": 1.9461919663031746, "throughput": 2500}, "527.cam4_r": {"95th_latency": 892.0, "99th_latency": 1911.0, "violate_rate": 0.003248483486460963, "throughput": 2500}, "531.deepsjeng_r": {"95th_latency": 899.0, "99th_latency": 2029.0, "violate_rate": 1.955576153254512, "throughput": 2500}, "538.imagick_r": {"95th_latency": 894.0, "99th_latency": 2081.0, "violate_rate": 1.8824002892515663, "throughput": 2500}, "541.leela_r": {"95th_latency": 882.0, "99th_latency": 1962.0, "violate_rate": 0.001966216592231406, "throughput": 2500}, "544.nab_r": {"95th_latency": 896.0, "99th_latency": 2016.0, "violate_rate": 1.9750052119514596, "throughput": 2500}, "548.exchange2_r": {"95th_latency": 892.0, "99th_latency": 1911.0, "violate_rate": 0.004464932122555085, "throughput": 2500}, "549.fotonik3d_r": {"95th_latency": 884.0, "99th_latency": 1964.0, "violate_rate": 0.0017610758895886588, "throughput": 2500}, "554.roms_r": {"95th_latency": 893.0, "99th_latency": 1969.0, "violate_rate": 0.0016004304040223047, "throughput": 2500}, "557.xz_r": {"95th_latency": 953.0, "99th_latency": 2125.0, "violate_rate": 1.809364736368504, "throughput": 2500}, "baseline": {"95th_latency": 897.0, "99th_latency": 1959.0, "violate_rate": 0.0018490271731297864, "throughput": 2500}}}
{"masstree": {"519.lbm_r": {"95th_latency": 1250.0, "99th_latency": 2808.0, "violate_rate": 1.077973574393412, "throughput": 2500}, "507.cactuBSSN_r": {"95th_latency": 1040.0, "99th_latency": 2419.0, "violate_rate": 1.4715603558830963, "throughput": 2500}, "500.perlbench_r": {"95th_latency": 910.0, "99th_latency": 1990.0, "violate_rate": 0.00046974815423833855, "throughput": 2500}, "503.bwaves_r": {"95th_latency": 906.0, "99th_latency": 2013.0, "violate_rate": 1.9800229077471974, "throughput": 2500}, "505.mcf_r": {"95th_latency": 1016.9999999999999, "99th_latency": 2340.0, "violate_rate": 1.549669681755982, "throughput": 2500}, "508.namd_r": {"95th_latency": 951.0, "99th_latency": 2091.0, "violate_rate": 1.8562864698315842, "throughput": 2500}, "510.parest_r": {"95th_latency": 936.0, "99th_latency": 2081.0, "violate_rate": 1.8745443216587703, "throughput": 2500}, "511.povray_r": {"95th_latency": 937.0, "99th_latency": 2081.0, "violate_rate": 1.8718022535186432, "throughput": 2500}, "520.omnetpp_r": {"95th_latency": 1111.0, "99th_latency": 2533.0, "violate_rate": 1.3392607234472447, "throughput": 2500}, "521.wrf_r": {"95th_latency": 953.0, "99th_latency": 2128.0, "violate_rate": 1.805095453880089, "throughput": 2500}, "523.xalancbmk_r": {"95th_latency": 951.0, "99th_latency": 2215.0, "violate_rate": 1.7071048150619257, "throughput": 2500}, "525.x264_r": {"95th_latency": 964.0, "99th_latency": 2113.0, "violate_rate": 1.8163558063571044, "throughput": 2500}, "526.blender_r": {"95th_latency": 7068581.0, "99th_latency": 7968243.0, "violate_rate": 35.28013460418971, "throughput": 2500}, "527.cam4_r": {"95th_latency": 13857089.0, "99th_latency": 14568197.0, "violate_rate": 98.02088789032796, "throughput": 2500}, "531.deepsjeng_r": {"95th_latency": 17146464.0, "99th_latency": 17895599.0, "violate_rate": 99.03098435312232, "throughput": 2500}, "538.imagick_r": {"95th_latency": 12647098.0, "99th_latency": 13131206.0, "violate_rate": 96.00851968909349, "throughput": 2500}, "541.leela_r": {"95th_latency": 12746659.0, "99th_latency": 13256244.0, "violate_rate": 99.00984726077482,