{"masstree": {"519.lbm_r": {"95th_latency": 2552.0, "99th_latency": 7337.0, "violate_rate": 7.13072563017956, "throughput": 2500}, "507.cactuBSSN_r": {"95th_latency": 1890.0, "99th_latency": 5602.0, "violate_rate": 4.4435952620966175, "throughput": 2500}, "500.perlbench_r": {"95th_latency": 1751.0, "99th_latency": 5070.0, "violate_rate": 3.088215642426221, "throughput": 2500}, "502.gcc_r": {"95th_latency": 1742.0, "99th_latency": 4837.0, "violate_rate": 3.092737281876959, "throughput": 2500}, "503.bwaves_r": {"95th_latency": 1551.0, "99th_latency": 4304.0, "violate_rate": 3.895390250140933, "throughput": 2500}, "505.mcf_r": {"95th_latency": 2192.0, "99th_latency": 6231.0, "violate_rate": 5.051501730247435, "throughput": 2500}, "508.namd_r": {"95th_latency": 1608.0, "99th_latency": 4597.0, "violate_rate": 3.6269853079554584, "throughput": 2500}, "510.parest_r": {"95th_latency": 1893.0, "99th_latency": 5227.0, "violate_rate": 4.459712916723, "throughput": 2500}, "511.povray_r": {"95th_latency": 1647.0, "99th_latency": 4730.0, "violate_rate": 3.481065214927671, "throughput": 2500}, "520.omnetpp_r": {"95th_latency": 2049.0, "99th_latency": 5788.0, "violate_rate": 5.746176656409332, "throughput": 2500}, "521.wrf_r": {"95th_latency": 1815.0, "99th_latency": 4908.0, "violate_rate": 4.845918979758994, "throughput": 2500}, "523.xalancbmk_r": {"95th_latency": 1739.0, "99th_latency": 5025.0, "violate_rate": 3.096039488139493, "throughput": 2500}, "525.x264_r": {"95th_latency": 1852.0, "99th_latency": 5059.0, "violate_rate": 4.669950824569697, "throughput": 2500}, "526.blender_r": {"95th_latency": 1861.0, "99th_latency": 5089.0, "violate_rate": 4.6069971684753135, "throughput": 2500}, "527.cam4_r": {"95th_latency": 1558.0, "99th_latency": 4162.0, "violate_rate": 3.9154868085798444, "throughput": 2500}, "531.deepsjeng_r": {"95th_latency": 1876.0, "99th_latency": 5294.0, "violate_rate": 4.5391936171207075, "throughput": 2500}, "538.imagick_r": {"95th_latency": 1628.0, "99th_latency": 4375.0, "violate_rate": 3.5525369443209716, "throughput": 2500}, "541.leela_r": {"95th_latency": 1751.0, "99th_latency": 4918.0, "violate_rate": 3.0897855302504764, "throughput": 2500}, "544.nab_r": {"95th_latency": 1735.0, "99th_latency": 5224.0, "violate_rate": 3.1243829082413126, "throughput": 2500}, "548.exchange2_r": {"95th_latency": 1566.0, "99th_latency": 4091.0, "violate_rate": 3.856467993967567, "throughput": 2500}, "549.fotonik3d_r": {"95th_latency": 1757.0, "99th_latency": 4870.0, "violate_rate": 3.0747265306741562, "throughput": 2500}, "554.roms_r": {"95th_latency": 1644.0, "99th_latency": 4482.0, "violate_rate": 3.4999756925338215, "throughput": 2500}, "557.xz_r": {"95th_latency": 1672.0, "99th_latency": 4634.0, "violate_rate": 3.378774738408975, "throughput": 2500}, "baseline": {"95th_latency": 1839.0, "99th_latency": 5219.0, "violate_rate": 4.711738050664451, "throughput": 2500}}}
{"masstree": {"519.lbm_r": {"95th_latency": 1239.0, "99th_latency": 2836.0, "violate_rate": 1.0824399082208371, "throughput": 2500}, "507.cactuBSSN_r": {"95th_latency": 1037.0, "99th_latency": 2392.0, "violate_rate": 1.4890462347772557, "throughput": 2500}, "500.perlbench_r": {"95th_latency": 904.0, "99th_latency": 1908.0, "violate_rate": 0.0038964602425950114, "throughput": 2500}, "502.gcc_r": {"95th_latency": 911.0, "99th_latency": 2051.0, "violate_rate": 1.9202737259880793, "throughput": 2500}, "503.bwaves_r": {"95th_latency": 887.0, "99th_latency": 1961.0, "violate_rate": 0.0018108752416769157, "throughput": 2500}, "505.mcf_r": {"95th_latency": 1004.9999999999999, "99th_latency": 2228.0, "violate_rate": 1.6629808541127797, "throughput": 2500}, "508.namd_r": {"95th_latency": 905.0, "99th_latency": 2005.0, "violate_rate": 1.9914753190652266, "throughput": 2500}, "510.parest_r": {"95th_latency": 919.0, "99th_latency": 1980.0, "violate_rate": 0.0007801593535900624, "throughput": 2500}, "511.povray_r": {"95th_latency": 890.0, "99th_latency": 1972.0, "violate_rate": 0.001179355559917425, "throughput": 2500}, "520.omnetpp_r": {"95th_latency": 1080.0, "99th_latency": 2495.0, "violate_rate": 1.385191218167572, "throughput": 2500}, "521.wrf_r": {"95th_latency": 898.0, "99th_latency": 1976.0, "violate_rate": 0.001231625449203992, "throughput": 2500}, "523.xalancbmk_r": {"95th_latency": 911.0, "99th_latency": 2000.0, "violate_rate": 1.1027221581382672e-05, "throughput": 2500}, "525.x264_r": {"95th_latency": 906.0, "99th_latency": 2013.9999999999998, "violate_rate": 1.9766472726576174, "throughput": 2500}, "526.blender_r": {"95th_latency": 932.0, "99th_latency": 2008.0, "violate_rate": 1.987064436508947, "throughput": 2500}, "527.cam4_r": {"95th_latency": 902.0, "99th_latency": 2099.0, "violate_rate": 1.8551141526107873, "throughput": 2500}, "531.deepsjeng_r": {"95th_latency": 911.0, "99th_latency": 2045.9999999999998, "violate_rate": 1.9274713600635227, "throughput": 2500}, "538.imagick_r": {"95th_latency": 896.0, "99th_latency": 1949.0, "violate_rate": 0.0017372633178068867, "throughput": 2500}, "541.leela_r": {"95th_latency": 888.0, "99th_latency": 1946.0, "violate_rate": 0.0021040695682741544, "throughput": 2500}, "544.nab_r": {"95th_latency": 903.0, "99th_latency": 2017.9999999999998, "violate_rate": 1.9719032093354576, "throughput": 2500}, "548.exchange2_r": {"95th_latency": 888.0, "99th_latency": 1967.0, "violate_rate": 0.0012012664707382126, "throughput": 2500}, "549.fotonik3d_r": {"95th_latency": 903.0, "99th_latency": 2011.0000000000002, "violate_rate": 1.9824283359382266, "throughput": 2500}, "554.roms_r": {"95th_latency": 896.0, "99th_latency": 2027.0000000000002, "violate_rate": 1.958414643663176, "throughput": 2500}, "557.xz_r": {"95th_latency": 950.0, "99th_latency": 2053.0, "violate_rate": 1.911686593846159, "throughput": 2500}, "baseline": {"95th_latency": 893.0, "99th_latency": 1918.0, "violate_rate": 0.00404612956505096, "throughput": 2500}}}
{"masstree": {"519.lbm_r": {"95th_latency": 3745.0, "99th_latency": 11265.0, "violate_rate": 14.270795312809275, "throughput": 2500}, "507.cactuBSSN_r": {"95th_latency": 3280.0, "99th_latency": 9635.0, "violate_rate": 12.50378649251625, "throughput": 2500}, "500.perlbench_r": {"95th_latency": 2855.0, "99th_latency": 8352.0, "violate_rate": 9.203607101101603, "throughput": 2500}, "502.gcc_r": {"95th_latency": 2809.0, "99th_latency": 8164.0, "violate_rate": 9.52828468092284, "throughput": 2500}, "503.bwaves_r": {"95th_latency": 2344.0, "99th_latency": 6772.0, "violate_rate": 6.184783995339366, "throughput": 2500}, "505.mcf_r": {"95th_latency": 3350.0, "99th_latency": 10029.0, "violate_rate": 12.14479014161613, "throughput": 2500}, "508.namd_r": {"95th_latency": 2589.0, "99th_latency": 7414.0, "violate_rate": 8.796112594031735, "throughput": 2500}, "510.parest_r": {"95th_latency": 2673.0, "99th_latency": 7829.0, "violate_rate": 8.36257753473016, "throughput": 2500}, "511.povray_r": {"95th_latency": 2741.0, "99th_latency": 7869.0, "violate_rate": 9.739708161773626, "throughput": 2500}, "520.omnetpp_r": {"95th_latency": 3680.0, "99th_latency": 10608.0, "violate_rate": 14.43766921264548, "throughput": 2500}, "521.wrf_r": {"95th_latency": 2473.0, "99th_latency": 7014.0, "violate_rate": 7.482987082532675, "throughput": 2500}, "523.xalancbmk_r": {"95th_latency": 3140.0, "99th_latency": 9020.0, "violate_rate": 11.329834918118008, "throughput": 2500}, "525.x264_r": {"95th_latency": 2610.0, "99th_latency": 7413.0, "violate_rate": 8.789656507125727, "throughput": 2500}, "526.blender_r": {"95th_latency": 2609.0, "99th_latency": 7291.0, "violate_rate": 8.543823489925705, "throughput": 2500}, "527.cam4_r": {"95th_latency": 2726.0, "99th_latency": 8157.999999999999, "violate_rate": 8.070941754720575, "throughput": 2500}, "531.deepsjeng_r": {"95th_latency": 2518.0, "99th_latency": 6969.0, "violate_rate": 7.270059141259927, "throughput": 2500}, "538.imagick_r": {"95th_latency": 2467.0, "99th_latency": 7334.0, "violate_rate": 7.546728606959473,