{"masstree": {"519.lbm_r": {"95th_latency": 2369.0, "99th_latency": 6703.0, "violate_rate": 6.089805050740782, "throughput": 2500}, "507.cactuBSSN_r": {"95th_latency": 1819.0, "99th_latency": 5131.0, "violate_rate": 4.78765520973944, "throughput": 2500}, "500.perlbench_r": {"95th_latency": 1720.0, "99th_latency": 4846.0, "violate_rate": 3.217961536166545, "throughput": 2500}, "502.gcc_r": {"95th_latency": 1634.0, "99th_latency": 4382.0, "violate_rate": 3.5312554096253423, "throughput": 2500}, "503.bwaves_r": {"95th_latency": 1694.0, "99th_latency": 4782.0, "violate_rate": 3.2944423192258547, "throughput": 2500}, "505.mcf_r": {"95th_latency": 2169.0, "99th_latency": 6106.0, "violate_rate": 5.171132244054953, "throughput": 2500}, "508.namd_r": {"95th_latency": 1981.0, "99th_latency": 5537.0, "violate_rate": 4.080896109307709, "throughput": 2500}, "510.parest_r": {"95th_latency": 1867.0, "99th_latency": 5205.0, "violate_rate": 4.563695565422842, "throughput": 2500}, "511.povray_r": {"95th_latency": 1584.0, "99th_latency": 4481.0, "violate_rate": 3.7673780420728575, "throughput": 2500}, "520.omnetpp_r": {"95th_latency": 2167.0, "99th_latency": 6353.0, "violate_rate": 5.202967533884425, "throughput": 2500}, "521.wrf_r": {"95th_latency": 1631.0, "99th_latency": 4488.0, "violate_rate": 3.545027339821503, "throughput": 2500}, "523.xalancbmk_r": {"95th_latency": 1680.0, "99th_latency": 4560.0, "violate_rate": 3.378059105655536, "throughput": 2500}, "525.x264_r": {"95th_latency": 1684.0, "99th_latency": 4557.0, "violate_rate": 3.365563711499712, "throughput": 2500}, "526.blender_r": {"95th_latency": 1686.0, "99th_latency": 4716.0, "violate_rate": 3.3318755981436703, "throughput": 2500}, "527.cam4_r": {"95th_latency": 1642.0, "99th_latency": 4466.0, "violate_rate": 3.5118084017761735, "throughput": 2500}, "531.deepsjeng_r": {"95th_latency": 1980.0, "99th_latency": 5474.0, "violate_rate": 4.081972654237699, "throughput": 2500}, "538.imagick_r": {"95th_latency": 1773.0, "99th_latency": 5060.0, "violate_rate": 3.013667723030843, "throughput": 2500}, "541.leela_r": {"95th_latency": 1572.0, "99th_latency": 4326.0, "violate_rate": 3.808247007784822, "throughput": 2500}, "544.nab_r": {"95th_latency": 1630.0, "99th_latency": 4610.0, "violate_rate": 3.5054885274970795, "throughput": 2500}, "548.exchange2_r": {"95th_latency": 1634.0, "99th_latency": 4429.0, "violate_rate": 3.5665071341369647, "throughput": 2500}, "549.fotonik3d_r": {"95th_latency": 1693.0, "99th_latency": 4664.0, "violate_rate": 3.308480495039443, "throughput": 2500}, "554.roms_r": {"95th_latency": 1788.0, "99th_latency": 4962.0, "violate_rate": 4.93201831472793, "throughput": 2500}, "557.xz_r": {"95th_latency": 1802.0, "99th_latency": 5103.0, "violate_rate": 4.841569919386526, "throughput": 2500}, "baseline": {"95th_latency": 1698.0, "99th_latency": 4574.0, "violate_rate": 3.277960561146731, "throughput": 2500}}}
{"masstree": {"519.lbm_r": {"95th_latency": 1251.0, "99th_latency": 2972.0, "violate_rate": 1.0282852193982652, "throughput": 2500}, "507.cactuBSSN_r": {"95th_latency": 1033.0, "99th_latency": 2355.0, "violate_rate": 1.5210872823506534, "throughput": 2500}, "500.perlbench_r": {"95th_latency": 905.0, "99th_latency": 1997.0, "violate_rate": 8.650471248754182e-05, "throughput": 2500}, "502.gcc_r": {"95th_latency": 908.0, "99th_latency": 2001.0, "violate_rate": 1.9985677471685457, "throughput": 2500}, "503.bwaves_r": {"95th_latency": 902.0, "99th_latency": 1983.0, "violate_rate": 0.0008269831230057492, "throughput": 2500}, "505.mcf_r": {"95th_latency": 1008.0, "99th_latency": 2236.0, "violate_rate": 1.6537035029700045, "throughput": 2500}, "508.namd_r": {"95th_latency": 922.0, "99th_latency": 1993.0, "violate_rate": 0.00025598281995362326, "throughput": 2500}, "510.parest_r": {"95th_latency": 926.0, "99th_latency": 2025.9999999999998, "violate_rate": 1.9576437100716013, "throughput": 2500}, "511.povray_r": {"95th_latency": 897.0, "99th_latency": 1995.0, "violate_rate": 0.00023457250506486344, "throughput": 2500}, "520.omnetpp_r": {"95th_latency": 1080.0, "99th_latency": 2481.0, "violate_rate": 1.3931085412865065, "throughput": 2500}, "521.wrf_r": {"95th_latency": 891.0, "99th_latency": 1958.0, "violate_rate": 0.0018028545524724929, "throughput": 2500}, "523.xalancbmk_r": {"95th_latency": 915.0, "99th_latency": 1994.0, "violate_rate": 0.00027226867175863563, "throughput": 2500}, "525.x264_r": {"95th_latency": 905.0, "99th_latency": 2045.0, "violate_rate": 1.9293218572645014, "throughput": 2500}, "526.blender_r": {"95th_latency": 930.0, "99th_latency": 2051.0, "violate_rate": 1.91798805175234, "throughput": 2500}, "527.cam4_r": {"95th_latency": 898.0, "99th_latency": 2001.0, "violate_rate": 1.9982189190406534, "throughput": 2500}, "531.deepsjeng_r": {"95th_latency": 894.0, "99th_latency": 1929.0, "violate_rate": 0.003332959491007938, "throughput": 2500}, "538.imagick_r": {"95th_latency": 903.0, "99th_latency": 1966.0, "violate_rate": 0.0014679826609244992, "throughput": 2500}, "541.leela_r": {"95th_latency": 897.0, "99th_latency": 2020.0, "violate_rate": 1.9684936214614726, "throughput": 2500}, "544.nab_r": {"95th_latency": 899.0, "99th_latency": 2015.0000000000002, "violate_rate": 1.9754922115512432, "throughput": 2500}, "548.exchange2_r": {"95th_latency": 904.0, "99th_latency": 2013.0, "violate_rate": 1.9788257501038102, "throughput": 2500}, "549.fotonik3d_r": {"95th_latency": 889.0, "99th_latency": 1968.0, "violate_rate": 0.0011975575735267163, "throughput": 2500}, "554.roms_r": {"95th_latency": 902.0, "99th_latency": 1934.0, "violate_rate": 0.0035196805639210868, "throughput": 2500}, "557.xz_r": {"95th_latency": 972.0, "99th_latency": 2189.0, "violate_rate": 1.725251074234409, "throughput": 2500}, "baseline": {"95th_latency": 895.0, "99th_latency": 1986.0, "violate_rate": 0.0006209327876058899, "throughput": 2500}}}
{"masstree": {"519.lbm_r": {"95th_latency": 1264.0, "99th_latency": 2873.0, "violate_rate": 1.0421350862841492, "throughput": 2500}, "507.cactuBSSN_r": {"95th_latency": 1035.0, "99th_latency": 2404.0, "violate_rate": 1.4788381660865602, "throughput": 2500}, "500.perlbench_r": {"95th_latency": 912.0, "99th_latency": 2021.9999999999998, "violate_rate": 1.963564644641261, "throughput": 2500}, "502.gcc_r": {"95th_latency": 907.0, "99th_latency": 2008.0, "violate_rate": 1.9867203822611843, "throughput": 2500}, "503.bwaves_r": {"95th_latency": 899.0, "99th_latency": 1998.0, "violate_rate": 6.056259343703605e-05, "throughput": 2500}, "505.mcf_r": {"95th_latency": 1002.0, "99th_latency": 2250.0, "violate_rate": 1.6420998447551933, "throughput": 2500}, "508.namd_r": {"95th_latency": 904.0, "99th_latency": 1992.0, "violate_rate": 0.0003797735554130727, "throughput": 2500}, "510.parest_r": {"95th_latency": 923.0, "99th_latency": 2004.0, "violate_rate": 1.99384997548535, "throughput": 2500}, "511.povray_r": {"95th_latency": 891.0, "99th_latency": 1956.0, "violate_rate": 0.001794179819862793, "throughput": 2500}, "520.omnetpp_r": {"95th_latency": 1079.0, "99th_latency": 2478.0, "violate_rate": 1.3981055367732154, "throughput": 2500}, "521.wrf_r": {"95th_latency": 908.0, "99th_latency": 1999.0, "violate_rate": 2.3590505551997803e-05, "throughput": 2500}, "523.xalancbmk_r": {"95th_latency": 914.0, "99th_latency": 2041.0, "violate_rate": 1.9349274086781074, "throughput": 2500}, "525.x264_r": {"95th_latency": 910.0, "99th_latency": 2049.0, "violate_rate": 1.9226539821175501, "throughput": 2500}, "526.blender_r": {"95th_latency": 952.0, "99th_latency": 2069.0, "violate_rate": 1.88831322003163, "throughput": 2500}, "527.cam4_r": {"95th_latency": 890.0, "99th_latency": 1949.0, "violate_rate": 0.0023973544006297945, "throughput": 2500}, "531.deepsjeng_r": {"95th_latency": 951.0, "99th_latency": 2191.0, "violate_rate": 1.7276566311726897, "throughput": 2500}, "538.imagick_r": {"95th_latency": 916.0, "99th_latency": 2000.0, "violate_rate": 1.4881775505886176e-05, "throughput": 2500},