{"519.lbm_r": [[1860311.0, 5.000338203901386]], "507.cactuBSSN_r": [[12864576.0, 100.0]], "baseline": [[1281614.0, 4.011863650474696]]}
{"519.lbm_r": [[10710516.0, 100.0]], "507.cactuBSSN_r": [[1171063.0, 4.413508392886259]], "baseline": [[3143256.0, 8.009504395383974]]}
{"519.lbm_r": [[2003834.0, 6.009269318689161]], "507.cactuBSSN_r": [[1893626.0, 5.000524481205023]], "baseline": [[2131033.0, 6.001933269633553]]}
{"519.lbm_r": [[2622629.0, 7.005615903385536]], "507.cactuBSSN_r": [[2220157.0, 6.003784030593401]], "baseline": [[1423155.0, 4.000452509942579]]}
{"519.lbm_r": [[1778605.0, 5.003752522582659]], "507.cactuBSSN_r": [[2231336.0, 6.001151559944262]], "baseline": [[2638555.0, 7.0081034128226944]]}
{"519.lbm_r": [[1803190.0, 5.000556040073339]], "507.cactuBSSN_r": [[4146836.0000000005, 10.009324582971244]], "baseline": [[2348538.0, 7.008428576468893]]}
{"519.lbm_r": [[3499901.0, 9.139679407837315]], "507.cactuBSSN_r": [[3090900.0, 8.021405505556203]], "baseline": [[2386262.0, 6.000411830123402]]}
{"519.lbm_r": [[2406505.0, 7.892105986590823]], "507.cactuBSSN_r": [[2285028.0, 6.0069766502628275]], "baseline": [[1304223.0, 4.004289679217407]]}
{"519.lbm_r": [[820439.0, 3.001505415357685]], "507.cactuBSSN_r": [[2183491.0, 6.006440267001569]], "baseline": [[3243844.0, 8.005306149122928]]}
{"519.lbm_r": [[1068421.0, 3.000403070725926]], "507.cactuBSSN_r": [[1823592.0, 5.004886950053304]], "baseline": [[2227085.0, 6.011338233441304]]}
