{"519.lbm_r": [[1872168.0, 6.001029210216684]], "507.cactuBSSN_r": [[2723134.0, 8.000139568741446]], "baseline": [[1575.0, 0.0034578372985635836]]}
{"519.lbm_r": [[1398.0, 0.19015509399581712]], "507.cactuBSSN_r": [[1396513.0, 6.659139919628003]], "baseline": [[1740788.0, 6.016795951061465]]}
{"519.lbm_r": [[3414207.0, 9.000204286855462]], "507.cactuBSSN_r": [[1517.0, 0.11690327182015998]], "baseline": [[2550612.0, 8.103152403229236]]}
{"519.lbm_r": [[1078524.0, 4.001697101042364]], "507.cactuBSSN_r": [[1865.0, 0.0008089816834719891]], "baseline": [[1892162.0, 6.000832608409005]]}
{"519.lbm_r": [[2717630.0, 8.116929968320187]], "507.cactuBSSN_r": [[377993.0, 2.0072711436649473]], "baseline": [[2487354.0, 7.000434804701607]]}
