{"519.lbm_r": [[1757010.0, 5.0043405588064065]], "baseline": [[1442.0, 0.2635890537660479]]}
