{"519.lbm_r": [[1137702.0, 3.000447148630594]], "baseline": [[1511.0, 0.024311456535130452]]}
