{"519.lbm_r": [[1453.0, 0.1101819637180102]], "baseline": [[1498.0, 0.13801872776068988]]}
