{"519.lbm_r": [[1759908.0, 5.0037919805031335]], "507.cactuBSSN_r": [[2750690.0, 8.08371440130175]], "baseline": [[4203899.0, 10.003964627355039]]}
{"519.lbm_r": [[2491287.0, 6.000219972131495]], "507.cactuBSSN_r": [[2413944.0, 6.002571286046288]], "baseline": [[1772243.0, 5.013766929623462]]}
{"519.lbm_r": [[4145225.9999999995, 10.006560030465932]], "507.cactuBSSN_r": [[4713984.0, 11.001316238112542]], "baseline": [[1135440.0, 4.0302602194740995]]}
{"519.lbm_r": [[1502077.0, 4.000607667148846]], "507.cactuBSSN_r": [[3197332.0, 8.000468952103114]], "baseline": [[2155415.0, 6.02940751759386]]}
{"519.lbm_r": [[6057742.0, 14.007224910553456]], "507.cactuBSSN_r": [[1655810.0, 4.000184195407198]], "baseline": [[3701299.0, 9.000914973823145]]}
{"519.lbm_r": [[4825372.0, 11.000786268327936]], "507.cactuBSSN_r": [[1304178.0, 4.0136371972541784]], "baseline": [[2273755.0, 6.002732963214074]]}
{"519.lbm_r": [[2592048.0, 7.204040886761997]], "507.cactuBSSN_r": [[3705728.0, 9.009409579878602]], "baseline": [[1759809.0, 5.081056442630517]]}
{"519.lbm_r": [[1319000.0, 4.013495196020585]], "507.cactuBSSN_r": [[1921800.0, 5.000542927160825]], "baseline": [[3747439.0, 9.00267335137588]]}
{"519.lbm_r": [[2608274.0, 6.00022914072569]], "507.cactuBSSN_r": [[1561095.0, 5.848164500510281]], "baseline": [[11598217.0, 100.0]]}
{"519.lbm_r": [[3264314.0, 8.003666618009145]], "507.cactuBSSN_r": [[2299014.0, 6.009780258034493]], "baseline": [[3866398.0, 9.000124561707628]]}
