{"519.lbm_r": [[1320204.0, 4.000416126607908]], "507.cactuBSSN_r": [[1801122.0, 5.000492976628723]], "baseline": [[2292159.0, 6.004060913666866]]}
{"519.lbm_r": [[4651389.0, 11.001642409086873]], "507.cactuBSSN_r": [[2805067.0, 8.5406158159099]], "baseline": [[803916.0, 3.0014793099629284]]}
{"519.lbm_r": [[2134783.0, 6.014744791538542]], "507.cactuBSSN_r": [[2222949.0, 6.000523445809795]], "baseline": [[2563333.0, 7.017411270945111]]}
{"519.lbm_r": [[1349878.0, 4.000466204559197]], "507.cactuBSSN_r": [[1581304.0, 5.403934255254237]], "baseline": [[1892528.0, 5.000349288889102]]}
{"519.lbm_r": [[3877141.0, 10.61611885455571]], "507.cactuBSSN_r": [[981698.0, 3.0001042876466575]], "baseline": [[1670198.0, 5.016345264861033]]}
