{"519.lbm_r": [[1895043.0, 6.061122453175978]], "507.cactuBSSN_r": [[1389759.0, 5.3194358187919235]], "baseline": [[2717985.0, 7.00790521424679]]}
{"519.lbm_r": [[2627908.0, 7.0094822600314455]], "507.cactuBSSN_r": [[1538.0, 0.0649363625548269]], "baseline": [[925196.0, 3.000834679622866]]}
{"519.lbm_r": [[1371854.0, 4.000761277656827]], "507.cactuBSSN_r": [[1764442.0, 5.000114365983263]], "baseline": [[4065317.0, 10.005776211347033]]}
{"519.lbm_r": [[2178707.0, 6.005881077006403]], "507.cactuBSSN_r": [[2797310.0, 8.940503072302478]], "baseline": [[2196352.0, 6.01917545373308]]}
{"519.lbm_r": [[1319335.0, 4.000865300608746]], "507.cactuBSSN_r": [[1349161.0, 4.00008743815275]], "baseline": [[2412147.0, 6.000410515602006]]}
