{"519.lbm_r": [[3100025.0, 8.696701288738218]], "507.cactuBSSN_r": [[1318041.0, 4.000595673298488]], "baseline": [[2314968.0, 6.019430918570663]]}
{"519.lbm_r": [[14957084.0, 100.0]], "507.cactuBSSN_r": [[1544014.0, 5.2803508111436095]], "baseline": [[1321319.0, 4.020678042578637]]}
{"519.lbm_r": [[2668522.0, 6.000239469550274]], "507.cactuBSSN_r": [[1039455.9999999999, 4.197380376194516]], "baseline": [[1493329.0, 4.000550536667738]]}
{"519.lbm_r": [[3253156.0, 8.007914573252592]], "507.cactuBSSN_r": [[1616978.0, 5.014685223963943]], "baseline": [[1141656.0, 4.455892946115838]]}
{"519.lbm_r": [[3673002.0, 9.050699372103324]], "507.cactuBSSN_r": [[1447089.0, 5.753099673048046]], "baseline": [[3914959.0, 9.00091364278759]]}
{"519.lbm_r": [[3291178.0, 8.000771021924571]], "507.cactuBSSN_r": [[462561.0, 3.9211339204147513]], "baseline": [[3174740.0, 8.003536242644525]]}
{"519.lbm_r": [[2650490.0, 6.000193462043951]], "507.cactuBSSN_r": [[1659059.0, 5.0005653217279455]], "baseline": [[2161979.0, 6.003809440106485]]}
{"519.lbm_r": [[3610846.0, 8.00007682324428]], "507.cactuBSSN_r": [[686562.0, 3.0030977050715433]], "baseline": [[1913962.0, 5.000370247412651]]}
{"519.lbm_r": [[2102100.0, 5.0002696521957]], "507.cactuBSSN_r": [[919141.0, 3.000395919398519]], "baseline": [[2351087.0, 6.010245022979254]]}
{"519.lbm_r": [[2670185.0, 7.544824786907736]], "507.cactuBSSN_r": [[2306367.0, 6.000085258615742]], "baseline": [[2140850.0, 6.440113586006407]]}
