{"519.lbm_r": [[2573250.0, 7.246944497837445]], "507.cactuBSSN_r": [[1160203.0, 4.014785932104613]], "baseline": [[2662636.0, 7.077361276485619]]}
{"519.lbm_r": [[3483423.0, 9.003873079613939]], "507.cactuBSSN_r": [[1496435.0, 5.875076517540431]], "baseline": [[2902790.0, 8.876036511788126]]}
{"519.lbm_r": [[3103105.0, 8.00734347083884]], "507.cactuBSSN_r": [[1273245.0, 4.000516903580345]], "baseline": [[2482102.0, 7.0306665216444255]]}
{"519.lbm_r": [[3274970.0, 8.004434254306094]], "507.cactuBSSN_r": [[1198105.0, 4.0011516876762]], "baseline": [[1445258.0, 5.417626887660125]]}
{"519.lbm_r": [[3406575.0, 8.00123199867506]], "507.cactuBSSN_r": [[908309.0, 3.0005301513487215]], "baseline": [[3662700.0, 9.00551580241603]]}
{"519.lbm_r": [[3435219.0, 9.78487472926404]], "507.cactuBSSN_r": [[1582064.0, 5.263324473057109]], "baseline": [[816165.0, 3.00137047516245]]}
{"519.lbm_r": [[2862584.0, 7.0002576123176095]], "507.cactuBSSN_r": [[2115731.0, 6.0169077555512995]], "baseline": [[14136390.0, 100.0]]}
{"519.lbm_r": [[3882292.0, 10.038493196663872]], "507.cactuBSSN_r": [[1481112.0, 4.0000316461347944]], "baseline": [[3011868.0, 7.000187634469602]]}
{"519.lbm_r": [[1919092.0, 5.00043905083221]], "507.cactuBSSN_r": [[1563.0, 0.019252599776912897]], "baseline": [[2036252.0, 6.815055608628121]]}
{"519.lbm_r": [[2912734.0, 7.000150813617617]], "507.cactuBSSN_r": [[2198169.0, 6.010559405322566]], "baseline": [[1863277.0, 5.00009849843603]]}
