{"519.lbm_r": [[1906187.0, 5.000606612912896]], "507.cactuBSSN_r": [[1376.0, 0.14899745127736405]], "baseline": [[1459.0, 0.29772113047748205]]}
{"519.lbm_r": [[1587136.0, 5.488836985858096]], "507.cactuBSSN_r": [[2622573.0, 7.011940911081838]], "baseline": [[3034024.0, 8.77974175966217]]}
{"519.lbm_r": [[2109641.0, 5.000275619343268]], "507.cactuBSSN_r": [[3140666.0, 8.027456373180055]], "baseline": [[18429207.0, 100.0]]}
{"519.lbm_r": [[3869797.0, 9.000911772062642]], "507.cactuBSSN_r": [[3444304.0, 8.00018753776062]], "baseline": [[3996028.0, 10.007066681643398]]}
{"519.lbm_r": [[3057133.0, 8.0805100589795]], "507.cactuBSSN_r": [[569331.0, 3.0106962541524513]], "baseline": [[2078255.9999999998, 5.00029670610624]]}
{"519.lbm_r": [[1363978.0, 4.000797647160186]], "507.cactuBSSN_r": [[1771542.0, 5.011217264302037]], "baseline": [[2892638.0, 7.0037811992910015]]}
{"519.lbm_r": [[3880742.0, 10.632407306733333]], "507.cactuBSSN_r": [[1038646.0, 4.065002471498825]], "baseline": [[2372972.0, 6.00089646682601]]}
{"519.lbm_r": [[4334951.0, 10.00174419005272]], "507.cactuBSSN_r": [[6052513.0, 14.003930521379758]], "baseline": [[2356274.0, 6.006377732256791]]}
{"519.lbm_r": [[3174779.0, 8.017543003756966]], "507.cactuBSSN_r": [[3269366.0, 8.004754406505056]], "baseline": [[3000474.0, 8.441065629929795]]}
{"519.lbm_r": [[2115647.0, 5.000072316006078]], "507.cactuBSSN_r": [[1532423.0, 4.000546670473192]], "baseline": [[1756842.0, 5.004253055544103]]}
{"519.lbm_r": [[2351294.0, 6.0032169915114135]], "507.cactuBSSN_r": [[1845892.0, 5.00000094892958]], "baseline": [[2395080.0, 6.001578828747409]]}
{"519.lbm_r": [[2989444.0, 7.000185898165997]], "507.cactuBSSN_r": [[2740775.0, 7.0110036893930525]], "baseline": [[2239800.0, 6.414969335746394]]}
{"519.lbm_r": [[1476444.0, 4.0004124138844075]], "507.cactuBSSN_r": [[3851514.0, 9.00147784932397]], "baseline": [[3437307.0, 8.000077122976489]]}
{"519.lbm_r": [[1342250.0, 4.000837767031031]], "507.cactuBSSN_r": [[3823273.0, 9.000754046807712]], "baseline": [[1001089.0, 3.000629916639357]]}
{"519.lbm_r": [[1427220.0, 4.0006816051130105]], "507.cactuBSSN_r": [[2558081.0, 6.000251291195236]], "baseline": [[14989385.0, 100.0]]}
{"519.lbm_r": [[2326565.0, 6.009737306769043]], "507.cactuBSSN_r": [[11598191.0, 100.0]], "baseline": [[1502984.0, 4.00029207799771]]}
{"519.lbm_r": [[1137332.0, 3.0002312196869174]], "507.cactuBSSN_r": [[1875108.0, 6.137948948959199]], "baseline": [[3433990.0, 8.0011968900795]]}
{"519.lbm_r": [[3692017.0, 9.001630745314428]], "507.cactuBSSN_r": [[2109749.0, 6.762017523282147]], "baseline": [[1949003.0, 6.310128542044595]]}
{"519.lbm_r": [[1933735.0, 5.000522339051915]], "507.cactuBSSN_r": [[1953873.0, 5.000099809087986]], "baseline": [[2725197.0, 7.019624527876803]]}
{"519.lbm_r": [[3069309.0, 7.000045451101372]], "507.cactuBSSN_r": [[15326293.0, 100.0]], "baseline": [[3124514.0, 8.0080392928322]]}
{"519.lbm_r": [[2236979.0, 6.009669042806505]], "507.cactuBSSN_r": [[2727065.0, 7.0050073939365145]], "baseline": [[3917522.0, 9.000853318562212]]}
{"519.lbm_r": [[3079175.0, 8.00345513372673]], "507.cactuBSSN_r": [[2568576.0, 7.443820295164416]], "baseline": [[1976011.0, 5.000429547084916]]}
{"519.lbm_r": [[3436255.0, 8.002036177086433]], "507.cactuBSSN_r": [[2018732.0, 5.000400873492744]], "baseline": [[1506257.0, 4.000330740802076]]}
{"519.lbm_r": [[4311078.0, 10.003602746954305]], "507.cactuBSSN_r": [[2881460.0, 7.001748844310775]], "baseline": [[3455148.0, 9.184386025606365]]}
{"519.lbm_r": [[4546761.0, 12.000476453159102]], "507.cactuBSSN_r": [[1496541.0, 4.0001857152443385]], "baseline": [[1958026.0, 5.00049591061778]]}
{"519.lbm_r": [[3574794.0, 9.080630117206656]], "507.cactuBSSN_r": [[3462901.0, 9.463133194729366]], "baseline": [[4474517.0, 11.011310622838211]]}
{"519.lbm_r": [[578959.0, 2.0000310782314568]], "507.cactuBSSN_r": [[1603651.0, 4.000435198027529]], "baseline": [[2898204.0, 8.011944948313207]]}
{"519.lbm_r": [[3485413.0, 9.016581906328131]], "507.cactuBSSN_r": [[2626847.0, 6.0001006219104225]], "baseline": [[1803033.0, 5.012746065767175]]}
{"519.lbm_r": [[1431028.0, 4.000701001565484]], "507.cactuBSSN_r": [[3945599.0, 10.992577107943854]], "baseline": [[1737961.0, 5.0380505931708]]}
{"519.lbm_r": [[2200043.0, 6.077594548155681]], "507.cactuBSSN_r": [[2329207.0, 6.001864620166082]], "baseline": [[3588250.0, 9.01200617585167]]}
{"519.lbm_r": [[3614744.0, 9.010375000372074]], "507.cactuBSSN_r": [[2045631.0, 6.07374835100584]], "baseline": [[1103276.0, 4.0935073725184425]]}
