{"519.lbm_r": [[2074688.0, 6.009695922320816]], "507.cactuBSSN_r": [[984597.0, 4.002359548362091]], "baseline": [[3500416.0, 9.011036955028489]]}
{"519.lbm_r": [[2230166.0, 6.001578264552734]], "507.cactuBSSN_r": [[1573710.0, 5.000624895660722]], "baseline": [[12592068.0, 100.0]]}
{"519.lbm_r": [[2463642.0, 6.000306520122336]], "507.cactuBSSN_r": [[3848600.0, 10.951468248671208]], "baseline": [[2945532.0, 8.008386272445208]]}
{"519.lbm_r": [[2846405.0, 7.000131878520603]], "507.cactuBSSN_r": [[29093.0, 1.013293856833208]], "baseline": [[1578760.0, 5.015591743072126]]}
{"519.lbm_r": [[3377735.0, 9.084239244391854]], "507.cactuBSSN_r": [[1586252.0, 5.000300346617426]], "baseline": [[1509258.0, 5.104148459563295]]}
{"519.lbm_r": [[3570668.0, 9.008118201657785]], "507.cactuBSSN_r": [[1223609.0, 5.639054452062869]], "baseline": [[2689301.0, 7.006122298749234]]}
{"519.lbm_r": [[3501566.0, 9.006659264239355]], "507.cactuBSSN_r": [[692911.0, 3.0015657720794637]], "baseline": [[1017893.0, 4.287709081584508]]}
{"519.lbm_r": [[2240915.0, 6.004179803528836]], "507.cactuBSSN_r": [[1272235.0, 5.820519129538777]], "baseline": [[2630521.0, 7.001661903120589]]}
{"519.lbm_r": [[3198802.0, 8.003661260626755]], "507.cactuBSSN_r": [[825498.0, 4.8585969705270635]], "baseline": [[1557.0, 0.029520237858750558]]}
{"519.lbm_r": [[4148988.0000000005, 10.001995132744021]], "507.cactuBSSN_r": [[2113670.0, 7.021195505437962]], "baseline": [[1379528.0, 5.087088566113698]]}
