{"519.lbm_r": [[693068.0, 3.995625943545607]], "507.cactuBSSN_r": [[1406029.0, 4.00076085659527]], "baseline": [[1890916.0, 5.000589058261111]]}
{"519.lbm_r": [[2842759.0, 7.003508020142784]], "507.cactuBSSN_r": [[2302532.0, 6.003273781445793]], "baseline": [[2585816.0, 7.041944971249205]]}
{"519.lbm_r": [[4197141.0, 10.003250424239202]], "507.cactuBSSN_r": [[3209375.0, 8.002737469582684]], "baseline": [[1880209.0, 5.000484430799399]]}
{"519.lbm_r": [[3443036.0, 9.130760781135354]], "507.cactuBSSN_r": [[2089096.0, 6.140047036681737]], "baseline": [[2295383.0, 6.012581526252865]]}
{"519.lbm_r": [[1926552.0, 5.000305319611884]], "507.cactuBSSN_r": [[3836274.0, 9.004084702005791]], "baseline": [[3179925.0, 8.007692761530466]]}
{"519.lbm_r": [[2765515.0, 7.004468970656959]], "507.cactuBSSN_r": [[2817101.0, 7.003573241271729]], "baseline": [[2097207.0, 5.000035375893341]]}
{"519.lbm_r": [[2973324.0, 7.000311083299456]], "507.cactuBSSN_r": [[988515.0, 3.0005945822970026]], "baseline": [[2871782.0, 7.006133518659598]]}
{"519.lbm_r": [[2487856.0, 6.000248178374547]], "507.cactuBSSN_r": [[1762325.0, 5.010872466783]], "baseline": [[2563438.0, 7.97634806292114]]}
{"519.lbm_r": [[2118813.0, 6.050588041430162]], "507.cactuBSSN_r": [[2483243.0, 6.000330423245154]], "baseline": [[4325840.0, 10.000660263457604]]}
{"519.lbm_r": [[3921996.0, 10.014895598986357]], "507.cactuBSSN_r": [[2211479.0, 6.119100672423103]], "baseline": [[3004795.0, 7.000265631284704]]}
{"519.lbm_r": [[2790930.0, 7.017931451785019]], "507.cactuBSSN_r": [[2063928.0, 5.000168511849344]], "baseline": [[2926957.0, 8.010296794374048]]}
{"519.lbm_r": [[2973517.0, 11.009420472115943]], "507.cactuBSSN_r": [[1856799.0, 5.003593647831465]], "baseline": [[2347780.0, 6.004685924993063]]}
{"519.lbm_r": [[2589665.0, 6.000259023951709]], "507.cactuBSSN_r": [[2663108.0, 6.0000003144350105]], "baseline": [[1676157.0, 5.003221631385504]]}
{"519.lbm_r": [[1922250.0, 5.00041057819618]], "507.cactuBSSN_r": [[2162416.0, 5.000014189723054]], "baseline": [[2828296.0, 7.002708959801083]]}
{"519.lbm_r": [[5848529.0, 14.339814232881453]], "507.cactuBSSN_r": [[2523279.0, 7.307680648479236]], "baseline": [[2743375.0, 7.009197513354699]]}
{"519.lbm_r": [[1997042.0, 6.3919637698830645]], "507.cactuBSSN_r": [[2549921.0, 6.000269560704561]], "baseline": [[2988172.0, 7.000122622933076]]}
{"519.lbm_r": [[2492572.0, 7.0158728455930905]], "507.cactuBSSN_r": [[2607982.0, 7.018330046916856]], "baseline": [[14900444.0, 100.0]]}
{"519.lbm_r": [[2556581.0, 6.000045698483297]], "507.cactuBSSN_r": [[4084030.0, 10.006029820281656]], "baseline": [[2352457.0, 6.00388842326839]]}
{"519.lbm_r": [[4537577.0, 11.382035251668974]], "507.cactuBSSN_r": [[4048067.0, 9.000045530045224]], "baseline": [[2158362.0, 6.015196610006341]]}
{"519.lbm_r": [[13965290.0, 100.0]], "507.cactuBSSN_r": [[2043588.0, 6.002830684455041]], "baseline": [[2456502.0, 6.000234099417887]]}
{"519.lbm_r": [[3655868.0, 9.0111676768507]], "507.cactuBSSN_r": [[2076726.0, 5.000284671036436]], "baseline": [[2909930.0, 7.002321089181387]]}
{"519.lbm_r": [[3100521.0, 8.004575788853726]], "507.cactuBSSN_r": [[3087020.0, 8.012306659740252]], "baseline": [[3298363.0, 9.025115064869519]]}
{"519.lbm_r": [[3521285.0, 9.422019126168314]], "507.cactuBSSN_r": [[12445305.0, 100.0]], "baseline": [[1482259.0, 4.000635021455138]]}
{"519.lbm_r": [[2342495.0, 6.002519824039586]], "507.cactuBSSN_r": [[2620231.0, 7.009473518877229]], "baseline": [[1968391.0, 5.000021816599328]]}
{"519.lbm_r": [[1404123.0, 4.00060900448024]], "507.cactuBSSN_r": [[1579569.0, 4.000267602762944]], "baseline": [[854519.0, 3.001421670304217]]}
{"519.lbm_r": [[2365432.0, 6.004898577409007]], "507.cactuBSSN_r": [[1313191.0, 4.005249864184316]], "baseline": [[2000570.0, 5.0004568817401465]]}
{"519.lbm_r": [[2385051.0, 7.090658688728091]], "507.cactuBSSN_r": [[2289383.0, 6.021278126838106]], "baseline": [[1666964.0, 4.0001207215999015]]}
{"519.lbm_r": [[1854224.0, 5.0019470662702155]], "507.cactuBSSN_r": [[2019223.0, 5.000297059707266]], "baseline": [[2251090.0, 6.1865925509507145]]}
{"519.lbm_r": [[1724592.0, 5.208581234075038]], "507.cactuBSSN_r": [[1085152.0, 3.00042679030807]], "baseline": [[2902498.0, 7.00161708972541]]}
{"519.lbm_r": [[3629103.0, 9.087088191305414]], "507.cactuBSSN_r": [[1833689.0, 5.002381724557593]], "baseline": [[2182570.0, 6.006092494644218]]}
{"519.lbm_r": [[2020337.0, 5.0002810617200195]], "507.cactuBSSN_r": [[2937996.0, 7.000861463576706]], "baseline": [[2024721.0, 5.000279458322574]]}
