{"519.lbm_r": [[1492.0, 0.1225690602512882]], "507.cactuBSSN_r": [[1393.0, 0.09320313077640023]], "baseline": [[1429.0, 0.2504877737456]]}
{"519.lbm_r": [[2820423.0, 7.004010245627277]], "507.cactuBSSN_r": [[1521227.0, 4.000545428444845]], "baseline": [[1705089.0, 5.581296058128783]]}
{"519.lbm_r": [[2885305.0, 7.0022910611265194]], "507.cactuBSSN_r": [[1440264.0, 4.000472150344368]], "baseline": [[953597.0, 3.0006974046162083]]}
{"519.lbm_r": [[1560631.0, 4.0003106882499]], "507.cactuBSSN_r": [[1504680.0, 5.575287384058982]], "baseline": [[1945550.0, 5.00036107714726]]}
{"519.lbm_r": [[1222618.0, 4.023126155285201]], "507.cactuBSSN_r": [[2878086.0, 7.004176045221521]], "baseline": [[2827371.0, 7.00212881615867]]}
{"519.lbm_r": [[2947978.0, 8.00837236665081]], "507.cactuBSSN_r": [[2570090.0, 6.000266169146816]], "baseline": [[2178461.0, 6.052572715958956]]}
{"519.lbm_r": [[2305713.0, 7.923736501012896]], "507.cactuBSSN_r": [[1726775.0, 5.419929623059091]], "baseline": [[1246782.0, 4.00484986571886]]}
{"519.lbm_r": [[1625097.0, 4.000209596114035]], "507.cactuBSSN_r": [[2111245.0, 6.920400524439684]], "baseline": [[1756769.0, 5.025532991675825]]}
{"519.lbm_r": [[3679850.0, 9.005258818611454]], "507.cactuBSSN_r": [[1898671.0, 5.000501742619351]], "baseline": [[3466943.0, 8.000095973315256]]}
{"519.lbm_r": [[1572872.0, 4.000062232160077]], "507.cactuBSSN_r": [[2257922.0, 6.0048343154422055]], "baseline": [[3225548.0, 9.202943822013937]]}
{"519.lbm_r": [[2872380.0, 8.029838439140867]], "507.cactuBSSN_r": [[3174337.0, 8.010378499354598]], "baseline": [[1755537.0, 5.03321922914209]]}
{"519.lbm_r": [[3938286.0, 9.002406647483102]], "507.cactuBSSN_r": [[1270960.0, 4.648525406935203]], "baseline": [[2194387.0, 6.404692822505197]]}
{"519.lbm_r": [[2201371.0, 6.004849382186771]], "507.cactuBSSN_r": [[2517237.0, 7.5364086235657135]], "baseline": [[1010757.0, 3.000503268105153]]}
{"519.lbm_r": [[3301524.0, 8.00230060548584]], "507.cactuBSSN_r": [[1639974.0, 5.010029126904702]], "baseline": [[1756777.0, 5.062300655855625]]}
{"519.lbm_r": [[14017372.0, 100.0]], "507.cactuBSSN_r": [[3135107.0, 8.010136576744037]], "baseline": [[4976589.0, 12.007425342552528]]}
{"519.lbm_r": [[2582238.0, 7.226539688282683]], "507.cactuBSSN_r": [[1437522.0, 4.000616868910348]], "baseline": [[4743995.0, 11.001694670258903]]}
{"519.lbm_r": [[3409705.0, 8.001978613658173]], "507.cactuBSSN_r": [[2229749.0, 6.007212040926521]], "baseline": [[19185735.0, 100.0]]}
{"519.lbm_r": [[1722836.0, 5.034304745049945]], "507.cactuBSSN_r": [[2018244.0, 5.000315848814494]], "baseline": [[1908315.0, 5.000507392256493]]}
{"519.lbm_r": [[2551281.0, 6.000212429184722]], "507.cactuBSSN_r": [[3369142.0, 8.002551210336396]], "baseline": [[4064788.0, 10.02878440578198]]}
{"519.lbm_r": [[2270565.0, 6.629356547689777]], "507.cactuBSSN_r": [[2639789.0, 7.641959063399183]], "baseline": [[2063768.9999999998, 6.505872345347862]]}
{"519.lbm_r": [[2295949.0, 6.011958674336621]], "507.cactuBSSN_r": [[725628.0, 3.0268165908083997]], "baseline": [[3394118.0, 8.001405106618794]]}
{"519.lbm_r": [[2506024.0, 6.000174573166758]], "507.cactuBSSN_r": [[2471795.0, 6.000281626098432]], "baseline": [[1069383.0, 3.000458377491335]]}
{"519.lbm_r": [[1044069.0, 4.815189258696999]], "507.cactuBSSN_r": [[955169.0, 3.0009174122306312]], "baseline": [[2143835.0, 6.895167679519479]]}
{"519.lbm_r": [[3508699.0, 9.027759041515756]], "507.cactuBSSN_r": [[3284645.0, 8.01336432218035]], "baseline": [[4219102.0, 10.00422409114216]]}
{"519.lbm_r": [[2799254.0, 7.300974104604311]], "507.cactuBSSN_r": [[869032.0, 3.0013031438398627]], "baseline": [[3671251.0, 9.002356059943995]]}
{"519.lbm_r": [[20430153.0, 100.0]], "507.cactuBSSN_r": [[4762402.0, 11.001159720282677]], "baseline": [[12100280.0, 100.0]]}
{"519.lbm_r": [[2570170.0, 6.00035085579844]], "507.cactuBSSN_r": [[1685039.0, 5.0676704564403545]], "baseline": [[2195847.0, 5.000110716748642]]}
{"519.lbm_r": [[2981679.0, 8.389956189834143]], "507.cactuBSSN_r": [[2191017.0, 6.493879665154922]], "baseline": [[4077963.0, 10.00540227597583]]}
{"519.lbm_r": [[2824641.0, 7.003869253300608]], "507.cactuBSSN_r": [[2253713.0, 6.016854669483979]], "baseline": [[4447657.0, 10.000153633207338]]}
{"519.lbm_r": [[1063539.0, 3.000332780143508]], "507.cactuBSSN_r": [[1911261.0, 6.077756106835075]], "baseline": [[885882.0, 3.0012409213700533]]}
{"519.lbm_r": [[1410295.0, 4.000741237903018]], "507.cactuBSSN_r": [[1793528.0, 5.007541564104379]], "baseline": [[4344530.0, 10.001657261933616]]}
