{"519.lbm_r": [[502055.0, 2.0016225859996744]], "baseline": [[1359.0, 0.23597956568902526]]}
{"519.lbm_r": [[1249798.0, 4.160326915280789]], "baseline": [[744777.0, 3.0253943871062745]]}
{"519.lbm_r": [[2333679.0, 6.0033817518199735]], "507.cactuBSSN_r": [[1537.0, 0.1000573064070519]], "baseline": [[1466.0, 0.12584701168302273]]}
{"519.lbm_r": [[2793417.0, 7.0055643306413184]], "507.cactuBSSN_r": [[1328431.0, 4.00030321767012]], "baseline": [[2947850.0, 7.0002152338142185]]}
{"519.lbm_r": [[2577750.0, 6.0002071742262135]], "507.cactuBSSN_r": [[1523100.0, 5.0114841802962085]], "baseline": [[3077890.0, 8.650682340228535]]}
{"519.lbm_r": [[2290398.0, 6.005324266056773]], "507.cactuBSSN_r": [[1334699.0, 4.000479924633436]], "baseline": [[3578497.0, 10.600914702193629]]}
{"519.lbm_r": [[2551264.0, 7.99627224842464]], "507.cactuBSSN_r": [[2039947.0, 6.004745765383793]], "baseline": [[3130306.0, 8.023030571853086]]}
{"519.lbm_r": [[3349384.0, 8.00484013463251]], "507.cactuBSSN_r": [[2019964.0, 6.003276258472305]], "baseline": [[2586096.0, 6.000205188011625]]}
{"519.lbm_r": [[2034889.0, 6.009038820245812]], "507.cactuBSSN_r": [[2541600.0, 7.003618542506548]], "baseline": [[14949874.0, 100.0]]}
{"519.lbm_r": [[1546603.0, 4.00036530486701]], "507.cactuBSSN_r": [[4312588.0, 11.595107014947477]], "baseline": [[2616272.0, 7.06798641268135]]}
{"519.lbm_r": [[3136789.0, 8.111424230364056]], "507.cactuBSSN_r": [[2283737.0, 6.000159461195352]], "baseline": [[3666723.0, 9.00679432756807]]}
{"519.lbm_r": [[3200246.0, 8.016044587667006]], "507.cactuBSSN_r": [[1083003.0, 4.021699287449009]], "baseline": [[5034502.0, 12.00365567859447]]}
{"519.lbm_r": [[4066220.0, 9.000055708013841]], "507.cactuBSSN_r": [[1787415.0, 6.450819265541836]], "baseline": [[1866130.0, 5.000573232626914]]}
{"519.lbm_r": [[5013742.0, 12.017372720638022]], "507.cactuBSSN_r": [[1953373.0, 6.208092765200799]], "baseline": [[4441443.0, 11.040585619937533]]}
{"519.lbm_r": [[1865639.0, 5.001650671636784]], "507.cactuBSSN_r": [[1231621.0, 4.000769296626617]], "baseline": [[2868640.0, 7.002244533793957]]}
{"519.lbm_r": [[2106434.0, 6.0029139972553995]], "507.cactuBSSN_r": [[1360635.0, 4.0003534183903735]], "baseline": [[2813744.0, 7.003199547865567]]}
{"519.lbm_r": [[3172551.0, 8.046429104739566]], "507.cactuBSSN_r": [[1397674.0, 4.000140881680297]], "baseline": [[4003669.0, 10.01356251039781]]}
{"519.lbm_r": [[2226204.0, 6.004156125178579]], "507.cactuBSSN_r": [[3581292.0, 9.007911022102233]], "baseline": [[4628331.0, 11.00028068695441]]}
{"519.lbm_r": [[3778823.0, 9.00161554595084]], "507.cactuBSSN_r": [[1121137.0, 4.002545367279826]], "baseline": [[1966506.0, 5.000411994627549]]}
{"519.lbm_r": [[2131573.0, 6.020029272479982]], "507.cactuBSSN_r": [[1690072.0, 6.424096627133571]], "baseline": [[1865730.0, 5.000600458787032]]}
{"519.lbm_r": [[2124704.0, 6.0208446070014645]], "507.cactuBSSN_r": [[2220198.0, 6.000444992228221]], "baseline": [[3520045.0, 9.003372023486623]]}
{"519.lbm_r": [[4101471.9999999995, 10.004098375077554]], "507.cactuBSSN_r": [[1531131.0, 5.054833832596429]], "baseline": [[1949886.0, 5.000399391482209]]}
{"519.lbm_r": [[2057047.9999999998, 6.433741633879574]], "507.cactuBSSN_r": [[1561.0, 0.0694563461213484]], "baseline": [[2326467.0, 6.006624543977408]]}
{"519.lbm_r": [[2940032.0, 8.647129485456551]], "507.cactuBSSN_r": [[1636798.0, 5.000258566668456]], "baseline": [[2163297.0, 6.018288777194498]]}
{"519.lbm_r": [[3591946.0, 9.025470430455336]], "507.cactuBSSN_r": [[1378076.0, 4.0003105955145655]], "baseline": [[1675821.0, 5.007327869637775]]}
{"519.lbm_r": [[1995596.0, 5.000316463940926]], "507.cactuBSSN_r": [[1565.0, 0.01971744080175483]], "baseline": [[2645138.0, 6.000267270543492]]}
{"519.lbm_r": [[2891314.0, 7.009204494786314]], "507.cactuBSSN_r": [[1725796.0, 5.000212677018095]], "baseline": [[13715291.0, 100.0]]}
{"519.lbm_r": [[2191053.0, 6.008072679263544]], "507.cactuBSSN_r": [[2070603.9999999998, 6.292645146378805]], "baseline": [[2283491.0, 7.18355986896537]]}
{"519.lbm_r": [[2344004.0, 6.028495056562498]], "507.cactuBSSN_r": [[1478282.0, 5.539285124786421]], "baseline": [[971260.0, 3.0009392447269345]]}
{"519.lbm_r": [[1878020.0, 5.004956148922133]], "507.cactuBSSN_r": [[2758704.0, 8.851510360766229]], "baseline": [[3876622.0, 9.001328432052722]]}
{"519.lbm_r": [[2879671.0, 7.003197913115217]], "507.cactuBSSN_r": [[1652463.0, 5.000540765591065]], "baseline": [[2748249.0, 7.004716697094844]]}
{"519.lbm_r": [[3970414.0, 9.001040246663134]], "507.cactuBSSN_r": [[2939239.0, 8.01547801702484]], "baseline": [[3883127.0, 9.00180635439137]]}
{"519.lbm_r": [[2007783.0, 5.000312476861386]], "507.cactuBSSN_r": [[825895.0, 3.0010545032730658]], "baseline": [[2850065.0, 7.004315844979821]]}
