{"519.lbm_r": [[2079659.9999999998, 5.000225513644723]], "507.cactuBSSN_r": [[570078.0, 3.038271978733464]], "baseline": [[1900764.0, 5.0005225315835995]]}
{"519.lbm_r": [[3046104.0, 8.853832512975854]], "507.cactuBSSN_r": [[1160201.0, 4.0011738586409615]], "baseline": [[2106423.0, 6.002869811568333]]}
{"519.lbm_r": [[2786093.0, 7.009243224555589]], "507.cactuBSSN_r": [[1017096.0, 4.043192833694504]], "baseline": [[2229458.0, 6.064370278427497]]}
{"519.lbm_r": [[3121521.0, 8.00556410480312]], "507.cactuBSSN_r": [[1623958.0, 5.000760219876569]], "baseline": [[1769980.0, 5.0036300317593225]]}
{"519.lbm_r": [[1105005.0, 3.0002271706721544]], "507.cactuBSSN_r": [[960226.0, 4.8870122699927]], "baseline": [[1939757.0, 5.000400039028587]]}
{"519.lbm_r": [[2316308.0, 6.00387693925178]], "507.cactuBSSN_r": [[1916377.0, 6.629595855026389]], "baseline": [[1946601.0, 5.00045340898265]]}
{"519.lbm_r": [[3442646.0, 8.002008958807668]], "507.cactuBSSN_r": [[3042035.0, 8.002106356771755]], "baseline": [[3167144.0, 8.00280847725856]]}
{"519.lbm_r": [[3183072.0, 8.004579852743916]], "507.cactuBSSN_r": [[1573.0, 0.08331053118643693]], "baseline": [[1921000.0, 5.00037862855472]]}
{"519.lbm_r": [[2318424.0, 10.000133647528303]], "507.cactuBSSN_r": [[1384195.0, 4.000222300957922]], "baseline": [[2885858.0, 7.00031546804916]]}
{"519.lbm_r": [[2673427.0, 7.01554040612642]], "507.cactuBSSN_r": [[2567753.0, 7.003162897636366]], "baseline": [[3455560.0, 9.491660051313145]]}
