{"519.lbm_r": [[1165377.0, 4.936434681133988]], "507.cactuBSSN_r": [[1845889.0, 5.000440860236826]], "baseline": [[1934705.0, 5.000479146199864]]}
{"519.lbm_r": [[2038349.0, 6.474273802733333]], "507.cactuBSSN_r": [[2475827.0, 6.000313946034083]], "baseline": [[1317169.0, 4.000753706052919]]}
{"519.lbm_r": [[537069.0, 2.0010105468010986]], "507.cactuBSSN_r": [[928148.0, 3.0010689715626784]], "baseline": [[2719890.0, 7.001397566557358]]}
{"519.lbm_r": [[796956.0, 3.0016287464930422]], "507.cactuBSSN_r": [[2948782.0, 7.000332901553465]], "baseline": [[1781029.0, 5.00252816310065]]}
{"519.lbm_r": [[4633021.0, 11.002488463949028]], "507.cactuBSSN_r": [[1276515.0, 4.019758215995757]], "baseline": [[1427785.0, 4.000573596212906]]}
{"519.lbm_r": [[2444736.0, 6.000008020050242]], "507.cactuBSSN_r": [[1547178.0, 4.000308866921592]], "baseline": [[4425240.0, 11.125912686267256]]}
{"519.lbm_r": [[1623588.0, 5.179658895866091]], "507.cactuBSSN_r": [[1849916.0, 5.000325062900239]], "baseline": [[4222318.0, 10.000874370495188]]}
{"519.lbm_r": [[843500.0, 3.0013766499414833]], "507.cactuBSSN_r": [[1757962.0, 5.003026062584955]], "baseline": [[2131402.0, 6.001490138371155]]}
{"519.lbm_r": [[2827027.0, 8.011200578536918]], "507.cactuBSSN_r": [[765249.0, 3.010064725580955]], "baseline": [[3088771.0, 8.006341246848056]]}
{"519.lbm_r": [[1471458.0, 5.493695349116374]], "507.cactuBSSN_r": [[1623637.0, 4.000202121766022]], "baseline": [[1656100.0, 5.049176255831842]]}
{"519.lbm_r": [[3696511.0, 9.004868034008387]], "507.cactuBSSN_r": [[2967951.0, 8.216505078287597]], "baseline": [[3197589.0, 8.003670809262362]]}
{"519.lbm_r": [[1225643.0, 4.051248978513375]], "507.cactuBSSN_r": [[964044.0, 3.0008798082241714]], "baseline": [[4388240.0, 10.000084228836567]]}
{"519.lbm_r": [[2136518.0, 5.000100248419195]], "507.cactuBSSN_r": [[2575220.0, 7.009779892965446]], "baseline": [[2352831.0, 7.171376799644761]]}
{"519.lbm_r": [[4407669.0, 10.00187360359504]], "507.cactuBSSN_r": [[14185962.0, 100.0]], "baseline": [[1692998.0, 5.031873578371417]]}
{"519.lbm_r": [[2768744.0, 7.003548370730302]], "507.cactuBSSN_r": [[3153088.0, 8.0133394849328]], "baseline": [[3094016.0, 8.452408804415443]]}
