{"519.lbm_r": [[3076336.0, 8.010350628785405]], "507.cactuBSSN_r": [[1822606.0, 5.000547579950989]], "baseline": [[2210437.0, 6.021218151804189]]}
{"519.lbm_r": [[2988755.0, 7.000178175255786]], "507.cactuBSSN_r": [[1522620.0, 4.000284909938852]], "baseline": [[2082509.0, 6.011122771585393]]}
{"519.lbm_r": [[2084737.0, 6.013755179413473]], "507.cactuBSSN_r": [[2331715.0, 6.000441779159814]], "baseline": [[4035468.0, 10.023044153664106]]}
{"519.lbm_r": [[2348480.0, 6.004965762056685]], "507.cactuBSSN_r": [[1680882.0, 5.014788530758416]], "baseline": [[1754785.0, 5.003931577531209]]}
{"519.lbm_r": [[1797613.0, 5.005301617496938]], "507.cactuBSSN_r": [[2518926.0, 6.000041425983194]], "baseline": [[1773127.0, 5.0006010218799855]]}
