{"519.lbm_r": [[1995849.0, 6.648734584906347]], "507.cactuBSSN_r": [[2717488.0, 7.000060578582733]], "baseline": [[17183317.0, 100.0]]}
{"519.lbm_r": [[1047820.9999999999, 3.000241574278904]], "507.cactuBSSN_r": [[1499826.0, 5.000899780226971]], "baseline": [[3054682.0, 8.039995680842685]]}
{"519.lbm_r": [[1537441.0, 4.000238769802415]], "507.cactuBSSN_r": [[991254.0, 4.001623453236479]], "baseline": [[1643549.0, 5.003873406075266]]}
{"519.lbm_r": [[3207840.0, 8.002860439909778]], "507.cactuBSSN_r": [[738005.0, 4.842303519024378]], "baseline": [[2391120.0, 6.000296514343351]]}
{"519.lbm_r": [[1764357.0, 5.004620002488974]], "507.cactuBSSN_r": [[1036550.0, 4.001229362375193]], "baseline": [[1282533.0, 4.000927295964228]]}
