{"519.lbm_r": [[1379595.0, 5.001656660503419]], "507.cactuBSSN_r": [[1376.0, 0.17277355354480914]], "baseline": [[1953905.0, 6.000801776148838]]}
{"519.lbm_r": [[1523.0, 0.16127850736855331]], "507.cactuBSSN_r": [[1326623.0, 5.010264186485426]], "baseline": [[322911.0, 2.032863939284206]]}
{"519.lbm_r": [[1078467.0, 4.001246262078257]], "507.cactuBSSN_r": [[2807267.0, 8.008139498074337]], "baseline": [[1279036.0, 5.017138150746503]]}
{"519.lbm_r": [[1209661.0, 5.322371974979527]], "507.cactuBSSN_r": [[1395.0, 0.12739356354062498]], "baseline": [[2397443.0, 7.000503914339761]]}
{"519.lbm_r": [[2503560.0, 8.817875531776727]], "507.cactuBSSN_r": [[2587305.0, 7.000152984475324]], "baseline": [[1116015.0, 4.000537182584373]]}
