{"519.lbm_r": [[13439045.0, 100.0]], "507.cactuBSSN_r": [[3740888.0, 10.06448692934804]], "baseline": [[4143596.9999999995, 10.003334054343147]]}
{"519.lbm_r": [[2057663.0, 6.039010141060731]], "507.cactuBSSN_r": [[962979.0, 3.0004854705736865]], "baseline": [[718808.0, 3.025548280414467]]}
{"519.lbm_r": [[2745224.0, 7.015233696854158]], "507.cactuBSSN_r": [[2116830.0, 6.036299970854142]], "baseline": [[2987663.0, 8.303629957790555]]}
{"519.lbm_r": [[5677261.0, 13.001224893148747]], "507.cactuBSSN_r": [[2377402.0, 6.000240649850436]], "baseline": [[4429349.0, 10.000074634683676]]}
{"519.lbm_r": [[1751409.0, 5.00901673369218]], "507.cactuBSSN_r": [[1243075.0, 4.010431347301345]], "baseline": [[2258620.0, 6.0040009188187655]]}
