{"519.lbm_r": [[957965.0, 3.0009464816695037]], "baseline": [[1458.0, 0.10944257655386468]]}
