{"519.lbm_r": [[1376.0, 0.11316081237610737]], "507.cactuBSSN_r": [[1551.0, 0.15011948962463667]], "baseline": [[987540.0, 3.0007630550882918]]}
{"519.lbm_r": [[2698052.0, 7.007551069822462]], "507.cactuBSSN_r": [[1674532.0, 5.003185083262033]], "baseline": [[2007615.0, 6.342328234103835]]}
{"519.lbm_r": [[1805666.0, 5.004099112551365]], "507.cactuBSSN_r": [[966959.0, 3.0003398646829935]], "baseline": [[465003.0, 2.001543052237077]]}
{"519.lbm_r": [[3786315.0, 9.001916216359472]], "507.cactuBSSN_r": [[2239293.0, 6.008936135436691]], "baseline": [[1801993.0, 5.005275612758122]]}
{"519.lbm_r": [[2530034.0, 6.000279057017246]], "507.cactuBSSN_r": [[3119332.0, 8.032762653770662]], "baseline": [[4557705.0, 11.00465050979558]]}
{"519.lbm_r": [[2041684.0, 6.771183198339473]], "507.cactuBSSN_r": [[1950293.0, 5.0000671179437495]], "baseline": [[3743534.0, 9.006548197825026]]}
{"519.lbm_r": [[14814470.0, 100.0]], "507.cactuBSSN_r": [[2579182.0, 7.7319450288346205]], "baseline": [[2570314.0, 7.010722565173468]]}
{"519.lbm_r": [[3069836.0, 7.000042649488731]], "507.cactuBSSN_r": [[2545010.0, 6.000036087302997]], "baseline": [[7320013.0, 17.189079666354893]]}
{"519.lbm_r": [[840148.0, 3.0015101595776232]], "507.cactuBSSN_r": [[2325325.0, 6.000404614072827]], "baseline": [[1774866.0, 6.273001331300261]]}
{"519.lbm_r": [[2133299.0, 5.000242487131872]], "507.cactuBSSN_r": [[1345786.0, 4.000802879034056]], "baseline": [[2159814.0, 6.00763286596849]]}
{"519.lbm_r": [[2440214.0, 6.005705304868246]], "507.cactuBSSN_r": [[2121627.0, 6.112434163493329]], "baseline": [[1915466.0, 5.000541010991269]]}
{"519.lbm_r": [[1922895.0, 5.000420751505684]], "507.cactuBSSN_r": [[2629552.0, 7.099821184870051]], "baseline": [[2498534.0, 7.00471007653747]]}
{"519.lbm_r": [[3091311.0, 8.248060062739896]], "507.cactuBSSN_r": [[1756706.0, 5.000298160562823]], "baseline": [[2911855.0, 7.000901487825839]]}
{"519.lbm_r": [[3914535.0, 9.00065787916994]], "507.cactuBSSN_r": [[2666998.0, 7.04837487468548]], "baseline": [[4139720.9999999995, 10.023279847035026]]}
{"519.lbm_r": [[2164058.0, 5.000225457143722]], "507.cactuBSSN_r": [[2165133.0, 6.044665143977523]], "baseline": [[2873155.0, 7.001787772138582]]}
{"519.lbm_r": [[3103424.0, 7.000025431522553]], "507.cactuBSSN_r": [[1919603.0, 5.000206396398235]], "baseline": [[1228586.0, 4.794899489282407]]}
{"519.lbm_r": [[2314353.0, 6.007763782269855]], "507.cactuBSSN_r": [[2776416.0, 7.000244946167064]], "baseline": [[2737831.0, 7.003613342049354]]}
{"519.lbm_r": [[2928062.0, 7.0003480533239255]], "507.cactuBSSN_r": [[1264774.0, 4.0007345770411105]], "baseline": [[3178770.0, 8.003994636375019]]}
{"519.lbm_r": [[2877061.0, 7.002848126871771]], "507.cactuBSSN_r": [[1083922.0, 4.412966927244138]], "baseline": [[1578198.0, 4.000357242051937]]}
{"519.lbm_r": [[2725811.0, 7.000652721236669]], "507.cactuBSSN_r": [[2747220.0, 7.009431367186216]], "baseline": [[1760583.0, 5.073154634705287]]}
{"519.lbm_r": [[3309147.0, 8.001403811951176]], "507.cactuBSSN_r": [[1187731.0, 4.0179403650833025]], "baseline": [[1892347.0, 5.000191493176191]]}
{"519.lbm_r": [[2063369.0000000002, 6.101974432517466]], "507.cactuBSSN_r": [[935528.0, 3.000135644132713]], "baseline": [[1396316.0, 4.000664925907422]]}
{"519.lbm_r": [[3650238.0, 9.02300448178424]], "507.cactuBSSN_r": [[2438779.0, 7.091744221525734]], "baseline": [[3506501.0, 8.000103155119751]]}
{"519.lbm_r": [[2173241.0, 6.0198672988182516]], "507.cactuBSSN_r": [[1346132.0, 4.000762936270451]], "baseline": [[3206088.0, 8.007763911282657]]}
{"519.lbm_r": [[3117417.0, 8.073761565829157]], "507.cactuBSSN_r": [[2028013.0, 5.000033368555493]], "baseline": [[2648026.0, 6.000105049472373]]}
{"519.lbm_r": [[1801812.0, 5.001789294177626]], "507.cactuBSSN_r": [[2286100.0, 6.000461863617104]], "baseline": [[2688233.0, 7.046276730772367]]}
{"519.lbm_r": [[12377150.0, 100.0]], "507.cactuBSSN_r": [[1501308.0, 5.007337931078335]], "baseline": [[1947120.0, 5.000135370653816]]}
{"519.lbm_r": [[1784921.0, 5.010965830965521]], "507.cactuBSSN_r": [[1820893.0, 5.000518051954108]], "baseline": [[3111181.0, 8.00432953906757]]}
{"519.lbm_r": [[1731835.0, 5.010695370060137]], "507.cactuBSSN_r": [[1937951.0, 5.000113820799211]], "baseline": [[3732524.0, 9.000743733075337]]}
{"519.lbm_r": [[3532323.0, 9.134732065722147]], "507.cactuBSSN_r": [[2335490.0, 9.000264512265796]], "baseline": [[2233230.0, 6.006292190486456]]}
{"519.lbm_r": [[2459426.0, 6.003848269953256]], "507.cactuBSSN_r": [[2589736.0, 7.100075016312679]], "baseline": [[1941302.0, 5.000420064341951]]}
