{"519.lbm_r": [[3993392.0, 10.00929503258891]], "507.cactuBSSN_r": [[2564564.0, 6.000112021450802]], "baseline": [[2160272.0, 6.042667816345945]]}
{"519.lbm_r": [[2779322.0, 7.001892721366852]], "507.cactuBSSN_r": [[2029953.0, 6.338348271597428]], "baseline": [[3694099.0, 9.015247118010235]]}
{"519.lbm_r": [[1452484.0, 4.000022202341633]], "507.cactuBSSN_r": [[1709704.0, 6.007435438413836]], "baseline": [[1044480.0, 4.063239462463595]]}
{"519.lbm_r": [[1168961.0, 3.0003716857479987]], "507.cactuBSSN_r": [[1001976.0, 3.000336604612527]], "baseline": [[2593626.0, 7.436327708905224]]}
{"519.lbm_r": [[3051936.0, 7.000028281108948]], "507.cactuBSSN_r": [[1758399.0, 5.003542648608552]], "baseline": [[2700670.0, 15.09365455140277]]}
{"519.lbm_r": [[1812662.0, 5.00689215914858]], "507.cactuBSSN_r": [[1952588.0, 5.000320583114188]], "baseline": [[12117620.0, 100.0]]}
{"519.lbm_r": [[15615574.0, 100.0]], "507.cactuBSSN_r": [[2095862.9999999998, 5.000112462153288]], "baseline": [[1778799.0, 5.003567767993647]]}
{"519.lbm_r": [[4285292.0, 10.00249566201325]], "507.cactuBSSN_r": [[2136724.0, 6.62006934863402]], "baseline": [[1901693.0, 5.000556337338752]]}
{"519.lbm_r": [[3131799.0, 8.791988968820561]], "507.cactuBSSN_r": [[1405747.0, 4.000570267218875]], "baseline": [[4098107.0, 10.002248581884908]]}
{"519.lbm_r": [[2971417.0, 7.002611839838567]], "507.cactuBSSN_r": [[1973271.0, 5.000348416061554]], "baseline": [[1568718.0, 5.002405605287997]]}
