{"519.lbm_r": [[1274618.0, 5.004268924067896]], "507.cactuBSSN_r": [[2794488.0, 8.000498176191417]], "baseline": [[2153014.0, 7.023306940898527]]}
{"519.lbm_r": [[3826540.0, 10.00034467188681]], "507.cactuBSSN_r": [[1558.0, 0.025184421305445345]], "baseline": [[1777292.0, 6.014714920160347]]}
{"519.lbm_r": [[1791769.0, 6.016427821115422]], "507.cactuBSSN_r": [[1527988.0, 5.0005443053836105]], "baseline": [[1392041.0, 5.001663403381749]]}
{"519.lbm_r": [[4030873.0, 11.012886793195744]], "507.cactuBSSN_r": [[1560.0, 0.03220539368697678]], "baseline": [[2526625.0, 8.046122982130125]]}
{"519.lbm_r": [[2022615.0, 6.000478222250378]], "507.cactuBSSN_r": [[1465.0, 0.1815124668075354]], "baseline": [[1755579.0, 6.012291046796081]]}
