{"519.lbm_r": [[4246932.0, 10.000527081851455]], "507.cactuBSSN_r": [[3129776.0, 8.002307313223328]], "baseline": [[2565955.0, 7.231365385292085]]}
{"519.lbm_r": [[2664777.0, 7.011019391122459]], "507.cactuBSSN_r": [[3433056.0, 9.009333915853004]], "baseline": [[2769658.0, 8.4421583378193]]}
{"519.lbm_r": [[2746671.0, 7.000218591559862]], "507.cactuBSSN_r": [[1488.0, 0.12883634596241075]], "baseline": [[966646.0, 3.0003611019459755]]}
{"519.lbm_r": [[2996335.0, 8.01607359326194]], "507.cactuBSSN_r": [[2893086.0, 7.0002231951571074]], "baseline": [[1964668.0, 5.000263378872008]]}
{"519.lbm_r": [[2154379.0, 6.012840701640072]], "507.cactuBSSN_r": [[1599509.0, 5.062114751704573]], "baseline": [[866038.0, 3.001141476370631]]}
{"519.lbm_r": [[5704299.0, 14.987257514351226]], "507.cactuBSSN_r": [[2713877.0, 7.000381508054749]], "baseline": [[4844972.0, 13.00485732809915]]}
{"519.lbm_r": [[2134075.0, 6.019497753741704]], "507.cactuBSSN_r": [[2080791.0000000002, 6.005253982570087]], "baseline": [[2413068.0, 6.000252240311303]]}
{"519.lbm_r": [[3196097.0, 8.003899816345474]], "507.cactuBSSN_r": [[1581655.0, 5.01811394210343]], "baseline": [[1120571.0, 4.010331686212081]]}
{"519.lbm_r": [[3844511.0, 9.000070363061425]], "507.cactuBSSN_r": [[1399228.0, 5.9998255944258885]], "baseline": [[2576190.0, 7.021000212126109]]}
{"519.lbm_r": [[1904846.0, 5.000525558736436]], "507.cactuBSSN_r": [[1744139.0, 5.000633540340076]], "baseline": [[3225847.0, 8.001508978579547]]}
