{"519.lbm_r": [[2457119.0, 6.000303187324453]], "507.cactuBSSN_r": [[2888221.0, 7.000148628506619]], "baseline": [[2688381.0, 7.000824133858893]]}
{"519.lbm_r": [[2554865.0, 7.00322423613385]], "507.cactuBSSN_r": [[1975774.0, 5.000289184121185]], "baseline": [[5857175.0, 14.027162750151673]]}
{"519.lbm_r": [[1530225.0, 4.000317167539562]], "507.cactuBSSN_r": [[981487.0, 3.000104036722665]], "baseline": [[2668101.0, 7.004853652722829]]}
{"519.lbm_r": [[2222530.0, 6.609401672576777]], "507.cactuBSSN_r": [[1219234.0, 5.932917154069364]], "baseline": [[1353382.0, 4.000589207427818]]}
{"519.lbm_r": [[1986653.0, 5.0003217709517465]], "507.cactuBSSN_r": [[1549114.0, 5.007123031613447]], "baseline": [[1682714.0, 5.7202316819524635]]}
{"519.lbm_r": [[2601632.0, 7.579103139691261]], "507.cactuBSSN_r": [[4842743.0, 12.004850062263351]], "baseline": [[18036945.0, 100.0]]}
{"519.lbm_r": [[5771130.0, 13.000818192953489]], "507.cactuBSSN_r": [[1293340.0, 4.000416833323925]], "baseline": [[3188057.0, 8.006609442425747]]}
{"519.lbm_r": [[1614908.0, 4.00031971579208]], "507.cactuBSSN_r": [[3201750.0, 8.006888003892511]], "baseline": [[1635413.0, 5.689416812166838]]}
{"519.lbm_r": [[4782836.0, 11.001142993499812]], "507.cactuBSSN_r": [[2713612.0, 7.00766984468222]], "baseline": [[4000964.0, 10.0290237665098]]}
{"519.lbm_r": [[13681128.0, 100.0]], "507.cactuBSSN_r": [[2708439.0, 7.018333894947818]], "baseline": [[2086804.9999999998, 6.20990574716795]]}
