{"519.lbm_r": [[1676528.0, 5.012748487490393]], "507.cactuBSSN_r": [[2772127.0, 8.07693479498384]], "baseline": [[2089888.0, 6.042992032615809]]}
{"519.lbm_r": [[1917507.0, 5.000159234763885]], "507.cactuBSSN_r": [[1385398.0, 4.000486516446932]], "baseline": [[1780337.0, 5.000610284098848]]}
{"519.lbm_r": [[1358962.0, 5.889646143881947]], "507.cactuBSSN_r": [[3471634.0, 9.002759464428959]], "baseline": [[3086996.0, 8.738307225153155]]}
{"519.lbm_r": [[3553094.0, 9.006184659879413]], "507.cactuBSSN_r": [[2157647.0, 7.330539039556262]], "baseline": [[4467180.0, 11.025012483844389]]}
{"519.lbm_r": [[2632139.0, 7.00131416191078]], "507.cactuBSSN_r": [[1695634.0, 5.015140883018042]], "baseline": [[2208311.0, 6.005632209452126]]}
