{"519.lbm_r": [[2331725.0, 6.000288626055297]], "507.cactuBSSN_r": [[2028459.0, 5.000200603454515]], "baseline": [[4466171.0, 10.000007973260946]]}
{"519.lbm_r": [[4442716.0, 11.005480938305801]], "507.cactuBSSN_r": [[3502169.0, 9.15781322098254]], "baseline": [[3791527.0, 9.00210386460922]]}
{"519.lbm_r": [[2150325.0, 6.005503965506257]], "507.cactuBSSN_r": [[2391367.0, 6.0003466642138035]], "baseline": [[2088376.0000000002, 6.0045728448530715]]}
{"519.lbm_r": [[2314270.0, 7.005902972406939]], "507.cactuBSSN_r": [[1005065.0, 3.000581911871318]], "baseline": [[2152313.0, 6.664858671218855]]}
{"519.lbm_r": [[2674799.0, 7.004489498563383]], "507.cactuBSSN_r": [[2000588.0, 6.90661556710207]], "baseline": [[16441735.0, 100.0]]}
