{"519.lbm_r": [[1566.0, 0.005264224140981999]], "baseline": [[1387.0, 0.36239660676384655]]}
{"519.lbm_r": [[722951.0, 3.027421663553596]], "507.cactuBSSN_r": [[1581.0, 0.1743168927758895]], "baseline": [[1492.0, 0.14120670305951122]]}
{"519.lbm_r": [[1451.0, 0.1998301677620735]], "507.cactuBSSN_r": [[923610.0, 4.839499029207542]], "baseline": [[1474.0, 0.143961261400731]]}
{"519.lbm_r": [[528967.0, 2.001081141412102]], "507.cactuBSSN_r": [[1542.0, 0.13856335272452844]], "baseline": [[579586.0, 3.7469222066378425]]}
{"519.lbm_r": [[1442.0, 0.2100083615284492]], "507.cactuBSSN_r": [[1577.0, 0.06794009410744027]], "baseline": [[1087681.0, 3.0004309403703266]]}
{"519.lbm_r": [[1445626.0, 4.000701260706716]], "507.cactuBSSN_r": [[1570.0, 0.10820031549842912]], "baseline": [[1468.0, 0.11493408627663212]]}
{"519.lbm_r": [[1367.0, 0.3249107561923831]], "507.cactuBSSN_r": [[520833.99999999994, 3.078164812661221]], "baseline": [[1447.0, 0.13141899150735842]]}
{"519.lbm_r": [[1643.0, 0.002683252063135286]], "507.cactuBSSN_r": [[1551.0, 0.18987646240025327]], "baseline": [[666783.0, 3.1306982814687627]]}
{"519.lbm_r": [[1733518.0, 5.3829557251880304]], "507.cactuBSSN_r": [[1536.0, 0.1110770831248964]], "baseline": [[1099208.0, 4.652707321033773]]}
{"519.lbm_r": [[1599527.0, 5.247701621836658]], "507.cactuBSSN_r": [[2099625.0, 6.001466566588903]], "baseline": [[2150073.0, 6.687485731782352]]}
{"519.lbm_r": [[1805228.0, 5.003416436082306]], "507.cactuBSSN_r": [[1528384.0, 5.02356557184069]], "baseline": [[1104056.0, 3.000061395896712]]}
{"519.lbm_r": [[4800452.0, 11.000469441719192]], "507.cactuBSSN_r": [[1816888.0, 6.050068159490835]], "baseline": [[2505282.0, 7.006189107965938]]}
{"519.lbm_r": [[3994355.0, 10.006573883527718]], "507.cactuBSSN_r": [[2394384.0, 7.833924664786806]], "baseline": [[1575650.0, 5.687082431989021]]}
{"519.lbm_r": [[2706172.0, 7.004867821923592]], "507.cactuBSSN_r": [[1944304.0, 6.002741014985594]], "baseline": [[4120953.0000000005, 10.00635727781437]]}
{"519.lbm_r": [[3607191.0, 9.096483198913395]], "507.cactuBSSN_r": [[1413839.0, 5.785515064275613]], "baseline": [[21231590.0, 100.0]]}
{"519.lbm_r": [[2790334.0, 7.006232168219008]], "507.cactuBSSN_r": [[867661.0, 4.7401232222817065]], "baseline": [[1316200.0, 4.000824486890748]]}
{"519.lbm_r": [[2891090.0, 7.006378455035581]], "507.cactuBSSN_r": [[3229399.0, 9.764863622426034]], "baseline": [[3381872.0, 8.000193435740623]]}
{"519.lbm_r": [[3911353.0, 10.009619987012352]], "507.cactuBSSN_r": [[2808524.0, 8.00722260950845]], "baseline": [[1393.0, 0.1161310698098513]]}
{"519.lbm_r": [[2941328.0, 7.00001750026915]], "507.cactuBSSN_r": [[1334960.0, 4.000106726123598]], "baseline": [[1472319.0, 4.0005229549737]]}
{"519.lbm_r": [[2477660.0, 6.000177610746569]], "507.cactuBSSN_r": [[2454384.0, 7.00275480957131]], "baseline": [[3714503.0, 9.000007183053032]]}
{"519.lbm_r": [[3562497.0, 9.001527755001376]], "507.cactuBSSN_r": [[1531218.0, 5.018327649064936]], "baseline": [[2890820.0, 8.506553501029268]]}
{"519.lbm_r": [[1433445.0, 4.00067820268606]], "507.cactuBSSN_r": [[3026313.0, 8.00046183954333]], "baseline": [[1735690.0, 5.01929950390214]]}
{"519.lbm_r": [[2819810.0, 7.005237857588001]], "507.cactuBSSN_r": [[1629369.0, 5.000578974342263]], "baseline": [[1587359.0, 4.000318890239425]]}
{"519.lbm_r": [[2445005.0, 7.007963306189753]], "507.cactuBSSN_r": [[1922814.0, 6.013337818751135]], "baseline": [[2773055.0, 7.01179323667497]]}
