{"519.lbm_r": [[2298348.0, 6.002909446652285]], "507.cactuBSSN_r": [[1417925.0, 4.000294637451565]], "baseline": [[2355054.0, 6.003113390553858]]}
{"519.lbm_r": [[1722485.0, 5.0131600281477064]], "507.cactuBSSN_r": [[909980.0, 3.0009559442738443]], "baseline": [[3128025.0, 8.001540053344128]]}
{"519.lbm_r": [[16795834.0, 100.0]], "507.cactuBSSN_r": [[2701174.0, 7.008580601342904]], "baseline": [[1450101.0, 4.000681559165021]]}
{"519.lbm_r": [[1949822.0, 5.000226109604977]], "507.cactuBSSN_r": [[2509217.0, 7.0118001154357685]], "baseline": [[2082282.0000000002, 6.023536415387691]]}
{"519.lbm_r": [[1634582.0, 4.000055597969006]], "507.cactuBSSN_r": [[1931464.0, 5.000388541553229]], "baseline": [[3604496.0, 9.025124791193486]]}
{"519.lbm_r": [[1853878.0, 5.0019717888965936]], "507.cactuBSSN_r": [[2029564.0, 5.000443624698998]], "baseline": [[2048886.0, 6.028766330001104]]}
{"519.lbm_r": [[3029429.0, 8.887587918074477]], "507.cactuBSSN_r": [[1885550.0, 5.000458679821061]], "baseline": [[2434344.0, 6.000392962808505]]}
{"519.lbm_r": [[1699781.0, 5.005422403358428]], "507.cactuBSSN_r": [[1024656.9999999999, 3.0003039582060858]], "baseline": [[4115649.0000000005, 10.128835375370093]]}
{"519.lbm_r": [[2260751.0, 7.057705599291539]], "507.cactuBSSN_r": [[2002667.0, 5.00036894878691]], "baseline": [[1903060.0, 5.000220871406398]]}
{"519.lbm_r": [[2538121.0, 7.0041899144145185]], "507.cactuBSSN_r": [[2937623.0, 7.000048949381385]], "baseline": [[2212078.0, 6.868506339734904]]}
