{"519.lbm_r": [[2626965.0, 7.0099242006373625]], "507.cactuBSSN_r": [[3944712.0, 10.027809510679566]], "baseline": [[1983975.0, 5.000479242724718]]}
{"519.lbm_r": [[2550503.0, 7.962143960199176]], "507.cactuBSSN_r": [[1210736.0, 4.181102528139383]], "baseline": [[2105628.0, 6.103197776470751]]}
{"519.lbm_r": [[2467592.0, 7.191723590897849]], "507.cactuBSSN_r": [[2896280.0, 7.000674697936297]], "baseline": [[2954401.0, 7.000151485946841]]}
{"519.lbm_r": [[2659508.0, 7.008966500371242]], "507.cactuBSSN_r": [[585925.0, 2.000625199957133]], "baseline": [[3962696.0, 9.000140615507542]]}
{"519.lbm_r": [[3565728.0, 9.471775141557924]], "507.cactuBSSN_r": [[1831702.0, 5.007291031804726]], "baseline": [[1994729.0, 6.7626374319669464]]}
{"519.lbm_r": [[1811930.0, 5.000533142252884]], "507.cactuBSSN_r": [[1044470.0, 3.0004558591504162]], "baseline": [[1323399.0, 4.000489473807934]]}
{"519.lbm_r": [[2936344.0, 7.000212985077187]], "507.cactuBSSN_r": [[1767940.0, 5.00982310943514]], "baseline": [[3279507.0, 8.000722658152082]]}
{"519.lbm_r": [[4843096.0, 11.000744965202243]], "507.cactuBSSN_r": [[2694221.0, 8.433212028781476]], "baseline": [[1520260.0, 4.0000607934983226]]}
{"519.lbm_r": [[2011475.0, 5.000349296829979]], "507.cactuBSSN_r": [[1669288.0, 5.005450924365424]], "baseline": [[1736187.0, 5.008130732736478]]}
{"519.lbm_r": [[1605552.0, 5.296116144042407]], "507.cactuBSSN_r": [[2380296.0, 6.000434292840904]], "baseline": [[3061899.0, 8.036711820360663]]}
