{"519.lbm_r": [[2449255.0, 6.000292114753749]], "507.cactuBSSN_r": [[1489884.0, 5.002914752119998]], "baseline": [[1609402.0, 4.000016456347222]]}
{"519.lbm_r": [[2440282.0, 6.000252504780668]], "507.cactuBSSN_r": [[2646844.0, 6.000047537987336]], "baseline": [[2390672.0, 6.000332195594007]]}
{"519.lbm_r": [[1874763.0, 5.000285655218297]], "507.cactuBSSN_r": [[1364762.0, 4.000847011555129]], "baseline": [[3268001.0, 8.002038280002234]]}
{"519.lbm_r": [[3641165.0, 9.010763659990928]], "507.cactuBSSN_r": [[1867306.0, 5.000055378938247]], "baseline": [[3205768.0, 8.00380885002054]]}
{"519.lbm_r": [[1886095.0, 5.000067495269565]], "507.cactuBSSN_r": [[1584089.0, 5.007649087416953]], "baseline": [[1197634.0, 4.117777140130021]]}
{"519.lbm_r": [[4516559.0, 11.002674701066942]], "507.cactuBSSN_r": [[2601729.0, 7.0141188042270715]], "baseline": [[3008866.0, 8.152969570496488]]}
{"519.lbm_r": [[1315585.0, 4.000839289114028]], "507.cactuBSSN_r": [[3489005.0, 8.000040510353006]], "baseline": [[1805408.0, 5.009640895601716]]}
{"519.lbm_r": [[828585.0, 3.00122419328222]], "507.cactuBSSN_r": [[2440966.0, 6.000118430275604]], "baseline": [[2183704.0, 6.026054228112049]]}
{"519.lbm_r": [[3347822.0, 9.841410375467358]], "507.cactuBSSN_r": [[1042527.0, 3.0004221879745647]], "baseline": [[3805970.0, 9.002154820741497]]}
{"519.lbm_r": [[1826095.0, 5.000521905781696]], "507.cactuBSSN_r": [[1414723.0, 5.876409256903244]], "baseline": [[3023078.0, 8.963860617310607]]}
