{"519.lbm_r": [[2313951.0, 6.002567704150913]], "507.cactuBSSN_r": [[1407282.0, 5.454273050896201]], "baseline": [[1820800.0, 6.96160890240492]]}
{"519.lbm_r": [[20215934.0, 100.0]], "507.cactuBSSN_r": [[1510882.0, 5.011331269069354]], "baseline": [[2545846.0, 7.001980277922111]]}
{"519.lbm_r": [[3137220.0, 8.015204782325283]], "507.cactuBSSN_r": [[3311321.0, 11.000429978575584]], "baseline": [[1417294.0, 4.000594447693979]]}
{"519.lbm_r": [[2696564.0, 7.005452955927729]], "507.cactuBSSN_r": [[1584260.0, 5.01307114118725]], "baseline": [[3167107.0, 8.00492266493475]]}
{"519.lbm_r": [[3484068.0, 8.00013441741179]], "507.cactuBSSN_r": [[2447875.0, 7.0033533245989465]], "baseline": [[1045926.9999999999, 3.0001688506684774]]}
{"519.lbm_r": [[1948067.0, 5.0004178743483205]], "507.cactuBSSN_r": [[793495.0, 3.000954905773974]], "baseline": [[3649540.0, 9.007603341546238]]}
{"519.lbm_r": [[3981141.0, 10.74502554391947]], "507.cactuBSSN_r": [[1750985.0, 6.7257450747390894]], "baseline": [[1521816.0, 5.0492681939730995]]}
{"519.lbm_r": [[1844956.0, 5.01335306356961]], "507.cactuBSSN_r": [[1393800.0, 4.000059241461764]], "baseline": [[2451030.0, 6.000329901898275]]}
{"519.lbm_r": [[3347535.0, 9.85075925102829]], "507.cactuBSSN_r": [[1575.0, 0.056364072232050616]], "baseline": [[1456657.0, 4.0005771915279835]]}
{"519.lbm_r": [[2755157.0, 8.024875568938356]], "507.cactuBSSN_r": [[1302474.0, 4.00027666599708]], "baseline": [[4456314.0, 11.020115237296537]]}
