{"519.lbm_r": [[1190364.0, 3.000190435960714]], "507.cactuBSSN_r": [[2086241.0, 6.6539848323991055]], "baseline": [[2562253.0, 7.173169515751845]]}
{"519.lbm_r": [[3562347.0, 8.000007834908763]], "507.cactuBSSN_r": [[2553079.0, 6.0000972517513835]], "baseline": [[2630884.0, 7.0460422757941]]}
{"519.lbm_r": [[2019857.0, 5.000064262423869]], "507.cactuBSSN_r": [[1835991.0, 5.000755137595131]], "baseline": [[1615337.0, 4.000300351751601]]}
{"519.lbm_r": [[1767508.0, 5.001478557973287]], "507.cactuBSSN_r": [[1361445.0, 4.0063748310142335]], "baseline": [[1201321.0, 4.088062215098481]]}
{"519.lbm_r": [[3447366.0, 8.001186519737582]], "507.cactuBSSN_r": [[703183.0, 3.5258263182873244]], "baseline": [[2445780.0, 6.000173996316592]]}
{"519.lbm_r": [[1750691.0, 5.090714483289348]], "507.cactuBSSN_r": [[1467791.0, 4.000037375721907]], "baseline": [[2980446.0, 8.00681031205371]]}
{"519.lbm_r": [[1673811.0, 5.008096919171949]], "507.cactuBSSN_r": [[2502368.0, 7.693210755759838]], "baseline": [[819636.0, 3.0016118841628883]]}
{"519.lbm_r": [[3129894.0, 8.034779513924168]], "507.cactuBSSN_r": [[2772285.0, 7.0060139918459425]], "baseline": [[2744274.0, 8.82581462543546]]}
{"519.lbm_r": [[2613036.0, 6.000172335422498]], "507.cactuBSSN_r": [[16797369.0, 100.0]], "baseline": [[2187252.0, 6.018881450617795]]}
{"519.lbm_r": [[1776894.0, 5.00785664312228]], "507.cactuBSSN_r": [[980194.0, 3.0009391731115755]], "baseline": [[1832122.0, 5.0065497604051865]]}
