{"519.lbm_r": [[1624.0, 0.002627783071940367]], "baseline": [[1430.0, 0.15405864764305158]]}
