{"519.lbm_r": [[1434268.0, 4.0005492576572985]], "507.cactuBSSN_r": [[1495381.0, 4.000530154808988]], "baseline": [[3272219.0, 8.001740005844718]]}
{"519.lbm_r": [[5884336.0, 14.34020282719531]], "507.cactuBSSN_r": [[1875939.0, 5.000548021297542]], "baseline": [[1846767.0, 5.0092363589240945]]}
{"519.lbm_r": [[3189426.0, 8.051651782486886]], "507.cactuBSSN_r": [[752723.0, 3.0273458092075023]], "baseline": [[3977412.0, 9.000107412727692]]}
{"519.lbm_r": [[1967632.0, 5.00035694971192]], "507.cactuBSSN_r": [[1072909.0, 3.000208504730841]], "baseline": [[928332.0, 3.000916717789953]]}
{"519.lbm_r": [[2907600.0, 7.002120027910204]], "507.cactuBSSN_r": [[2574162.0, 7.779832549158572]], "baseline": [[11243715.0, 100.0]]}
{"519.lbm_r": [[2240295.0, 6.233961331636478]], "507.cactuBSSN_r": [[5050194.0, 12.004950154203131]], "baseline": [[4850352.0, 11.001616715972032]]}
{"519.lbm_r": [[985689.0, 3.0008388825308745]], "507.cactuBSSN_r": [[2582619.0, 7.268849666019228]], "baseline": [[1045285.0000000001, 4.002967754558596]]}
{"519.lbm_r": [[3014915.0, 8.859271661985723]], "507.cactuBSSN_r": [[2434672.0, 6.000305339045737]], "baseline": [[2379131.0, 6.000338794079996]]}
{"519.lbm_r": [[2333902.0, 6.002278730617524]], "507.cactuBSSN_r": [[3921559.0, 9.00094900974776]], "baseline": [[2374761.0, 6.000239514694034]]}
{"519.lbm_r": [[3657165.0, 9.043865144003867]], "507.cactuBSSN_r": [[2658294.0, 7.509206675445688]], "baseline": [[1253252.0, 4.072763114896358]]}
