{"519.lbm_r": [[3670413.0, 9.007645392152554]], "507.cactuBSSN_r": [[1134513.0, 4.010498555876854]], "baseline": [[3381156.0, 8.001498082537125]]}
{"519.lbm_r": [[4649047.0, 11.011503900871631]], "507.cactuBSSN_r": [[1780598.0, 5.000487447276263]], "baseline": [[1906389.0, 5.000484383317101]]}
{"519.lbm_r": [[1710607.0, 5.857599128239945]], "507.cactuBSSN_r": [[2279203.0, 6.000497823098975]], "baseline": [[2458821.0, 6.00014874822336]]}
{"519.lbm_r": [[1959659.0, 5.00023921149084]], "507.cactuBSSN_r": [[2580841.0, 7.559386884262247]], "baseline": [[2008995.0, 5.000394080371099]]}
{"519.lbm_r": [[3079580.0, 8.032841541128084]], "507.cactuBSSN_r": [[1973.0, 0.00012333664918822248]], "baseline": [[985094.0, 3.000822104427257]]}
{"519.lbm_r": [[2765018.0, 7.0040832031582285]], "507.cactuBSSN_r": [[2373226.0, 7.014547209361638]], "baseline": [[3482805.0, 9.150250660230729]]}
{"519.lbm_r": [[3543572.0, 8.000055811608386]], "507.cactuBSSN_r": [[3185110.0, 8.00501356699319]], "baseline": [[1991695.0, 6.329358948031556]]}
{"519.lbm_r": [[4446981.0, 10.000163180495603]], "507.cactuBSSN_r": [[3717142.0, 9.006919990241578]], "baseline": [[1654974.0, 5.263939551409336]]}
{"519.lbm_r": [[3804339.0, 9.000605252144185]], "507.cactuBSSN_r": [[1852147.0, 6.589012957842087]], "baseline": [[3123636.0, 8.010413490890954]]}
{"519.lbm_r": [[2530439.0, 7.966848622792985]], "507.cactuBSSN_r": [[1508940.0, 6.974638890340735]], "baseline": [[1763997.0, 5.002056167407065]]}
