{"519.lbm_r": [[3362320.0, 8.003595159301689]], "507.cactuBSSN_r": [[1852855.0, 5.000573532156934]], "baseline": [[2334314.0, 6.001290035177548]]}
{"519.lbm_r": [[1994157.0, 6.918387835660425]], "507.cactuBSSN_r": [[1532932.0, 4.000271749775242]], "baseline": [[3983333.0, 10.015565243285513]]}
{"519.lbm_r": [[1179535.0, 4.860943975478972]], "507.cactuBSSN_r": [[1400.0, 0.4266936330362966]], "baseline": [[2692010.0, 7.000951452480554]]}
{"519.lbm_r": [[1774606.0, 5.006216018562033]], "507.cactuBSSN_r": [[1576956.0, 4.0003012513693434]], "baseline": [[2541516.0, 7.26941524146686]]}
{"519.lbm_r": [[1437332.0, 4.000617930138688]], "507.cactuBSSN_r": [[1300817.0, 4.010222574835249]], "baseline": [[3695870.0, 9.007518390490644]]}
{"519.lbm_r": [[3318072.0, 8.002599203415976]], "507.cactuBSSN_r": [[2403523.0, 6.000415182086701]], "baseline": [[810501.0, 3.001597349017856]]}
{"519.lbm_r": [[16181000.0, 100.0]], "507.cactuBSSN_r": [[1265014.0, 4.005037382958293]], "baseline": [[2617076.0, 6.000088361681695]]}
{"519.lbm_r": [[2555769.0, 7.002884658179533]], "507.cactuBSSN_r": [[1055805.0, 3.0004787818815704]], "baseline": [[1492854.0, 4.000603119802307]]}
{"519.lbm_r": [[1137385.0, 4.005125836061212]], "507.cactuBSSN_r": [[1744577.0, 5.018027195387777]], "baseline": [[2772157.0, 7.002887236638329]]}
{"519.lbm_r": [[2215915.0, 6.006225048421328]], "507.cactuBSSN_r": [[1491742.0, 4.000569181921379]], "baseline": [[1918116.0, 5.000485898449417]]}
