{"519.lbm_r": [[2946928.0, 7.000256078798413]], "507.cactuBSSN_r": [[2302294.0, 6.004057524163147]], "baseline": [[2330727.0, 6.000423510134925]]}
{"519.lbm_r": [[5317628.0, 12.000001840191208]], "507.cactuBSSN_r": [[1551962.0, 5.020480546240619]], "baseline": [[3422182.0, 8.000129951393212]]}
{"519.lbm_r": [[3401042.0, 8.000791693810859]], "507.cactuBSSN_r": [[2260406.0, 6.003411205882612]], "baseline": [[1168082.0, 4.42864238760301]]}
{"519.lbm_r": [[2723752.0, 7.127899297948894]], "507.cactuBSSN_r": [[3331401.0, 8.002244151759337]], "baseline": [[1485554.0, 4.000249233108039]]}
{"519.lbm_r": [[3357921.0, 9.754777549968674]], "507.cactuBSSN_r": [[3121207.0, 8.023867361400718]], "baseline": [[3058218.0, 7.000073633119044]]}
{"519.lbm_r": [[1192386.0, 4.00320026937669]], "507.cactuBSSN_r": [[2491891.0, 6.000224371956315]], "baseline": [[1027385.0, 4.922028216651825]]}
{"519.lbm_r": [[3830440.0, 10.06550073409229]], "507.cactuBSSN_r": [[842819.0, 3.0015604686791]], "baseline": [[3708052.0, 9.005520160955626]]}
{"519.lbm_r": [[1621972.0, 4.000222758867025]], "507.cactuBSSN_r": [[2622203.0, 7.006757983485239]], "baseline": [[2617166.0, 7.029394077024727]]}
{"519.lbm_r": [[3273889.0, 8.003756868793507]], "507.cactuBSSN_r": [[3444743.0, 9.893312141887943]], "baseline": [[2807697.0, 7.0035043670810575]]}
{"519.lbm_r": [[3931146.0, 9.00016283485734]], "507.cactuBSSN_r": [[3676079.0, 9.006825018050296]], "baseline": [[2838708.0, 7.001740796458632]]}
