{"519.lbm_r": [[487719.0, 2.001390044578567]], "baseline": [[1358.0, 0.3131169264612979]]}
