{"519.lbm_r": [[2764271.0, 7.005181015299518]], "507.cactuBSSN_r": [[2486749.0, 6.000193114549327]], "baseline": [[1548694.0, 4.000414058675231]]}
{"519.lbm_r": [[2427832.0, 6.000431382155358]], "507.cactuBSSN_r": [[2823017.0, 7.003190064559487]], "baseline": [[2396161.0, 6.0014208398905176]]}
{"519.lbm_r": [[2700939.0, 7.01014183159287]], "507.cactuBSSN_r": [[2782768.0, 7.004163002509554]], "baseline": [[1374103.0, 4.000821779116102]]}
{"519.lbm_r": [[2177331.0, 5.000236226528801]], "507.cactuBSSN_r": [[2162699.0, 5.000239238152765]], "baseline": [[4599849.0, 11.004587875374893]]}
{"519.lbm_r": [[2462998.0, 6.000403646177277]], "507.cactuBSSN_r": [[1624936.0, 4.000124210166856]], "baseline": [[12680552.0, 100.0]]}
{"519.lbm_r": [[2462912.0, 7.105660900152653]], "507.cactuBSSN_r": [[1317492.0, 4.022324566454233]], "baseline": [[2080335.9999999998, 6.029228226927644]]}
{"519.lbm_r": [[1405922.0, 4.00464239743173]], "507.cactuBSSN_r": [[2069382.9999999998, 6.435166148499583]], "baseline": [[3239021.0, 8.007465762198052]]}
{"519.lbm_r": [[3329459.0, 8.00381248854333]], "507.cactuBSSN_r": [[1720993.0, 5.497410294658204]], "baseline": [[2208741.0, 6.001062872069617]]}
{"519.lbm_r": [[2286719.0, 6.224727724933315]], "507.cactuBSSN_r": [[1879914.0, 5.002697341204333]], "baseline": [[2142285.0, 6.216239074913839]]}
{"519.lbm_r": [[2956587.0, 8.011122245922817]], "507.cactuBSSN_r": [[2524581.0, 6.00016331489447]], "baseline": [[1621109.0, 4.000148162449811]]}
