{"519.lbm_r": [[1691325.0, 5.453937087826846]], "baseline": [[528045.0, 2.00104377960058]]}
