{"519.lbm_r": [[2813542.0, 7.000141716876185]], "507.cactuBSSN_r": [[2064945.0000000002, 6.193067239440848]], "baseline": [[1388060.0, 4.00058989986803]]}
{"519.lbm_r": [[3206615.0, 9.984632531756374]], "507.cactuBSSN_r": [[2436988.0, 6.000288275816455]], "baseline": [[20545446.0, 100.0]]}
{"519.lbm_r": [[2906291.0, 7.000219225293498]], "507.cactuBSSN_r": [[1694783.0, 5.010621128262121]], "baseline": [[2192810.0, 6.007135970636374]]}
{"519.lbm_r": [[2809094.0, 8.069435143113173]], "507.cactuBSSN_r": [[1549256.0, 5.4682041339736225]], "baseline": [[1482.0, 0.09816784270246336]]}
{"519.lbm_r": [[2016441.0, 5.000264643170807]], "507.cactuBSSN_r": [[1539790.0, 5.794043765486987]], "baseline": [[11266644.0, 100.0]]}
{"519.lbm_r": [[3072283.0, 8.007332262233136]], "507.cactuBSSN_r": [[2477483.0, 7.094551395964997]], "baseline": [[3177040.0, 9.232412350032135]]}
{"519.lbm_r": [[4121910.0, 10.004612689091108]], "507.cactuBSSN_r": [[1323725.0, 4.000454962629655]], "baseline": [[1986831.0, 5.000189415876991]]}
{"519.lbm_r": [[4379197.0, 12.285326606448683]], "507.cactuBSSN_r": [[3781612.0, 10.181058036881547]], "baseline": [[1684873.0, 5.005315231615247]]}
{"519.lbm_r": [[1203306.0, 4.001084585839372]], "507.cactuBSSN_r": [[1370051.0, 4.000357982851934]], "baseline": [[1619866.0, 5.11399596962805]]}
{"519.lbm_r": [[1662801.0, 5.011722896321073]], "507.cactuBSSN_r": [[1484108.0, 5.857224585723947]], "baseline": [[2309321.0, 7.489450696463981]]}
