{"519.lbm_r": [[3254197.0, 8.001034757778184]], "507.cactuBSSN_r": [[803541.0, 3.0014569733198626]], "baseline": [[735005.0, 3.0140385244250583]]}
{"519.lbm_r": [[1274971.0, 4.000968598663029]], "507.cactuBSSN_r": [[3955186.0, 10.493217116728914]], "baseline": [[2979151.0, 7.0002152788112015]]}
{"519.lbm_r": [[4063352.0, 10.001029315107187]], "507.cactuBSSN_r": [[2999464.0, 8.295886987800621]], "baseline": [[1722775.0, 5.042646243172822]]}
{"519.lbm_r": [[2194451.0, 6.475042539369006]], "507.cactuBSSN_r": [[2401570.0, 6.000317445772512]], "baseline": [[1213262.0, 4.009636034961411]]}
{"519.lbm_r": [[3290342.0, 8.001577843908018]], "507.cactuBSSN_r": [[2793069.0, 7.002555583178285]], "baseline": [[3051199.0, 8.057425374891388]]}
{"519.lbm_r": [[2069581.0000000002, 6.012602950210562]], "507.cactuBSSN_r": [[1443769.0, 4.000580301312013]], "baseline": [[2299606.0, 6.0008877649307815]]}
{"519.lbm_r": [[1515624.0, 4.000502409612919]], "507.cactuBSSN_r": [[2993545.0, 8.158497460472535]], "baseline": [[3083089.0, 8.011835982144838]]}
{"519.lbm_r": [[2592361.0, 7.012788528660103]], "507.cactuBSSN_r": [[2037170.0, 5.0000496408101265]], "baseline": [[4089370.0, 10.005242856329494]]}
{"519.lbm_r": [[2258979.0, 6.008109788169768]], "507.cactuBSSN_r": [[1506.0, 0.09824935051848162]], "baseline": [[1855526.0, 5.0005233137629235]]}
{"519.lbm_r": [[1566703.0, 4.000283875471391]], "507.cactuBSSN_r": [[13589946.0, 100.0]], "baseline": [[2519943.0, 6.0001602171800466]]}
