{"519.lbm_r": [[442825.0, 2.002081916089213]], "baseline": [[738436.0, 3.028989673949206]]}
