{"masstree": {"519.lbm_r": {"95th_latency": 2628.0, "99th_latency": 7181.0, "violate_rate": 9.923215352319604, "throughput": 3000}, "544.nab_r": {"95th_latency": 1377.0, "99th_latency": 3486.0, "violate_rate": 2.5260574367495687, "throughput": 3000}, "520.omnetpp_r": {"95th_latency": 1770.0, "99th_latency": 4968.0, "violate_rate": 3.0529705384027555, "throughput": 3000}, "523.xalancbmk_r": {"95th_latency": 1547.0, "99th_latency": 4096.0, "violate_rate": 3.9898238245413475, "throughput": 3000}, "557.xz_r": {"95th_latency": 1570.0, "99th_latency": 4235.0, "violate_rate": 3.8783344382893934, "throughput": 3000}, "baseline": {"95th_latency": 1370.0, "99th_latency": 3631.0, "violate_rate": 2.511126544159837, "throughput": 3000}}}
{"masstree": {"519.lbm_r": {"95th_latency": 2598.0, "99th_latency": 7235.0, "violate_rate": 8.280636828556263, "throughput": 3000}, "544.nab_r": {"95th_latency": 1398.0, "99th_latency": 3943.0, "violate_rate": 2.3711384391645987, "throughput": 3000}, "520.omnetpp_r": {"95th_latency": 1783.0, "99th_latency": 4921.0, "violate_rate": 3.0145033799984753, "throughput": 3000}, "523.xalancbmk_r": {"95th_latency": 1532.0, "99th_latency": 4105.0, "violate_rate": 2.0579443477082866, "throughput": 3000}, "557.xz_r": {"95th_latency": 1583.0, "99th_latency": 4244.0, "violate_rate": 3.839890367628421, "throughput": 3000}, "baseline": {"95th_latency": 1361.0, "99th_latency": 3458.0, "violate_rate": 2.591709056038161, "throughput": 3000}}}
{"masstree": {"519.lbm_r": {"95th_latency": 2630.0, "99th_latency": 7625.0, "violate_rate": 8.074019490184483, "throughput": 3000}, "544.nab_r": {"95th_latency": 1393.0, "99th_latency": 4030.9999999999995, "violate_rate": 2.3529133668524165, "throughput": 3000}, "520.omnetpp_r": {"95th_latency": 1853.0, "99th_latency": 5113.0, "violate_rate": 4.693073763475481, "throughput": 3000}, "523.xalancbmk_r": {"95th_latency": 1535.0, "99th_latency": 4356.0, "violate_rate": 3.904040903318304, "throughput": 3000}, "557.xz_r": {"95th_latency": 1598.0, "99th_latency": 4433.0, "violate_rate": 3.7394282408400956, "throughput": 3000}, "baseline": {"95th_latency": 1380.0, "99th_latency": 3714.0, "violate_rate": 2.4680739270345464, "throughput": 3000}}}
{"masstree": {"519.lbm_r": {"95th_latency": 2632.0, "99th_latency": 7268.0, "violate_rate": 8.053302645922633, "throughput": 3000}, "544.nab_r": {"95th_latency": 1397.0, "99th_latency": 3829.0, "violate_rate": 2.355940966709448, "throughput": 3000}, "520.omnetpp_r": {"95th_latency": 1821.0, "99th_latency": 5157.0, "violate_rate": 4.79464425911811, "throughput": 3000}, "523.xalancbmk_r": {"95th_latency": 1543.0, "99th_latency": 3998.0, "violate_rate": 3.961053047834924, "throughput": 3000}, "557.xz_r": {"95th_latency": 1601.0, "99th_latency": 4318.0, "violate_rate": 3.7692836061028987, "throughput": 3000}, "baseline": {"95th_latency": 1371.0, "99th_latency": 3463.0, "violate_rate": 2.5328813240778256, "throughput": 3000}}}
{"masstree": {"519.lbm_r": {"95th_latency": 2588.0, "99th_latency": 7321.0, "violate_rate": 8.245369680507402, "throughput": 3000}, "544.nab_r": {"95th_latency": 1423.0, "99th_latency": 3698.0, "violate_rate": 2.3072099596104856, "throughput": 3000}, "520.omnetpp_r": {"95th_latency": 1820.0, "99th_latency": 4992.0, "violate_rate": 4.856625576383801, "throughput": 3000}, "523.xalancbmk_r": {"95th_latency": 1549.0, "99th_latency": 4099.0, "violate_rate": 3.9837819001649044, "throughput": 3000}, "557.xz_r": {"95th_latency": 1573.0, "99th_latency": 4128.0, "violate_rate": 3.8985105095083807, "throughput": 3000}, "baseline": {"95th_latency": 1345.0, "99th_latency": 3521.0, "violate_rate": 2.569735730547978, "throughput": 3000}}}
