{"masstree": {"519.lbm_r": {"95th_latency": 2062.0, "99th_latency": 5587.0, "violate_rate": 5.648601809987314, "throughput": 3000}, "544.nab_r": {"95th_latency": 1141.0, "99th_latency": 2870.0, "violate_rate": 1.154174445191558, "throughput": 3000}, "520.omnetpp_r": {"95th_latency": 1380.0, "99th_latency": 3704.0, "violate_rate": 2.4543594611792314, "throughput": 3000}, "523.xalancbmk_r": {"95th_latency": 1209.0, "99th_latency": 3074.0, "violate_rate": 1.048428710395668, "throughput": 3000}, "557.xz_r": {"95th_latency": 1250.0, "99th_latency": 3167.0, "violate_rate": 1.001471051926072, "throughput": 3000}, "baseline": {"95th_latency": 1100.0, "99th_latency": 2730.0, "violate_rate": 1.2345544990420252, "throughput": 3000}}}
{"masstree": {"519.lbm_r": {"95th_latency": 2083.0, "99th_latency": 5900.0, "violate_rate": 5.538901562106375, "throughput": 3000}, "544.nab_r": {"95th_latency": 1117.0, "99th_latency": 2787.0, "violate_rate": 1.205985262163321, "throughput": 3000}, "520.omnetpp_r": {"95th_latency": 1356.0, "99th_latency": 3555.0, "violate_rate": 2.5886751389879223, "throughput": 3000}, "523.xalancbmk_r": {"95th_latency": 1183.0, "99th_latency": 2817.0, "violate_rate": 1.1307482823004866, "throughput": 3000}, "557.xz_r": {"95th_latency": 1264.0, "99th_latency": 3308.0, "violate_rate": 2.85478664267729, "throughput": 3000}, "baseline": {"95th_latency": 1109.0, "99th_latency": 2720.0, "violate_rate": 1.246485882064561, "throughput": 3000}}}
{"masstree": {"519.lbm_r": {"95th_latency": 2094.0, "99th_latency": 5691.0, "violate_rate": 5.464682130034808, "throughput": 3000}, "544.nab_r": {"95th_latency": 1125.0, "99th_latency": 2752.0, "violate_rate": 1.208693288907308, "throughput": 3000}, "520.omnetpp_r": {"95th_latency": 1343.0, "99th_latency": 3453.0, "violate_rate": 2.6369839198626863, "throughput": 3000}, "523.xalancbmk_r": {"95th_latency": 1169.0, "99th_latency": 3002.0, "violate_rate": 1.0911148196187537, "throughput": 3000}, "557.xz_r": {"95th_latency": 1251.0, "99th_latency": 3174.0, "violate_rate": 2.934234517917483, "throughput": 3000}, "baseline": {"95th_latency": 1126.0, "99th_latency": 2820.0, "violate_rate": 1.186583516762206, "throughput": 3000}}}
{"masstree": {"519.lbm_r": {"95th_latency": 2086.0, "99th_latency": 5790.0, "violate_rate": 5.500114269966351, "throughput": 3000}, "544.nab_r": {"95th_latency": 1124.0, "99th_latency": 2892.0, "violate_rate": 1.1637702737072695, "throughput": 3000}, "520.omnetpp_r": {"95th_latency": 1394.0, "99th_latency": 3672.0, "violate_rate": 2.405641165415389, "throughput": 3000}, "523.xalancbmk_r": {"95th_latency": 1165.0, "99th_latency": 2884.0, "violate_rate": 1.1147824445046803, "throughput": 3000}, "557.xz_r": {"95th_latency": 1248.0, "99th_latency": 3146.0, "violate_rate": 2.9882704619439817, "throughput": 3000}, "baseline": {"95th_latency": 1123.0, "99th_latency": 2868.0, "violate_rate": 1.1755427148780513, "throughput": 3000}}}
{"masstree": {"519.lbm_r": {"95th_latency": 2126.0, "99th_latency": 5698.0, "violate_rate": 5.309539278350291, "throughput": 3000}, "544.nab_r": {"95th_latency": 1118.0, "99th_latency": 2667.0, "violate_rate": 1.2494338309736521, "throughput": 3000}, "520.omnetpp_r": {"95th_latency": 1357.0, "99th_latency": 3443.0, "violate_rate": 2.611707740724145, "throughput": 3000}, "523.xalancbmk_r": {"95th_latency": 1169.0, "99th_latency": 3068.0, "violate_rate": 1.0752198194414586, "throughput": 3000}, "557.xz_r": {"95th_latency": 1236.0, "99th_latency": 3086.0, "violate_rate": 1.0379925717234872, "throughput": 3000}, "baseline": {"95th_latency": 1113.0, "99th_latency": 2781.0, "violate_rate": 1.2034455544651737, "throughput": 3000}}}
{"masstree": {"519.lbm_r": {"95th_latency": 2105.0, "99th_latency": 5694.0, "violate_rate": 5.405630560000085, "throughput": 3000}, "544.nab_r": {"95th_latency": 1144.0, "99th_latency": 2736.0, "violate_rate": 1.208810829776339, "throughput": 3000}, "520.omnetpp_r": {"95th_latency": 1370.0, "99th_latency": 3608.0, "violate_rate": 2.5028762497731707, "throughput": 3000}, "523.xalancbmk_r": {"95th_latency": 1170.0, "99th_latency": 2777.0, "violate_rate": 1.1723692559551884, "throughput": 3000}, "557.xz_r": {"95th_latency": 1305.0, "99th_latency": 3254.0, "violate_rate": 2.7714936210078616, "throughput": 3000}, "baseline": {"95th_latency": 1143.0, "99th_latency": 2833.0, "violate_rate": 1.1582893586720906, "throughput": 3000}}}
{"masstree": {"519.lbm_r": {"95th_latency": 2108.0, "99th_latency": 5564.0, "violate_rate": 5.383213631737532, "throughput": 3000}, "544.nab_r": {"95th_latency": 1179.0, "99th_latency": 2941.0, "violate_rate": 1.105478812024534, "throughput": 3000}, "520.omnetpp_r": {"95th_latency": 1378.0, "99th_latency": 3736.0, "violate_rate": 2.4441561094968374, "throughput": 3000}, "523.xalancbmk_r": {"95th_latency": 1182.0, "99th_latency": 2908.0, "violate_rate": 1.101737088882683, "throughput": 3000}, "557.xz_r": {"95th_latency": 1295.0, "99th_latency": 3474.0, "violate_rate": 2.71109973261025, "throughput": 3000}, "baseline": {"95th_latency": 1123.0, "99th_latency": 2736.0, "violate_rate": 1.2050087187160514, "throughput": 3000}}}
{"masstree": {"519.lbm_r": {"95th_latency": 2118.0, "99th_latency": 5827.0, "violate_rate": 5.368283177197863, "throughput": 3000}, "544.nab_r": {"95th_latency": 1166.0, "99th_latency": 3021.0, "violate_rate": 1.0920508010417644, "throughput": 3000}, "520.omnetpp_r": {"95th_latency": 1390.0, "99th_latency": 3874.0, "violate_rate": 2.3858524891777257, "throughput": 3000}, "523.xalancbmk_r": {"95th_latency": 1206.0, "99th_latency": 3094.0, "violate_rate": 1.0542965577403212, "throughput": 3000}, "557.xz_r": {"95th_latency": 1267.0, "99th_latency": 3079.0, "violate_rate": 2.9944695803015406, "throughput": 3000}, "baseline": {"95th_latency": 1123.0, "99th_latency": 2769.0, "violate_rate": 1.19975579274464, "throughput": 3000}}}
{"masstree": {"519.lbm_r": {"95th_latency": 2104.0, "99th_latency": 5581.0, "violate_rate": 5.403043414245058, "throughput": 3000}, "544.nab_r": {"95th_latency": 1138.0, "99th_latency": 2778.0, "violate_rate": 1.1842752656984852, "throughput": 3000}, "520.omnetpp_r": {"95th_latency": 1400.0, "99th_latency": 3708.0, "violate_rate": 2.390233146900057, "throughput": 3000}, "523.xalancbmk_r": {"95th_latency": 1176.0, "99th_latency": 2886.0, "violate_rate": 1.10965302917896, "throughput": 3000}, "557.xz_r": {"95th_latency": 1273.0, "99th_latency": 3214.0, "violate_rate": 2.9066709049677724, "throughput": 3000}, "baseline": {"95th_latency": 1115.0, "99th_latency": 2747.0, "violate_rate": 1.2232214850810395, "throughput": 3000}}}
{"masstree": {"519.lbm_r": {"95th_latency": 2112.0, "99th_latency": 5837.0, "violate_rate": 5.366173732734465, "throughput": 3000}, "544.nab_r": {"95th_latency": 1129.0, "99th_latency": 2819.0, "violate_rate": 1.1928440964961573, "throughput": 3000}, "520.omnetpp_r": {"95th_latency": 1376.0, "99th_latency": 3535.0, "violate_rate": 2.489328970052068, "throughput": 3000}, "523.xalancbmk_r": {"95th_latency": 1210.0, "99th_latency": 3013.0, "violate_rate": 1.0598790511686007, "throughput": 3000}, "557.xz_r": {"95th_latency": 1277.0, "99th_latency": 3301.0, "violate_rate": 2.8368276774604726, "throughput": 3000}, "baseline": {"95th_latency": 1126.0, "99th_latency": 2772.0, "violate_rate": 1.1843728812423338, "throughput": 3000}}}
{"masstree": {"519.lbm_r": {"95th_latency": 2089.0, "99th_latency": 5788.0, "violate_rate": 5.477942205096155, "throughput": 3000}, "544.nab_r": {"95th_latency": 1162.0, "99th_latency": 2875.0, "violate_rate": 1.1294612125094379, "throughput": 3000}, "520.omnetpp_r": {"95th_latency": 1368.0, "99th_latency": 3686.0, "violate_rate": 2.4603050725077593, "throughput": 3000}, "523.xalancbmk_r": {"95th_latency": 1197.0, "99th_latency": 2909.0, "violate_rate": 1.0778220109632308, "throughput": 3000}, "557.xz_r": {"95th_latency": 1266.0, "99th_latency": 3313.0, "violate_rate": 2.8568566659155343, "throughput": 3000}, "baseline": {"95th_latency": 1118.0,