{"masstree": {"519.lbm_r": {"95th_latency": 2086.0, "99th_latency": 5936.0, "violate_rate": 5.522851676885441, "throughput": 3000}, "544.nab_r": {"95th_latency": 1135.0, "99th_latency": 2787.0, "violate_rate": 1.1820406828490695, "throughput": 3000}, "520.omnetpp_r": {"95th_latency": 1369.0, "99th_latency": 3540.0, "violate_rate": 2.565082805932133, "throughput": 3000}, "523.xalancbmk_r": {"95th_latency": 1169.0, "99th_latency": 2938.0, "violate_rate": 1.0968615771118306, "throughput": 3000}, "557.xz_r": {"95th_latency": 1262.0, "99th_latency": 3236.0, "violate_rate": 2.9512185419933026, "throughput": 3000}, "baseline": {"95th_latency": 1110.0, "99th_latency": 2710.0, "violate_rate": 1.2322988961015473, "throughput": 3000}}}
{"masstree": {"519.lbm_r": {"95th_latency": 2053.0, "99th_latency": 5740.0, "violate_rate": 5.693009052788416, "throughput": 3000}, "544.nab_r": {"95th_latency": 1131.0, "99th_latency": 2812.0, "violate_rate": 1.1929656354369937, "throughput": 3000}, "520.omnetpp_r": {"95th_latency": 1357.0, "99th_latency": 3577.0, "violate_rate": 2.575975031647952, "throughput": 3000}, "523.xalancbmk_r": {"95th_latency": 1179.0, "99th_latency": 2984.0, "violate_rate": 1.1002675558551591, "throughput": 3000}, "557.xz_r": {"95th_latency": 1249.0, "99th_latency": 3213.0, "violate_rate": 2.9516652495090416, "throughput": 3000}, "baseline": {"95th_latency": 1122.0, "99th_latency": 2959.0, "violate_rate": 1.1372937020339258, "throughput": 3000}}}
{"masstree": {"519.lbm_r": {"95th_latency": 2106.0, "99th_latency": 5824.0, "violate_rate": 5.415494001101825, "throughput": 3000}, "544.nab_r": {"95th_latency": 1142.0, "99th_latency": 2965.0, "violate_rate": 1.1138272086106722, "throughput": 3000}, "520.omnetpp_r": {"95th_latency": 1356.0, "99th_latency": 3640.0, "violate_rate": 2.5572115381173774, "throughput": 3000}, "523.xalancbmk_r": {"95th_latency": 1184.0, "99th_latency": 3021.0, "violate_rate": 1.0735679944278633, "throughput": 3000}, "557.xz_r": {"95th_latency": 1250.0, "99th_latency": 3109.0, "violate_rate": 1.0057005736654825, "throughput": 3000}, "baseline": {"95th_latency": 1095.0, "99th_latency": 2650.0, "violate_rate": 1.2783942828756942, "throughput": 3000}}}
{"masstree": {"519.lbm_r": {"95th_latency": 2137.0, "99th_latency": 6007.0, "violate_rate": 5.243274364675702, "throughput": 3000}, "544.nab_r": {"95th_latency": 1125.0, "99th_latency": 2662.0, "violate_rate": 1.2422138738003312, "throughput": 3000}, "520.omnetpp_r": {"95th_latency": 1378.0, "99th_latency": 3818.0, "violate_rate": 2.4252218728099515, "throughput": 3000}, "523.xalancbmk_r": {"95th_latency": 1177.0, "99th_latency": 3043.0, "violate_rate": 1.0704329783405753, "throughput": 3000}, "557.xz_r": {"95th_latency": 1275.0, "99th_latency": 3319.0, "violate_rate": 2.8628531591689237, "throughput": 3000}, "baseline": {"95th_latency": 1130.0, "99th_latency": 2767.0, "violate_rate": 1.1912017439147302, "throughput": 3000}}}
{"masstree": {"519.lbm_r": {"95th_latency": 2096.0, "99th_latency": 6052.0, "violate_rate": 5.4712791214147085, "throughput": 3000}, "544.nab_r": {"95th_latency": 1126.0, "99th_latency": 2684.0, "violate_rate": 1.2557468328729586, "throughput": 3000}, "520.omnetpp_r": {"95th_latency": 1351.0, "99th_latency": 3423.0, "violate_rate": 2.610074677009186, "throughput": 3000}, "523.xalancbmk_r": {"95th_latency": 1187.0, "99th_latency": 3062.0, "violate_rate": 1.0605244877177227, "throughput": 3000}, "557.xz_r": {"95th_latency": 1251.0, "99th_latency": 3028.0, "violate_rate": 1.0192572399415596, "throughput": 3000}, "baseline": {"95th_latency": 1128.0, "99th_latency": 2788.0, "violate_rate": 1.1837390909104437, "throughput": 3000}}}
{"masstree": {"519.lbm_r": {"95th_latency": 2115.0, "99th_latency": 5705.0, "violate_rate": 5.362583187594913, "throughput": 3000}, "544.nab_r": {"95th_latency": 1147.0, "99th_latency": 2813.0, "violate_rate": 1.1622084972418196, "throughput": 3000}, "520.omnetpp_r": {"95th_latency": 1395.0, "99th_latency": 3873.0, "violate_rate": 2.3659062205544865, "throughput": 3000}, "523.xalancbmk_r": {"95th_latency": 1165.0, "99th_latency": 2818.0, "violate_rate": 1.173305778616752, "throughput": 3000}, "557.xz_r": {"95th_latency": 1275.0, "99th_latency": 3272.0, "violate_rate": 2.869880320486314, "throughput": 3000}, "baseline": {"95th_latency": 1138.0, "99th_latency": 2765.0, "violate_rate": 1.1935575689555542, "throughput": 3000}}}
{"masstree": {"519.lbm_r": {"95th_latency": 2109.0, "99th_latency": 5728.0, "violate_rate": 5.387675227044434, "throughput": 3000}, "544.nab_r": {"95th_latency": 1145.0, "99th_latency": 2916.0, "violate_rate": 1.1377635106017456, "throughput": 3000}, "520.omnetpp_r": {"95th_latency": 1361.0, "99th_latency": 3707.0, "violate_rate": 2.5108609014733982, "throughput": 3000}, "523.xalancbmk_r": {"95th_latency": 1169.0, "99th_latency": 2921.0, "violate_rate": 1.1129718298465276, "throughput": 3000}, "557.xz_r": {"95th_latency": 1265.0, "99th_latency": 3270.0, "violate_rate": 2.9221754474481787, "throughput": 3000}, "baseline": {"95th_latency": 1113.0, "99th_latency": 2645.0, "violate_rate": 1.2673013993729638, "throughput": 3000}}}
{"masstree": {"519.lbm_r": {"95th_latency": 2124.0, "99th_latency": 5945.0, "violate_rate": 5.3221874622920975, "throughput": 3000}, "544.nab_r": {"95th_latency": 1122.0, "99th_latency": 2825.0, "violate_rate": 1.1800885338198461, "throughput": 3000}, "520.omnetpp_r": {"95th_latency": 1398.0, "99th_latency": 3679.0, "violate_rate": 2.400124109952245, "throughput": 3000}, "523.xalancbmk_r": {"95th_latency": 1175.0, "99th_latency": 2991.0, "violate_rate": 1.106997245893816, "throughput": 3000}, "557.xz_r": {"95th_latency": 1275.0, "99th_latency": 3391.0, "violate_rate": 2.777697236418275, "throughput": 3000}, "baseline": {"95th_latency": 1116.0, "99th_latency": 2790.0, "violate_rate": 1.1993339978775637, "throughput": 3000}}}
{"masstree": {"519.lbm_r": {"95th_latency": 2115.0, "99th_latency": 5740.0, "violate_rate": 5.347021006288233, "throughput": 3000}, "544.nab_r": {"95th_latency": 1139.0, "99th_latency": 2637.0, "violate_rate": 1.2510015442187095, "throughput": 3000}, "520.omnetpp_r": {"95th_latency": 1373.0, "99th_latency": 3574.0, "violate_rate": 2.5298488244098696, "throughput": 3000}, "523.xalancbmk_r": {"95th_latency": 1192.0, "99th_latency": 2892.0, "violate_rate": 1.0943503301933606, "throughput": 3000}, "557.xz_r": {"95th_latency": 1275.0, "99th_latency": 3329.0, "violate_rate": 2.8569953622601565, "throughput": 3000}, "baseline": {"95th_latency": 1125.0, "99th_latency": 2800.0, "violate_rate": 1.1821860706231724, "throughput": 3000}}}
{"masstree": {"519.lbm_r": {"95th_latency": 2133.0, "99th_latency": 5755.0, "violate_rate": 5.259068853293231, "throughput": 3000}, "544.nab_r": {"95th_latency": 1151.0, "99th_latency": 2944.0, "violate_rate": 1.1310560102337484, "throughput": 3000}, "520.omnetpp_r": {"95th_latency": 1388.0, "99th_latency": 3737.0, "violate_rate": 2.3869539165622884, "throughput": 3000}, "523.xalancbmk_r": {"95th_latency": 1192.0, "99th_latency": 3222.0, "violate_rate": 1.0092403018263791, "throughput": 3000}, "557.xz_r": {"95th_latency": 1266.0, "99th_latency": 3149.0, "violate_rate": 2.947405274766775, "throughput": 3000}, "baseline": {"95th_latency": 1100.0, "99th_latency": 2604.0, "violate_rate": 1.2964097096928835, "throughput": 3000}}}
{"masstree": {"519.lbm_r": {"95th_latency": 2092.0, "99th_latency": 5853.0, "violate_rate": 5.445602724834052, "throughput": 3000}, "544.nab_r": {"95th_latency": 1148.0, "99th_latency": 2958.0, "violate_rate": 1.1171213581044015, "throughput": 3000}, "520.omnetpp_r": {"95th_latency": 1388.0, "99th_latency": 3571.0, "violate_rate": 2.4576422394182176, "throughput": 3000}, "523.xalancbmk_r": {"95th_latency": 1177.0, "99th_latency": 2938.0, "violate_rate": 1.0989746979726964, "throughput": 3000}, "557.xz_r": {"95th_latency": 1281.0, "99th_latency": 3267.0, "violate_rate": 2.8757520596153183, "throughput": 3000},