{"masstree": {"519.lbm_r": {"95th_latency": 2646.0, "99th_latency": 7366.0, "violate_rate": 9.890725802374433, "throughput": 3000}, "544.nab_r": {"95th_latency": 1395.0, "99th_latency": 3643.0, "violate_rate": 2.4267774766264814, "throughput": 3000}, "520.omnetpp_r": {"95th_latency": 1809.0, "99th_latency": 5111.0, "violate_rate": 4.896707298881803, "throughput": 3000}, "523.xalancbmk_r": {"95th_latency": 1547.0, "99th_latency": 4202.0, "violate_rate": 3.920757806959495, "throughput": 3000}, "557.xz_r": {"95th_latency": 1571.0, "99th_latency": 4212.0, "violate_rate": 3.8736868922924073, "throughput": 3000}, "baseline": {"95th_latency": 1359.0, "99th_latency": 3571.0, "violate_rate": 2.541651177054189, "throughput": 3000}}}
{"masstree": {"519.lbm_r": {"95th_latency": 2714.0, "99th_latency": 7416.0, "violate_rate": 9.633619173695255, "throughput": 3000}, "544.nab_r": {"95th_latency": 1386.0, "99th_latency": 3624.0, "violate_rate": 2.4911317067006866, "throughput": 3000}, "520.omnetpp_r": {"95th_latency": 1832.0, "99th_latency": 5222.0, "violate_rate": 4.74357893767608, "throughput": 3000}, "523.xalancbmk_r": {"95th_latency": 1529.0, "99th_latency": 4211.0, "violate_rate": 2.009090290701614, "throughput": 3000}, "557.xz_r": {"95th_latency": 1585.0, "99th_latency": 4119.0, "violate_rate": 3.8790477896076867, "throughput": 3000}, "baseline": {"95th_latency": 1362.0, "99th_latency": 3410.0, "violate_rate": 2.552630161378044, "throughput": 3000}}}
{"masstree": {"519.lbm_r": {"95th_latency": 2612.0, "99th_latency": 7306.0, "violate_rate": 8.122571881281374, "throughput": 3000}, "544.nab_r": {"95th_latency": 1394.0, "99th_latency": 3745.0, "violate_rate": 2.4047922127542645, "throughput": 3000}, "520.omnetpp_r": {"95th_latency": 1823.0, "99th_latency": 5199.0, "violate_rate": 4.804915367765828, "throughput": 3000}, "523.xalancbmk_r": {"95th_latency": 1553.0, "99th_latency": 4112.0, "violate_rate": 3.964915693459339, "throughput": 3000}, "557.xz_r": {"95th_latency": 1629.0, "99th_latency": 4329.0, "violate_rate": 3.590306748672708, "throughput": 3000}, "baseline": {"95th_latency": 1391.0, "99th_latency": 3756.0, "violate_rate": 2.3538665196776867, "throughput": 3000}}}
{"masstree": {"519.lbm_r": {"95th_latency": 2631.0, "99th_latency": 7239.0, "violate_rate": 8.07985084031555, "throughput": 3000}, "544.nab_r": {"95th_latency": 1408.0, "99th_latency": 3900.0, "violate_rate": 2.324422304269455, "throughput": 3000}, "520.omnetpp_r": {"95th_latency": 1814.0, "99th_latency": 5007.0, "violate_rate": 4.875438073355107, "throughput": 3000}, "523.xalancbmk_r": {"95th_latency": 1516.0, "99th_latency": 3905.0, "violate_rate": 2.0972247073967454, "throughput": 3000}, "557.xz_r": {"95th_latency": 1588.0, "99th_latency": 4316.0, "violate_rate": 3.7794643408058466, "throughput": 3000}, "baseline": {"95th_latency": 1346.0, "99th_latency": 3674.0, "violate_rate": 2.581403434000313, "throughput": 3000}}}
{"masstree": {"519.lbm_r": {"95th_latency": 2681.0, "99th_latency": 7782.0, "violate_rate": 9.859399989612701, "throughput": 3000}, "544.nab_r": {"95th_latency": 1380.0, "99th_latency": 3658.0, "violate_rate": 2.504671944028421, "throughput": 3000}, "520.omnetpp_r": {"95th_latency": 1821.0, "99th_latency": 4820.0, "violate_rate": 4.887345833205572, "throughput": 3000}, "523.xalancbmk_r": {"95th_latency": 1504.0, "99th_latency": 3996.0, "violate_rate": 2.1370302571010535, "throughput": 3000}, "557.xz_r": {"95th_latency": 1582.0, "99th_latency": 4393.0, "violate_rate": 3.7750935659217344, "throughput": 3000}, "baseline": {"95th_latency": 1353.0, "99th_latency": 3526.0, "violate_rate": 2.527159496744774, "throughput": 3000}}}
