{"masstree": {"519.lbm_r": {"95th_latency": 2595.0, "99th_latency": 6983.0, "violate_rate": 8.216085842961157, "throughput": 3000}, "544.nab_r": {"95th_latency": 1383.0, "99th_latency": 3700.0, "violate_rate": 2.4432051486557342, "throughput": 3000}, "520.omnetpp_r": {"95th_latency": 1797.0, "99th_latency": 5032.0, "violate_rate": 4.978547603524952, "throughput": 3000}, "523.xalancbmk_r": {"95th_latency": 1562.0, "99th_latency": 4404.0, "violate_rate": 3.900681130875971, "throughput": 3000}, "557.xz_r": {"95th_latency": 1578.0, "99th_latency": 4070.9999999999995, "violate_rate": 3.8790976950769984, "throughput": 3000}, "baseline": {"95th_latency": 1371.0, "99th_latency": 3547.0, "violate_rate": 2.5042941327456756, "throughput": 3000}}}
{"masstree": {"519.lbm_r": {"95th_latency": 2627.0, "99th_latency": 7416.0, "violate_rate": 8.193932414182571, "throughput": 3000}, "544.nab_r": {"95th_latency": 1402.0, "99th_latency": 3738.0, "violate_rate": 2.3769848360129373, "throughput": 3000}, "520.omnetpp_r": {"95th_latency": 1805.0, "99th_latency": 4935.0, "violate_rate": 4.919447266020537, "throughput": 3000}, "523.xalancbmk_r": {"95th_latency": 1507.0, "99th_latency": 4048.0, "violate_rate": 2.0961805170967636, "throughput": 3000}, "557.xz_r": {"95th_latency": 1568.0, "99th_latency": 4014.0000000000005, "violate_rate": 2.005569517585983, "throughput": 3000}, "baseline": {"95th_latency": 1370.0, "99th_latency": 3857.0, "violate_rate": 2.448221656300169, "throughput": 3000}}}
{"masstree": {"519.lbm_r": {"95th_latency": 2679.0, "99th_latency": 7547.0, "violate_rate": 9.857976714973328, "throughput": 3000}, "544.nab_r": {"95th_latency": 1407.0, "99th_latency": 3593.0, "violate_rate": 2.414492529512491, "throughput": 3000}, "520.omnetpp_r": {"95th_latency": 1818.0, "99th_latency": 4931.0, "violate_rate": 4.84447992418915, "throughput": 3000}, "523.xalancbmk_r": {"95th_latency": 1588.0, "99th_latency": 4420.0, "violate_rate": 3.7767079651574256, "throughput": 3000}, "557.xz_r": {"95th_latency": 1608.0, "99th_latency": 4339.0, "violate_rate": 3.717004397861668, "throughput": 3000}, "baseline": {"95th_latency": 1345.0, "99th_latency": 3480.0, "violate_rate": 2.614147019626307, "throughput": 3000}}}
{"masstree": {"519.lbm_r": {"95th_latency": 2618.0, "99th_latency": 7693.0, "violate_rate": 8.047882415530985, "throughput": 3000}, "544.nab_r": {"95th_latency": 1398.0, "99th_latency": 3709.0, "violate_rate": 2.4097107478905473, "throughput": 3000}, "520.omnetpp_r": {"95th_latency": 1809.0, "99th_latency": 5015.0, "violate_rate": 4.899365487311633, "throughput": 3000}, "523.xalancbmk_r": {"95th_latency": 1531.0, "99th_latency": 4123.0, "violate_rate": 2.041221240497659, "throughput": 3000}, "557.xz_r": {"95th_latency": 1602.0, "99th_latency": 4330.0, "violate_rate": 3.702179244642649, "throughput": 3000}, "baseline": {"95th_latency": 1370.0, "99th_latency": 3624.0, "violate_rate": 2.475810929179219, "throughput": 3000}}}
{"masstree": {"519.lbm_r": {"95th_latency": 2625.0, "99th_latency": 7300.0, "violate_rate": 8.087650824310902, "throughput": 3000}, "544.nab_r": {"95th_latency": 1426.0, "99th_latency": 3939.0, "violate_rate": 2.3139848333107307, "throughput": 3000}, "520.omnetpp_r": {"95th_latency": 1824.0, "99th_latency": 5024.0, "violate_rate": 4.835856980466804, "throughput": 3000}, "523.xalancbmk_r": {"95th_latency": 1548.0, "99th_latency": 4094.0000000000005, "violate_rate": 3.9710866099679323, "throughput": 3000}, "557.xz_r": {"95th_latency": 1589.0, "99th_latency": 4419.0, "violate_rate": 3.791256511425681, "throughput": 3000}, "baseline": {"95th_latency": 1390.0, "99th_latency": 3564.0, "violate_rate": 2.4423708667046102, "throughput": 3000}}}
