{"masstree": {"519.lbm_r": {"95th_latency": 2072.0, "99th_latency": 5861.0, "violate_rate": 5.596099071647642, "throughput": 3000}, "544.nab_r": {"95th_latency": 1138.0, "99th_latency": 2754.0, "violate_rate": 1.1934180503466278, "throughput": 3000}, "520.omnetpp_r": {"95th_latency": 1358.0, "99th_latency": 3685.0, "violate_rate": 2.509809251079289, "throughput": 3000}, "523.xalancbmk_r": {"95th_latency": 1160.0, "99th_latency": 2935.0, "violate_rate": 1.1102145138241766, "throughput": 3000}, "557.xz_r": {"95th_latency": 1261.0, "99th_latency": 3096.0, "violate_rate": 2.9787173002436034, "throughput": 3000}, "baseline": {"95th_latency": 1105.0, "99th_latency": 2789.0, "violate_rate": 1.206574380187351, "throughput": 3000}}}
{"masstree": {"519.lbm_r": {"95th_latency": 2101.0, "99th_latency": 5807.0, "violate_rate": 5.452042995822209, "throughput": 3000}, "544.nab_r": {"95th_latency": 1128.0, "99th_latency": 2728.0, "violate_rate": 1.217149858481199, "throughput": 3000}, "520.omnetpp_r": {"95th_latency": 1373.0, "99th_latency": 3573.0, "violate_rate": 2.477421980738347, "throughput": 3000}, "523.xalancbmk_r": {"95th_latency": 1163.0, "99th_latency": 2798.0, "violate_rate": 1.171203793846977, "throughput": 3000}, "557.xz_r": {"95th_latency": 1263.0, "99th_latency": 3268.0, "violate_rate": 2.902882210124959, "throughput": 3000}, "baseline": {"95th_latency": 1115.0, "99th_latency": 2748.0, "violate_rate": 1.2170116682970131, "throughput": 3000}}}
{"masstree": {"519.lbm_r": {"95th_latency": 2108.0, "99th_latency": 5937.0, "violate_rate": 5.396683610880607, "throughput": 3000}, "544.nab_r": {"95th_latency": 1133.0, "99th_latency": 2827.0, "violate_rate": 1.157779150080579, "throughput": 3000}, "520.omnetpp_r": {"95th_latency": 1380.0, "99th_latency": 3664.0, "violate_rate": 2.449760113994701, "throughput": 3000}, "523.xalancbmk_r": {"95th_latency": 1173.0, "99th_latency": 2991.0, "violate_rate": 1.0769498911584265, "throughput": 3000}, "557.xz_r": {"95th_latency": 1286.0, "99th_latency": 3394.0, "violate_rate": 2.776365119913465, "throughput": 3000}, "baseline": {"95th_latency": 1104.0, "99th_latency": 2740.0, "violate_rate": 1.2281844771430404, "throughput": 3000}}}
{"masstree": {"519.lbm_r": {"95th_latency": 2120.0, "99th_latency": 5844.0, "violate_rate": 5.32661902431674, "throughput": 3000}, "544.nab_r": {"95th_latency": 1124.0, "99th_latency": 2670.0, "violate_rate": 1.236629541468816, "throughput": 3000}, "520.omnetpp_r": {"95th_latency": 1353.0, "99th_latency": 3447.0, "violate_rate": 2.5949686242217487, "throughput": 3000}, "523.xalancbmk_r": {"95th_latency": 1188.0, "99th_latency": 3023.0, "violate_rate": 1.0781443630555243, "throughput": 3000}, "557.xz_r": {"95th_latency": 1265.0, "99th_latency": 3226.0, "violate_rate": 2.910623074729129, "throughput": 3000}, "baseline": {"95th_latency": 1110.0, "99th_latency": 2675.0, "violate_rate": 1.2583372787646092, "throughput": 3000}}}
{"masstree": {"519.lbm_r": {"95th_latency": 2070.0, "99th_latency": 5589.0, "violate_rate": 5.577771074596796, "throughput": 3000}, "544.nab_r": {"95th_latency": 1140.0, "99th_latency": 2766.0, "violate_rate": 1.1965057707526496, "throughput": 3000}, "520.omnetpp_r": {"95th_latency": 1401.0, "99th_latency": 3634.0, "violate_rate": 2.4098649527399933, "throughput": 3000}, "523.xalancbmk_r": {"95th_latency": 1222.0, "99th_latency": 3186.0, "violate_rate": 1.0051582038438371, "throughput": 3000}, "557.xz_r": {"95th_latency": 1295.0, "99th_latency": 3180.0, "violate_rate": 2.868525840288575, "throughput": 3000}, "baseline": {"95th_latency": 1153.0, "99th_latency": 2924.0, "violate_rate": 1.1204099956828166, "throughput": 3000}}}