{"masstree": {"519.lbm_r": {"95th_latency": 2650.0, "99th_latency": 7503.0, "violate_rate": 8.043872179512597, "throughput": 3000}, "544.nab_r": {"95th_latency": 1392.0, "99th_latency": 3646.0, "violate_rate": 2.4392567412588555, "throughput": 3000}, "520.omnetpp_r": {"95th_latency": 1797.0, "99th_latency": 4982.0, "violate_rate": 4.942740429097674, "throughput": 3000}, "523.xalancbmk_r": {"95th_latency": 1525.0, "99th_latency": 4328.0, "violate_rate": 3.9738321932941263, "throughput": 3000}, "557.xz_r": {"95th_latency": 1598.0, "99th_latency": 4383.0, "violate_rate": 3.7413301746702756, "throughput": 3000}, "baseline": {"95th_latency": 1356.0, "99th_latency": 3488.0, "violate_rate": 2.6404193993443745, "throughput": 3000}}}
{"masstree": {"519.lbm_r": {"95th_latency": 2649.0, "99th_latency": 7831.0, "violate_rate": 8.066270813563559, "throughput": 3000}, "544.nab_r": {"95th_latency": 1400.0, "99th_latency": 3594.0, "violate_rate": 2.416372936766056, "throughput": 3000}, "520.omnetpp_r": {"95th_latency": 1804.0, "99th_latency": 4907.0, "violate_rate": 4.900825742836744, "throughput": 3000}, "523.xalancbmk_r": {"95th_latency": 1527.0, "99th_latency": 4059.9999999999995, "violate_rate": 2.0296601782183776, "throughput": 3000}, "557.xz_r": {"95th_latency": 1627.0, "99th_latency": 4423.0, "violate_rate": 3.622428163312436, "throughput": 3000}, "baseline": {"95th_latency": 1349.0, "99th_latency": 3709.0, "violate_rate": 2.5263177766275615, "throughput": 3000}}}
{"masstree": {"519.lbm_r": {"95th_latency": 2601.0, "99th_latency": 7339.0, "violate_rate": 8.188564485117709, "throughput": 3000}, "544.nab_r": {"95th_latency": 1423.0, "99th_latency": 3897.0, "violate_rate": 2.308354062379688, "throughput": 3000}, "520.omnetpp_r": {"95th_latency": 1828.0, "99th_latency": 5025.0, "violate_rate": 4.808286714906093, "throughput": 3000}, "523.xalancbmk_r": {"95th_latency": 1524.0, "99th_latency": 4145.0, "violate_rate": 2.019554309526809, "throughput": 3000}, "557.xz_r": {"95th_latency": 1576.0, "99th_latency": 4088.0, "violate_rate": 3.924143116366327, "throughput": 3000}, "baseline": {"95th_latency": 1375.0, "99th_latency": 3505.0, "violate_rate": 2.47792332181492, "throughput": 3000}}}
{"masstree": {"519.lbm_r": {"95th_latency": 2646.0, "99th_latency": 7356.0, "violate_rate": 9.923058585911962, "throughput": 3000}, "544.nab_r": {"95th_latency": 1379.0, "99th_latency": 3561.0, "violate_rate": 2.5032272829676177, "throughput": 3000}, "520.omnetpp_r": {"95th_latency": 1817.0, "99th_latency": 5068.0, "violate_rate": 4.844473537424694, "throughput": 3000}, "523.xalancbmk_r": {"95th_latency": 1526.0, "99th_latency": 4008.0, "violate_rate": 2.0531688894246676, "throughput": 3000}, "557.xz_r": {"95th_latency": 1608.0, "99th_latency": 4299.0, "violate_rate": 3.6955319263422073, "throughput": 3000}, "baseline": {"95th_latency": 1382.0, "99th_latency": 3529.0, "violate_rate": 2.5235375319933055, "throughput": 3000}}}
{"masstree": {"519.lbm_r": {"95th_latency": 2641.0, "99th_latency": 7504.0, "violate_rate": 9.965608033203662, "throughput": 3000}, "544.nab_r": {"95th_latency": 1379.0, "99th_latency": 3441.0, "violate_rate": 2.5344829191950096, "throughput": 3000}, "520.omnetpp_r": {"95th_latency": 1818.0, "99th_latency": 5191.0, "violate_rate": 4.826234846733849, "throughput": 3000}, "523.xalancbmk_r": {"95th_latency": 1535.0, "99th_latency": 4261.0, "violate_rate": 3.9203134569209, "throughput": 3000}, "557.xz_r": {"95th_latency": 1608.0, "99th_latency": 4377.0, "violate_rate": 3.6827977489996826, "throughput": 3000}, "baseline": {"95th_latency": 1380.0, "99th_latency": 3597.0, "violate_rate": 2.492219671136776, "throughput": 3000}}}
