{"masstree": {"519.lbm_r": {"95th_latency": 2082.0, "99th_latency": 5826.0, "violate_rate": 5.536088903301447, "throughput": 3000}, "544.nab_r": {"95th_latency": 1110.0, "99th_latency": 2716.0, "violate_rate": 1.2257053878996351, "throughput": 3000}, "520.omnetpp_r": {"95th_latency": 1354.0, "99th_latency": 3641.0, "violate_rate": 2.535905383267611, "throughput": 3000}, "523.xalancbmk_r": {"95th_latency": 1157.0, "99th_latency": 2770.0, "violate_rate": 1.1794053370517128, "throughput": 3000}, "557.xz_r": {"95th_latency": 1265.0, "99th_latency": 3134.0, "violate_rate": 2.953591717434812, "throughput": 3000}, "baseline": {"95th_latency": 1096.0, "99th_latency": 2837.0, "violate_rate": 1.1924421763278665, "throughput": 3000}}}
{"masstree": {"519.lbm_r": {"95th_latency": 2079.0, "99th_latency": 6007.0, "violate_rate": 5.5562443859353134, "throughput": 3000}, "544.nab_r": {"95th_latency": 1150.0, "99th_latency": 2815.0, "violate_rate": 1.1606799685170452, "throughput": 3000}, "520.omnetpp_r": {"95th_latency": 1358.0, "99th_latency": 3530.0, "violate_rate": 2.5362347436127965, "throughput": 3000}, "523.xalancbmk_r": {"95th_latency": 1168.0, "99th_latency": 2984.0, "violate_rate": 1.0882510636535858, "throughput": 3000}, "557.xz_r": {"95th_latency": 1268.0, "99th_latency": 3060.0, "violate_rate": 2.960502770534142, "throughput": 3000}, "baseline": {"95th_latency": 1076.0, "99th_latency": 2551.0, "violate_rate": 1.3430451288176561, "throughput": 3000}}}
{"masstree": {"519.lbm_r": {"95th_latency": 2049.0, "99th_latency": 5546.0, "violate_rate": 5.714187569594937, "throughput": 3000}, "544.nab_r": {"95th_latency": 1123.0, "99th_latency": 2768.0, "violate_rate": 1.2249483829869536, "throughput": 3000}, "520.omnetpp_r": {"95th_latency": 1356.0, "99th_latency": 3432.0, "violate_rate": 2.582736591941531, "throughput": 3000}, "523.xalancbmk_r": {"95th_latency": 1160.0, "99th_latency": 2993.0, "violate_rate": 1.0881824596702374, "throughput": 3000}, "557.xz_r": {"95th_latency": 1239.0, "99th_latency": 3015.0, "violate_rate": 1.0394859347035441, "throughput": 3000}, "baseline": {"95th_latency": 1112.0, "99th_latency": 2733.0, "violate_rate": 1.2236307335584877, "throughput": 3000}}}
{"masstree": {"519.lbm_r": {"95th_latency": 2094.0, "99th_latency": 5897.0, "violate_rate": 5.492005571920984, "throughput": 3000}, "544.nab_r": {"95th_latency": 1116.0, "99th_latency": 2712.0, "violate_rate": 1.229913019663062, "throughput": 3000}, "520.omnetpp_r": {"95th_latency": 1349.0, "99th_latency": 3471.0, "violate_rate": 2.586292752728374, "throughput": 3000}, "523.xalancbmk_r": {"95th_latency": 1194.0, "99th_latency": 2890.0, "violate_rate": 1.0993159217772266, "throughput": 3000}, "557.xz_r": {"95th_latency": 1279.0, "99th_latency": 3186.0, "violate_rate": 2.912196299637069, "throughput": 3000}, "baseline": {"95th_latency": 1108.0, "99th_latency": 2765.0, "violate_rate": 1.2139518477251707, "throughput": 3000}}}
{"masstree": {"519.lbm_r": {"95th_latency": 2084.0, "99th_latency": 5928.0, "violate_rate": 5.523983786006399, "throughput": 3000}, "544.nab_r": {"95th_latency": 1114.0, "99th_latency": 2859.0, "violate_rate": 1.1764253757719287, "throughput": 3000}, "520.omnetpp_r": {"95th_latency": 1346.0, "99th_latency": 3376.0, "violate_rate": 2.6264164293834886, "throughput": 3000}, "523.xalancbmk_r": {"95th_latency": 1165.0, "99th_latency": 2986.0, "violate_rate": 1.1052702843147548, "throughput": 3000}, "557.xz_r": {"95th_latency": 1244.0, "99th_latency": 3092.0, "violate_rate": 2.9994819610513495, "throughput": 3000}, "baseline": {"95th_latency": 1089.0, "99th_latency": 2760.0, "violate_rate": 1.2406260161350482, "throughput": 3000}}}
