{"masstree": {"519.lbm_r": {"95th_latency": 2072.0, "99th_latency": 5825.0, "violate_rate": 5.602697194802133, "throughput": 3000}, "544.nab_r": {"95th_latency": 1148.0, "99th_latency": 2804.0, "violate_rate": 1.1559828469010416, "throughput": 3000}, "520.omnetpp_r": {"95th_latency": 1368.0, "99th_latency": 3473.0, "violate_rate": 2.532527347862863, "throughput": 3000}, "523.xalancbmk_r": {"95th_latency": 1191.0, "99th_latency": 3052.0, "violate_rate": 1.0655866849468987, "throughput": 3000}, "557.xz_r": {"95th_latency": 1272.0, "99th_latency": 3353.0, "violate_rate": 2.819801347270654, "throughput": 3000}, "baseline": {"95th_latency": 1129.0, "99th_latency": 2767.0, "violate_rate": 1.2037171572117809, "throughput": 3000}}}
{"masstree": {"519.lbm_r": {"95th_latency": 2080.0, "99th_latency": 5583.0, "violate_rate": 5.54881915730626, "throughput": 3000}, "544.nab_r": {"95th_latency": 1143.0, "99th_latency": 2742.0, "violate_rate": 1.199319395848337, "throughput": 3000}, "520.omnetpp_r": {"95th_latency": 1356.0, "99th_latency": 3413.0, "violate_rate": 2.583235579393156, "throughput": 3000}, "523.xalancbmk_r": {"95th_latency": 1175.0, "99th_latency": 3018.0, "violate_rate": 1.0908664856756227, "throughput": 3000}, "557.xz_r": {"95th_latency": 1254.0, "99th_latency": 3141.0, "violate_rate": 2.9610016459176953, "throughput": 3000}, "baseline": {"95th_latency": 1107.0, "99th_latency": 2760.0, "violate_rate": 1.2202109647061015, "throughput": 3000}}}
{"masstree": {"519.lbm_r": {"95th_latency": 2141.0, "99th_latency": 6409.0, "violate_rate": 5.256519516268342, "throughput": 3000}, "544.nab_r": {"95th_latency": 1121.0, "99th_latency": 2737.0, "violate_rate": 1.220699531072444, "throughput": 3000}, "520.omnetpp_r": {"95th_latency": 1360.0, "99th_latency": 3691.0, "violate_rate": 2.4835587183530903, "throughput": 3000}, "523.xalancbmk_r": {"95th_latency": 1170.0, "99th_latency": 2861.0, "violate_rate": 1.115993226435842, "throughput": 3000}, "557.xz_r": {"95th_latency": 1278.0, "99th_latency": 3255.0, "violate_rate": 2.855433342659827, "throughput": 3000}, "baseline": {"95th_latency": 1113.0, "99th_latency": 2776.0, "violate_rate": 1.198609544697517, "throughput": 3000}}}
{"masstree": {"519.lbm_r": {"95th_latency": 2110.0, "99th_latency": 5896.0, "violate_rate": 5.386436571680399, "throughput": 3000}, "544.nab_r": {"95th_latency": 1148.0, "99th_latency": 2849.0, "violate_rate": 1.1568170467291512, "throughput": 3000}, "520.omnetpp_r": {"95th_latency": 1371.0, "99th_latency": 3485.0, "violate_rate": 2.5471864356901874, "throughput": 3000}, "523.xalancbmk_r": {"95th_latency": 1201.0, "99th_latency": 2917.0, "violate_rate": 1.0935871804699793, "throughput": 3000}, "557.xz_r": {"95th_latency": 1270.0, "99th_latency": 3269.0, "violate_rate": 2.8431288543851796, "throughput": 3000}, "baseline": {"95th_latency": 1116.0, "99th_latency": 2782.0, "violate_rate": 1.21124541282761, "throughput": 3000}}}
{"masstree": {"519.lbm_r": {"95th_latency": 2077.0, "99th_latency": 5855.0, "violate_rate": 5.543039934333204, "throughput": 3000}, "544.nab_r": {"95th_latency": 1137.0, "99th_latency": 2724.0, "violate_rate": 1.2036253700760373, "throughput": 3000}, "520.omnetpp_r": {"95th_latency": 1368.0, "99th_latency": 3608.0, "violate_rate": 2.5133552193541187, "throughput": 3000}, "523.xalancbmk_r": {"95th_latency": 1172.0, "99th_latency": 2912.0, "violate_rate": 1.117631445478823, "throughput": 3000}, "557.xz_r": {"95th_latency": 1277.0, "99th_latency": 3221.0, "violate_rate": 2.8479098743840647, "throughput": 3000}, "baseline": {"95th_latency": 1108.0, "99th_latency": 2691.0, "violate_rate": 1.2504260492776111, "throughput": 3000}}}{"masstree": {"519.lbm_r": {"95th_latency": 2117.0, "99th_latency": 5812.0, "violate_rate": 5.353023005795211, "throughput": 3000}, "544.nab_r": {"95th_latency": 1152.0, "99th_latency": 2837.0, "violate_rate": 1.166481684029969, "throughput": 3000}, "520.omnetpp_r": {"95th_latency": 1368.0, "99th_latency": 3605.0, "violate_rate": 2.513628061625819, "throughput": 3000}, "523.xalancbmk_r": {"95th_latency": 1215.0, "99th_latency": 3044.0, "violate_rate": 1.0489521434953084, "throughput": 3000}, "557.xz_r": {"95th_latency": 1282.0, "99th_latency": 3113.0, "violate_rate": 2.9085813527689166, "throughput": 3000}, "baseline": {"95th_latency": 1149.0, "99th_latency": 2825.0, "violate_rate": 1.150813557860259, "throughput": 3000}}}
{"masstree": {"519.lbm_r": {"95th_latency": 2092.0, "99th_latency": 5653.0, "violate_rate": 5.471173808106926, "throughput": 3000}, "544.nab_r": {"95th_latency": 1164.0, "99th_latency": 2949.0, "violate_rate": 1.105599666972978, "throughput": 3000}, "520.omnetpp_r": {"95th_latency": 1370.0, "99th_latency": 3574.0, "violate_rate": 2.4596026022061945, "throughput": 3000}, "523.xalancbmk_r": {"95th_latency": 1169.0, "99th_latency": 2873.0, "violate_rate": 1.1246865806551798, "throughput": 3000}, "557.xz_r": {"95th_latency": 1282.0, "99th_latency": 3317.0, "violate_rate": 2.8058433737000725, "throughput": 3000}, "baseline": {"95th_latency": 1114.0, "99th_latency": 2705.0, "violate_rate": 1.2318028598757733, "throughput": 3000}}}
{"masstree": {"519.lbm_r": {"95th_latency": 2087.0, "99th_latency": 5751.0, "violate_rate": 5.505659328019176, "throughput": 3000}, "544.nab_r": {"95th_latency": 1144.0, "99th_latency": 2858.0, "violate_rate": 1.1690824028805034, "throughput": 3000}, "520.omnetpp_r": {"95th_latency": 1390.0, "99th_latency": 3512.0, "violate_rate": 2.4547866603196717, "throughput": 3000}, "523.xalancbmk_r": {"95th_latency": 1157.0, "99th_latency": 2789.0, "violate_rate": 1.1641203140460235, "throughput": 3000}, "557.xz_r": {"95th_latency": 1271.0, "99th_latency": 3137.0, "violate_rate": 2.9555344380781685, "throughput": 3000}, "baseline": {"95th_latency": 1131.0, "99th_latency": 2822.0, "violate_rate": 1.182068870344051, "throughput": 3000}}}
{"masstree": {"519.lbm_r": {"95th_latency": 2134.0, "99th_latency": 5939.0, "violate_rate": 5.258589553373229, "throughput": 3000}, "544.nab_r": {"95th_latency": 1144.0, "99th_latency": 2837.0, "violate_rate": 1.1612805059210591, "throughput": 3000}, "520.omnetpp_r": {"95th_latency": 1380.0, "99th_latency": 3646.0, "violate_rate": 2.4792169271750195, "throughput": 3000}, "523.xalancbmk_r": {"95th_latency": 1170.0, "99th_latency": 2890.0, "violate_rate": 1.1116077304445364, "throughput": 3000}, "557.xz_r": {"95th_latency": 1270.0, "99th_latency": 3379.0, "violate_rate": 2.853599233690427, "throughput": 3000}, "baseline": {"95th_latency": 1122.0, "99th_latency": 2715.0, "violate_rate": 1.2374563406772328, "throughput": 3000}}}
{"masstree": {"519.lbm_r": {"95th_latency": 2093.0, "99th_latency": 5840.0, "violate_rate": 5.46682548607362, "throughput": 3000}, "544.nab_r": {"95th_latency": 1129.0, "99th_latency": 2911.0, "violate_rate": 1.15025383490004, "throughput": 3000}, "520.omnetpp_r": {"95th_latency": 1406.0, "99th_latency": 3679.0, "violate_rate": 2.365221090401501, "throughput": 3000}, "523.xalancbmk_r": {"95th_latency": 1167.0, "99th_latency": 2757.0, "violate_rate": 1.1693162351803392, "throughput": 3000}, "557.xz_r": {"95th_latency": 1299.0, "99th_latency": 3294.0, "violate_rate": 2.8176620348674493, "throughput": 3000}, "baseline": {"95th_latency": 1129.0, "99th_latency": 2955.0, "violate_rate": 1.1293579555334294, "throughput": 3000}}}
{"masstree": {"519.lbm_r": {"95th_latency": 2096.0, "99th_latency": 5590.0, "violate_rate": 5.445380210035082, "throughput": 3000}, "544.nab_r": {"95th_latency": 1147.0, "99th_latency": 2814.0, "violate_rate": 1.1560784139613907, "throughput": 3000}, "520.omnetpp_r": {"95th_latency": 1374.0, "99th_latency": 3775.0, "violate_rate": 2.4621093278536588, "throughput": 3000}, "523.xalancbmk_r": {"95th_latency": 1176.0, "99th_latency": 2933.0, "violate_rate": 1.0933629095313813, "throughput": 3000}, "557.xz_r": {"95th_latency": 1274.0, "99th_latency": 3474.0, "violate_rate": 2.744045783107203, "throughput": 3000}, "baseline": {"95th_latency": 1121.0,