{"masstree": {"519.lbm_r": {"95th_latency": 2127.0, "99th_latency": 5855.0, "violate_rate": 5.331535817822412, "throughput": 3000}, "544.nab_r": {"95th_latency": 1123.0, "99th_latency": 2826.0, "violate_rate": 1.1770259515590038, "throughput": 3000}, "520.omnetpp_r": {"95th_latency": 1381.0, "99th_latency": 3641.0, "violate_rate": 2.455038802343406, "throughput": 3000}, "523.xalancbmk_r": {"95th_latency": 1179.0, "99th_latency": 2948.0, "violate_rate": 1.0924121644057199, "throughput": 3000}, "557.xz_r": {"95th_latency": 1278.0, "99th_latency": 3380.0, "violate_rate": 2.8253410440519646, "throughput": 3000}, "baseline": {"95th_latency": 1102.0, "99th_latency": 2850.0, "violate_rate": 1.1878350445253378, "throughput": 3000}}}
{"masstree": {"519.lbm_r": {"95th_latency": 2114.0, "99th_latency": 6044.0, "violate_rate": 5.37977178444736, "throughput": 3000}, "544.nab_r": {"95th_latency": 1120.0, "99th_latency": 2807.0, "violate_rate": 1.1887709613715636, "throughput": 3000}, "520.omnetpp_r": {"95th_latency": 1360.0, "99th_latency": 3701.0, "violate_rate": 2.4955088535347167, "throughput": 3000}, "523.xalancbmk_r": {"95th_latency": 1145.0, "99th_latency": 2912.0, "violate_rate": 1.146834909023739, "throughput": 3000}, "557.xz_r": {"95th_latency": 1249.0, "99th_latency": 2963.0, "violate_rate": 1.05054862044484, "throughput": 3000}, "baseline": {"95th_latency": 1107.0, "99th_latency": 2723.0, "violate_rate": 1.2352638546312864, "throughput": 3000}}}
{"masstree": {"519.lbm_r": {"95th_latency": 2083.0, "99th_latency": 5761.0, "violate_rate": 5.549596699410099, "throughput": 3000}, "544.nab_r": {"95th_latency": 1128.0, "99th_latency": 2798.0, "violate_rate": 1.1820107366542958, "throughput": 3000}, "520.omnetpp_r": {"95th_latency": 1367.0, "99th_latency": 3458.0, "violate_rate": 2.54470239742935, "throughput": 3000}, "523.xalancbmk_r": {"95th_latency": 1190.0, "99th_latency": 3036.0, "violate_rate": 1.065735978577113, "throughput": 3000}, "557.xz_r": {"95th_latency": 1260.0, "99th_latency": 3054.0, "violate_rate": 2.9950753750302774, "throughput": 3000}, "baseline": {"95th_latency": 1142.0, "99th_latency": 2751.0, "violate_rate": 1.1914851247852722, "throughput": 3000}}}
{"masstree": {"519.lbm_r": {"95th_latency": 2077.0, "99th_latency": 5722.0, "violate_rate": 5.562828626356594, "throughput": 3000}, "544.nab_r": {"95th_latency": 1150.0, "99th_latency": 2824.0, "violate_rate": 1.1428836465730785, "throughput": 3000}, "520.omnetpp_r": {"95th_latency": 1374.0, "99th_latency": 3501.0, "violate_rate": 2.4973193734865333, "throughput": 3000}, "523.xalancbmk_r": {"95th_latency": 1193.0, "99th_latency": 3057.0, "violate_rate": 1.06316655609891, "throughput": 3000}, "557.xz_r": {"95th_latency": 1280.0, "99th_latency": 3478.0, "violate_rate": 2.7788761242689786, "throughput": 3000}, "baseline": {"95th_latency": 1151.0, "99th_latency": 2780.0, "violate_rate": 1.187734208698459, "throughput": 3000}}}
{"masstree": {"519.lbm_r": {"95th_latency": 2094.0, "99th_latency": 5760.0, "violate_rate": 5.470650287724571, "throughput": 3000}, "544.nab_r": {"95th_latency": 1115.0, "99th_latency": 2663.0, "violate_rate": 1.255410272674011, "throughput": 3000}, "520.omnetpp_r": {"95th_latency": 1357.0, "99th_latency": 3538.0, "violate_rate": 2.577145328148712, "throughput": 3000}, "523.xalancbmk_r": {"95th_latency": 1174.0, "99th_latency": 2918.0, "violate_rate": 1.1280682510664222, "throughput": 3000}, "557.xz_r": {"95th_latency": 1263.0, "99th_latency": 3217.0, "violate_rate": 2.914236894709639, "throughput": 3000}, "baseline": {"95th_latency": 1116.0, "99th_latency": 2799.0, "violate_rate": 1.1950356867096494, "throughput": 3000}}}
{"masstree": {"519.lbm_r": {"95th_latency": 2152.0, "99th_latency": 5995.0, "violate_rate": 5.200118878298342, "throughput": 3000}, "544.nab_r": {"95th_latency": 1145.0, "99th_latency": 2849.0, "violate_rate": 1.1707983598916138, "throughput": 3000}, "520.omnetpp_r": {"95th_latency": 1394.0, "99th_latency": 3748.0, "violate_rate": 2.346343979510897, "throughput": 3000}, "523.xalancbmk_r": {"95th_latency": 1164.0, "99th_latency": 2806.0, "violate_rate": 1.1657345973529958, "throughput": 3000}, "557.xz_r": {"95th_latency": 1285.0, "99th_latency": 3437.0, "violate_rate": 2.768949343910853, "throughput": 3000}, "baseline": {"95th_latency": 1148.0, "99th_latency": 3008.0, "violate_rate": 1.1014023344201564, "throughput": 3000}}}
{"masstree": {"519.lbm_r": {"95th_latency": 2134.0, "99th_latency": 6056.0, "violate_rate": 5.252778137265057, "throughput": 3000}, "544.nab_r": {"95th_latency": 1158.0, "99th_latency": 2836.0, "violate_rate": 1.144199367297805, "throughput": 3000}, "520.omnetpp_r": {"95th_latency": 1377.0, "99th_latency": 3575.0, "violate_rate": 2.5135829982823976, "throughput": 3000}, "523.xalancbmk_r": {"95th_latency": 1170.0, "99th_latency": 2805.0, "violate_rate": 1.1507597452576943, "throughput": 3000}, "557.xz_r": {"95th_latency": 1261.0, "99th_latency": 3234.0, "violate_rate": 2.9221425626370072, "throughput": 3000}, "baseline": {"95th_latency": 1117.0, "99th_latency": 2841.0, "violate_rate": 1.2017778861764319, "throughput": 3000}}}
{"masstree": {"519.lbm_r": {"95th_latency": 2120.0, "99th_latency": 5809.0, "violate_rate": 5.330682979731767, "throughput": 3000}, "544.nab_r": {"95th_latency": 1124.0, "99th_latency": 2717.0, "violate_rate": 1.2210529180194032, "throughput": 3000}, "520.omnetpp_r": {"95th_latency": 1357.0, "99th_latency": 3488.0, "violate_rate": 2.5865846536991928, "throughput": 3000}, "523.xalancbmk_r": {"95th_latency": 1157.0, "99th_latency": 2790.0, "violate_rate": 1.1740579368911148, "throughput": 3000}, "557.xz_r": {"95th_latency": 1296.0, "99th_latency": 3501.0, "violate_rate": 2.727887666339974, "throughput": 3000}, "baseline": {"95th_latency": 1119.0, "99th_latency": 2647.0, "violate_rate": 1.2661744878777295, "throughput": 3000}}}
{"masstree": {"519.lbm_r": {"95th_latency": 2106.0, "99th_latency": 5879.0, "violate_rate": 5.398841998217398, "throughput": 3000}, "544.nab_r": {"95th_latency": 1142.0, "99th_latency": 2806.0, "violate_rate": 1.1789960427942863, "throughput": 3000}, "520.omnetpp_r": {"95th_latency": 1386.0, "99th_latency": 3592.0, "violate_rate": 2.514587937461557, "throughput": 3000}, "523.xalancbmk_r": {"95th_latency": 1174.0, "99th_latency": 3003.0, "violate_rate": 1.0988651597416614, "throughput": 3000}, "557.xz_r": {"95th_latency": 1310.0, "99th_latency": 3357.0, "violate_rate": 2.7003134049086674, "throughput": 3000}, "baseline": {"95th_latency": 1112.0, "99th_latency": 2713.0, "violate_rate": 1.2390306721956286, "throughput": 3000}}}
{"masstree": {"519.lbm_r": {"95th_latency": 2091.0, "99th_latency": 5824.0, "violate_rate": 5.467830327015293, "throughput": 3000}, "544.nab_r": {"95th_latency": 1145.0, "99th_latency": 2793.0, "violate_rate": 1.176204007380402, "throughput": 3000}, "520.omnetpp_r": {"95th_latency": 1382.0, "99th_latency": 3650.0, "violate_rate": 2.4409613400927443, "throughput": 3000}, "523.xalancbmk_r": {"95th_latency": 1164.0, "99th_latency": 2942.0, "violate_rate": 1.107368367132162, "throughput": 3000}, "557.xz_r": {"95th_latency": 1283.0, "99th_latency": 3385.0, "violate_rate": 2.794825141966783, "throughput": 3000}, "baseline": {"95th_latency": 1118.0, "99th_latency": 2708.0, "violate_rate": 1.233201792742138, "throughput": 3000}}}
{"masstree": {"519.lbm_r": {"95th_latency": 2120.0, "99th_latency": 5897.0, "violate_rate": 5.338556027602549, "throughput": 3000}, "544.nab_r": {"95th_latency": 1150.0, "99th_latency": 2884.0, "violate_rate": 1.1522358477039363, "throughput": 3000}, "520.omnetpp_r": {"95th_latency": 1389.0, "99th_latency": 3767.0, "violate_rate": 2.4306921560813586, "throughput": 3000}, "523.xalancbmk_r": {"95th_latency": 1188.0, "99th_latency": 3013.0, "violate_rate": 1.0770893616003656, "throughput": 3000}, "557.xz_r": {"95th_latency": 1309.0, "99th_latency": 3491.0, "violate_rate": 2.72000690841168, "throughput": 3000}, "baseline": {"95th_latency": 1131.0,