{"masstree": {"519.lbm_r": {"95th_latency": 2101.0, "99th_latency": 5935.0, "violate_rate": 5.442259413191044, "throughput": 3000}, "544.nab_r": {"95th_latency": 1145.0, "99th_latency": 2903.0, "violate_rate": 1.1246850816295604, "throughput": 3000}, "520.omnetpp_r": {"95th_latency": 1363.0, "99th_latency": 3454.0, "violate_rate": 2.5722387318177686, "throughput": 3000}, "523.xalancbmk_r": {"95th_latency": 1217.0, "99th_latency": 3230.0, "violate_rate": 1.004417970506335, "throughput": 3000}, "557.xz_r": {"95th_latency": 1258.0, "99th_latency": 3234.0, "violate_rate": 2.936140980530385, "throughput": 3000}, "baseline": {"95th_latency": 1125.0, "99th_latency": 2959.0, "violate_rate": 1.1347497002312146, "throughput": 3000}}}
{"masstree": {"519.lbm_r": {"95th_latency": 2085.0, "99th_latency": 5820.0, "violate_rate": 5.524173626173663, "throughput": 3000}, "544.nab_r": {"95th_latency": 1138.0, "99th_latency": 2823.0, "violate_rate": 1.1639809269246018, "throughput": 3000}, "520.omnetpp_r": {"95th_latency": 1365.0, "99th_latency": 3612.0, "violate_rate": 2.502924092015028, "throughput": 3000}, "523.xalancbmk_r": {"95th_latency": 1164.0, "99th_latency": 2812.0, "violate_rate": 1.1434268183096394, "throughput": 3000}, "557.xz_r": {"95th_latency": 1278.0, "99th_latency": 3181.0, "violate_rate": 2.869208261715908, "throughput": 3000}, "baseline": {"95th_latency": 1107.0, "99th_latency": 2754.0, "violate_rate": 1.2304942426319356, "throughput": 3000}}}
{"masstree": {"519.lbm_r": {"95th_latency": 2105.0, "99th_latency": 6223.0, "violate_rate": 5.42575446537609, "throughput": 3000}, "544.nab_r": {"95th_latency": 1162.0, "99th_latency": 2835.0, "violate_rate": 1.1494828017523602, "throughput": 3000}, "520.omnetpp_r": {"95th_latency": 1370.0, "99th_latency": 3503.0, "violate_rate": 2.513128234745446, "throughput": 3000}, "523.xalancbmk_r": {"95th_latency": 1165.0, "99th_latency": 2929.0, "violate_rate": 1.1204776957536282, "throughput": 3000}, "557.xz_r": {"95th_latency": 1254.0, "99th_latency": 3123.0, "violate_rate": 2.943780019021556, "throughput": 3000}, "baseline": {"95th_latency": 1110.0, "99th_latency": 2821.0, "violate_rate": 1.1907847899817932, "throughput": 3000}}}
{"masstree": {"519.lbm_r": {"95th_latency": 2138.0, "99th_latency": 5947.0, "violate_rate": 5.266369357709394, "throughput": 3000}, "544.nab_r": {"95th_latency": 1140.0, "99th_latency": 2876.0, "violate_rate": 1.1522114360747517, "throughput": 3000}, "520.omnetpp_r": {"95th_latency": 1364.0, "99th_latency": 3669.0, "violate_rate": 2.495840709862807, "throughput": 3000}, "523.xalancbmk_r": {"95th_latency": 1168.0, "99th_latency": 2846.0, "violate_rate": 1.1398500177563111, "throughput": 3000}, "557.xz_r": {"95th_latency": 1276.0, "99th_latency": 3407.0, "violate_rate": 2.787465376842011, "throughput": 3000}, "baseline": {"95th_latency": 1144.0, "99th_latency": 2884.0, "violate_rate": 1.1380442444440322, "throughput": 3000}}}
{"masstree": {"519.lbm_r": {"95th_latency": 2120.0, "99th_latency": 5928.0, "violate_rate": 5.344680951650085, "throughput": 3000}, "544.nab_r": {"95th_latency": 1135.0, "99th_latency": 2816.0, "violate_rate": 1.1841209352478048, "throughput": 3000}, "520.omnetpp_r": {"95th_latency": 1383.0, "99th_latency": 3615.0, "violate_rate": 2.4479933452139484, "throughput": 3000}, "523.xalancbmk_r": {"95th_latency": 1163.0, "99th_latency": 2878.0, "violate_rate": 1.1378702132359173, "throughput": 3000}, "557.xz_r": {"95th_latency": 1264.0, "99th_latency": 3241.0, "violate_rate": 2.90258350881944, "throughput": 3000}, "baseline": {"95th_latency": 1123.0, "99th_latency": 2793.0, "violate_rate": 1.1993361524965813, "throughput": 3000}}}
{"masstree": {"519.lbm_r": {"95th_latency": 2125.0, "99th_latency": 5908.0, "violate_rate": 5.311418678638357, "throughput": 3000}, "544.nab_r": {"95th_latency": 1124.0, "99th_latency": 2759.0, "violate_rate": 1.2085657768647995, "throughput": 3000}, "520.omnetpp_r": {"95th_latency": 1374.0, "99th_latency": 3785.0, "violate_rate": 2.4404823884392837, "throughput": 3000}, "523.xalancbmk_r": {"95th_latency": 1170.0, "99th_latency": 2889.0, "violate_rate": 1.1330380685050778, "throughput": 3000}, "557.xz_r": {"95th_latency": 1293.0, "99th_latency": 3320.0, "violate_rate": 2.767492904757127, "throughput": 3000}, "baseline": {"95th_latency": 1121.0, "99th_latency": 2867.0, "violate_rate": 1.1653142101120315, "throughput": 3000}}}
{"masstree": {"519.lbm_r": {"95th_latency": 2103.0, "99th_latency": 5984.0, "violate_rate": 5.393199060457566, "throughput": 3000}, "544.nab_r": {"95th_latency": 1160.0, "99th_latency": 2870.0, "violate_rate": 1.145194339992401, "throughput": 3000}, "520.omnetpp_r": {"95th_latency": 1377.0, "99th_latency": 3438.0, "violate_rate": 2.5549528081058606, "throughput": 3000}, "523.xalancbmk_r": {"95th_latency": 1179.0, "99th_latency": 2838.0, "violate_rate": 1.1161985535646344, "throughput": 3000}, "557.xz_r": {"95th_latency": 1273.0, "99th_latency": 3124.0, "violate_rate": 2.958660141401424, "throughput": 3000}, "baseline": {"95th_latency": 1150.0, "99th_latency": 2967.0, "violate_rate": 1.117072461228791, "throughput": 3000}}}
{"masstree": {"519.lbm_r": {"95th_latency": 2108.0, "99th_latency": 6012.0, "violate_rate": 5.393700884112734, "throughput": 3000}, "544.nab_r": {"95th_latency": 1144.0, "99th_latency": 2964.0, "violate_rate": 1.1245447835989186, "throughput": 3000}, "520.omnetpp_r": {"95th_latency": 1383.0, "99th_latency": 3592.0, "violate_rate": 2.4800259054946463, "throughput": 3000}, "523.xalancbmk_r": {"95th_latency": 1177.0, "99th_latency": 2846.0, "violate_rate": 1.1317165824361508, "throughput": 3000}, "557.xz_r": {"95th_latency": 1275.0, "99th_latency": 3215.0, "violate_rate": 2.9418941681111366, "throughput": 3000}, "baseline": {"95th_latency": 1122.0, "99th_latency": 2718.0, "violate_rate": 1.21656776759994, "throughput": 3000}}}
{"masstree": {"519.lbm_r": {"95th_latency": 2139.0, "99th_latency": 6508.0, "violate_rate": 5.244295308018967, "throughput": 3000}, "544.nab_r": {"95th_latency": 1148.0, "99th_latency": 2792.0, "violate_rate": 1.165150420055732, "throughput": 3000}, "520.omnetpp_r": {"95th_latency": 1377.0, "99th_latency": 3705.0, "violate_rate": 2.4850277970121217, "throughput": 3000}, "523.xalancbmk_r": {"95th_latency": 1180.0, "99th_latency": 3214.0, "violate_rate": 1.0380204909344146, "throughput": 3000}, "557.xz_r": {"95th_latency": 1275.0, "99th_latency": 3260.0, "violate_rate": 2.8833581361311897, "throughput": 3000}, "baseline": {"95th_latency": 1114.0, "99th_latency": 2631.0, "violate_rate": 1.268783502030268, "throughput": 3000}}}
{"masstree": {"519.lbm_r": {"95th_latency": 2122.0, "99th_latency": 5689.0, "violate_rate": 5.326451843576802, "throughput": 3000}, "544.nab_r": {"95th_latency": 1134.0, "99th_latency": 2858.0, "violate_rate": 1.164064725951196, "throughput": 3000}, "520.omnetpp_r": {"95th_latency": 1373.0, "99th_latency": 3587.0, "violate_rate": 2.504139025831059, "throughput": 3000}, "523.xalancbmk_r": {"95th_latency": 1181.0, "99th_latency": 2946.0, "violate_rate": 1.0986613089303705, "throughput": 3000}, "557.xz_r": {"95th_latency": 1275.0, "99th_latency": 3218.0, "violate_rate": 2.8507205533743156, "throughput": 3000}, "baseline": {"95th_latency": 1117.0, "99th_latency": 2756.0, "violate_rate": 1.2197668930440382, "throughput": 3000}}}
{"masstree": {"519.lbm_r": {"95th_latency": 2121.0, "99th_latency": 5964.0, "violate_rate": 5.318050382707851, "throughput": 3000}, "544.nab_r": {"95th_latency": 1157.0, "99th_latency": 2845.0, "violate_rate": 1.133860380074806, "throughput": 3000}, "520.omnetpp_r": {"95th_latency": 1401.0, "99th_latency": 3766.0, "violate_rate": 2.3970855518112533, "throughput": 3000}, "523.xalancbmk_r": {"95th_latency": 1182.0, "99th_latency": 2934.0, "violate_rate": 1.114207606383202, "throughput": 3000}, "557.xz_r": {"95th_latency": 1269.0, "99th_latency": 3391.0, "violate_rate": 2.836398704330889, "throughput": 3000}, "baseline": {"95th_latency": 1125.0,