{"masstree": {"519.lbm_r": {"95th_latency": 2097.0, "99th_latency": 6078.0, "violate_rate": 5.4641869966953704, "throughput": 3000}, "544.nab_r": {"95th_latency": 1163.0, "99th_latency": 2953.0, "violate_rate": 1.1147541155749339, "throughput": 3000}, "520.omnetpp_r": {"95th_latency": 1381.0, "99th_latency": 3846.0, "violate_rate": 2.3797239504425027, "throughput": 3000}, "523.xalancbmk_r": {"95th_latency": 1173.0, "99th_latency": 2783.0, "violate_rate": 1.1508154585816828, "throughput": 3000}, "557.xz_r": {"95th_latency": 1250.0, "99th_latency": 3084.0, "violate_rate": 1.0211127717434947, "throughput": 3000}, "baseline": {"95th_latency": 1122.0, "99th_latency": 2872.0, "violate_rate": 1.170825396183246, "throughput": 3000}}}
{"masstree": {"519.lbm_r": {"95th_latency": 2074.0, "99th_latency": 6049.0, "violate_rate": 5.597466357661787, "throughput": 3000}, "544.nab_r": {"95th_latency": 1126.0, "99th_latency": 2668.0, "violate_rate": 1.232545466894061, "throughput": 3000}, "520.omnetpp_r": {"95th_latency": 1380.0, "99th_latency": 3901.0, "violate_rate": 2.413919497938634, "throughput": 3000}, "523.xalancbmk_r": {"95th_latency": 1154.0, "99th_latency": 2806.0, "violate_rate": 1.1652316582626532, "throughput": 3000}, "557.xz_r": {"95th_latency": 1276.0, "99th_latency": 3201.0, "violate_rate": 2.834714298793985, "throughput": 3000}, "baseline": {"95th_latency": 1116.0, "99th_latency": 2774.0, "violate_rate": 1.2159214055326653, "throughput": 3000}}}
{"masstree": {"519.lbm_r": {"95th_latency": 2078.0, "99th_latency": 6012.0, "violate_rate": 5.5572022418177465, "throughput": 3000}, "544.nab_r": {"95th_latency": 1116.0, "99th_latency": 2720.0, "violate_rate": 1.2359252921312818, "throughput": 3000}, "520.omnetpp_r": {"95th_latency": 1351.0, "99th_latency": 3592.0, "violate_rate": 2.561255788770516, "throughput": 3000}, "523.xalancbmk_r": {"95th_latency": 1156.0, "99th_latency": 2949.0, "violate_rate": 1.1228787441320134, "throughput": 3000}, "557.xz_r": {"95th_latency": 1252.0, "99th_latency": 3104.0, "violate_rate": 2.974147656021592, "throughput": 3000}, "baseline": {"95th_latency": 1116.0, "99th_latency": 2939.0, "violate_rate": 1.149947352614012, "throughput": 3000}}}
{"masstree": {"519.lbm_r": {"95th_latency": 2104.0, "99th_latency": 5999.0, "violate_rate": 5.443096222774089, "throughput": 3000}, "544.nab_r": {"95th_latency": 1120.0, "99th_latency": 2888.0, "violate_rate": 1.1549326035881153, "throughput": 3000}, "520.omnetpp_r": {"95th_latency": 1355.0, "99th_latency": 3593.0, "violate_rate": 2.5276572327164306, "throughput": 3000}, "523.xalancbmk_r": {"95th_latency": 1175.0, "99th_latency": 2878.0, "violate_rate": 1.1179717039039776, "throughput": 3000}, "557.xz_r": {"95th_latency": 1247.0, "99th_latency": 3057.0, "violate_rate": 1.0140697814089021, "throughput": 3000}, "baseline": {"95th_latency": 1106.0, "99th_latency": 2793.0, "violate_rate": 1.2094936176051527, "throughput": 3000}}}
{"masstree": {"519.lbm_r": {"95th_latency": 2053.0, "99th_latency": 5697.0, "violate_rate": 5.68714089630409, "throughput": 3000}, "544.nab_r": {"95th_latency": 1127.0, "99th_latency": 2818.0, "violate_rate": 1.1759592859968806, "throughput": 3000}, "520.omnetpp_r": {"95th_latency": 1336.0, "99th_latency": 3527.0, "violate_rate": 2.658258940264207, "throughput": 3000}, "523.xalancbmk_r": {"95th_latency": 1159.0, "99th_latency": 3051.0, "violate_rate": 1.0943313859446988, "throughput": 3000}, "557.xz_r": {"95th_latency": 1262.0, "99th_latency": 3274.0, "violate_rate": 2.8764323595083714, "throughput": 3000}, "baseline": {"95th_latency": 1115.0, "99th_latency": 2761.0, "violate_rate": 1.215523915083995, "throughput": 3000}}}