{"masstree": {"519.lbm_r": {"95th_latency": 2036.0, "99th_latency": 5700.0, "violate_rate": 5.7887843400195065, "throughput": 3000}, "544.nab_r": {"95th_latency": 1125.0, "99th_latency": 2968.0, "violate_rate": 1.1427247145069765, "throughput": 3000}, "520.omnetpp_r": {"95th_latency": 1355.0, "99th_latency": 3622.0, "violate_rate": 2.5209931358109388, "throughput": 3000}, "523.xalancbmk_r": {"95th_latency": 1143.0, "99th_latency": 2861.0, "violate_rate": 1.1551427102479945, "throughput": 3000}, "557.xz_r": {"95th_latency": 1249.0, "99th_latency": 3036.0, "violate_rate": 1.0208918277490178, "throughput": 3000}, "baseline": {"95th_latency": 1094.0, "99th_latency": 2698.0, "violate_rate": 1.2503855704045077, "throughput": 3000}}}
{"masstree": {"519.lbm_r": {"95th_latency": 2063.0, "99th_latency": 6023.0, "violate_rate": 5.652957604917807, "throughput": 3000}, "544.nab_r": {"95th_latency": 1117.0, "99th_latency": 2860.0, "violate_rate": 1.1761549052492717, "throughput": 3000}, "520.omnetpp_r": {"95th_latency": 1367.0, "99th_latency": 3704.0, "violate_rate": 2.5079998003814223, "throughput": 3000}, "523.xalancbmk_r": {"95th_latency": 1184.0, "99th_latency": 2939.0, "violate_rate": 1.086234643365243, "throughput": 3000}, "557.xz_r": {"95th_latency": 1261.0, "99th_latency": 3145.0, "violate_rate": 2.915954978260144, "throughput": 3000}, "baseline": {"95th_latency": 1107.0, "99th_latency": 2744.0, "violate_rate": 1.210510066308877, "throughput": 3000}}}
{"masstree": {"519.lbm_r": {"95th_latency": 2071.0, "99th_latency": 5629.0, "violate_rate": 5.582725650538581, "throughput": 3000}, "544.nab_r": {"95th_latency": 1134.0, "99th_latency": 2629.0, "violate_rate": 1.2531055611639912, "throughput": 3000}, "520.omnetpp_r": {"95th_latency": 1338.0, "99th_latency": 3206.0, "violate_rate": 2.705231603873852, "throughput": 3000}, "523.xalancbmk_r": {"95th_latency": 1171.0, "99th_latency": 3038.0, "violate_rate": 1.0739080881287604, "throughput": 3000}, "557.xz_r": {"95th_latency": 1256.0, "99th_latency": 3161.0, "violate_rate": 2.982050653577801, "throughput": 3000}, "baseline": {"95th_latency": 1138.0, "99th_latency": 2798.0, "violate_rate": 1.1897421097832301, "throughput": 3000}}}
{"masstree": {"519.lbm_r": {"95th_latency": 2129.0, "99th_latency": 6253.0, "violate_rate": 5.2890911224806745, "throughput": 3000}, "544.nab_r": {"95th_latency": 1120.0, "99th_latency": 2813.0, "violate_rate": 1.192474115037834, "throughput": 3000}, "520.omnetpp_r": {"95th_latency": 1337.0, "99th_latency": 3674.0, "violate_rate": 2.5863322640610606, "throughput": 3000}, "523.xalancbmk_r": {"95th_latency": 1156.0, "99th_latency": 2827.0, "violate_rate": 1.1620627027506492, "throughput": 3000}, "557.xz_r": {"95th_latency": 1263.0, "99th_latency": 3236.0, "violate_rate": 2.8836590427412063, "throughput": 3000}, "baseline": {"95th_latency": 1104.0, "99th_latency": 2845.0, "violate_rate": 1.1985605474765988, "throughput": 3000}}}
{"masstree": {"519.lbm_r": {"95th_latency": 2084.0, "99th_latency": 5732.0, "violate_rate": 5.502909515626454, "throughput": 3000}, "544.nab_r": {"95th_latency": 1112.0, "99th_latency": 2824.0, "violate_rate": 1.2040787052470505, "throughput": 3000}, "520.omnetpp_r": {"95th_latency": 1347.0, "99th_latency": 3710.0, "violate_rate": 2.529405000413311, "throughput": 3000}, "523.xalancbmk_r": {"95th_latency": 1156.0, "99th_latency": 2917.0, "violate_rate": 1.1326810466559338, "throughput": 3000}, "557.xz_r": {"95th_latency": 1247.0, "99th_latency": 3244.0, "violate_rate": 2.9352662522469, "throughput": 3000}, "baseline": {"95th_latency": 1121.0, "99th_latency": 2853.0, "violate_rate": 1.173453653320685, "throughput": 3000}}}