{"519.lbm_r": [[1358.0, 0.15658432686341392]]}
{"519.lbm_r": [[1363.0, 0.16937959225980076]]}
{"519.lbm_r": [[1363.0, 0.21767762533559235]]}
{"519.lbm_r": [[1382.0, 0.053893288808645454]]}
{"519.lbm_r": [[1526.0, 0.0015769376108397367]]}
{"519.lbm_r": [[1375.0, 0.07500090772886252]]}
{"519.lbm_r": [[1370.0, 0.11213941966083885]]}
{"519.lbm_r": [[1381.0, 0.19264026316855856]]}
{"519.lbm_r": [[1403.0, 0.14667586942345487]]}
{"519.lbm_r": [[1370.0, 0.0974397056886467]]}
{"519.lbm_r": [[1530.0, 0.0009947255161076184]]}
{"519.lbm_r": [[1428.0, 0.0008142497242564782]]}
{"519.lbm_r": [[7339396.0, 100.0]]}
{"519.lbm_r": [[1534.0, 0.0008671640457167808]]}
{"519.lbm_r": [[993490.0, 44.000878177744745]]}
{"519.lbm_r": [[132270.0, 1.0034864223306423]]}
{"519.lbm_r": [[8165026.0, 100.0]]}
{"519.lbm_r": [[6374060.0, 100.0]]}
{"519.lbm_r": [[242948.0, 2.002413144165494]]}
{"519.lbm_r": [[11156278.0, 100.0]]}
{"519.lbm_r": [[229850.0, 1.0007129349671584]]}
{"519.lbm_r": [[1511.0, 0.0008637732962711793]]}
{"519.lbm_r": [[4810137.0, 100.0]]}
{"519.lbm_r": [[1451.0, 0.003184274623532279]]}
{"519.lbm_r": [[1479.0, 0.0005194857493898961]]}
{"519.lbm_r": [[1413.0, 0.0012291862974460046]]}
{"519.lbm_r": [[4817262.0, 100.0]]}
{"519.lbm_r": [[10713969.0, 100.0]]}
{"519.lbm_r": [[1446.0, 0.0007310433572206991]]}
{"519.lbm_r": [[1479.0, 0.0016772327836295886]]}
{"519.lbm_r": [[895805.0, 63.00577093473669]]}
{"519.lbm_r": [[7572276.0, 100.0]]}
{"519.lbm_r": [[191491.0, 1.0012714125486883]]}
{"519.lbm_r": [[5166593.0, 100.0]]}
{"519.lbm_r": [[1437.0, 0.0010065093322067045]]}
{"519.lbm_r": [[12691006.0, 100.0]]}
{"519.lbm_r": [[10839021.0, 100.0]]}
{"519.lbm_r": [[136091.0, 1.0030759107012488]]}
{"519.lbm_r": [[10102329.0, 100.0]]}
{"519.lbm_r": [[8657161.0, 100.0]]}
{"519.lbm_r": [[1537.0, 0.0010513811738420648]]}
{"519.lbm_r": [[3172061.0, 100.0]]}
{"519.lbm_r": [[2973419.0, 100.0]]}
{"519.lbm_r": [[9326788.0, 100.0]]}
{"519.lbm_r": [[6583446.0, 100.0]]}
{"519.lbm_r": [[6196630.0, 100.0]]}
{"519.lbm_r": [[1523.0, 0.0006215647485053982]]}
{"519.lbm_r": [[5797451.0, 100.0]]}
{"519.lbm_r": [[1470.0, 0.0011506950298138866]]}
{"519.lbm_r": [[180128.0, 1.0011586657527116]]}
