{"519.lbm_r": [[1785.0, 0.000369367995423035]]}
{"519.lbm_r": [[232476.0, 1.0008548326949505]]}
{"519.lbm_r": [[1587.0, 0.001806059319992221]]}
{"519.lbm_r": [[1593.0, 0.0008012206480484755]]}
{"519.lbm_r": [[1570.0, 0.003028111930976923]]}
{"519.lbm_r": [[1971589.0, 100.0]]}
{"519.lbm_r": [[6525011.0, 100.0]]}
{"519.lbm_r": [[1713.0, 0.0004298624041579499]]}
{"519.lbm_r": [[1571422.0, 100.0]]}
{"519.lbm_r": [[6035714.0, 100.0]]}
{"519.lbm_r": [[6094967.0, 100.0]]}
{"519.lbm_r": [[1546.0, 0.0006089319735847102]]}
{"519.lbm_r": [[1644.0, 0.0004087381028657118]]}
{"519.lbm_r": [[1526.0, 0.0023401896572607423]]}
{"519.lbm_r": [[229849.0, 1.0008321456395524]]}
