{"519.lbm_r": [[1710.0, 0.0005013447952377509]]}
{"519.lbm_r": [[1423.0, 0.04032420636202211]]}
{"519.lbm_r": [[1767.0, 0.0002711763270044236]]}
{"519.lbm_r": [[1759.0, 0.00026596083412454887]]}
{"519.lbm_r": [[1675.0, 0.0006967486132209851]]}
{"519.lbm_r": [[1696.0, 0.0004225491592052811]]}
{"519.lbm_r": [[1757.0, 0.00029991531737103667]]}
{"519.lbm_r": [[384164.0, 1.000592203245291]]}
{"519.lbm_r": [[1667.0, 0.0004161820349505943]]}
{"519.lbm_r": [[1601.0, 0.0010764347300441116]]}
