{"519.lbm_r": [[1450.0, 0.20956729133396063]]}
{"519.lbm_r": [[1759.0, 0.0003495851907943793]]}
{"519.lbm_r": [[1400.0, 0.1363480048535051]]}
{"519.lbm_r": [[1491.0, 0.11188835196490401]]}
{"519.lbm_r": [[1493.0, 0.039236474202309794]]}
{"519.lbm_r": [[1500.0, 0.12248519268041892]]}
{"519.lbm_r": [[1777.0, 0.00021317899752027183]]}
{"519.lbm_r": [[1841.0, 0.00013847731237778675]]}
{"519.lbm_r": [[1805.0, 0.0002208086207447207]]}
{"519.lbm_r": [[1685.0, 0.0009174806431605098]]}
