{"519.lbm_r": [[1576.0, 0.0009690958272523376]]}
{"519.lbm_r": [[1554.0, 0.00067572575733602]]}
{"519.lbm_r": [[1548.0, 0.0009811180645092209]]}
{"519.lbm_r": [[1587.0, 0.001318367811417927]]}
{"519.lbm_r": [[1535664.0, 98.00952520179641]]}
