{"519.lbm_r": [[1507.0, 0.0010171559282779153]]}
{"519.lbm_r": [[2923074.0, 100.0]]}
{"519.lbm_r": [[1528.0, 0.000998401780390179]]}
{"519.lbm_r": [[6337573.0, 100.0]]}
{"519.lbm_r": [[1566.0, 0.0005882790642464061]]}
{"519.lbm_r": [[1153651.0, 80.0022465115392]]}
{"519.lbm_r": [[221118.0, 2.0128685938380495]]}
{"519.lbm_r": [[151880.0, 1.0027303316621712]]}
{"519.lbm_r": [[1526.0, 0.0009939534967610512]]}
{"519.lbm_r": [[1511.0, 0.0010403321265863277]]}
{"519.lbm_r": [[2028027.0, 100.0]]}
{"519.lbm_r": [[3902761.0, 100.0]]}
{"519.lbm_r": [[1604.0, 0.00035785598705814]]}
{"519.lbm_r": [[1579.0, 0.0006124257050694715]]}
{"519.lbm_r": [[1571.0, 0.000581324489618482]]}
