{"519.lbm_r": [[1501.0, 0.0009556349329143078]]}
{"519.lbm_r": [[1575.0, 0.00037029809818027237]]}
{"519.lbm_r": [[616109.0, 2.0014284868088965]]}
{"519.lbm_r": [[1353.0, 0.2587120368100836]]}
{"519.lbm_r": [[1491.0, 0.0007280503932914691]]}
{"519.lbm_r": [[1531.0, 0.0006805711450703106]]}
{"519.lbm_r": [[1558.0, 0.0004640111723468053]]}
{"519.lbm_r": [[1577.0, 0.0006067720513630602]]}
{"519.lbm_r": [[1425.0, 0.003257929512360901]]}
{"519.lbm_r": [[1387.0, 0.001739772113334962]]}
{"519.lbm_r": [[1298.0, 0.15081458873873999]]}
{"519.lbm_r": [[1471.0, 0.000815872630707487]]}
{"519.lbm_r": [[1454.0, 0.0010106359531317562]]}
{"519.lbm_r": [[1565.0, 0.0004319904701113767]]}
{"519.lbm_r": [[1325.0, 0.09868937302295001]]}
{"519.lbm_r": [[1569.0, 0.0004952593089758638]]}
{"519.lbm_r": [[1441.0, 0.0012320789658638342]]}
{"519.lbm_r": [[147949.0, 1.002986824353959]]}
{"519.lbm_r": [[1303.0, 0.15180496772687763]]}
{"519.lbm_r": [[1518.0, 0.0010598597554102656]]}
{"519.lbm_r": [[1592.0, 0.00038531475324527837]]}
{"519.lbm_r": [[1556.0, 0.0005919213588910789]]}
{"519.lbm_r": [[1426.0, 0.050247404343347485]]}
{"519.lbm_r": [[1517.0, 0.0007652088322096624]]}
{"519.lbm_r": [[1548.0, 0.0006728942192497843]]}
{"519.lbm_r": [[1327.0, 0.14271212599689018]]}
{"519.lbm_r": [[1559.0, 0.000642195645344409]]}
{"519.lbm_r": [[1572.0, 0.0005544186629403865]]}
{"519.lbm_r": [[381256.0, 1.000667137026498]]}
{"519.lbm_r": [[1557.0, 0.0005086339911909053]]}
