{"519.lbm_r": [[1560.0, 0.13895725169450876]]}
{"519.lbm_r": [[1615.0, 0.00297184143059972]]}
{"519.lbm_r": [[1622.0, 0.00466874358821301]]}
