{"519.lbm_r": [[1590.0, 0.0011687985227907013]]}
{"519.lbm_r": [[1591.0, 0.0008651424658827185]]}
{"519.lbm_r": [[1632.0, 0.0008604194363852372]]}
{"519.lbm_r": [[1541.0, 0.0014509295522964346]]}
{"519.lbm_r": [[1559.0, 0.06867258165061914]]}
