{"519.lbm_r": [[1566.0, 0.08147299101343923]]}
{"519.lbm_r": [[1601.0, 0.0007178230780670661]]}
{"519.lbm_r": [[1555.0, 0.00392454661064495]]}
