{"519.lbm_r": [[1769.0, 0.00023119473487677873]]}
{"519.lbm_r": [[1736.0, 0.00027909943951766265]]}
{"519.lbm_r": [[1608.0, 0.0013813937746345072]]}
{"519.lbm_r": [[1757.0, 0.0002729269753903222]]}
{"519.lbm_r": [[1629.0, 0.0006810430961316386]]}
{"519.lbm_r": [[1751.0, 0.00039900466835754564]]}
{"519.lbm_r": [[1653.0, 0.00044959475879849294]]}
{"519.lbm_r": [[1649.0, 0.0007238381436418107]]}
{"519.lbm_r": [[1437.0, 0.16335720742001936]]}
{"519.lbm_r": [[69286.0, 1.0082934263482528]]}
{"519.lbm_r": [[1618.0, 0.001720736958243947]]}
{"519.lbm_r": [[277326.0, 1.0005178557524563]]}
{"519.lbm_r": [[1713.0, 0.0003787777383059307]]}
{"519.lbm_r": [[1689.0, 0.00041833623287316736]]}
{"519.lbm_r": [[607893.0, 2.0003739141571626]]}
{"519.lbm_r": [[1767.0, 0.00023304868070053852]]}
{"519.lbm_r": [[549842.0, 2.0004591672704484]]}
{"519.lbm_r": [[1524.0, 0.09108067521945676]]}
{"519.lbm_r": [[1619.0, 0.0013837930448253924]]}
{"519.lbm_r": [[1654.0, 0.0009576779924354532]]}
{"519.lbm_r": [[505129.0, 19.001068201443957]]}
{"519.lbm_r": [[1655.0, 0.0010022392997224429]]}
{"519.lbm_r": [[1516.0, 0.04471513139372851]]}
{"519.lbm_r": [[1691.0, 0.00041357231570898653]]}
{"519.lbm_r": [[1753.0, 0.0003101932501571755]]}
{"519.lbm_r": [[1664.0, 0.00043462406561176775]]}
{"519.lbm_r": [[1719.0, 0.0005185257010658079]]}
{"519.lbm_r": [[1593.0, 0.0006881135385914543]]}
{"519.lbm_r": [[1766.0, 0.00020125043156449197]]}
{"519.lbm_r": [[1454.0, 0.17544440928982788]]}
{"519.lbm_r": [[1622.0, 0.0009073922631160996]]}
{"519.lbm_r": [[1599.0, 0.001466702060622348]]}
{"519.lbm_r": [[1611.0, 0.0006432612320084151]]}
{"519.lbm_r": [[3568371.0, 100.0]]}
{"519.lbm_r": [[1637.0, 0.0004839034896564755]]}
{"519.lbm_r": [[1684.0, 0.0003673211463126946]]}
{"519.lbm_r": [[1573.0, 0.0007590389252113964]]}
{"519.lbm_r": [[1586.0, 0.0011416527114276882]]}
{"519.lbm_r": [[599671.0, 12.002172865506182]]}
{"519.lbm_r": [[1520.0, 0.001789143929404187]]}
{"519.lbm_r": [[1600.0, 0.000958006455408301]]}
{"519.lbm_r": [[1506.0, 0.03680609042688078]]}
{"519.lbm_r": [[1693.0, 0.0005562619431007176]]}
{"519.lbm_r": [[1677.0, 0.0005205130836690428]]}
{"519.lbm_r": [[1643.0, 0.001442849690621845]]}
{"519.lbm_r": [[1695.0, 0.0006490183748799422]]}
{"519.lbm_r": [[193677.0, 1.0016776620434766]]}
{"519.lbm_r": [[1644.0, 0.0004907831529946017]]}
{"519.lbm_r": [[1708.0, 0.00030360058393849587]]}
{"519.lbm_r": [[1595.0, 0.0008269797836430846]]}
{"519.lbm_r": [[1753.0, 0.00043197317090971053]]}
{"519.lbm_r": [[1691.0, 0.0005881712542845865]]}
{"519.lbm_r": [[1737.0, 0.0004333732492060577]]}
{"519.lbm_r": [[1729.0, 0.00032547685159288914]]}
{"519.lbm_r": [[536618.0, 2.000458204217378]]}
{"519.lbm_r": [[1645.0, 0.0008420773359465253]]}
{"519.lbm_r": [[1735.0, 0.000328436102584144]]}
{"519.lbm_r": [[1673.0, 0.0005823030971438086]]}
{"519.lbm_r": [[1557.0, 0.04140699365466241]]}
{"519.lbm_r": [[1668.0, 0.0005373868084896333]]}
{"519.lbm_r": [[1506.0, 0.0803347727346466]]}
{"519.lbm_r": [[1457.0, 0.17773070986724776]]}
{"519.lbm_r": [[1496.0, 0.14736693235731774]]}
{"519.lbm_r": [[1456.0, 0.11234909759233963]]}
{"519.lbm_r": [[1482.0, 0.10073425741012791]]}
{"519.lbm_r": [[1456.0, 0.1410338770551473]]}
{"519.lbm_r": [[1393.0, 0.2539007896894978]]}
{"519.lbm_r": [[1496.0, 0.11599486677237687]]}
{"519.lbm_r": [[1534.0, 0.07954900077983064]]}
{"519.lbm_r": [[1488.0, 0.03277664981575857]]}
{"519.lbm_r": [[1468.0, 0.0771865617857465]]}
{"519.lbm_r": [[1475.0, 0.0900406358655822]]}
{"519.lbm_r": [[1401.0, 0.156157118779415]]}
{"519.lbm_r": [[1495.0, 0.09772876475725811]]}
{"519.lbm_r": [[1470.0, 0.20962542342003135]]}
{"519.lbm_r": [[1434.0, 0.1322338768925336]]}
{"519.lbm_r": [[1478.0, 0.14905748537110813]]}
{"519.lbm_r": [[1532.0, 0.11982645001950198]]}
{"519.lbm_r": [[1436.0, 0.10726616711891127]]}
{"519.lbm_r": [[1425.0, 0.09416208002005333]]}
