{"519.lbm_r": [[15047279.0, 100.0]]}
{"519.lbm_r": [[1476.0, 0.0014323995732593356]]}
{"519.lbm_r": [[1322.0, 0.001784090449117852]]}
{"519.lbm_r": [[1532.0, 0.0007335541431572951]]}
{"519.lbm_r": [[940879.0, 38.00165090502187]]}
{"519.lbm_r": [[3012291.0, 100.0]]}
{"519.lbm_r": [[226419.0, 1.001318140552935]]}
{"519.lbm_r": [[1444.0, 0.0007032116837660777]]}
{"519.lbm_r": [[1510.0, 0.0012222075535341208]]}
{"519.lbm_r": [[14260153.0, 100.0]]}
{"519.lbm_r": [[3826843.0, 100.0]]}
{"519.lbm_r": [[1478.0, 0.0006202025769080964]]}
{"519.lbm_r": [[1536.0, 0.0005709013023327786]]}
{"519.lbm_r": [[1559.0, 0.0004260441897612259]]}
{"519.lbm_r": [[373228.0, 2.001303919993035]]}
