{"519.lbm_r": [[1607.0, 0.0003572714676637636]]}
{"519.lbm_r": [[1563.0, 0.0010401859724635397]]}
{"519.lbm_r": [[1579.0, 0.000629094050856927]]}
{"519.lbm_r": [[189303.0, 1.001995418985328]]}
{"519.lbm_r": [[1416.0, 0.03030168765141359]]}
{"519.lbm_r": [[2067036.9999999998, 100.0]]}
{"519.lbm_r": [[1464.0, 0.0019490740749466158]]}
{"519.lbm_r": [[14145932.0, 100.0]]}
{"519.lbm_r": [[3202745.0, 100.0]]}
{"519.lbm_r": [[1587.0, 0.0005489171141305298]]}
{"519.lbm_r": [[12173058.0, 100.0]]}
{"519.lbm_r": [[1590.0, 0.0008522060100275995]]}
{"519.lbm_r": [[916090.0, 42.00225513663328]]}
{"519.lbm_r": [[8057356.0, 100.0]]}
{"519.lbm_r": [[1584.0, 0.0004964802434106273]]}
