{"519.lbm_r": [[1689.0, 0.0007622730940612051]]}
{"519.lbm_r": [[1629.0, 0.001217874909278158]]}
{"519.lbm_r": [[1476.0, 0.10228172847360682]]}
{"519.lbm_r": [[1684.0, 0.000768894968168767]]}
{"519.lbm_r": [[1621.0, 0.0005472535164525291]]}
{"519.lbm_r": [[1596.0, 0.001981408445217753]]}
{"519.lbm_r": [[1459.0, 0.06636674058646364]]}
{"519.lbm_r": [[1522.0, 0.035239721515677454]]}
{"519.lbm_r": [[1784.0, 0.00024217413095363346]]}
{"519.lbm_r": [[226569.0, 1.001052058396044]]}
{"519.lbm_r": [[1487.0, 0.05917171917688919]]}
{"519.lbm_r": [[1591.0, 0.0022968749154213017]]}
{"519.lbm_r": [[1637.0, 0.001066592560607451]]}
{"519.lbm_r": [[1616.0, 0.0008537614759920971]]}
{"519.lbm_r": [[1554.0, 0.032876373967521355]]}
{"519.lbm_r": [[1758.0, 0.0005570462784706277]]}
{"519.lbm_r": [[1777.0, 0.00023888600278037096]]}
{"519.lbm_r": [[1605.0, 0.001149355846223665]]}
{"519.lbm_r": [[1688.0, 0.0008950744599032428]]}
{"519.lbm_r": [[1663.0, 0.0007544081308183514]]}
{"519.lbm_r": [[1499.0, 0.1098649894736628]]}
{"519.lbm_r": [[1678.0, 0.0008131294774805496]]}
{"519.lbm_r": [[1654.0, 0.0007983153268199511]]}
{"519.lbm_r": [[1530.0, 0.05288316149884777]]}
{"519.lbm_r": [[1636.0, 0.0008263654497383215]]}
{"519.lbm_r": [[1669.0, 0.0007006289651389335]]}
{"519.lbm_r": [[4354620.0, 100.0]]}
{"519.lbm_r": [[1657.0, 0.0007049299417304849]]}
{"519.lbm_r": [[1774.0, 0.0002028184438574634]]}
{"519.lbm_r": [[1603.0, 0.0007049301138929675]]}
{"519.lbm_r": [[1664.0, 0.0007159289758083104]]}
{"519.lbm_r": [[1639.0, 0.00224988798292376]]}
{"519.lbm_r": [[1743.0, 0.0004371469409043803]]}
{"519.lbm_r": [[1746.0, 0.00045745354895098805]]}
{"519.lbm_r": [[1701.0, 0.0003985255819957152]]}
{"519.lbm_r": [[1688.0, 0.0007490291221755147]]}
{"519.lbm_r": [[1725.0, 0.0003423373810239248]]}
{"519.lbm_r": [[1612.0, 0.0007882593138645366]]}
{"519.lbm_r": [[1499.0, 0.10795107178647553]]}
{"519.lbm_r": [[1744.0, 0.000384032953025285]]}
{"519.lbm_r": [[265108.0, 1.0008633139631067]]}
{"519.lbm_r": [[1765.0, 0.00030373022270604604]]}
{"519.lbm_r": [[1636.0, 0.0013395965042063871]]}
{"519.lbm_r": [[1546.0, 0.0688906794349273]]}
{"519.lbm_r": [[497404.0, 2.8392351170824695]]}
{"519.lbm_r": [[1834.0, 0.00012147148217259825]]}
{"519.lbm_r": [[1735.0, 0.0003350434024402754]]}
{"519.lbm_r": [[1773.0, 0.0003001713203441521]]}
{"519.lbm_r": [[1693.0, 0.0008336835716966451]]}
{"519.lbm_r": [[1689.0, 0.0005326831339490195]]}
