{"519.lbm_r": [[1604.0, 0.0008562756831146558]]}
{"519.lbm_r": [[1597.0, 0.0016318608473179848]]}
{"519.lbm_r": [[1598.0, 0.0006180449695584786]]}
{"519.lbm_r": [[1597.0, 0.003398511991936136]]}
{"519.lbm_r": [[1601.0, 0.002018375301809834]]}
