{"519.lbm_r": [[523893.0, 2.9874235334851758]]}
{"519.lbm_r": [[1340.0, 0.14670291021334103]]}
{"519.lbm_r": [[1541.0, 0.000842057146155465]]}
{"519.lbm_r": [[8770906.0, 100.0]]}
{"519.lbm_r": [[252887.0, 1.0009134889628462]]}
{"519.lbm_r": [[1492.0, 0.0013227873293722194]]}
{"519.lbm_r": [[1605.0, 0.000399746079328111]]}
{"519.lbm_r": [[1600.0, 0.0003731378776013625]]}
{"519.lbm_r": [[1500.0, 0.0017550487481518915]]}
{"519.lbm_r": [[389656.0, 1.0003423443251407]]}
{"519.lbm_r": [[1540.0, 0.0008909647262890696]]}
{"519.lbm_r": [[1541.0, 0.0008064826201063075]]}
{"519.lbm_r": [[1597.0, 0.0004575663615592429]]}
{"519.lbm_r": [[1536.0, 0.0008619429865401862]]}
{"519.lbm_r": [[1489.0, 0.001664084424884696]]}
{"519.lbm_r": [[1584.0, 0.0005582552092363582]]}
{"519.lbm_r": [[1481.0, 0.0007641127707464573]]}
{"519.lbm_r": [[1589.0, 0.0004376305117311673]]}
{"519.lbm_r": [[1493.0, 0.0008697200714360026]]}
{"519.lbm_r": [[757785.0, 25.016929378052545]]}
{"519.lbm_r": [[1477.0, 0.0011962016310933055]]}
{"519.lbm_r": [[1567.0, 0.0008223774115121053]]}
{"519.lbm_r": [[1576.0, 0.0005785248516517659]]}
{"519.lbm_r": [[1322.0, 0.06020721690810835]]}
{"519.lbm_r": [[1377.0, 0.08688115090249822]]}
{"519.lbm_r": [[1599.0, 0.000560773178057121]]}
{"519.lbm_r": [[1290.0, 0.19450217331798267]]}
{"519.lbm_r": [[1456.0, 0.002071013470007042]]}
{"519.lbm_r": [[1566.0, 0.0007059711355415435]]}
{"519.lbm_r": [[1498.0, 0.0025977301865484454]]}
