{"519.lbm_r": [[1382.0, 0.12665199452644102]]}
{"519.lbm_r": [[1418.0, 0.047663824169311815]]}
{"519.lbm_r": [[713761.0, 2.001041777885514]]}
{"519.lbm_r": [[1342.0, 0.07837359442235187]]}
{"519.lbm_r": [[1585.0, 0.000505456126662044]]}
{"519.lbm_r": [[1531.0, 0.001823909190961971]]}
{"519.lbm_r": [[1584.0, 0.0004762007729841378]]}
{"519.lbm_r": [[1518.0, 0.002969446217430684]]}
{"519.lbm_r": [[1571.0, 0.0005658152271788246]]}
{"519.lbm_r": [[1692.0, 0.000549464574030767]]}
{"519.lbm_r": [[1571.0, 0.000560527852942505]]}
{"519.lbm_r": [[106228.0, 1.0046842876000028]]}
{"519.lbm_r": [[1450.0, 0.0012360152953670399]]}
{"519.lbm_r": [[661719.0, 2.001339857123868]]}
{"519.lbm_r": [[1402.0, 0.0031012374633204603]]}
{"519.lbm_r": [[1562.0, 0.0006760331511289329]]}
{"519.lbm_r": [[1333.0, 0.1348245756406043]]}
{"519.lbm_r": [[1389.0, 0.058271322123038045]]}
{"519.lbm_r": [[1558.0, 0.0006025668766768072]]}
{"519.lbm_r": [[1401.0, 0.005437400405332474]]}
{"519.lbm_r": [[1567.0, 0.0005519954706933345]]}
{"519.lbm_r": [[1541.0, 0.0007377182665819716]]}
{"519.lbm_r": [[442157.0, 1.0005895602537351]]}
{"519.lbm_r": [[1566.0, 0.0007354269273779422]]}
{"519.lbm_r": [[1362.0, 0.1902664963057031]]}
{"519.lbm_r": [[150831.0, 1.0032163154216447]]}
{"519.lbm_r": [[1664.0, 0.0005547774840616615]]}
{"519.lbm_r": [[1575.0, 0.0006400329962768731]]}
{"519.lbm_r": [[1646.0, 0.0004180048305207621]]}
{"519.lbm_r": [[1620.0, 0.000338579330982534]]}
