{"519.lbm_r": [[1505.0, 0.0006929535132511744]]}
{"519.lbm_r": [[1565.0, 0.0005993089432710018]]}
{"519.lbm_r": [[1388.0, 0.0463343600189879]]}
{"519.lbm_r": [[1490.0, 0.002106429835792908]]}
{"519.lbm_r": [[224387.0, 1.001494319508218]]}
{"519.lbm_r": [[1567.0, 0.00042730026879288604]]}
{"519.lbm_r": [[4267908.0, 100.0]]}
{"519.lbm_r": [[1523.0, 0.0007264996012764309]]}
{"519.lbm_r": [[1558.0, 0.000803515583431971]]}
{"519.lbm_r": [[1588.0, 0.00040522944838326287]]}
{"519.lbm_r": [[219659.0, 1.00153070873008]]}
{"519.lbm_r": [[12249834.0, 100.0]]}
{"519.lbm_r": [[254163.0, 1.0011563018399376]]}
{"519.lbm_r": [[1531.0, 0.0005177606197370674]]}
{"519.lbm_r": [[1571.0, 0.0007052916906625099]]}
