{"519.lbm_r": [[1785.0, 0.0001652181362661888]]}
{"519.lbm_r": [[25943508.0, 100.0]]}
{"519.lbm_r": [[1712.0, 0.0002095268745262409]]}
{"519.lbm_r": [[1633.0, 0.001002073148526948]]}
{"519.lbm_r": [[1689.0, 0.0005438668647541618]]}
