{"519.lbm_r": [[1475.0, 0.0019561648251712033]]}
{"519.lbm_r": [[4360183.0, 100.0]]}
{"519.lbm_r": [[1541.0, 0.0005090403912014904]]}
{"519.lbm_r": [[2430063.0, 100.0]]}
{"519.lbm_r": [[689843.0, 29.00265242301883]]}
{"519.lbm_r": [[1547.0, 0.0005005661423336169]]}
{"519.lbm_r": [[1654.0, 0.00039448001334899796]]}
{"519.lbm_r": [[1568.0, 0.001680544489934689]]}
{"519.lbm_r": [[278492.0, 2.884601697354629]]}
{"519.lbm_r": [[5651338.0, 100.0]]}
{"519.lbm_r": [[269218.0, 1.0001848263834539]]}
{"519.lbm_r": [[1410.0, 0.0012540807870312519]]}
{"519.lbm_r": [[1478.0, 0.0007702929362714618]]}
{"519.lbm_r": [[1574.0, 0.0005000464950615057]]}
{"519.lbm_r": [[5072368.0, 100.0]]}
