{"519.lbm_r": [[471808.0, 2.0047942507901584]]}
{"519.lbm_r": [[1533.0, 0.0008019878016413097]]}
{"519.lbm_r": [[1560.0, 0.0005853136122034087]]}
{"519.lbm_r": [[1349.0, 0.11237358051300703]]}
{"519.lbm_r": [[1511.0, 0.0012632603697457182]]}
{"519.lbm_r": [[1562.0, 0.0014980915233936928]]}
{"519.lbm_r": [[1492.0, 0.0007399611326807819]]}
{"519.lbm_r": [[1472.0, 0.0010044809467535812]]}
{"519.lbm_r": [[1571.0, 0.0009562732311968183]]}
{"519.lbm_r": [[1573.0, 0.0006341191109871415]]}
{"519.lbm_r": [[1536.0, 0.0006602441864123744]]}
{"519.lbm_r": [[8891905.0, 100.0]]}
{"519.lbm_r": [[1314.0, 0.04490575767684707]]}
{"519.lbm_r": [[2908785.0, 100.0]]}
{"519.lbm_r": [[1437.0, 0.0036965551367920536]]}
{"519.lbm_r": [[1404.0, 0.0031975999023407934]]}
{"519.lbm_r": [[1467.0, 0.0010392712738428638]]}
{"519.lbm_r": [[1500.0, 0.0010353785835305023]]}
{"519.lbm_r": [[1587.0, 0.0008907001414336651]]}
{"519.lbm_r": [[1510.0, 0.0011169308583583355]]}
{"519.lbm_r": [[213947.0, 1.0016109783364198]]}
{"519.lbm_r": [[1423.0, 0.05815014324488695]]}
{"519.lbm_r": [[1339.0, 0.12523714154420837]]}
{"519.lbm_r": [[1592.0, 0.0003856647632328552]]}
{"519.lbm_r": [[1336.0, 0.1799170017832746]]}
{"519.lbm_r": [[1142005.0, 55.00236547395711]]}
{"519.lbm_r": [[5533948.0, 100.0]]}
{"519.lbm_r": [[1527.0, 0.0006768341908200709]]}
{"519.lbm_r": [[1381.0, 0.19691514735056329]]}
{"519.lbm_r": [[1359.0, 0.07873300634455765]]}
{"519.lbm_r": [[1570.0, 0.0009561455155831257]]}
{"519.lbm_r": [[1700.0, 0.00022565780239951227]]}
{"519.lbm_r": [[1547.0, 0.0006345079173783876]]}
{"519.lbm_r": [[1484.0, 0.0015165353546009947]]}
{"519.lbm_r": [[1289.0, 0.19093337525972365]]}
{"519.lbm_r": [[331970.0, 1.0008747488194043]]}
{"519.lbm_r": [[1513.0, 0.0009774580109893501]]}
{"519.lbm_r": [[1516.0, 0.002237741576486628]]}
{"519.lbm_r": [[362190.0, 1.0006643242981121]]}
{"519.lbm_r": [[1557.0, 0.0006064236334658511]]}
{"519.lbm_r": [[1355.0, 0.04886563190802077]]}
{"519.lbm_r": [[1354.0, 0.13818897193413412]]}
{"519.lbm_r": [[1518.0, 0.0021768458074218943]]}
{"519.lbm_r": [[1589.0, 0.0004910425356255074]]}
{"519.lbm_r": [[1373.0, 0.08766351236312313]]}
{"519.lbm_r": [[1570.0, 0.0008095080335218197]]}
{"519.lbm_r": [[14057502.0, 100.0]]}
{"519.lbm_r": [[224693.0, 1.0019616202860506]]}
{"519.lbm_r": [[1293.0, 0.19254336522239143]]}
{"519.lbm_r": [[1499.0, 0.0011309409898332444]]}
