{"519.lbm_r": [[1501.0, 0.15555183336906894]]}
{"519.lbm_r": [[1489.0, 0.20642339896834438]]}
{"519.lbm_r": [[1583.0, 0.0011678090725994383]]}
{"519.lbm_r": [[1477.0, 0.10853130139609948]]}
{"519.lbm_r": [[1491.0, 0.12527755745070926]]}
{"519.lbm_r": [[1635.0, 0.0008401649478197976]]}
{"519.lbm_r": [[1546.0, 0.02910286425297564]]}
{"519.lbm_r": [[1564.0, 0.09245560538302036]]}
{"519.lbm_r": [[1520.0, 0.18646300370942887]]}
{"519.lbm_r": [[1576.0, 0.07297670397816183]]}
