{"519.lbm_r": [[1540.0, 0.0008606113328799154]]}
{"519.lbm_r": [[2457197.0, 100.0]]}
{"519.lbm_r": [[346942.0, 1.000810940877623]]}
{"519.lbm_r": [[420215.0, 2.0053366243840474]]}
{"519.lbm_r": [[192306.0, 1.002245036961158]]}
{"519.lbm_r": [[189068.0, 1.00197506105795]]}
{"519.lbm_r": [[1299.0, 0.09153948867048406]]}
{"519.lbm_r": [[3002713.0, 100.0]]}
{"519.lbm_r": [[1481.0, 0.001209468820844857]]}
{"519.lbm_r": [[1402.0, 0.001670312869825449]]}
{"519.lbm_r": [[1580.0, 0.0005457730728975068]]}
{"519.lbm_r": [[1476.0, 0.0013805826774287901]]}
{"519.lbm_r": [[8541107.0, 100.0]]}
{"519.lbm_r": [[4166814.9999999995, 100.0]]}
{"519.lbm_r": [[233461.0, 1.001377519237257]]}
{"519.lbm_r": [[1316.0, 0.05341370349449964]]}
{"519.lbm_r": [[1560.0, 0.0006279299295832856]]}
{"519.lbm_r": [[1364.0, 0.1383697088601468]]}
{"519.lbm_r": [[1360.0, 0.13329505293565988]]}
{"519.lbm_r": [[1555.0, 0.0005777753622210371]]}
{"519.lbm_r": [[1477.0, 0.0014927519474768123]]}
{"519.lbm_r": [[1413.0, 0.0025684699036069604]]}
{"519.lbm_r": [[1423.0, 0.0020285242456590993]]}
{"519.lbm_r": [[1564.0, 0.0005116257544185074]]}
{"519.lbm_r": [[1569.0, 0.0004494069345696575]]}
{"519.lbm_r": [[1455.0, 0.0035732428251024854]]}
{"519.lbm_r": [[1465.0, 0.001161569611864038]]}
{"519.lbm_r": [[1514.0, 0.000720506645084437]]}
{"519.lbm_r": [[1366.0, 0.0015168802408789593]]}
{"519.lbm_r": [[1549.0, 0.0005153137744253195]]}
{"519.lbm_r": [[1380.0, 0.07205543100979438]]}
{"519.lbm_r": [[1552.0, 0.0008410176849239776]]}
{"519.lbm_r": [[255436.0, 1.0013872798698469]]}
{"519.lbm_r": [[3097115.0, 100.0]]}
{"519.lbm_r": [[1341.0, 0.11835681621690669]]}
{"519.lbm_r": [[1566.0, 0.00046478832930161906]]}
{"519.lbm_r": [[1566.0, 0.00048115889627547504]]}
{"519.lbm_r": [[4409749.0, 100.0]]}
{"519.lbm_r": [[1575.0, 0.00036651393715790586]]}
{"519.lbm_r": [[1463.0, 0.0020639561554675998]]}
{"519.lbm_r": [[254261.0, 1.0006072457552193]]}
{"519.lbm_r": [[1486.0, 0.0025821957753512778]]}
{"519.lbm_r": [[1505.0, 0.0018120584363043731]]}
{"519.lbm_r": [[1575.0, 0.0007332916294038677]]}
{"519.lbm_r": [[1530.0, 0.0007969635398236334]]}
{"519.lbm_r": [[1301.0, 0.19980168398605458]]}
{"519.lbm_r": [[149582.0, 1.0028757793937904]]}
{"519.lbm_r": [[1289.0, 0.07299798515766849]]}
{"519.lbm_r": [[188520.0, 1.0015638482016602]]}
{"519.lbm_r": [[1560.0, 0.0004714649688626207]]}
