{"519.lbm_r": [[1595.0, 0.0021171870992267644]]}
{"519.lbm_r": [[1559.0, 0.0010180178535525333]]}
{"519.lbm_r": [[2255.0, 1.643946594136]]}
{"519.lbm_r": [[1571.0, 0.06305375244836205]]}
{"519.lbm_r": [[1597.0, 0.0005157747687677566]]}
{"519.lbm_r": [[1492.0, 0.008761060199639173]]}
{"519.lbm_r": [[1551.0, 0.0008568684952026466]]}
{"519.lbm_r": [[1534.0, 0.0899818937605599]]}
{"519.lbm_r": [[1597.0, 0.001953438183749518]]}
{"519.lbm_r": [[1627.0, 0.120915207109981]]}
{"519.lbm_r": [[1642.0, 0.0008419290525714816]]}
{"519.lbm_r": [[1598.0, 0.009167802388479885]]}
{"519.lbm_r": [[1658.0, 0.0004948738121087892]]}
