{"519.lbm_r": [[489730.0, 2.0006664172943784]]}
{"519.lbm_r": [[1688.0, 0.00049261508904049]]}
{"519.lbm_r": [[1707.0, 0.0005489572927335838]]}
{"519.lbm_r": [[1620.0, 0.0016841725786115977]]}
{"519.lbm_r": [[1527.0, 0.0866120674773662]]}
{"519.lbm_r": [[1769.0, 0.00026061582007197887]]}
{"519.lbm_r": [[1630.0, 0.0007358518009991904]]}
{"519.lbm_r": [[1693.0, 0.0003226655283782147]]}
{"519.lbm_r": [[1758.0, 0.0004063691201902383]]}
{"519.lbm_r": [[1622.0, 0.0005449755491231069]]}
{"519.lbm_r": [[1624.0, 0.0008238299723112492]]}
{"519.lbm_r": [[1496.0, 0.07277612277618643]]}
{"519.lbm_r": [[1541.0, 0.0021343760720329906]]}
{"519.lbm_r": [[13014122.0, 100.0]]}
{"519.lbm_r": [[210049.0, 1.001005163836968]]}
{"519.lbm_r": [[1657.0, 0.001381975923803892]]}
{"519.lbm_r": [[1461.0, 0.09840563263246745]]}
{"519.lbm_r": [[1691.0, 0.0003362017451714485]]}
{"519.lbm_r": [[22648234.0, 100.0]]}
{"519.lbm_r": [[1701.0, 0.0005858872653796363]]}
{"519.lbm_r": [[1763.0, 0.00019796410992766128]]}
{"519.lbm_r": [[1620137.0, 30.00134660210398]]}
{"519.lbm_r": [[1756.0, 0.00043267494547627954]]}
{"519.lbm_r": [[1597.0, 0.0010606903913484645]]}
{"519.lbm_r": [[1743.0, 0.00035600062353904075]]}
{"519.lbm_r": [[1722.0, 0.00043094578782502046]]}
{"519.lbm_r": [[1550.0, 0.16058882832016116]]}
{"519.lbm_r": [[8063250.0, 100.0]]}
{"519.lbm_r": [[314852.0, 1.0004388648249583]]}
{"519.lbm_r": [[1669.0, 0.0004874361996742442]]}
{"519.lbm_r": [[1746.0, 0.0003594079457172791]]}
{"519.lbm_r": [[16057114.0, 100.0]]}
{"519.lbm_r": [[1744.0, 0.00034030184947503734]]}
{"519.lbm_r": [[300470.0, 1.0004776232212622]]}
{"519.lbm_r": [[610065.0, 2.0003339863895837]]}
{"519.lbm_r": [[358638.0, 1.0003496113629906]]}
{"519.lbm_r": [[1765.0, 0.00041139841081301885]]}
{"519.lbm_r": [[1505.0, 0.062051444133688696]]}
{"519.lbm_r": [[1750.0, 0.0002792842992861231]]}
{"519.lbm_r": [[1736.0, 0.0004289942401017057]]}
{"519.lbm_r": [[1619.0, 0.0009743640405882624]]}
{"519.lbm_r": [[1649.0, 0.002714788473850683]]}
{"519.lbm_r": [[366505.0, 1.000258863320078]]}
{"519.lbm_r": [[3523557.0, 100.0]]}
{"519.lbm_r": [[1656.0, 0.0008455386642791166]]}
{"519.lbm_r": [[1609.0, 0.0029242249409824656]]}
{"519.lbm_r": [[1675.0, 0.0005282813627385225]]}
{"519.lbm_r": [[1257101.0, 100.0]]}
{"519.lbm_r": [[252569.0, 1.0007644972127265]]}
{"519.lbm_r": [[473994.0, 7.0012841969449395]]}
{"519.lbm_r": [[1425.0, 0.10623915899449149]]}
{"519.lbm_r": [[1637.0, 0.0013283456057195501]]}
{"519.lbm_r": [[1758.0, 0.0003164084101864499]]}
{"519.lbm_r": [[1482.0, 0.04569097237381792]]}
{"519.lbm_r": [[1632.0, 0.0009570209239274106]]}
{"519.lbm_r": [[332610.0, 1.0003744767260572]]}
{"519.lbm_r": [[174261.0, 1.0013766615579143]]}
{"519.lbm_r": [[1533.0, 0.10698107491860062]]}
{"519.lbm_r": [[362148.0, 2.4878805082222795]]}
{"519.lbm_r": [[1742.0, 0.0003691061632372147]]}
{"519.lbm_r": [[1428.0, 0.27492042048989707]]}
{"519.lbm_r": [[1472.0, 0.16147147589113295]]}
{"519.lbm_r": [[1414.0, 0.18212747066362386]]}
{"519.lbm_r": [[1452.0, 0.26464123611449514]]}
{"519.lbm_r": [[1536.0, 0.11251471607277506]]}
{"519.lbm_r": [[1535.0, 0.19213842337302342]]}
{"519.lbm_r": [[1512.0, 0.06948116666604891]]}
{"519.lbm_r": [[1491.0, 0.08880996797747652]]}
{"519.lbm_r": [[1491.0, 0.09319128216283423]]}
{"519.lbm_r": [[1485.0, 0.08728415024392014]]}
{"519.lbm_r": [[1447.0, 0.1523294533690618]]}
{"519.lbm_r": [[1509.0, 0.18934685115712105]]}
{"519.lbm_r": [[1530.0, 0.10711875004837902]]}
{"519.lbm_r": [[1487.0, 0.0640655549436352]]}
{"519.lbm_r": [[1514.0, 0.1132053335940815]]}
{"519.lbm_r": [[1455.0, 0.2092606020783423]]}
{"519.lbm_r": [[1464.0, 0.18180309804655784]]}
{"519.lbm_r": [[1450.0, 0.14223742044599363]]}
{"519.lbm_r": [[1462.0, 0.12204365015168288]]}
{"519.lbm_r": [[1461.0, 0.19516098484255145]]}
