{"519.lbm_r": [[1644.0, 0.0012361898163140293]]}
{"519.lbm_r": [[1694.0, 0.000590480491522142]]}
{"519.lbm_r": [[1666.0, 0.0003178549870326303]]}
{"519.lbm_r": [[1684.0, 0.0003391546582483821]]}
{"519.lbm_r": [[1630.0, 0.0003288564808770067]]}
{"519.lbm_r": [[1634.0, 0.06664358052779755]]}
{"519.lbm_r": [[1624.0, 0.00542275492217596]]}
{"519.lbm_r": [[1668.0, 0.00043770658696721143]]}
{"519.lbm_r": [[1646.0, 0.0005319980489167154]]}
{"519.lbm_r": [[14359028.0, 100.0]]}
{"519.lbm_r": [[925244.0, 47.00282882095651]]}
{"519.lbm_r": [[14342481.0, 100.0]]}
{"519.lbm_r": [[16793472.0, 100.0]]}
{"519.lbm_r": [[1598.0, 0.043865152445670644]]}
{"519.lbm_r": [[12828943.0, 100.0]]}
