{"519.lbm_r": [[1543.0, 0.1698608713604579]]}
{"519.lbm_r": [[6110773.0, 100.0]]}
{"519.lbm_r": [[1622.0, 0.001582618585310874]]}
