{"519.lbm_r": [[3995747.0, 100.0]]}
{"519.lbm_r": [[1542.0, 0.0005458012548556432]]}
{"519.lbm_r": [[2566287.0, 100.0]]}
{"519.lbm_r": [[1522.0, 0.00090731815453372]]}
{"519.lbm_r": [[1455.0, 0.0013577405813808682]]}
{"519.lbm_r": [[1482.0, 0.0018219641422285503]]}
{"519.lbm_r": [[1525.0, 0.0005228198324845203]]}
{"519.lbm_r": [[1490.0, 0.0016494920247144516]]}
{"519.lbm_r": [[333719.0, 1.0009409444943482]]}
{"519.lbm_r": [[4818717.0, 100.0]]}
{"519.lbm_r": [[1459.0, 0.001187625098475815]]}
{"519.lbm_r": [[437535.0, 2.0106321906644826]]}
{"519.lbm_r": [[1448.0, 0.00158991247947255]]}
{"519.lbm_r": [[1307.0, 0.19543047557452592]]}
{"519.lbm_r": [[1444.0, 0.0014381054470454153]]}
{"519.lbm_r": [[1521.0, 0.0007736430403653232]]}
{"519.lbm_r": [[1533.0, 0.0006905558659639297]]}
{"519.lbm_r": [[1575.0, 0.0004480694244529776]]}
{"519.lbm_r": [[63973.0, 1.0104878626606075]]}
{"519.lbm_r": [[1476.0, 0.0006691538885597228]]}
{"519.lbm_r": [[1486.0, 0.0007300366272562918]]}
{"519.lbm_r": [[9093460.0, 100.0]]}
{"519.lbm_r": [[1314.0, 0.20071842181091584]]}
{"519.lbm_r": [[1523.0, 0.0008937975533744836]]}
{"519.lbm_r": [[1468.0, 0.0034092080051615764]]}
{"519.lbm_r": [[1437.0, 0.0014627515880108223]]}
{"519.lbm_r": [[209720.0, 1.002098043906989]]}
{"519.lbm_r": [[1492.0, 0.0009624009479891477]]}
{"519.lbm_r": [[1561.0, 0.0007106227787978917]]}
{"519.lbm_r": [[217250.0, 1.0008863061322348]]}
{"519.lbm_r": [[1596.0, 0.00041696265054370847]]}
{"519.lbm_r": [[1409.0, 0.002351608557634779]]}
{"519.lbm_r": [[1425.0, 0.000966096136323258]]}
{"519.lbm_r": [[1710.0, 0.00017253986592105807]]}
{"519.lbm_r": [[1618.0, 0.00027139337512207894]]}
{"519.lbm_r": [[338362.0, 1.0003751850271951]]}
{"519.lbm_r": [[344481.0, 1.0008431940212168]]}
{"519.lbm_r": [[1481.0, 0.0006158018035747812]]}
{"519.lbm_r": [[192144.0, 1.0017826588578171]]}
{"519.lbm_r": [[1379.0, 0.1409508405592669]]}
{"519.lbm_r": [[2947309.0, 100.0]]}
{"519.lbm_r": [[1374.0, 0.0015791196322814183]]}
{"519.lbm_r": [[1499.0, 0.0020045191074454403]]}
{"519.lbm_r": [[442779.0, 2.0038750651017145]]}
{"519.lbm_r": [[4825715.0, 100.0]]}
{"519.lbm_r": [[1775893.0, 100.0]]}
{"519.lbm_r": [[1452.0, 0.002558157831886859]]}
{"519.lbm_r": [[1501.0, 0.0008016929034551878]]}
{"519.lbm_r": [[386503.0, 2.027317487522701]]}
{"519.lbm_r": [[1637.0, 0.0003041038746009001]]}
