{"519.lbm_r": [[5238860.0, 100.0]]}
{"519.lbm_r": [[11136388.0, 100.0]]}
{"519.lbm_r": [[1671.0, 0.0011011394463937014]]}
{"519.lbm_r": [[1647.0, 0.0006291125081046345]]}
{"519.lbm_r": [[7411212.0, 100.0]]}
{"519.lbm_r": [[5869782.0, 100.0]]}
{"519.lbm_r": [[13624948.0, 100.0]]}
{"519.lbm_r": [[1666.0, 0.0004152546798659925]]}
{"519.lbm_r": [[1668.0, 0.0004263218198258591]]}
{"519.lbm_r": [[7235948.0, 100.0]]}
{"519.lbm_r": [[1690.0, 0.0003127362644888249]]}
{"519.lbm_r": [[1677.0, 0.002105105529847147]]}
{"519.lbm_r": [[1643.0, 0.0006967865695491025]]}
{"519.lbm_r": [[1547.0, 0.07613133015643055]]}
{"519.lbm_r": [[8076564.0, 100.0]]}
{"519.lbm_r": [[13068778.0, 100.0]]}
{"519.lbm_r": [[14022610.0, 100.0]]}
{"519.lbm_r": [[1637.0, 0.0028253881214001207]]}
{"519.lbm_r": [[1668.0, 0.0012011924469863976]]}
{"519.lbm_r": [[1602.0, 0.0004644297554323375]]}
{"519.lbm_r": [[1618.0, 0.0010231983962342309]]}
{"519.lbm_r": [[4269515.0, 100.0]]}
{"519.lbm_r": [[3016089.0, 100.0]]}
{"519.lbm_r": [[7020643.0, 100.0]]}
{"519.lbm_r": [[1607.0, 0.0008204938791993755]]}
{"519.lbm_r": [[156325.0, 1.0011290381363176]]}
{"519.lbm_r": [[202138.0, 2.805928811941773]]}
{"519.lbm_r": [[1636.0, 0.002128145262592371]]}
{"519.lbm_r": [[19357460.0, 100.0]]}
{"519.lbm_r": [[15656502.0, 100.0]]}
{"519.lbm_r": [[7051828.0, 100.0]]}
{"519.lbm_r": [[1505.0, 0.12038187371435935]]}
{"519.lbm_r": [[1678.0, 0.00043348866423386045]]}
{"519.lbm_r": [[1117466.0, 41.00047299564511]]}
{"519.lbm_r": [[1561.0, 0.002330830064869082]]}
{"519.lbm_r": [[340363.0, 4.001613593572945]]}
{"519.lbm_r": [[6145706.0, 100.0]]}
{"519.lbm_r": [[1578.0, 0.0008789374036216858]]}
{"519.lbm_r": [[6920220.0, 100.0]]}
{"519.lbm_r": [[9511679.0, 100.0]]}
