{"519.lbm_r": [[1539.0, 0.000922049750838788]]}
{"519.lbm_r": [[1510.0, 0.0006236416148135772]]}
{"519.lbm_r": [[20583987.0, 100.0]]}
{"519.lbm_r": [[19361554.0, 100.0]]}
{"519.lbm_r": [[2446531.0, 100.0]]}
{"519.lbm_r": [[11105271.0, 100.0]]}
{"519.lbm_r": [[1532.0, 0.000500346640608857]]}
{"519.lbm_r": [[1556.0, 0.0006155740191912856]]}
{"519.lbm_r": [[1348.0, 0.16245461891488175]]}
{"519.lbm_r": [[1558.0, 0.0005610369826325833]]}
{"519.lbm_r": [[8932956.0, 100.0]]}
{"519.lbm_r": [[1440.0, 0.0015596281842420602]]}
{"519.lbm_r": [[1537.0, 0.0007685059518449254]]}
{"519.lbm_r": [[1452.0, 0.0007075442514306578]]}
{"519.lbm_r": [[1519.0, 0.0007885519387250061]]}
{"519.lbm_r": [[236362.0, 2.0023588181976626]]}
{"519.lbm_r": [[13411801.0, 100.0]]}
{"519.lbm_r": [[1550.0, 0.00039053595935952776]]}
{"519.lbm_r": [[3972193.0, 100.0]]}
{"519.lbm_r": [[1423.0, 0.0016596080834079513]]}
{"519.lbm_r": [[10295377.0, 100.0]]}
{"519.lbm_r": [[1579.0, 0.0006065634988387536]]}
{"519.lbm_r": [[4526758.0, 100.0]]}
{"519.lbm_r": [[8350281.000000001, 100.0]]}
{"519.lbm_r": [[8694610.0, 100.0]]}
{"519.lbm_r": [[11576719.0, 100.0]]}
{"519.lbm_r": [[1376.0, 0.06868344266721003]]}
{"519.lbm_r": [[6630649.0, 100.0]]}
{"519.lbm_r": [[1432.0, 0.0010872271091874235]]}
{"519.lbm_r": [[1200243.0, 49.00839843152329]]}
{"519.lbm_r": [[1327.0, 0.1301773401548346]]}
{"519.lbm_r": [[8295445.0, 100.0]]}
{"519.lbm_r": [[1516.0, 0.002801306461104768]]}
{"519.lbm_r": [[15172249.0, 100.0]]}
{"519.lbm_r": [[14167439.0, 100.0]]}
{"519.lbm_r": [[809958.0, 26.00212797066373]]}
{"519.lbm_r": [[1460.0, 0.0009326351930626216]]}
{"519.lbm_r": [[1492.0, 0.002470595442848323]]}
{"519.lbm_r": [[1527.0, 0.0008914523299326146]]}
{"519.lbm_r": [[1556.0, 0.0008464611667915866]]}
