{"519.lbm_r": [[1683.0, 0.002237491900245489]]}
{"519.lbm_r": [[1192246.0, 16.39288367629003]]}
{"519.lbm_r": [[19260267.0, 100.0]]}
{"519.lbm_r": [[27042802.0, 100.0]]}
{"519.lbm_r": [[1671.0, 0.0005632144542408168]]}
