{"519.lbm_r": [[151511.0, 1.002709909603083]]}
{"519.lbm_r": [[286873.0, 1.000917309877169]]}
{"519.lbm_r": [[1443.0, 0.06445047272745692]]}
{"519.lbm_r": [[1599.0, 0.0004584281082091895]]}
{"519.lbm_r": [[1555.0, 0.0007882088984420873]]}
{"519.lbm_r": [[1426.0, 0.035262619199377405]]}
{"519.lbm_r": [[1585.0, 0.0014043003373996861]]}
{"519.lbm_r": [[1539.0, 0.0023641229983335436]]}
{"519.lbm_r": [[1393.0, 0.15881763635255106]]}
{"519.lbm_r": [[1575.0, 0.0011051220363582535]]}
{"519.lbm_r": [[1422.0, 0.1273158391457247]]}
{"519.lbm_r": [[1503.0, 0.001457667776389536]]}
{"519.lbm_r": [[204790.0, 2.1781613339690855]]}
{"519.lbm_r": [[427175.0, 2.008390582604513]]}
{"519.lbm_r": [[1506.0, 0.0015646581637077776]]}
{"519.lbm_r": [[204557.0, 1.0013194750515129]]}
{"519.lbm_r": [[1494.0, 0.0012503266120121495]]}
{"519.lbm_r": [[1545.0, 0.0006831426575880674]]}
{"519.lbm_r": [[1557.0, 0.0007899978481564914]]}
{"519.lbm_r": [[338912.0, 1.0009133455733041]]}
{"519.lbm_r": [[1547.0, 0.0009087171630579558]]}
{"519.lbm_r": [[1446.0, 0.11438722199615702]]}
{"519.lbm_r": [[1610.0, 0.0006100246338364104]]}
{"519.lbm_r": [[1579.0, 0.0007538751276985887]]}
{"519.lbm_r": [[6440947.0, 100.0]]}
{"519.lbm_r": [[1568.0, 0.0005959998043323334]]}
{"519.lbm_r": [[1373.0, 0.07777498982524142]]}
{"519.lbm_r": [[229613.0, 1.0017251139202494]]}
{"519.lbm_r": [[1597.0, 0.0005212424332155521]]}
{"519.lbm_r": [[1574.0, 0.0007210768423605881]]}
{"519.lbm_r": [[1541.0, 0.0015191764495170726]]}
{"519.lbm_r": [[1584.0, 0.0005862986498357464]]}
{"519.lbm_r": [[1383.0, 0.09479571359875195]]}
{"519.lbm_r": [[15976013.0, 100.0]]}
{"519.lbm_r": [[1621.0, 0.0004174100766018819]]}
{"519.lbm_r": [[247087.0, 1.0009177419769906]]}
{"519.lbm_r": [[234216.0, 1.0013674228284197]]}
{"519.lbm_r": [[1505.0, 0.0019173980317372253]]}
{"519.lbm_r": [[1488.0, 0.0033600814434895294]]}
{"519.lbm_r": [[1576.0, 0.0005870918377808191]]}
{"519.lbm_r": [[1568.0, 0.0007624371826849371]]}
{"519.lbm_r": [[1607.0, 0.0006589816859432885]]}
{"519.lbm_r": [[1413.0, 0.07792948648769556]]}
{"519.lbm_r": [[1595.0, 0.0005042102055817641]]}
{"519.lbm_r": [[1617.0, 0.00037067233925473206]]}
{"519.lbm_r": [[248372.0, 1.0015082080833337]]}
{"519.lbm_r": [[393425.0, 2.0268854319182403]]}
{"519.lbm_r": [[1605.0, 0.00035345181653203596]]}
{"519.lbm_r": [[1455.0, 0.0012833386817483494]]}
{"519.lbm_r": [[1612.0, 0.0004913233251368841]]}
