{"519.lbm_r": [[1553.0, 0.0023634661669113205]]}
{"519.lbm_r": [[1532.0, 0.0023108354347443636]]}
{"519.lbm_r": [[4832293.0, 100.0]]}
{"519.lbm_r": [[1517.0, 0.0012173549745675243]]}
{"519.lbm_r": [[3732634.0, 100.0]]}
{"519.lbm_r": [[1540.0, 0.0007387435219917335]]}
{"519.lbm_r": [[1568.0, 0.0005180882751838762]]}
{"519.lbm_r": [[1313.0, 0.1733846662999306]]}
{"519.lbm_r": [[1560.0, 0.0006024165817677407]]}
{"519.lbm_r": [[2405298.0, 100.0]]}
{"519.lbm_r": [[1369.0, 0.07643568348744872]]}
{"519.lbm_r": [[1473.0, 0.0020202159812914493]]}
{"519.lbm_r": [[7890190.0, 100.0]]}
{"519.lbm_r": [[334013.0, 1.0004927476103058]]}
{"519.lbm_r": [[3839807.0, 100.0]]}
{"519.lbm_r": [[474749.0, 2.0029366887633344]]}
{"519.lbm_r": [[1588.0, 0.00044716352028414946]]}
{"519.lbm_r": [[1441.0, 0.001797543627860765]]}
{"519.lbm_r": [[302025.0, 1.0010273230601154]]}
{"519.lbm_r": [[1587.0, 0.0004944396571936148]]}
{"519.lbm_r": [[1574.0, 0.0005467343082899219]]}
{"519.lbm_r": [[326568.0, 1.0008212881299419]]}
{"519.lbm_r": [[1484.0, 0.001591608186149087]]}
{"519.lbm_r": [[1560.0, 0.001198549237432718]]}
{"519.lbm_r": [[1485.0, 0.0010172982397120137]]}
{"519.lbm_r": [[1606.0, 0.00036089328865321926]]}
{"519.lbm_r": [[1474.0, 0.0009856513534117048]]}
{"519.lbm_r": [[4903852.0, 100.0]]}
{"519.lbm_r": [[1565.0, 0.0007030874965229517]]}
{"519.lbm_r": [[3352334.0, 100.0]]}
{"519.lbm_r": [[1585.0, 0.0007585549109473919]]}
{"519.lbm_r": [[1490.0, 0.002634883416945328]]}
{"519.lbm_r": [[1555.0, 0.0006459338847491118]]}
{"519.lbm_r": [[1571.0, 0.0008645438066404427]]}
{"519.lbm_r": [[1537.0, 0.0007887950587124515]]}
{"519.lbm_r": [[1508.0, 0.001377215765069683]]}
{"519.lbm_r": [[4864576.0, 100.0]]}
{"519.lbm_r": [[3247993.0, 100.0]]}
{"519.lbm_r": [[1372.0, 0.1224749400878442]]}
{"519.lbm_r": [[1333.0, 0.1347117913284543]]}
{"519.lbm_r": [[343255.0, 1.0006778055332755]]}
{"519.lbm_r": [[1396.0, 0.00711746883933539]]}
{"519.lbm_r": [[367775.0, 2.0133644868079017]]}
{"519.lbm_r": [[1523.0, 0.0010927247006764641]]}
{"519.lbm_r": [[446506.0, 2.004940081556348]]}
{"519.lbm_r": [[1575.0, 0.0005623568032649883]]}
{"519.lbm_r": [[1452.0, 0.0032584910455856924]]}
{"519.lbm_r": [[3136809.0, 100.0]]}
{"519.lbm_r": [[218099.0, 1.0016393276846993]]}
{"519.lbm_r": [[1578.0, 0.0004941050224002941]]}
