{"519.lbm_r": [[1575.0, 0.0006300923871505822]]}
{"519.lbm_r": [[153269.0, 1.0027272635000861]]}
{"519.lbm_r": [[460527.0, 2.0039085760855846]]}
{"519.lbm_r": [[1661.0, 0.00022450969179088043]]}
{"519.lbm_r": [[1354.0, 0.20163922173760204]]}
{"519.lbm_r": [[1333.0, 0.09263723303696482]]}
{"519.lbm_r": [[1650.0, 0.00026440111494267527]]}
{"519.lbm_r": [[1420.0, 0.004639670682921243]]}
{"519.lbm_r": [[1556.0, 0.000814025901985142]]}
{"519.lbm_r": [[4194599.0, 100.0]]}
{"519.lbm_r": [[1568.0, 0.0008604973684655581]]}
{"519.lbm_r": [[1561.0, 0.0007463092252861233]]}
{"519.lbm_r": [[1562.0, 0.0005955026208698504]]}
{"519.lbm_r": [[1619.0, 0.000316732304646143]]}
{"519.lbm_r": [[1559.0, 0.0007458088207237147]]}
{"519.lbm_r": [[1584.0, 0.0006066740876343739]]}
{"519.lbm_r": [[1423.0, 0.15727309188986996]]}
{"519.lbm_r": [[1369.0, 0.18103508593242013]]}
{"519.lbm_r": [[54389.0, 1.0117956314833203]]}
{"519.lbm_r": [[1583.0, 0.0004068420696529024]]}
{"519.lbm_r": [[1569.0, 0.0009629240304080482]]}
{"519.lbm_r": [[1551.0, 0.0006086556179365154]]}
{"519.lbm_r": [[2527007.0, 100.0]]}
{"519.lbm_r": [[5190247.0, 100.0]]}
{"519.lbm_r": [[1545.0, 0.0010348572824144845]]}
{"519.lbm_r": [[1553.0, 0.000562825713683707]]}
{"519.lbm_r": [[1572.0, 0.000600028271607132]]}
{"519.lbm_r": [[1526.0, 0.002735058513396515]]}
{"519.lbm_r": [[1572.0, 0.0004600050840908295]]}
{"519.lbm_r": [[1423.0, 0.08708312157721726]]}
{"519.lbm_r": [[11307461.0, 100.0]]}
{"519.lbm_r": [[1363.0, 0.103846179755621]]}
{"519.lbm_r": [[1576.0, 0.0005388797471238704]]}
{"519.lbm_r": [[290322.0, 1.0010152355004323]]}
{"519.lbm_r": [[1341.0, 0.08757919287727822]]}
{"519.lbm_r": [[4891753.0, 100.0]]}
{"519.lbm_r": [[1518.0, 0.0010072442889243567]]}
{"519.lbm_r": [[5055237.0, 100.0]]}
{"519.lbm_r": [[1567.0, 0.0008968366692493937]]}
{"519.lbm_r": [[1516.0, 0.0010502288320890529]]}
{"519.lbm_r": [[1564.0, 0.0007809409353284123]]}
{"519.lbm_r": [[360085.0, 1.0007716248977043]]}
{"519.lbm_r": [[422792.0, 2.005975058196917]]}
{"519.lbm_r": [[1531.0, 0.0008093448501809804]]}
{"519.lbm_r": [[1482.0, 0.004779826862845474]]}
{"519.lbm_r": [[1554.0, 0.0008469157597443482]]}
{"519.lbm_r": [[1360.0, 0.09471061961949416]]}
{"519.lbm_r": [[255819.0, 1.0014585008757964]]}
{"519.lbm_r": [[8952575.0, 100.0]]}
{"519.lbm_r": [[1400.0, 0.08785807132818407]]}
