{"519.lbm_r": [[1567.0, 0.04996334443376555]]}
{"519.lbm_r": [[1551.0, 0.002584292119337953]]}
{"519.lbm_r": [[1521.0, 0.07828122166985899]]}
{"519.lbm_r": [[1654.0, 0.0004033139974139132]]}
{"519.lbm_r": [[1603.0, 0.1071122936388992]]}
