{"519.lbm_r": [[1683.0, 0.001034485615526491]]}
{"519.lbm_r": [[1625.0, 0.0005676705474651078]]}
{"519.lbm_r": [[1649.0, 0.0008131612917617131]]}
{"519.lbm_r": [[1630.0, 0.0004199748933284633]]}
{"519.lbm_r": [[1637.0, 0.0005249595830981352]]}
{"519.lbm_r": [[1614.0, 0.0013017724042225641]]}
{"519.lbm_r": [[1680.0, 0.0005842515608089399]]}
{"519.lbm_r": [[1637.0, 0.054773616546002594]]}
{"519.lbm_r": [[1660.0, 0.052148221157786445]]}
{"519.lbm_r": [[7293162.0, 100.0]]}
{"519.lbm_r": [[13253183.0, 100.0]]}
{"519.lbm_r": [[1638.0, 0.0007842850784195672]]}
{"519.lbm_r": [[353302.0, 8.0028027724187]]}
{"519.lbm_r": [[1573.0, 0.08718043731057541]]}
{"519.lbm_r": [[1604.0, 0.000801255676675179]]}
