{"519.lbm_r": [[1452.0, 0.2201496163977986]]}
{"519.lbm_r": [[1514.0, 0.19024531377126336]]}
{"519.lbm_r": [[1476.0, 0.1322013415964638]]}
{"519.lbm_r": [[1505.0, 0.003466704527235822]]}
{"519.lbm_r": [[1420.0, 0.06220967150268451]]}
{"519.lbm_r": [[1473.0, 0.07116809449153598]]}
{"519.lbm_r": [[1480.0, 0.08016729552545585]]}
{"519.lbm_r": [[1450.0, 0.14929954405796725]]}
{"519.lbm_r": [[1541.0, 0.05424009243426148]]}
{"519.lbm_r": [[1528.0, 0.07754352450033436]]}
{"519.lbm_r": [[1699.0, 0.0003209704525763972]]}
{"519.lbm_r": [[11141198.0, 100.0]]}
{"519.lbm_r": [[6138882.0, 100.0]]}
{"519.lbm_r": [[239885.0, 3.001473169755794]]}
{"519.lbm_r": [[1651.0, 0.0006702705482360862]]}
{"519.lbm_r": [[380602.0, 7.976354011832678]]}
{"519.lbm_r": [[1681.0, 0.00035398936975521964]]}
{"519.lbm_r": [[1554.0, 0.0011477809847088955]]}
{"519.lbm_r": [[129614.0, 1.0019494861927551]]}
{"519.lbm_r": [[1666.0, 0.0003158371153897024]]}
{"519.lbm_r": [[7161868.0, 100.0]]}
{"519.lbm_r": [[8210168.0, 100.0]]}
{"519.lbm_r": [[1601.0, 0.0006092090879410915]]}
{"519.lbm_r": [[3812675.0, 100.0]]}
{"519.lbm_r": [[1579.0, 0.0018849391191370715]]}
{"519.lbm_r": [[8848158.0, 100.0]]}
{"519.lbm_r": [[9114515.0, 100.0]]}
{"519.lbm_r": [[1801.0, 0.00019120509346943427]]}
{"519.lbm_r": [[1582.0, 0.0005467251304511689]]}
{"519.lbm_r": [[1735.0, 0.0003084502717186585]]}
{"519.lbm_r": [[1616.0, 0.0005577125020636959]]}
{"519.lbm_r": [[4248340.0, 100.0]]}
{"519.lbm_r": [[3732774.0, 100.0]]}
{"519.lbm_r": [[7508417.0, 100.0]]}
{"519.lbm_r": [[6143370.0, 100.0]]}
{"519.lbm_r": [[10769536.0, 100.0]]}
{"519.lbm_r": [[257344.0, 6.003070045961666]]}
{"519.lbm_r": [[1501.0, 0.08296547408795295]]}
{"519.lbm_r": [[6483897.0, 100.0]]}
{"519.lbm_r": [[1652.0, 0.0009344262706234823]]}
{"519.lbm_r": [[1624.0, 0.0006073300555066071]]}
{"519.lbm_r": [[3207374.0, 100.0]]}
{"519.lbm_r": [[1585.0, 0.0009482264401582713]]}
{"519.lbm_r": [[9642403.0, 100.0]]}
{"519.lbm_r": [[1728.0, 0.0002284455733285902]]}
{"519.lbm_r": [[1659.0, 0.0005003347830342532]]}
{"519.lbm_r": [[9607866.0, 100.0]]}
{"519.lbm_r": [[1665.0, 0.00084780459347412]]}
{"519.lbm_r": [[3597216.0, 100.0]]}
{"519.lbm_r": [[7702289.0, 100.0]]}
