{"519.lbm_r": [[1741.0, 0.0005555463351424327]]}
{"519.lbm_r": [[581136.0, 2.000654915247174]]}
{"519.lbm_r": [[1516.0, 0.0007219099014466997]]}
{"519.lbm_r": [[1572.0, 0.0005392281292911167]]}
{"519.lbm_r": [[341390.0, 1.000855720748521]]}
{"519.lbm_r": [[1437.0, 0.03200578135649246]]}
{"519.lbm_r": [[1423.0, 0.043111371668356845]]}
{"519.lbm_r": [[1319.0, 0.1204387066937257]]}
{"519.lbm_r": [[292435.0, 1.0014064168565926]]}
{"519.lbm_r": [[165645.0, 1.0026354184393367]]}
{"519.lbm_r": [[1534.0, 0.0012265283038712896]]}
{"519.lbm_r": [[997085.0, 53.015398072120746]]}
{"519.lbm_r": [[1575.0, 0.0005232924256634491]]}
{"519.lbm_r": [[1364.0, 0.07434437982575778]]}
{"519.lbm_r": [[1719.0, 0.0003851882369016462]]}
{"519.lbm_r": [[1542.0, 0.0014722994133386737]]}
{"519.lbm_r": [[1578.0, 0.0006414155453233494]]}
{"519.lbm_r": [[566949.0, 3.5429083184060746]]}
{"519.lbm_r": [[1603.0, 0.0003749325071069469]]}
{"519.lbm_r": [[1541.0, 0.0008933960582324872]]}
{"519.lbm_r": [[576969.0, 2.0791579844174595]]}
{"519.lbm_r": [[1566.0, 0.0005830347438460989]]}
{"519.lbm_r": [[1596.0, 0.0005337964808212366]]}
{"519.lbm_r": [[1669.0, 0.00042378127470464464]]}
{"519.lbm_r": [[1600.0, 0.00036676860034742624]]}
{"519.lbm_r": [[18177739.0, 100.0]]}
{"519.lbm_r": [[1568.0, 0.0004713706386567978]]}
{"519.lbm_r": [[1361.0, 0.10342641723093939]]}
{"519.lbm_r": [[1553.0, 0.0022069722536862775]]}
{"519.lbm_r": [[1502.0, 0.0015189266581461538]]}
