{"519.lbm_r": [[1307.0, 0.16798499456815763]]}
{"519.lbm_r": [[1371.0, 0.1277438156908837]]}
{"519.lbm_r": [[1419.0, 0.0014487213401940238]]}
{"519.lbm_r": [[1324.0, 0.14988997193758896]]}
{"519.lbm_r": [[1464.0, 0.0020935693962400147]]}
{"519.lbm_r": [[1336.0, 0.016695315078886747]]}
{"519.lbm_r": [[1464.0, 0.0021179938583546875]]}
{"519.lbm_r": [[1328.0, 0.13206438456120725]]}
{"519.lbm_r": [[1313.0, 0.07898938197538773]]}
{"519.lbm_r": [[1385.0, 0.025740818052494896]]}
{"519.lbm_r": [[4947166.0, 100.0]]}
{"519.lbm_r": [[3821479.0, 100.0]]}
{"519.lbm_r": [[2866864.0, 100.0]]}
{"519.lbm_r": [[1437.0, 0.0009314344986847912]]}
{"519.lbm_r": [[1423.0, 0.0020411906991745507]]}
{"519.lbm_r": [[1386.0, 0.10688080437784139]]}
{"519.lbm_r": [[7876048.0, 100.0]]}
{"519.lbm_r": [[6108406.0, 100.0]]}
{"519.lbm_r": [[6676193.0, 100.0]]}
{"519.lbm_r": [[7042618.0, 100.0]]}
{"519.lbm_r": [[5891714.0, 100.0]]}
{"519.lbm_r": [[5998146.0, 100.0]]}
{"519.lbm_r": [[1499.0, 0.0004835342066758328]]}
{"519.lbm_r": [[1466.0, 0.0005813756634066687]]}
{"519.lbm_r": [[1385.0, 0.0010772760114837307]]}
{"519.lbm_r": [[1556.0, 0.0003619923944852534]]}
{"519.lbm_r": [[203727.0, 1.0008666597945524]]}
{"519.lbm_r": [[1510.0, 0.0007104143583649131]]}
{"519.lbm_r": [[3521153.0, 100.0]]}
{"519.lbm_r": [[1431.0, 0.0010057215819380674]]}
{"519.lbm_r": [[1527.0, 0.0006176278931413736]]}
{"519.lbm_r": [[1477.0, 0.0005745461133470161]]}
{"519.lbm_r": [[1434.0, 0.003627880903693442]]}
{"519.lbm_r": [[3281387.0, 100.0]]}
{"519.lbm_r": [[14484787.0, 100.0]]}
{"519.lbm_r": [[10038774.0, 100.0]]}
{"519.lbm_r": [[6582507.0, 100.0]]}
{"519.lbm_r": [[11152579.0, 100.0]]}
{"519.lbm_r": [[7257068.0, 100.0]]}
{"519.lbm_r": [[1554.0, 0.0007777031124531009]]}
{"519.lbm_r": [[5940040.0, 100.0]]}
{"519.lbm_r": [[227103.0, 2.00364368012698]]}
{"519.lbm_r": [[1411.0, 0.001088314867655071]]}
{"519.lbm_r": [[1452.0, 0.0008251015889900375]]}
{"519.lbm_r": [[4526189.0, 100.0]]}
{"519.lbm_r": [[1558.0, 0.0004982512811026571]]}
{"519.lbm_r": [[270520.0, 3.0176765339247704]]}
{"519.lbm_r": [[6686143.0, 100.0]]}
{"519.lbm_r": [[5524655.0, 100.0]]}
{"519.lbm_r": [[11917215.0, 100.0]]}
