{"519.lbm_r": [[1392.0, 0.09991531714393684]]}
{"519.lbm_r": [[1513.0, 0.0009469303232661485]]}
{"519.lbm_r": [[1358.0, 0.06583664409885266]]}
{"519.lbm_r": [[317484.0, 1.0009221187559498]]}
{"519.lbm_r": [[7126427.0, 100.0]]}
{"519.lbm_r": [[1340.0, 0.13188786987999704]]}
{"519.lbm_r": [[482564.0, 1.00035659779226]]}
{"519.lbm_r": [[1598.0, 0.0007670938675919135]]}
{"519.lbm_r": [[1559.0, 0.0007453532998381589]]}
{"519.lbm_r": [[251634.0, 1.00108564396809]]}
{"519.lbm_r": [[1589.0, 0.0006799305951254071]]}
{"519.lbm_r": [[1683.0, 0.00026422750294147754]]}
{"519.lbm_r": [[1492.0, 0.0029607266584472172]]}
{"519.lbm_r": [[1620.0, 0.00048131613271641774]]}
{"519.lbm_r": [[1550.0, 0.0008963472855166242]]}
{"519.lbm_r": [[747484.0, 2.000854862476303]]}
{"519.lbm_r": [[1445.0, 0.0074589740960754655]]}
{"519.lbm_r": [[1393.0, 0.11047155679554682]]}
{"519.lbm_r": [[1626.0, 0.0004952994402415123]]}
{"519.lbm_r": [[340974.0, 1.0009545129249737]]}
{"519.lbm_r": [[1569.0, 0.000492211534788895]]}
{"519.lbm_r": [[1437.0, 0.0051299457593753425]]}
{"519.lbm_r": [[1518.0, 0.0013164191942523762]]}
{"519.lbm_r": [[636028.0, 10.000726418408872]]}
{"519.lbm_r": [[1496.0, 0.004824960810732571]]}
{"519.lbm_r": [[1595.0, 0.000378873476176776]]}
{"519.lbm_r": [[1455.0, 0.0012951834378131363]]}
{"519.lbm_r": [[1574.0, 0.00073328828762941]]}
{"519.lbm_r": [[290723.0, 1.0010793489789431]]}
{"519.lbm_r": [[1402.0, 0.12527953200454914]]}
