{"519.lbm_r": [[1483.0, 0.000625454202983154]]}
{"519.lbm_r": [[425166.0, 2.000904681126815]]}
{"519.lbm_r": [[1657.0, 0.0009043721149292346]]}
{"519.lbm_r": [[1771.0, 0.00018991809982083388]]}
{"519.lbm_r": [[7142604.0, 100.0]]}
{"519.lbm_r": [[1521647.0, 72.00107122527788]]}
{"519.lbm_r": [[1755.0, 0.00029877552675790925]]}
{"519.lbm_r": [[155929.0, 1.0015157380839714]]}
{"519.lbm_r": [[1634.0, 0.00043710320338965537]]}
{"519.lbm_r": [[1599.0, 0.0013988830629799672]]}
{"519.lbm_r": [[254231.0, 1.0001605569422998]]}
{"519.lbm_r": [[310193.0, 2.00137788793069]]}
{"519.lbm_r": [[1685.0, 0.0005188892115499984]]}
{"519.lbm_r": [[1679.0, 0.0004759646989359496]]}
{"519.lbm_r": [[2174161.0, 89.00774383551288]]}
{"519.lbm_r": [[19138784.0, 100.0]]}
