{"519.lbm_r": [[1630.0, 0.0005114480597721897]]}
{"519.lbm_r": [[1731.0, 0.000283833907328904]]}
{"519.lbm_r": [[1577.0, 0.0008086213721649363]]}
{"519.lbm_r": [[1638.0, 0.000916333623214558]]}
{"519.lbm_r": [[1753.0, 0.0002471181226822659]]}
{"519.lbm_r": [[1705.0, 0.0005121643905899986]]}
{"519.lbm_r": [[1630.0, 0.0005734365166081388]]}
{"519.lbm_r": [[1740.0, 0.0003748209592187456]]}
{"519.lbm_r": [[1651.0, 0.0006291890878287056]]}
{"519.lbm_r": [[1400615.0, 40.00151774647945]]}
{"519.lbm_r": [[1666.0, 0.0011157664296451843]]}
{"519.lbm_r": [[184598.0, 1.0013091926698139]]}
{"519.lbm_r": [[1659.0, 0.0005282677913420775]]}
{"519.lbm_r": [[609994.0, 2.012960165009268]]}
{"519.lbm_r": [[1675.0, 0.0009487984411977349]]}
{"519.lbm_r": [[1591.0, 0.0014437635020843529]]}
{"519.lbm_r": [[1744.0, 0.00022781458064090063]]}
{"519.lbm_r": [[1578.0, 0.0009428974697619322]]}
{"519.lbm_r": [[1719.0, 0.0004154270294857673]]}
{"519.lbm_r": [[1760.0, 0.00030284520737976385]]}
{"519.lbm_r": [[1698.0, 0.00038081069952849305]]}
{"519.lbm_r": [[1737.0, 0.0002990177171774105]]}
{"519.lbm_r": [[1741.0, 0.0002593559409690876]]}
{"519.lbm_r": [[1661.0, 0.0009076351096336245]]}
{"519.lbm_r": [[465353.0, 2.066145086796239]]}
{"519.lbm_r": [[1726.0, 0.00044621543721649177]]}
{"519.lbm_r": [[1745.0, 0.0003547259922554167]]}
{"519.lbm_r": [[1584.0, 0.0011334320235653593]]}
{"519.lbm_r": [[470074.0, 2.977281528617036]]}
{"519.lbm_r": [[1666.0, 0.0004737089974536456]]}
{"519.lbm_r": [[1531.0, 0.0048861154520608305]]}
{"519.lbm_r": [[1613.0, 0.002104470706828364]]}
{"519.lbm_r": [[3436205.0, 100.0]]}
{"519.lbm_r": [[1580.0, 0.0008048868283301364]]}
{"519.lbm_r": [[1597.0, 0.0017795582573684639]]}
{"519.lbm_r": [[1735.0, 0.00029177292036083614]]}
{"519.lbm_r": [[1457.0, 0.1164749820640985]]}
{"519.lbm_r": [[396908.0, 1.0002285089342604]]}
{"519.lbm_r": [[1428.0, 0.1475228284007077]]}
{"519.lbm_r": [[1838078.0, 78.00098449687943]]}
{"519.lbm_r": [[1696.0, 0.00045895963232732456]]}
{"519.lbm_r": [[252133.0, 1.0006772393625574]]}
{"519.lbm_r": [[412410.0, 1.0000579635091806]]}
{"519.lbm_r": [[1614.0, 0.001007176568671314]]}
{"519.lbm_r": [[1708.0, 0.00037490105599387286]]}
{"519.lbm_r": [[1439.0, 0.09395308966828922]]}
{"519.lbm_r": [[1754.0, 0.00026410898307937175]]}
{"519.lbm_r": [[1495.0, 0.11749472892102814]]}
{"519.lbm_r": [[1663.0, 0.00042808294995205337]]}
{"519.lbm_r": [[1564.0, 0.02673147853510335]]}
