{"519.lbm_r": [[262185.0, 2.19422591834576]]}
{"519.lbm_r": [[1549.0, 0.0005135278687799142]]}
{"519.lbm_r": [[5561936.0, 100.0]]}
{"519.lbm_r": [[1580.0, 0.0005457036031946081]]}
{"519.lbm_r": [[1559.0, 0.0007983392897177216]]}
{"519.lbm_r": [[1421.0, 0.05128736622418812]]}
{"519.lbm_r": [[3773777.0, 100.0]]}
{"519.lbm_r": [[1564.0, 0.0004986188903494496]]}
{"519.lbm_r": [[1468.0, 0.0011357424385223423]]}
{"519.lbm_r": [[207013.0, 1.0014492144677511]]}
{"519.lbm_r": [[2635007.0, 100.0]]}
{"519.lbm_r": [[1551.0, 0.001205471492484009]]}
{"519.lbm_r": [[11215787.0, 100.0]]}
{"519.lbm_r": [[1518.0, 0.002672788883799792]]}
{"519.lbm_r": [[1454.0, 0.0008258378660926639]]}
