{"519.lbm_r": [[229797.0, 2.0024748612900214]]}
{"519.lbm_r": [[1588.0, 0.0005603293618906399]]}
{"519.lbm_r": [[3686173.0, 100.0]]}
{"519.lbm_r": [[16877062.0, 100.0]]}
{"519.lbm_r": [[1519.0, 0.0005398120168105051]]}
{"519.lbm_r": [[4538314.0, 100.0]]}
{"519.lbm_r": [[11457302.0, 100.0]]}
{"519.lbm_r": [[1501.0, 0.0009133894590467354]]}
{"519.lbm_r": [[1559.0, 0.0009351442768788834]]}
{"519.lbm_r": [[158677.0, 1.0020645574139864]]}
{"519.lbm_r": [[9943344.0, 100.0]]}
{"519.lbm_r": [[211766.0, 1.0012980541876337]]}
{"519.lbm_r": [[12750573.0, 100.0]]}
{"519.lbm_r": [[9401846.0, 100.0]]}
{"519.lbm_r": [[1502.0, 0.0034756396892658592]]}
{"519.lbm_r": [[22978516.0, 100.0]]}
{"519.lbm_r": [[1574.0, 0.0003914683329655059]]}
{"519.lbm_r": [[1578.0, 0.0009543672403014733]]}
{"519.lbm_r": [[5852829.0, 100.0]]}
{"519.lbm_r": [[8201484.0, 100.0]]}
{"519.lbm_r": [[5571406.0, 100.0]]}
{"519.lbm_r": [[10395246.0, 100.0]]}
{"519.lbm_r": [[125067.0, 1.0034107806283024]]}
{"519.lbm_r": [[1408.0, 0.0018025584233932865]]}
{"519.lbm_r": [[1480.0, 0.0005332473552094794]]}
{"519.lbm_r": [[16746092.0, 100.0]]}
{"519.lbm_r": [[1619.0, 0.0003986748651322045]]}
{"519.lbm_r": [[1658.0, 0.00048686234076698994]]}
{"519.lbm_r": [[3720884.0, 100.0]]}
{"519.lbm_r": [[1537.0, 0.000786656352759226]]}
{"519.lbm_r": [[1584.0, 0.00040341390965392454]]}
{"519.lbm_r": [[4659745.0, 100.0]]}
{"519.lbm_r": [[7232572.0, 100.0]]}
{"519.lbm_r": [[1176911.0, 33.003831674109776]]}
{"519.lbm_r": [[1456.0, 0.0015883229267191347]]}
{"519.lbm_r": [[8628977.0, 100.0]]}
{"519.lbm_r": [[9267664.0, 100.0]]}
{"519.lbm_r": [[16182493.0, 100.0]]}
{"519.lbm_r": [[1483.0, 0.0005785320351572434]]}
{"519.lbm_r": [[1499.0, 0.0007025061523121553]]}
