{"519.lbm_r": [[595536.0, 2.03046695015559]]}
{"519.lbm_r": [[1551.0, 0.00088214317263561]]}
{"519.lbm_r": [[1502.0, 0.0013468918531523866]]}
{"519.lbm_r": [[1567.0, 0.0008358957655870167]]}
{"519.lbm_r": [[1718.0, 0.0003692961203932939]]}
{"519.lbm_r": [[1394.0, 0.001278866008421441]]}
{"519.lbm_r": [[1448.0, 0.0026710580244532645]]}
{"519.lbm_r": [[1545.0, 0.0005071383437600752]]}
{"519.lbm_r": [[1593.0, 0.0003975619616665412]]}
{"519.lbm_r": [[1568.0, 0.0003738320147598652]]}
{"519.lbm_r": [[1425.0, 0.0022911317626497095]]}
{"519.lbm_r": [[1303.0, 0.1780438482385521]]}
{"519.lbm_r": [[1320.0, 0.18780703934774554]]}
{"519.lbm_r": [[434973.0, 1.0001385681460884]]}
{"519.lbm_r": [[1585.0, 0.0006596942941975127]]}
{"519.lbm_r": [[1562.0, 0.0006199201926286582]]}
{"519.lbm_r": [[1356.0, 0.08777249891193]]}
{"519.lbm_r": [[1571.0, 0.0006215861016414476]]}
{"519.lbm_r": [[1461.0, 0.002310756527303651]]}
{"519.lbm_r": [[1310.0, 0.10825515752296914]]}
{"519.lbm_r": [[469504.0, 2.760683122269456]]}
{"519.lbm_r": [[1572.0, 0.0005276045774643114]]}
{"519.lbm_r": [[1464.0, 0.0010299427179733247]]}
{"519.lbm_r": [[1553.0, 0.0007283201254228573]]}
{"519.lbm_r": [[1321.0, 0.13278233146803015]]}
{"519.lbm_r": [[1364.0, 0.0910209132763289]]}
{"519.lbm_r": [[1564.0, 0.0008446075321905821]]}
{"519.lbm_r": [[1564.0, 0.0006688332937097884]]}
{"519.lbm_r": [[1584.0, 0.0004891996821241003]]}
{"519.lbm_r": [[1571.0, 0.000487617062362123]]}
