{"519.lbm_r": [[250434.0, 2.000952813952679]]}
{"519.lbm_r": [[5270480.0, 100.0]]}
{"519.lbm_r": [[8169653.0, 100.0]]}
{"519.lbm_r": [[259666.99999999997, 3.0014823431754847]]}
{"519.lbm_r": [[1556.0, 0.0007657599790373937]]}
{"519.lbm_r": [[138105.0, 1.0027163540023023]]}
{"519.lbm_r": [[1507.0, 0.001231465281342357]]}
{"519.lbm_r": [[251118.0, 2.001979136478672]]}
{"519.lbm_r": [[9406354.0, 100.0]]}
{"519.lbm_r": [[1562.0, 0.0005649663631335121]]}
{"519.lbm_r": [[14102055.0, 100.0]]}
{"519.lbm_r": [[7830675.0, 100.0]]}
{"519.lbm_r": [[1545.0, 0.0009630802085336285]]}
{"519.lbm_r": [[18282405.0, 100.0]]}
{"519.lbm_r": [[1473.0, 0.0028261530204631738]]}
{"519.lbm_r": [[9741028.0, 100.0]]}
{"519.lbm_r": [[1524.0, 0.0006834440530781731]]}
{"519.lbm_r": [[200241.0, 1.0009899317425064]]}
{"519.lbm_r": [[20453623.0, 100.0]]}
{"519.lbm_r": [[1582.0, 0.0009120932677985995]]}
{"519.lbm_r": [[1671.0, 0.000563728944612355]]}
{"519.lbm_r": [[1382.0, 0.13573164406478572]]}
{"519.lbm_r": [[1457.0, 0.002459860300385409]]}
{"519.lbm_r": [[211801.0, 2.005761742683699]]}
{"519.lbm_r": [[205546.0, 1.0018534830090131]]}
{"519.lbm_r": [[1565.0, 0.000488516833856558]]}
{"519.lbm_r": [[1504.0, 0.0009718212476583516]]}
{"519.lbm_r": [[10194176.0, 100.0]]}
{"519.lbm_r": [[17182133.0, 100.0]]}
{"519.lbm_r": [[228580.0, 2.002620892757764]]}
{"519.lbm_r": [[15702616.0, 100.0]]}
{"519.lbm_r": [[1502.0, 0.0008333027959408258]]}
{"519.lbm_r": [[117445.0, 1.0044572513479084]]}
{"519.lbm_r": [[4223764.0, 100.0]]}
{"519.lbm_r": [[1442.0, 0.00402391785403681]]}
{"519.lbm_r": [[160995.0, 1.0026140047306902]]}
{"519.lbm_r": [[1524.0, 0.000433075983589391]]}
{"519.lbm_r": [[1483.0, 0.000625454202983154]]}
{"519.lbm_r": [[10976602.0, 100.0]]}
{"519.lbm_r": [[14914728.0, 100.0]]}
{"519.lbm_r": [[8774926.0, 100.0]]}
