{"519.lbm_r": [[1317.0, 0.201597410559022]]}
{"519.lbm_r": [[1361.0, 0.12488674337182716]]}
{"519.lbm_r": [[1357.0, 0.293738333530925]]}
{"519.lbm_r": [[1374.0, 0.12334608759955364]]}
{"519.lbm_r": [[1317.0, 0.28822388205410526]]}
{"519.lbm_r": [[1340.0, 0.08173452468098343]]}
{"519.lbm_r": [[1348.0, 0.1632728432487371]]}
{"519.lbm_r": [[1413.0, 0.0019779769169188523]]}
{"519.lbm_r": [[1336.0, 0.21159116195141459]]}
{"519.lbm_r": [[1427.0, 0.0028933181501596505]]}
{"519.lbm_r": [[3748485.0, 100.0]]}
{"519.lbm_r": [[1461.0, 0.007665127937231995]]}
{"519.lbm_r": [[4572675.0, 100.0]]}
{"519.lbm_r": [[9771417.0, 100.0]]}
{"519.lbm_r": [[9403142.0, 100.0]]}
{"519.lbm_r": [[164321.0, 1.0025918069306126]]}
{"519.lbm_r": [[1446.0, 0.0009022517879591621]]}
{"519.lbm_r": [[6236312.0, 100.0]]}
{"519.lbm_r": [[4429488.0, 100.0]]}
{"519.lbm_r": [[5408124.0, 100.0]]}
{"519.lbm_r": [[1500.0, 0.0006049185077911267]]}
{"519.lbm_r": [[1401.0, 0.05448395912572019]]}
{"519.lbm_r": [[1391.0, 0.0032374399852421157]]}
{"519.lbm_r": [[1570.0, 0.0004376372966442706]]}
{"519.lbm_r": [[8687982.0, 100.0]]}
{"519.lbm_r": [[6217346.0, 100.0]]}
{"519.lbm_r": [[1421.0, 0.0031570218176126103]]}
{"519.lbm_r": [[15694565.0, 100.0]]}
{"519.lbm_r": [[4304263.0, 100.0]]}
{"519.lbm_r": [[5423617.0, 100.0]]}
{"519.lbm_r": [[1455.0, 0.0007541206469767659]]}
{"519.lbm_r": [[1835029.0, 100.0]]}
{"519.lbm_r": [[7750022.0, 100.0]]}
{"519.lbm_r": [[1525.0, 0.0007541735424675269]]}
{"519.lbm_r": [[6979307.0, 100.0]]}
{"519.lbm_r": [[2474311.0, 100.0]]}
{"519.lbm_r": [[8807729.0, 100.0]]}
{"519.lbm_r": [[1477.0, 0.0010114161665965668]]}
{"519.lbm_r": [[1380.0, 0.0009761292010962015]]}
{"519.lbm_r": [[1503.0, 0.0005965398216906865]]}
{"519.lbm_r": [[1527.0, 0.0008352182698467285]]}
{"519.lbm_r": [[11942284.0, 100.0]]}
{"519.lbm_r": [[2300035.0, 100.0]]}
{"519.lbm_r": [[5336597.0, 100.0]]}
{"519.lbm_r": [[1460.0, 0.001703379206358767]]}
{"519.lbm_r": [[5881855.0, 100.0]]}
{"519.lbm_r": [[140427.0, 1.0029197770194087]]}
{"519.lbm_r": [[1548.0, 0.0007724511409841879]]}
{"519.lbm_r": [[4643477.0, 100.0]]}
{"519.lbm_r": [[8621702.0, 100.0]]}
