{"519.lbm_r": [[13932.875, 1.1964308178815513], [2060.5, 0.704072552500536]], "baseline": [[12985.0, 1.2290506649064419], [5675519.0, 98.75047515059167]]}
{"519.lbm_r": [[13973.375, 1.204292374208502], [5189119.0, 97.50087331301876]], "baseline": [[12910.625, 1.2212694136222129], [2726.0, 1.2894578529591239]]}
{"519.lbm_r": [[14552.75, 1.1948699743162603], [5585407.0, 98.75045418919288]], "baseline": [[14306.125, 1.186236652397903], [6748159.0, 100.0]]}
{"519.lbm_r": [[13721.875, 1.2092518415260036], [5680639.0, 98.7504868306929]], "baseline": [[12817.875, 1.2257245018972607], [2014.25, 0.06021666666666607]]}
{"519.lbm_r": [[13260.125, 1.2163612062420137], [5174271.0, 98.7505992617987]], "baseline": [[411684.125, 26.327981017472272], [1035455.0, 60.609291502518396]]}
{"519.lbm_r": [[329957.125, 40.283755967373565], [2514303.0, 80.45136921065081]], "baseline": [[12941.375, 1.2242043266293012], [2260.5, 0.5066873313984362]]}
{"519.lbm_r": [[594254.75, 38.86502122866214], [37393.0, 27.920934994815305]], "baseline": [[13683.375, 1.2116452974441292], [2871.25, 2.2136812685433567]]}
{"519.lbm_r": [[15398.25, 1.1782354564496234], [5562367.0, 98.75057433775584]], "baseline": [[13142.125, 1.2177548551739728], [2284.75, 0.857624949757315]]}
{"519.lbm_r": [[13827.125, 1.2116346065816972], [5375999.0, 97.50073304028702]], "baseline": [[12531.125, 1.234026667312835], [5699583.0, 98.75030762572001]]}
{"519.lbm_r": [[13769.375, 1.2132117931626598], [5873151.0, 98.75012797939425]], "baseline": [[13314.5, 1.215866536246694], [2611.0, 1.090184760649975]]}
{"519.lbm_r": [[14257.625, 1.2025427063703602], [2125.5, 0.09831428571428548]], "baseline": [[13679.875, 1.2083936307218637], [1904.75, 0.26677333939945325]]}
{"519.lbm_r": [[13502.5, 1.21643103042604], [5320191.0, 98.75047669286953]], "baseline": [[12155.625, 1.2437702614789143], [3116.25, 2.870126599326596]]}
{"519.lbm_r": [[26136.625, 1.0861450382741307], [2024.25, 0.824079863234781]], "baseline": [[15469.875, 4.671022208369917], [5371.5, 6.8798546508297465]]}
{"519.lbm_r": [[19649.0, 2.5039770641167207], [4722.0, 2.947832493732014]], "baseline": [[12828.375, 1.2294462937240054], [7572991.0, 100.0]]}
{"519.lbm_r": [[15684.875, 1.1754103214064517], [2475.25, 0.96040171760042]], "baseline": [[14613.875, 2.202133381253014], [6414847.0, 100.0]]}
{"519.lbm_r": [[15156.125, 1.1693688109701617], [5511423.0, 97.50053424908086]], "baseline": [[12439.125, 1.2383815706828374], [1906.875, 0.6706672694791043]]}
{"519.lbm_r": [[15107.25, 1.1859080400642046], [3660.25, 1.8843492149737158]], "baseline": [[12820.625, 1.221450433954961], [2297.625, 1.0322164867748316]]}
{"519.lbm_r": [[17239.75, 1.795719559599997], [3434.25, 1.811571216396912]], "baseline": [[14460.5, 1.1979153299363856], [5584895.0, 98.750564572871]]}
{"519.lbm_r": [[13460.25, 1.217291650636046], [2440.5, 0.8324641363872509]], "baseline": [[14997.875, 1.1924980550694504], [5436415.0, 98.750528583103]]}
{"519.lbm_r": [[15323.875, 1.185894405931709], [5352959.0, 98.75051291395869]], "baseline": [[13714.625, 1.211088325934528], [5696511.0, 98.75027457608647]]}
