{"519.lbm_r": [[1132.5, 0.0], [2111.5, 0.6628087616715838]], "baseline": [[1028.375, 0.0], [2124.75, 0.33632877072961515]]}
