{"519.lbm_r": [[13952.375, 1.2066719464912232], [3068159.0, 96.32166343398046]], "baseline": [[13510.125, 1.2166156343431136], [2200.125, 0.554672018271351]]}
{"519.lbm_r": [[15462.125, 1.184336949964342], [3444223.0, 97.50777551752745]], "baseline": [[12963.625, 1.2290422088760709], [2230.125, 0.934195696205873]]}
{"519.lbm_r": [[15002.125, 1.1926502429898207], [2823167.0, 96.3300408856805]], "baseline": [[12499.125, 1.2334967601076863], [3041279.0, 96.3194609678581]]}
{"519.lbm_r": [[13667.0, 1.215116751639587], [3602175.0, 97.54077824364805]], "baseline": [[11472.125, 1.2516699085249683], [2081.75, 0.5044480385899459]]}
{"519.lbm_r": [[14702.75, 1.19968353204378], [2231.375, 0.4231434399807267]], "baseline": [[13468.0, 1.2148706499859416], [2170.625, 0.4425601943408933]]}
{"519.lbm_r": [[13678.875, 1.2214924537104288], [1961.0, 0.5495645804155005]], "baseline": [[12507.5, 1.235751357188538], [2896.75, 1.4494657135076252]]}
{"519.lbm_r": [[12508.625, 1.2326059173672907], [2270.5, 0.47593314347186944]], "baseline": [[14347.375, 1.2042500317747193], [2258.875, 0.8683022943655823]]}
{"519.lbm_r": [[14519.625, 1.1979647060523824], [2629.25, 1.2460682692307687]], "baseline": [[14321.0, 1.2023684376485189], [2492.75, 0.3709333333333345]]}
{"519.lbm_r": [[14303.875, 1.202829765795712], [1856.125, 0.6124931953256318]], "baseline": [[12810.0, 1.2291227265458617], [4765183.0, 97.50126303233756]]}
{"519.lbm_r": [[12777.625, 1.226593279055147], [2545.0, 1.1506707416117263]], "baseline": [[11977.875, 1.253317008376507], [2101.875, 0.58099314780989]]}
