{"519.lbm_r": [[15416.5, 1.1728184645988986], [2136.875, 0.6206963589315799]], "baseline": [[13794.375, 1.2065880629732035], [2547.0, 1.3520303786447398]]}
