{"519.lbm_r": [[13600.25, 1.2062486334254805], [1963.0, 0.6840539703089147]], "baseline": [[13593.0, 1.2087471545333441], [1882.875, 0.502146543605966]]}
{"519.lbm_r": [[12935.25, 1.2216113662410026], [1948.75, 0.3779395799273553]], "baseline": [[13748.625, 1.2105236652694513], [1958.375, 0.5299410697883984]]}
{"519.lbm_r": [[15178.875, 1.1803865812576855], [1995.875, 0.6571493851280297]], "baseline": [[13599.0, 1.2120978152806612], [1944.0, 0.6037067680448251]]}
{"519.lbm_r": [[13864.875, 1.2024774446549862], [2031.0, 0.3370363590030984]], "baseline": [[13632.5, 1.2048156265913348], [1974.875, 0.47360968296409467]]}
{"519.lbm_r": [[14337.75, 1.1956829722913664], [1996.75, 0.4342858482877959]], "baseline": [[15041.875, 1.1820112035103454], [1954.75, 0.11496321644042136]]}
