{"519.lbm_r": [[54.625, 0.0], [1910.125, 0.46212901691368524]], "baseline": [[55.125, 0.0], [1806.375, 0.5421174759720764]]}
