{"519.lbm_r": [[13856.875, 1.210346147816097], [2369.25, 0.7556875220154928]], "baseline": [[13841.5, 1.2094479918342702], [1844.0, 0.5919478971993469]]}
{"519.lbm_r": [[14716.75, 1.1916648533366239], [2260.25, 0.6346720064030823]], "baseline": [[13256.125, 1.2211804858535202], [2172.625, 0.3841602055817826]]}
{"519.lbm_r": [[13406.125, 1.2146553613381148], [2233.625, 0.8447396344295774]], "baseline": [[14579.5, 1.2005328519226535], [2269.375, 0.6380574249698132]]}
{"519.lbm_r": [[14368.625, 1.203406203732494], [2009.125, 0.4072488593749801]], "baseline": [[13859.5, 1.209869936659261], [2176.875, 0.4421042923665692]]}
{"519.lbm_r": [[13601.625, 1.216065535450507], [2421.5, 0.800840838239598]], "baseline": [[12869.5, 1.2290392803836467], [1882.625, 0.5964187165775406]]}
{"519.lbm_r": [[14098.125, 1.207383330767796], [1687.5, 0.533996263178057]], "baseline": [[12546.0, 1.2380052226024398], [2287.0, 0.8184700324720883]]}
{"519.lbm_r": [[13560.75, 1.218103558617618], [1961.625, 0.6829921935039207]], "baseline": [[12756.875, 1.2283376697193111], [2115.375, 0.3505310305627991]]}
{"519.lbm_r": [[14106.125, 1.2032689911674908], [2110.375, 0.7511056528836244]], "baseline": [[13457.25, 1.2147056620380114], [1993.125, 0.7782666864447383]]}
{"519.lbm_r": [[13842.5, 1.2084937485605776], [2567.25, 1.5310497188198275]], "baseline": [[14012.0, 1.2170346253512656], [1834.75, 0.43792378528936987]]}
{"519.lbm_r": [[12976.875, 1.2114037379772138], [1782.25, 0.6734695766856214]], "baseline": [[12924.75, 1.2264839627598156], [2265.625, 0.800443758978623]]}
