{"519.lbm_r": [[15398.0, 1.1782371505917522], [2067.5, 0.42313072963549037]], "baseline": [[14846.125, 1.1920908567903072], [1999.375, 0.4837032907543933]]}
{"519.lbm_r": [[14397.125, 1.1961662903441583], [1923.0, 0.5233068172796738]], "baseline": [[13323.5, 1.2172262245645313], [2043.375, 0.48926310274490653]]}
{"519.lbm_r": [[13655.0, 1.2087884407973966], [2030.5, 0.5765730473585532]], "baseline": [[12724.125, 1.2277939731699343], [1928.75, 0.7607489310696888]]}
{"519.lbm_r": [[12150.375, 1.237124523983114], [1963.25, 0.5624380443563956]], "baseline": [[13372.5, 1.214691091713347], [2074.625, 0.4433148232042658]]}
{"519.lbm_r": [[14330.875, 1.1959518671261058], [2094.0, 0.6035406043952597]], "baseline": [[14335.25, 1.1962731946123402], [1918.625, 0.5007459977162811]]}
