{"519.lbm_r": [[14846.75, 1.186882346787862], [2150.25, 0.6393759808179365]], "baseline": [[14006.125, 1.2039255957513118], [2013.375, 0.4266623241128257]]}
{"519.lbm_r": [[14483.5, 1.1916834011511928], [2128.5, 0.6581342903079266]], "baseline": [[14732.25, 1.19080635882609], [2030.875, 0.6094170718782781]]}
{"519.lbm_r": [[14959.5, 1.189639791658609], [2126.5, 0.33736266725524533]], "baseline": [[13931.625, 1.2077330584646895], [1974.75, 0.4544002394473937]]}
{"519.lbm_r": [[14377.75, 1.1941153292238944], [1960.125, 0.26893299882574734]], "baseline": [[12834.875, 1.2285263106334428], [1984.25, 0.5092253530875746]]}
{"519.lbm_r": [[14304.75, 1.198158621497963], [2078.625, 0.37308633633766464]], "baseline": [[14773.0, 1.1902187225310656], [1978.625, 0.4350394925390667]]}
