{"519.lbm_r": [[14612.375, 1.2079352146079825], [1973.125, 0.6143184099256881]], "baseline": [[15409.375, 1.1828461361912106], [1999.125, 0.546083980284268]]}
{"519.lbm_r": [[13697.125, 1.2077457965071114], [1998.0, 0.34961331983537447]], "baseline": [[13010.25, 1.2172838544837838], [2038.5, 0.41500105290477574]]}
{"519.lbm_r": [[14133.75, 1.1963079760324127], [1963.5, 0.3964407373982793]], "baseline": [[14141.75, 1.201030073816656], [1987.625, 0.46638894479325455]]}
{"519.lbm_r": [[13980.125, 1.2036218817454747], [2144.875, 0.30147768039702777]], "baseline": [[12924.25, 1.2244585886803343], [2014.75, 0.7289845763040559]]}
{"519.lbm_r": [[15583.0, 1.1743217729453617], [2041.0, 0.5443910186358341]], "baseline": [[13228.25, 1.207928194908037], [1977.625, 0.5566383349345849]]}
