{"519.lbm_r": [[1094.5, 0.0], [2253.25, 0.5322654647112424]], "baseline": [[1008.0, 0.0], [2083.125, 0.5284884525225111]]}
