{"519.lbm_r": [[14702.875, 1.1996810568682406], [1985.75, 0.6347355073664379]], "baseline": [[15179.5, 1.1763165341569148], [2013.0, 0.45145994942169476]]}
{"519.lbm_r": [[13561.5, 1.207345927140063], [1971.25, 0.4543462497602663]], "baseline": [[13337.25, 1.2168391001920773], [2021.75, 0.4113382512141943]]}
{"519.lbm_r": [[13977.125, 1.2030831993352369], [2107.375, 0.40117556396177095]], "baseline": [[13371.125, 1.2180259639245623], [2023.875, 0.36389853970728725]]}
{"519.lbm_r": [[15653.125, 1.174630068748744], [2061.125, 0.6956278043062794]], "baseline": [[13807.0, 1.2090147381368748], [2004.25, 0.6579282205376522]]}
{"519.lbm_r": [[14122.875, 1.19627495378088], [2021.375, 0.35755292539894806]], "baseline": [[13015.5, 1.2260009178142575], [2014.25, 0.6751865584915561]]}
