{"519.lbm_r": [[56.125, 0.0], [2084.0, 0.4500098045452484]], "baseline": [[56.375, 0.0], [1959.875, 0.4455085249989205]]}
