{"519.lbm_r": [[56.75, 0.0], [2011.875, 0.6363443777404821]], "baseline": [[62.5, 0.0], [2011.375, 0.5000973308717237]]}
