{"519.lbm_r": [[15047.25, 1.187711281479604], [2489.25, 0.8478023427477402]], "baseline": [[14463.25, 1.2019846349794108], [1972.375, 0.5031460394712971]]}
