{"519.lbm_r": [[14129.625, 1.2064315794887273], [2111.25, 0.28144313382695396]], "baseline": [[11967.5, 1.2425611080796108], [4188159.0, 97.5024512194295]]}
{"519.lbm_r": [[13362.625, 1.2190171697020304], [2131.5, 0.43255301891678305]], "baseline": [[13411.125, 1.2162166439076918], [4926463.0, 97.50120701864623]]}
{"519.lbm_r": [[13954.375, 1.2081820644232157], [4294911.0, 97.5019155609509]], "baseline": [[13795.0, 1.211358297348459], [1979.5, 0.04289690082644534]]}
{"519.lbm_r": [[14532.625, 1.198901019150488], [2245.75, 0.5424045733813155]], "baseline": [[13386.75, 1.2193014615285616], [2299.75, 0.5861413332322591]]}
{"519.lbm_r": [[15189.375, 1.1867282392324785], [4049919.0, 97.50291510478326]], "baseline": [[13411.875, 1.220138174373856], [2618879.0, 90.14043274032423]]}
{"519.lbm_r": [[13062.125, 1.2236124414455152], [2411.25, 0.7165544001971216]], "baseline": [[12651.875, 1.2299739768605193], [1904.875, 0.5637473363362824]]}
{"519.lbm_r": [[15403.5, 1.1862061015510665], [4092671.0, 97.50323764414216]], "baseline": [[12686.25, 1.2269982475120718], [4237823.0, 97.50224960580995]]}
{"519.lbm_r": [[13988.0, 1.2047797412554275], [2060.625, 0.5070229157786297]], "baseline": [[11901.125, 1.248163664915229], [2125.0, 0.0]]}
{"519.lbm_r": [[14193.5, 1.2000322941781196], [2243.125, 0.8076946956790023]], "baseline": [[14477.75, 1.2047148073131664], [2163.0, 0.5546557930689557]]}
{"519.lbm_r": [[15359.5, 1.1852720074470329], [2036.25, 0.8238829536779256]], "baseline": [[13681.75, 1.213555890435809], [5169663.0, 97.50079810511002]]}
