{"519.lbm_r": [[3516.75, 1.6007107358477815], [2122.375, 0.5260706522082502]], "baseline": [[3228.875, 0.8364233615928911], [5438975.0, 98.75061593017053]]}
