{"519.lbm_r": [[56.375, 0.0], [1980.625, 0.4751302313063223]], "baseline": [[55.75, 0.0], [1887.625, 0.585175816937356]]}
