{"519.lbm_r": [[48.5, 0.0], [2140.25, 0.6686299461417465]], "baseline": [[48.875, 0.0], [2126.625, 0.3686473423071746]]}
