{"519.lbm_r": [[23269.625, 1.3139041708038959], [2126.625, 0.5111625]], "baseline": [[22122.25, 1.1151644520813961], [2926.0, 1.88152851949256]]}
{"519.lbm_r": [[24194.0, 1.08624432300279], [5684223.0, 98.75019166185028]], "baseline": [[22835.875, 1.1132295709653999], [5896191.0, 98.75026396445278]]}
