{"519.lbm_r": [[12617.5, 1.2310651102834407], [1875.5, 0.46855774508594544]], "baseline": [[12037.625, 1.2406544539302327], [5670399.0, 98.7504013444154]]}
