{"519.lbm_r": [[13853.125, 1.2139052125970275], [2557.5, 0.5857456834831826]], "baseline": [[19154.125, 1.1406049764403368], [2327.0, 0.5329378694815968]]}
{"519.lbm_r": [[15182.25, 1.1874277218853029], [2569.375, 1.128612489439803]], "baseline": [[13756.75, 1.2140485323824954], [2246.625, 0.7366911104942674]]}
{"519.lbm_r": [[14760.25, 1.1981189923260798], [2438.875, 1.3351619914466397]], "baseline": [[14592.75, 1.1908830644939354], [2394.5, 0.38099914633067206]]}
{"519.lbm_r": [[14607.875, 1.200318468459762], [2986.25, 3.1334863017238015]], "baseline": [[13476.875, 1.2120407859381015], [2284.625, 0.560242166031497]]}
{"519.lbm_r": [[13385.875, 1.214758649522741], [2406.75, 0.3568516478891468]], "baseline": [[15068.75, 1.192993722048174], [2618.75, 0.9964510441073695]]}
{"519.lbm_r": [[14961.375, 1.1910896830933464], [2302.625, 0.6083048462881172]], "baseline": [[14202.75, 1.2028131630318402], [2609.25, 1.3945549404598139]]}
{"519.lbm_r": [[15100.625, 1.1865921903756251], [2526.625, 0.5685201192615323]], "baseline": [[12950.625, 1.2313372959481448], [2319.75, 0.6335920926543671]]}
{"519.lbm_r": [[14621.5, 1.1965755971774037], [2251.375, 0.5691660863952208]], "baseline": [[12025.125, 1.2412918224591625], [2075.875, 0.17168237979224754]]}
{"519.lbm_r": [[12910.375, 1.232405699189751], [2080.5, 0.6480674327963954]], "baseline": [[20420.25, 1.368253699928648], [2536.25, 0.8098700963837158]]}
{"519.lbm_r": [[14178.75, 1.201713122860313], [2629.75, 0.2882286862990824]], "baseline": [[12903.75, 1.2250861813315583], [2067.5, 0.6837261377651984]]}
