{"519.lbm_r": [[56.25, 0.0], [1970.625, 0.5891585323489037]], "baseline": [[56.625, 0.0], [2080.75, 0.51488897190861]]}
