{"519.lbm_r": [[55.0, 0.0], [2083.125, 0.4073788517129583]], "baseline": [[56.0, 0.0], [1929.875, 0.5083901773451603]]}
