{"519.lbm_r": [[442.75, 0.0], [4923.0, 2.757109950805074]], "baseline": [[305.25, 0.0], [2243.625, 0.6935358776858174]]}
{"519.lbm_r": [[576.75, 0.0], [5342719.0, 98.75068828024872]], "baseline": [[438.125, 0.0], [2255.0, 0.3095821428571417]]}
{"519.lbm_r": [[297.125, 0.0], [5367295.0, 97.50067815692289]], "baseline": [[319.125, 0.0], [6305791.0, 100.0]]}
{"519.lbm_r": [[318.75, 0.0], [2135.5, 0.7365719647687384]], "baseline": [[351.625, 0.0], [6678527.0, 100.0]]}
{"519.lbm_r": [[332.625, 0.0], [2556.0, 1.1123771305862622]], "baseline": [[841.875, 0.0], [1955.0, 0.5211457075927676]]}
{"519.lbm_r": [[318.0, 0.0], [2370.125, 0.6701233988733515]], "baseline": [[328.75, 0.0], [2956.25, 2.089374603174605]]}
{"519.lbm_r": [[320.875, 0.0], [2279.375, 0.5197448712762419]], "baseline": [[286.0, 0.0], [2246.375, 0.30351974206349114]]}
{"519.lbm_r": [[331.375, 0.0], [2186.0, 0.24852448830409374]], "baseline": [[263.75, 0.0], [2159.625, 0.5370252370126857]]}
{"519.lbm_r": [[300.625, 0.0], [5708287.0, 97.50060126843299]], "baseline": [[243.0, 0.0], [5646847.0, 97.50053705162193]]}
{"519.lbm_r": [[371.0, 0.0], [2016.0, 0.23106167161964355]], "baseline": [[317.125, 0.0], [3110.75, 2.9538747930990583]]}
{"519.lbm_r": [[697.375, 0.0], [1829.0, 0.5684940697978996]], "baseline": [[314.25, 0.0], [2197.375, 0.37064167373524065]]}
{"519.lbm_r": [[285.0, 0.0], [2070.75, 0.22801022727272688]], "baseline": [[326.375, 0.0], [2120.125, 0.3724794642857131]]}
{"519.lbm_r": [[261.5, 0.0], [1987.5, 0.2421875]], "baseline": [[265.375, 0.0], [5804543.0, 98.75009109530572]]}
{"519.lbm_r": [[282.125, 0.0], [2563.25, 0.7113978260869565]], "baseline": [[295.875, 0.0], [2264.25, 0.5418583303250619]]}
{"519.lbm_r": [[521.25, 0.0], [2228.5, 0.3317526009705931]], "baseline": [[352.125, 0.0], [2101.125, 0.4753835062813038]]}
{"519.lbm_r": [[405.75, 0.0], [1787.125, 0.6668795518994002]], "baseline": [[323.0, 0.0], [2096.125, 0.5310387417442455]]}
{"519.lbm_r": [[522.625, 0.0], [2909.0, 2.3028745196796647]], "baseline": [[299.0, 0.0], [2337.25, 0.6685210504776018]]}
{"519.lbm_r": [[338.625, 0.0], [2526.75, 0.8712004836696494]], "baseline": [[315.25, 0.0], [2166.625, 0.591103903797866]]}
{"519.lbm_r": [[317.875, 0.0], [2277.75, 0.3713129611616482]], "baseline": [[318.5, 0.0], [2379.625, 0.46152612999745185]]}
{"519.lbm_r": [[318.375, 0.0], [2131.0, 0.16831634615384575]], "baseline": [[252.125, 0.0], [2106.625, 0.9135938917507986]]}
{"519.lbm_r": [[370.875, 0.0], [2541.625, 1.6794705831205834]], "baseline": [[289.875, 0.0], [2816.0, 1.0384590608465603]]}
{"519.lbm_r": [[394.125, 0.0], [1759.0, 0.6556062049062074]], "baseline": [[309.875, 0.0], [2344.5, 1.0255291625511964]]}
{"519.lbm_r": [[291.25, 0.0], [1811.75, 0.0921284780578896]], "baseline": [[304.25, 0.0], [2097.25, 0.38465959853448456]]}
{"519.lbm_r": [[266.125, 0.0], [1822.75, 0.48839707227506]], "baseline": [[327.75, 0.0], [2408.875, 0.9783206756617463]]}
{"519.lbm_r": [[292.25, 0.0], [1904.25, 0.6501025652168049]], "baseline": [[326.25, 0.0], [2649.625, 1.167618879306106]]}
{"519.lbm_r": [[503.375, 0.0], [2463.75, 0.6495850920686871]], "baseline": [[503.625, 0.0], [2266.375, 0.559203008959993]]}
{"519.lbm_r": [[506.25, 0.0], [2529.0, 0.6926361871327641]], "baseline": [[561.375, 0.0], [2176.375, 0.47271844362744986]]}
{"519.lbm_r": [[347.375, 0.0], [2198.125, 0.5948623957412592]], "baseline": [[424.625, 0.0], [2577.5, 1.8645809006129357]]}
{"519.lbm_r": [[406.25, 0.0], [5467647.0, 97.50067946906654]], "baseline": [[337.5, 0.0], [2724.625, 2.5761670454545462]]}
{"519.lbm_r": [[446.125, 0.0], [1723.5, 0.5952748969004957]], "baseline": [[369.0, 0.0], [6615551.0, 100.0]]}
{"519.lbm_r": [[402.625, 0.0], [5659647.0, 98.7504049003945]], "baseline": [[423.625, 0.0], [2062.75, 0.12293486842105092]]}
{"519.lbm_r": [[278.0, 0.0], [2094.625, 0.36554461892626333]], "baseline": [[316.0, 0.0], [2184.375, 0.5593428005505177]]}
{"519.lbm_r": [[325.75, 0.0], [2183.875, 0.2922028085978416]], "baseline": [[334.75, 0.0], [1871.875, 0.6009111596394092]]}
{"519.lbm_r": [[294.125, 0.0], [2681.0, 1.7624449583982493]], "baseline": [[370.0, 0.0], [2074.75, 0.7754973156369714]]}
{"519.lbm_r": [[298.25, 0.0], [2102.0, 0.5286249065255131]], "baseline": [[274.625, 0.0], [2176.75, 0.17218894927536166]]}
{"519.lbm_r": [[295.125, 0.0], [5789695.0, 97.50074522120686]], "baseline": [[245.125, 0.0], [4223743.0, 97.50152656326925]]}
{"519.lbm_r": [[678.875, 0.0], [2403.875, 0.5546478398617491]], "baseline": [[497.75, 0.0], [2131.125, 0.5636415217475855]]}
