{"519.lbm_r": [[49.25, 0.0], [2162.75, 0.4717224648809265]], "baseline": [[49.0, 0.0], [2148.5, 0.6588453829369362]]}
