{"519.lbm_r": [[54.875, 0.0], [2010.25, 0.2617850309650938]], "baseline": [[55.125, 0.0], [2037.5, 0.29263000240500225]]}
