{"519.lbm_r": [[14417.625, 1.1982656092365753], [2312.25, 0.616696043417366]], "baseline": [[14334.0, 1.204158102099875], [2067.875, 0.7238504204670253]]}
{"519.lbm_r": [[15324.875, 1.1861981167749465], [2014.875, 0.7452144480519469]], "baseline": [[14504.375, 1.2075188123554874], [1889.875, 0.44824859252638]]}
{"519.lbm_r": [[15039.375, 1.1807178469539463], [2665.5, 0.7112507981877446]], "baseline": [[13978.25, 1.2045047564524365], [2060.5, 0.6072106088356094]]}
{"519.lbm_r": [[14526.875, 1.197548702454756], [2067.125, 0.5995971964540666]], "baseline": [[16427.375, 1.173913456313464], [2385.375, 1.4268450038826792]]}
{"519.lbm_r": [[14213.375, 1.1990156974273525], [2172.5, 0.737783122791255]], "baseline": [[13461.5, 1.2147060628786304], [2475.0, 0.8969689895953472]]}
{"519.lbm_r": [[14513.75, 1.198387645871303], [2409.5, 0.6859885102360799]], "baseline": [[14548.75, 1.195479565236157], [1933.875, 0.8270258145153301]]}
{"519.lbm_r": [[13738.5, 1.214385354696296], [1774.25, 0.6565588034274527]], "baseline": [[14250.75, 1.205257151891613], [2527.25, 0.6429350085178691]]}
{"519.lbm_r": [[14214.875, 1.2010485515287326], [2003.625, 0.7918990544601996]], "baseline": [[12666.25, 1.2279931577090557], [1997.375, 0.585341104362325]]}
{"519.lbm_r": [[14599.625, 1.1948916272952346], [2116.25, 0.5177011385786725]], "baseline": [[12978.625, 1.2241269288336096], [2101.375, 0.3612728628292226]]}
{"519.lbm_r": [[14130.25, 1.20084913251684], [2100.75, 0.54115822872395]], "baseline": [[12764.5, 1.2241727129797733], [1713.75, 0.4901577513495248]]}
