{"519.lbm_r": [[12071.25, 1.2447147811300763], [1920.375, 0.28419288083724925]], "baseline": [[12661.875, 1.231328001863819], [2004.25, 0.3153982164199197]]}
{"519.lbm_r": [[14110.625, 1.2011448625145191], [2008.625, 0.49409755591903476]], "baseline": [[13173.5, 1.2143396543774332], [2001.25, 0.761501161837751]]}
{"519.lbm_r": [[15217.375, 1.1839766813107622], [2038.625, 0.52807260101365]], "baseline": [[13649.625, 1.2110202631552718], [2025.5, 0.553724605896023]]}
{"519.lbm_r": [[13157.75, 1.2167172459609685], [1943.5, 0.6130359712916631]], "baseline": [[13393.375, 1.2087589890445267], [1972.125, 0.7268329688258894]]}
{"519.lbm_r": [[13465.0, 1.2124056524057338], [1956.875, 0.4271204120357809]], "baseline": [[13837.75, 1.2104104431317813], [1991.75, 0.5549861768053396]]}
