{"519.lbm_r": [[14684.875, 1.1827388833889998], [2077.125, 0.6519418236920875]], "baseline": [[14189.125, 1.195657662606921], [1937.75, 0.5017865813216262]]}
