{"519.lbm_r": [[14265.75, 1.1997820673547603], [2228.125, 0.47934276634154654]], "baseline": [[12856.375, 1.2204768558290038], [1905.0, 0.40041344041083066]]}
