{"519.lbm_r": [[56.625, 0.0], [1848.5, 0.6477977129408647]], "baseline": [[56.5, 0.0], [1852.875, 0.5863894775582624]]}
