{"519.lbm_r": [[56.125, 0.0], [1938.625, 0.5643314780479574]], "baseline": [[55.875, 0.0], [2074.75, 0.5210454466891268]]}
