{"519.lbm_r": [[13886.0, 1.2007774413503336], [1914.5, 0.5850471861604543]], "baseline": [[14057.75, 1.1992953042483028], [1951.5, 0.5463381267496286]]}
{"519.lbm_r": [[13624.375, 1.2114452471137886], [2052.5, 0.6311252562006706]], "baseline": [[13668.875, 1.2116886477142481], [2017.125, 0.44080588310729696]]}
{"519.lbm_r": [[13561.75, 1.2124967297158973], [2027.875, 0.4213811351607123]], "baseline": [[14712.375, 1.1924928809744924], [1951.25, 0.5594301414438216]]}
{"519.lbm_r": [[13870.875, 1.2041017752123442], [2006.5, 0.39413635949173775]], "baseline": [[13538.875, 1.2105413217476428], [1997.75, 0.49695195018797156]]}
{"519.lbm_r": [[14889.0, 1.1822189718847742], [2037.0, 0.5850251621062393]], "baseline": [[14410.125, 1.1983160890997595], [1981.5, 0.6522698295459698]]}
{"519.lbm_r": [[14350.5, 1.2010332954143887], [2010.25, 0.44869010836939693]], "baseline": [[14835.75, 1.1897778256702591], [1933.125, 0.11981785714285585]]}
