{"519.lbm_r": [[14016.5, 1.2127965244227874], [2252.0, 0.7362570801622184]], "baseline": [[13585.0, 1.2124471319347407], [2542.375, 0.8336497023809486]]}
{"519.lbm_r": [[14220.25, 1.2026591906401158], [2204.875, 0.6626818948727716]], "baseline": [[13196.75, 1.2202156765396013], [2378.375, 0.919596551594433]]}
{"519.lbm_r": [[13549.125, 1.2165922634617523], [2351.5, 0.5645135033143887]], "baseline": [[14143.0, 1.2059238198420013], [1940.75, 0.3932531499150802]]}
{"519.lbm_r": [[14012.875, 1.2060339765421013], [2563.625, 0.8543779857397482]], "baseline": [[12377.125, 1.2434165074111097], [1994.5, 0.6237898898558618]]}
{"519.lbm_r": [[12284.625, 1.2435505007694956], [2320.0, 0.691825544135364]], "baseline": [[13988.0, 1.2112971710410068], [2195.0, 0.7190527908495021]]}
{"519.lbm_r": [[14532.125, 1.1972296225026158], [1903.5, 0.6028926981142336]], "baseline": [[13258.875, 1.2182743195335743], [2142.5, 0.11464583333333363]]}
{"519.lbm_r": [[14113.375, 1.206879797185956], [2319.875, 0.6660404633566187]], "baseline": [[13266.5, 1.21869052750666], [2138.25, 1.2385014510019543]]}
{"519.lbm_r": [[13649.875, 1.212071371795577], [2085.25, 0.7438191086560964]], "baseline": [[13689.5, 1.2111600767491393], [2455.25, 0.9084702154871251]]}
{"519.lbm_r": [[14491.25, 1.1997310857269956], [2046.625, 0.47954794591948924]], "baseline": [[14346.0, 1.2021746076091666], [1962.75, 0.4049459544638183]]}
{"519.lbm_r": [[14213.125, 1.2038003646663746], [2315.75, 0.20017169117646888]], "baseline": [[13501.625, 1.218796637640997], [1915.625, 0.5255951951643101]]}
