{"519.lbm_r": [[14785.5, 1.1906982358720561], [1994.625, 0.561702230928793]], "baseline": [[14895.625, 1.1913954614453925], [1971.875, 0.47961344557747615]]}
{"519.lbm_r": [[13955.875, 1.202388616467705], [2113.0, 0.4728422561219007]], "baseline": [[14100.375, 1.2039962794290573], [1987.875, 0.5853249618216622]]}
{"519.lbm_r": [[14553.875, 1.1923032390086443], [1949.625, 0.5826487893160592]], "baseline": [[14797.125, 1.191150758885277], [2115.5, 0.38311866713408355]]}
{"519.lbm_r": [[15548.375, 1.1819968081814838], [2012.125, 0.5045090298237292]], "baseline": [[14491.5, 1.195845160748403], [1950.625, 0.4618683708496662]]}
{"519.lbm_r": [[14648.75, 1.1932447751546618], [2056.0, 0.40127914752709654]], "baseline": [[12992.75, 1.218889566282447], [2041.0, 0.5274402211126711]]}
