{"519.lbm_r": [[18665.625, 1.150854089648805], [2665.5, 1.5138762756238868]], "baseline": [[17211.75, 1.1667413305266547], [1903.25, 0.0]]}
