{"519.lbm_r": [[20883.5, 1.1283054052701766], [5218815.0, 97.5008123202754]], "baseline": [[20400.75, 1.1342502754099593], [5192703.0, 97.50068912830676]]}
