{"519.lbm_r": [[13198.0, 1.217747956184818], [2033.875, 0.587055880334261]], "baseline": [[14396.0, 1.197040122080419], [2100.75, 0.5824093676252559]]}
{"519.lbm_r": [[15095.625, 1.1809406473570845], [1966.875, 0.46355891826311063]], "baseline": [[14032.375, 1.192059374395493], [1895.0, 0.0]]}
{"519.lbm_r": [[13896.0, 1.2062808916469154], [1928.375, 0.3849097008967178]], "baseline": [[12906.75, 1.2192835291235156], [1899.125, 0.3969200458697395]]}
{"519.lbm_r": [[13848.75, 1.202537765934309], [1939.875, 0.13632001689189077]], "baseline": [[14752.625, 1.1836799473848623], [1959.125, 0.623849552112513]]}
{"519.lbm_r": [[15623.625, 1.174451429042782], [1968.125, 0.47956856370970163]], "baseline": [[14679.625, 1.19084671598412], [1922.875, 0.2005250306402588]]}
