{"memcached": {"519.lbm_r": {"95th_latency": 36.375, "99th_latency": 61.375, "violate_rate": 0.0, "throughput": 51000}, "507.cactuBSSN_r": {"95th_latency": 37.375, "99th_latency": 250.75, "violate_rate": 0.9040232071401856, "throughput": 51000}, "baseline": {"95th_latency": 34.375, "99th_latency": 57.0, "violate_rate": 0.0, "throughput": 51000}}}
{"memcached": {"519.lbm_r": {"95th_latency": 35.625, "99th_latency": 54.875, "violate_rate": 0.0, "throughput": 51000}, "507.cactuBSSN_r": {"95th_latency": 36.625, "99th_latency": 225.625, "violate_rate": 0.9474651969926697, "throughput": 51000}, "baseline": {"95th_latency": 34.25, "99th_latency": 55.75, "violate_rate": 0.0, "throughput": 51000}}}
{"memcached": {"519.lbm_r": {"95th_latency": 36.25, "99th_latency": 63.625, "violate_rate": 0.0, "throughput": 51000}, "507.cactuBSSN_r": {"95th_latency": 36.625, "99th_latency": 171.875, "violate_rate": 0.6861538461538461, "throughput": 51000}, "baseline": {"95th_latency": 34.25, "99th_latency": 56.0, "violate_rate": 0.0, "throughput": 51000}}}
{"memcached": {"519.lbm_r": {"95th_latency": 35.625, "99th_latency": 56.25, "violate_rate": 0.0, "throughput": 51000}, "507.cactuBSSN_r": {"95th_latency": 37.125, "99th_latency": 274.625, "violate_rate": 1.1225220965102745, "throughput": 51000}, "baseline": {"95th_latency": 34.125, "99th_latency": 54.875, "violate_rate": 0.0, "throughput": 51000}}}
{"memcached": {"519.lbm_r": {"95th_latency": 35.625, "99th_latency": 51.5, "violate_rate": 0.0, "throughput": 51000}, "507.cactuBSSN_r": {"95th_latency": 37.875, "99th_latency": 377.625, "violate_rate": 1.2225297906047665, "throughput": 51000}, "baseline": {"95th_latency": 33.75, "99th_latency": 52.875, "violate_rate": 0.0, "throughput": 51000}}}
