{"memcached": {"519.lbm_r": {"95th_latency": 36.75, "99th_latency": 63.625, "violate_rate": 0.0, "throughput": 52000}, "507.cactuBSSN_r": {"95th_latency": 36.625, "99th_latency": 168.5, "violate_rate": 0.6545833333333333, "throughput": 52000}, "baseline": {"95th_latency": 33.75, "99th_latency": 56.0, "violate_rate": 0.2390625, "throughput": 52000}}}
{"memcached": {"519.lbm_r": {"95th_latency": 35.875, "99th_latency": 52.0, "violate_rate": 0.0, "throughput": 52000}, "507.cactuBSSN_r": {"95th_latency": 37.625, "99th_latency": 247.0, "violate_rate": 1.1180049018353728, "throughput": 52000}, "baseline": {"95th_latency": 34.125, "99th_latency": 50.875, "violate_rate": 0.0, "throughput": 52000}}}
{"memcached": {"519.lbm_r": {"95th_latency": 35.875, "99th_latency": 51.375, "violate_rate": 0.0, "throughput": 52000}, "507.cactuBSSN_r": {"95th_latency": 36.25, "99th_latency": 216.375, "violate_rate": 0.5552409942590373, "throughput": 52000}, "baseline": {"95th_latency": 34.25, "99th_latency": 56.625, "violate_rate": 0.0, "throughput": 52000}}}
{"memcached": {"519.lbm_r": {"95th_latency": 35.75, "99th_latency": 52.0, "violate_rate": 0.0, "throughput": 52000}, "507.cactuBSSN_r": {"95th_latency": 36.25, "99th_latency": 180.5, "violate_rate": 0.9154820279296445, "throughput": 52000}, "baseline": {"95th_latency": 34.75, "99th_latency": 60.625, "violate_rate": 0.0, "throughput": 52000}}}
{"memcached": {"519.lbm_r": {"95th_latency": 37.5, "99th_latency": 81.75, "violate_rate": 0.4790402288885035, "throughput": 52000}, "507.cactuBSSN_r": {"95th_latency": 38.125, "99th_latency": 300.875, "violate_rate": 1.220434241862407, "throughput": 52000}, "baseline": {"95th_latency": 33.875, "99th_latency": 55.0, "violate_rate": 0.0, "throughput": 52000}}}
