{"nginx": {"519.lbm_r": {"95th_latency": 17654783.0, "99th_latency": 19384319.0, "violate_rate": 100.0, "throughput": 70000}, "507.cactuBSSN_r": {"95th_latency": 7134207.0, "99th_latency": 8585727.0, "violate_rate": 90.0041373000738, "throughput": 70000}, "baseline": {"95th_latency": 17548287.0, "99th_latency": 19277823.0, "violate_rate": 100.0, "throughput": 70000}}}
{"nginx": {"519.lbm_r": {"95th_latency": 15327231.0, "99th_latency": 16963583.0, "violate_rate": 97.50032315334758, "throughput": 70000}, "507.cactuBSSN_r": {"95th_latency": 14041087.0, "99th_latency": 15769599.0, "violate_rate": 96.25048567657855, "throughput": 70000}, "baseline": {"95th_latency": 8762879.0, "99th_latency": 10299391.0, "violate_rate": 91.25335346909164, "throughput": 70000}}}
{"nginx": {"519.lbm_r": {"95th_latency": 16831487.0, "99th_latency": 18524159.0, "violate_rate": 97.50028209153182, "throughput": 70000}, "507.cactuBSSN_r": {"95th_latency": 12405759.0, "99th_latency": 14111743.0, "violate_rate": 92.50115761658896, "throughput": 70000}, "baseline": {"95th_latency": 16508927.0, "99th_latency": 18144255.0, "violate_rate": 97.50034266386605, "throughput": 70000}}}
