{"nginx": {"519.lbm_r": {"95th_latency": 2457.875, "99th_latency": 3016.0, "violate_rate": 1.763117904589371, "throughput": 58000}, "507.cactuBSSN_r": {"95th_latency": 2452.375, "99th_latency": 2840.0, "violate_rate": 1.445804540602008, "throughput": 58000}, "baseline": {"95th_latency": 2572.5, "99th_latency": 3009.5, "violate_rate": 1.4122195083668765, "throughput": 58000}}}
{"nginx": {"519.lbm_r": {"95th_latency": 2580.75, "99th_latency": 3115.5, "violate_rate": 1.8211358601774035, "throughput": 58000}, "507.cactuBSSN_r": {"95th_latency": 2396.75, "99th_latency": 2872.125, "violate_rate": 1.541917323250438, "throughput": 58000}, "baseline": {"95th_latency": 2523.5, "99th_latency": 3994.0, "violate_rate": 1.9632049519569876, "throughput": 58000}}}
{"nginx": {"519.lbm_r": {"95th_latency": 2397.75, "99th_latency": 2872.625, "violate_rate": 1.4648558213028788, "throughput": 58000}, "507.cactuBSSN_r": {"95th_latency": 2528.375, "99th_latency": 2949.25, "violate_rate": 1.5085887924712662, "throughput": 58000}, "baseline": {"95th_latency": 2518.5, "99th_latency": 3155.0, "violate_rate": 1.8159878623188406, "throughput": 58000}}}
{"nginx": {"519.lbm_r": {"95th_latency": 2511.75, "99th_latency": 3115.75, "violate_rate": 1.7485693863949088, "throughput": 58000}, "507.cactuBSSN_r": {"95th_latency": 2558.5, "99th_latency": 5199.5, "violate_rate": 2.837778288287799, "throughput": 58000}, "baseline": {"95th_latency": 2415.25, "99th_latency": 2781.75, "violate_rate": 1.3228424961543706, "throughput": 58000}}}
{"nginx": {"519.lbm_r": {"95th_latency": 2570.75, "99th_latency": 3111.25, "violate_rate": 1.562009735122119, "throughput": 58000}, "507.cactuBSSN_r": {"95th_latency": 2458.75, "99th_latency": 3290.5, "violate_rate": 1.8954856393942363, "throughput": 58000}, "baseline": {"95th_latency": 2469.875, "99th_latency": 3033.75, "violate_rate": 1.621459739341022, "throughput": 58000}}}
