{"nginx": {"519.lbm_r": {"95th_latency": 2239.25, "99th_latency": 2592.75, "violate_rate": 0.717207128863141, "throughput": 30000}, "507.cactuBSSN_r": {"95th_latency": 2275.75, "99th_latency": 2644.75, "violate_rate": 0.45671115204957347, "throughput": 30000}, "baseline": {"95th_latency": 2066.875, "99th_latency": 2374.5, "violate_rate": 0.6320863424037336, "throughput": 30000}}}
{"nginx": {"519.lbm_r": {"95th_latency": 2226.5, "99th_latency": 2584.0, "violate_rate": 0.5186001253132813, "throughput": 30000}, "507.cactuBSSN_r": {"95th_latency": 2180.75, "99th_latency": 2535.25, "violate_rate": 0.5858914084437623, "throughput": 30000}, "baseline": {"95th_latency": 2084.5, "99th_latency": 2417.5, "violate_rate": 0.5596877849184602, "throughput": 30000}}}
