{"nginx": {"519.lbm_r": {"95th_latency": 2626.5, "99th_latency": 3073.0, "violate_rate": 1.6778184035456296, "throughput": 52000}, "507.cactuBSSN_r": {"95th_latency": 2619.75, "99th_latency": 3070.25, "violate_rate": 1.6465561403508784, "throughput": 52000}, "baseline": {"95th_latency": 2473.125, "99th_latency": 2903.75, "violate_rate": 1.4607962850555258, "throughput": 52000}}}
{"nginx": {"519.lbm_r": {"95th_latency": 2538.375, "99th_latency": 2968.0, "violate_rate": 1.402228685897436, "throughput": 52000}, "507.cactuBSSN_r": {"95th_latency": 2514.0, "99th_latency": 2937.75, "violate_rate": 1.5719661191749428, "throughput": 52000}, "baseline": {"95th_latency": 2493.75, "99th_latency": 2925.875, "violate_rate": 1.3881553030303044, "throughput": 52000}}}
{"nginx": {"519.lbm_r": {"95th_latency": 2532.125, "99th_latency": 2917.375, "violate_rate": 1.7810749313186802, "throughput": 52000}, "507.cactuBSSN_r": {"95th_latency": 2503.375, "99th_latency": 2918.25, "violate_rate": 1.6032765043736792, "throughput": 52000}, "baseline": {"95th_latency": 2363.5, "99th_latency": 2760.875, "violate_rate": 1.3218356679240775, "throughput": 52000}}}
{"nginx": {"519.lbm_r": {"95th_latency": 2398.5, "99th_latency": 2763.375, "violate_rate": 1.3942991183461924, "throughput": 52000}, "507.cactuBSSN_r": {"95th_latency": 2617.25, "99th_latency": 3069.5, "violate_rate": 1.5576602699931663, "throughput": 52000}, "baseline": {"95th_latency": 2602.25, "99th_latency": 3045.0, "violate_rate": 1.8086574534161504, "throughput": 52000}}}
{"nginx": {"519.lbm_r": {"95th_latency": 2645.5, "99th_latency": 3061.75, "violate_rate": 1.369101266339871, "throughput": 52000}, "507.cactuBSSN_r": {"95th_latency": 2608.25, "99th_latency": 3061.25, "violate_rate": 1.6363654572036168, "throughput": 52000}, "baseline": {"95th_latency": 2475.875, "99th_latency": 2906.625, "violate_rate": 1.4876245602402294, "throughput": 52000}}}
