{"nginx": {"519.lbm_r": {"95th_latency": 2231.625, "99th_latency": 2503.5, "violate_rate": 0.5044980245730016, "throughput": 20000}, "507.cactuBSSN_r": {"95th_latency": 2125.25, "99th_latency": 2347.5, "violate_rate": 0.49552246233788627, "throughput": 20000}, "baseline": {"95th_latency": 1998.5, "99th_latency": 2203.625, "violate_rate": 0.5290494815556304, "throughput": 20000}}}
{"nginx": {"519.lbm_r": {"95th_latency": 2150.25, "99th_latency": 2375.875, "violate_rate": 0.5124752370586945, "throughput": 20000}, "507.cactuBSSN_r": {"95th_latency": 2138.625, "99th_latency": 2404.25, "violate_rate": 0.6542755864903336, "throughput": 20000}, "baseline": {"95th_latency": 2041.0, "99th_latency": 2251.5, "violate_rate": 0.37584356369319905, "throughput": 20000}}}
