{"nginx": {"519.lbm_r": {"95th_latency": 2572.5, "99th_latency": 2971.5, "violate_rate": 1.7090892628205125, "throughput": 56000}, "507.cactuBSSN_r": {"95th_latency": 2512.75, "99th_latency": 2965.75, "violate_rate": 1.479330793744662, "throughput": 56000}, "baseline": {"95th_latency": 2469.25, "99th_latency": 2865.75, "violate_rate": 1.484430657907983, "throughput": 56000}}}
{"nginx": {"519.lbm_r": {"95th_latency": 2634.75, "99th_latency": 3095.75, "violate_rate": 1.781522718253968, "throughput": 56000}, "507.cactuBSSN_r": {"95th_latency": 2596.5, "99th_latency": 3032.75, "violate_rate": 1.362834767064721, "throughput": 56000}, "baseline": {"95th_latency": 2393.375, "99th_latency": 2784.0, "violate_rate": 1.2583781160704492, "throughput": 56000}}}
{"nginx": {"519.lbm_r": {"95th_latency": 2522.0, "99th_latency": 2995.75, "violate_rate": 1.5261359277221522, "throughput": 56000}, "507.cactuBSSN_r": {"95th_latency": 2417.875, "99th_latency": 2802.0, "violate_rate": 1.4254037730414733, "throughput": 56000}, "baseline": {"95th_latency": 2485.125, "99th_latency": 2898.5, "violate_rate": 1.501590550997677, "throughput": 56000}}}
{"nginx": {"519.lbm_r": {"95th_latency": 2473.25, "99th_latency": 2843.375, "violate_rate": 1.6395677158509283, "throughput": 56000}, "507.cactuBSSN_r": {"95th_latency": 2431.125, "99th_latency": 2819.0, "violate_rate": 1.6053382270196634, "throughput": 56000}, "baseline": {"95th_latency": 2399.5, "99th_latency": 2784.0, "violate_rate": 1.2734527967280331, "throughput": 56000}}}
{"nginx": {"519.lbm_r": {"95th_latency": 2563.25, "99th_latency": 2962.25, "violate_rate": 1.355983356965615, "throughput": 56000}, "507.cactuBSSN_r": {"95th_latency": 2541.5, "99th_latency": 3006.75, "violate_rate": 1.8878927955924485, "throughput": 56000}, "baseline": {"95th_latency": 2383.0, "99th_latency": 2765.25, "violate_rate": 1.5114603983035666, "throughput": 56000}}}
