{"nginx": {"519.lbm_r": {"95th_latency": 2586.875, "99th_latency": 3025.625, "violate_rate": 2.1213450783930656, "throughput": 45000}, "507.cactuBSSN_r": {"95th_latency": 2401.125, "99th_latency": 2804.0, "violate_rate": 1.829120817811995, "throughput": 45000}, "baseline": {"95th_latency": 2451.375, "99th_latency": 2913.125, "violate_rate": 1.6725815408085434, "throughput": 45000}}}
