{"519.lbm_r": [[2513.625, 3.4907080808777717], [2497.875, 1.314764826620746]], "baseline": [[2327.875, 3.612917291831292], [2419.0, 1.1077374438459173]]}
{"519.lbm_r": [[2331.625, 3.699759365735453], [2060.5, 0.6230595181057867]], "baseline": [[2390.75, 3.654717301092381], [1989.0, 0.5708551884215585]]}
{"519.lbm_r": [[8613.375, 3.89415613490548], [2247.875, 0.8137947191697201]], "baseline": [[4159.625, 3.6562926037789185], [1980.25, 0.1090170454545452]]}
{"519.lbm_r": [[4042.5, 3.649352234466298], [3435775.0, 98.75043761661827]], "baseline": [[2137.25, 3.25465334386251], [1404543.0, 96.32080320006645]]}
{"519.lbm_r": [[2490.375, 3.548188506366313], [2744.0, 3.2654434927817273]], "baseline": [[4991.75, 3.9991122103410324], [2025.875, 0.7154210658322764]]}
{"519.lbm_r": [[6997.75, 3.8609972579737577], [2264.375, 1.234494513335446]], "baseline": [[2987.75, 3.7085452261224776], [2237.5, 0.8643715934800491]]}
{"519.lbm_r": [[3141.625, 3.5798469710709826], [2084.25, 0.6015121965292697]], "baseline": [[7098.375, 4.0586199047620415], [2153.0, 0.5780966129925382]]}
{"519.lbm_r": [[969.75, 3.2839122492683726], [2049.625, 0.5691927736006682]], "baseline": [[3585.75, 3.228574123332874], [2073.0, 0.5131892659795647]]}
{"519.lbm_r": [[6442.75, 3.7747127656247494], [2566.0, 1.844422200593041]], "baseline": [[5385.0, 3.771413208492482], [2730239.0, 100.0]]}
{"519.lbm_r": [[6451.5, 4.090548569849761], [2459.0, 0.6909685478736914]], "baseline": [[3810.625, 3.579269460853021], [1991.75, 0.66685513402474]]}
{"519.lbm_r": [[3386.125, 3.4680378540205696], [1766399.0, 97.50479548173931]], "baseline": [[2293.125, 3.614191271106228], [2352.0, 1.1504239412882218]]}
{"519.lbm_r": [[2962.5, 3.560130750482012], [1858.125, 0.6174267360360276]], "baseline": [[3268.0, 3.733698982017879], [2147.625, 0.5749952576346364]]}
{"519.lbm_r": [[1804.25, 3.4176043634213924], [2239.125, 0.9097536175739662]], "baseline": [[2513.125, 3.3621188423825683], [2454.25, 1.1650954230605288]]}
{"519.lbm_r": [[4583.5, 3.9412625199987192], [2587.125, 2.091939721597083]], "baseline": [[2148.625, 3.151498300680502], [2008.125, 0.4362289793035318]]}
{"519.lbm_r": [[5838.0, 3.889138569974491], [2308.75, 1.1462788503100028]], "baseline": [[8498.5, 3.922830687790724], [1957.75, 0.4647150852734077]]}
{"519.lbm_r": [[7176.0, 4.0696685898158185], [2450.75, 0.7074875904313397]], "baseline": [[5072.125, 3.7784453997135716], [1975.25, 0.6420932535917936]]}
{"519.lbm_r": [[3843.0, 3.698742542376213], [1766.5, 0.17578161764705852]], "baseline": [[4391.25, 3.8197059047154744], [2177.25, 0.6458041237635043]]}
{"519.lbm_r": [[4678.75, 3.4571883109038364], [2469.375, 1.7140999228848397]], "baseline": [[2185.875, 3.420063221675944], [2150.875, 0.5918991502192966]]}
{"519.lbm_r": [[2050.5, 3.1842139088898294], [2128.0, 0.6898322012380417]], "baseline": [[2875.875, 3.6182409791857513], [2094.375, 0.6517945368697726]]}
{"519.lbm_r": [[5929.25, 3.7587363920405092], [3327.25, 14.664929000671467]], "baseline": [[2419.75, 3.385761334647205], [2905343.0, 98.75076665077044]]}
{"519.lbm_r": [[4509.125, 3.6085856002372063], [2221.25, 0.7002712418300672]], "baseline": [[6435.125, 3.529991208970555], [2361.625, 1.0819452210070644]]}
{"519.lbm_r": [[5331.0, 3.9733311310163684], [2019.125, 0.8572182963127701]], "baseline": [[3825.25, 3.6601900572552606], [2226.75, 0.7530882838058909]]}
{"519.lbm_r": [[4134.375, 3.6606252439872238], [2093.875, 0.8047726573330249]], "baseline": [[8164.25, 4.197644646968765], [4536319.0, 100.0]]}
{"519.lbm_r": [[1169360.25, 32.62693776617309], [1722943.0, 45.24829773425205]], "baseline": [[5279.875, 4.243467237567035], [18113.0, 9.706987539292447]]}
