{"519.lbm_r": [[42079.0, 2.794216763199722], [1903.625, 0.6649148867361572]], "baseline": [[41010.25, 2.3468309887144394], [5283839.0, 97.50102224168343]]}
{"519.lbm_r": [[41435.875, 2.1047004427942446], [6209023.0, 98.7503514927239]], "baseline": [[40188.25, 2.4617970236182445], [1990.75, 0.10844336734693782]]}
{"519.lbm_r": [[41435.0, 2.3577383291583076], [1900.125, 0.3305827360139848]], "baseline": [[41108.875, 1.8763376858468341], [5291519.0, 97.50080128110164]]}
{"519.lbm_r": [[41551.375, 2.1958179166208667], [2239.25, 0.8235421054897419]], "baseline": [[42882.125, 2.0960990845252074], [2494.5, 0.6024807791384044]]}
