{"519.lbm_r": [[64436.875, 3.550134817632142], [2117.375, 0.17460378787878983]], "baseline": [[59970.5, 3.3018078764576337], [4880895.0, 97.5010238778214]]}
