{"519.lbm_r": [[1253.5, 3.152100525492806], [2078.5, 0.4515517375571915]], "baseline": [[2292.625, 3.258317818805338], [2203.5, 0.449496260447452]]}
{"519.lbm_r": [[5426.125, 3.6201934791435186], [2262.75, 0.7722341618892742]], "baseline": [[5031.125, 3.576316460368445], [2871.0, 5.248801699324067]]}
{"519.lbm_r": [[4131.375, 3.5424915137819717], [2031.0, 0.804239255563334]], "baseline": [[2302.25, 3.5352721697640326], [2240.0, 0.4582060906528156]]}
{"519.lbm_r": [[2952.5, 3.4533962057852916], [2240.25, 0.49127811517666004]], "baseline": [[2070.625, 3.462086207186071], [1964.0, 0.12214161479869551]]}
{"519.lbm_r": [[1444.375, 3.3336654275171003], [2503.25, 0.6265995394225634]], "baseline": [[2358.125, 3.286202639084781], [2516.75, 1.1227695881709583]]}
{"519.lbm_r": [[1401.25, 3.313203912587456], [2483.5, 0.8168229166666672]], "baseline": [[794.125, 3.191594841268659], [2587.25, 1.1951243357487917]]}
{"519.lbm_r": [[949.625, 3.153475760768038], [1960.625, 0.15723842456574272]], "baseline": [[657.75, 3.041268860350443], [2237.125, 0.8540895999910921]]}
{"519.lbm_r": [[5877.5, 3.6179038062482127], [2265.25, 0.45637217782217876]], "baseline": [[1419.125, 3.2432770584168926], [2526.0, 0.6911261904761901]]}
