{"519.lbm_r": [[6219.875, 3.9975957649742817], [2011.25, 0.0]], "baseline": [[5823.0, 4.069216656690953], [3684351.0, 98.75060582859791]]}
{"519.lbm_r": [[5899.5, 3.9348321547968585], [1791.625, 0.19602272727272727]], "baseline": [[7137.5, 4.17493187396199], [2153.125, 0.5074022487593031]]}
{"519.lbm_r": [[9119.75, 4.065548198275748], [1886.25, 0.3466875000000016]], "baseline": [[8608.625, 4.325801146214906], [2463.75, 1.60362040116746]]}
{"519.lbm_r": [[9601.875, 4.225046583231995], [1874.75, 0.41972263374918717]], "baseline": [[14910.125, 5.085421494628927], [2266.875, 0.8305865079365049]]}
{"519.lbm_r": [[2867.0, 3.6699541052782676], [2799.75, 3.384394459119647]], "baseline": [[11950.875, 4.996077857800817], [1887.125, 0.6090137220738465]]}
{"519.lbm_r": [[7937.25, 4.066267882658867], [1852.25, 0.5112995594965131]], "baseline": [[6118.75, 3.88115113947253], [1981.75, 0.7321200619876416]]}
{"519.lbm_r": [[6811.875, 3.9720541662311755], [1931.625, 0.2685083333333322]], "baseline": [[5194.25, 3.681745159172608], [1648.875, 0.4736208447802167]]}
{"519.lbm_r": [[6040.0, 3.8391210282081887], [2009.75, 0.6687177108939241]], "baseline": [[7925.0, 4.001478694132888], [2319.5, 0.7452887772926502]]}
{"519.lbm_r": [[10258.875, 4.254096259644889], [1750.125, 0.4028097211611922]], "baseline": [[7346.0, 4.3446457272221535], [2600.75, 2.137114885960986]]}
{"519.lbm_r": [[9010.125, 4.28929704139179], [1681.125, 0.4098920837658084]], "baseline": [[17495.25, 5.6348337012736796], [2174.125, 0.6323497206721973]]}
{"519.lbm_r": [[5667.25, 3.758108159495991], [1788.75, 0.0]], "baseline": [[13592.625, 5.317492711413622], [1820.25, 0.5459765775280091]]}
{"519.lbm_r": [[9360.625, 4.455508614584772], [2456.0, 1.180897813443865]], "baseline": [[8519.75, 4.247199428371606], [1715.875, 0.0]]}
{"519.lbm_r": [[7940.5, 4.46406447993547], [2065.375, 0.663246343783987]], "baseline": [[8238.0, 4.321424762012879], [2778.75, 3.268262033663502]]}
{"519.lbm_r": [[7624.375, 3.8938162641641263], [1797.5, 0.6745897530948616]], "baseline": [[6337.875, 4.295332896976149], [2507.875, 1.2561078481394776]]}
{"519.lbm_r": [[9874.625, 4.63711474488273], [1985.375, 0.6989325391941897]], "baseline": [[4648.5, 3.52699083449809], [1891.75, 0.5508499881148106]]}
{"519.lbm_r": [[6942.625, 3.9650514709646827], [2621.25, 2.208811753793935]], "baseline": [[15442.625, 5.831250527833599], [2213.0, 1.0028790992912295]]}
{"519.lbm_r": [[6700.125, 3.810993081192941], [1725.25, 0.41900588148930973]], "baseline": [[17606.75, 5.321340688203901], [2135.375, 1.1201486361404307]]}
{"519.lbm_r": [[12929.875, 5.069118102186371], [2423.375, 2.0690517541786635]], "baseline": [[6629.25, 4.375147463367398], [2002.0, 0.9108023962148928]]}
{"519.lbm_r": [[8574.75, 4.092698421357521], [2693.75, 2.0176337225274716]], "baseline": [[8810.875, 4.48708984407886], [2738.5, 3.1915410002278426]]}
{"519.lbm_r": [[7930.875, 4.152143507308564], [2197.0, 1.2633016343750192]], "baseline": [[5018.25, 3.7698643293513556], [1879.875, 0.16404294408774955]]}
{"519.lbm_r": [[7730.375, 4.150506893778845], [2347.0, 1.1705943749415402]], "baseline": [[6821.375, 4.200505829553137], [2596.5, 4.358468651632234]]}
{"519.lbm_r": [[8283.5, 4.330423499347257], [1872.5, 0.5711869414427075]], "baseline": [[16626.375, 6.638020569628925], [2111.25, 0.4704515386699325]]}
{"519.lbm_r": [[4307.875, 3.836657453147846], [1629.625, 0.727195367149207]], "baseline": [[14484.5, 4.961327749466007], [2106.75, 0.6542352879679402]]}
{"519.lbm_r": [[10724.375, 4.367926811927491], [2031.625, 0.6506428356243075]], "baseline": [[8119.875, 4.137605356316195], [1915.375, 0.6200827343327895]]}
{"519.lbm_r": [[7970.375, 3.965118601081313], [1981.5, 0.5076628030818859]], "baseline": [[6448.875, 4.078273538549669], [2597.75, 1.6860338318371766]]}
{"519.lbm_r": [[7451.75, 3.7800113851479535], [2498.75, 1.9620581380629174]], "baseline": [[5942.125, 3.8661369843682185], [1789.375, 0.72390279236165]]}
{"519.lbm_r": [[7383.875, 4.176496299000642], [1805.25, 0.4893750687124441]], "baseline": [[7611.75, 4.076596084972403], [2162.0, 0.9470785951762196]]}
{"519.lbm_r": [[7692.125, 4.179862574837387], [2394.375, 1.4022965850085012]], "baseline": [[12370.125, 4.859962196781085], [2847.0, 4.481106379787]]}
{"519.lbm_r": [[6341.0, 3.9321833976877327], [4305407.0, 98.75008827997695]], "baseline": [[18151.625, 5.524572707806122], [1881.5, 0.531966789487351]]}
{"519.lbm_r": [[7662.375, 4.123005507822036], [2239.375, 1.1464830476874652]], "baseline": [[6622.75, 3.960467340583209], [2748.0, 2.529307817328023]]}
{"519.lbm_r": [[11205.625, 4.541688462724118], [2428927.0, 97.50225828856352]], "baseline": [[8844.0, 4.4803476013576855], [1750.5, 0.1866624999999992]]}
{"519.lbm_r": [[7465.25, 4.196745095505536], [1913.75, 0.42680324503040956]], "baseline": [[9034.625, 4.325881518858576], [1944.875, 0.5614223077180508]]}
{"519.lbm_r": [[7297.75, 4.241139726088096], [2219.375, 0.31317389363354037]], "baseline": [[3521.375, 3.6836273150285335], [2306.25, 0.8746056418425451]]}
{"519.lbm_r": [[4543.25, 3.7732537847786203], [2172.5, 0.44111383354417016]], "baseline": [[9980.375, 4.394506841643223], [2043.75, 0.588370431240364]]}
{"519.lbm_r": [[4566.375, 3.7836645045586286], [1825.5, 0.7489643505351019]], "baseline": [[8459.25, 4.082237084461464], [1838.75, 0.5779710297165865]]}
{"519.lbm_r": [[4040.5, 3.72061991346758], [1974.0, 0.8252225579975556]], "baseline": [[7938.0, 3.9573852338697235], [1953.125, 0.5035337191299093]]}
{"519.lbm_r": [[9053.875, 4.357037084590232], [1833.875, 0.5977900894765904]], "baseline": [[6848.375, 4.073109818500216], [2045.25, 0.4846371323529406]]}
{"519.lbm_r": [[2863.75, 3.452168109972411], [1913.5, 0.6735373724903786]], "baseline": [[4572.25, 3.761295062658902], [1838.75, 0.7764594040777226]]}
{"519.lbm_r": [[5283.625, 3.6915682680711392], [2139.875, 0.6733892857142855]], "baseline": [[9844.875, 4.209189159333565], [2795.125, 5.873315879441596]]}
{"519.lbm_r": [[6020.875, 3.899288244595734], [2368.75, 0.7939399189261037]], "baseline": [[8949.75, 4.460085554565919], [2004.375, 0.25196425070028067]]}
