{"519.lbm_r": [[2945.375, 3.685328314878695], [2061.625, 0.38661324224021687]], "baseline": [[2322.0, 3.3928727431318952], [2099.5, 0.8373860679089575]]}
{"519.lbm_r": [[3150.875, 3.6907432238725173], [1955.0, 0.8628639610389588]], "baseline": [[1059.75, 3.265994722109537], [2250.375, 1.0017633761849354]]}
{"519.lbm_r": [[960.5, 3.115821168991842], [2412.75, 1.5523628050693243]], "baseline": [[3785.5, 3.7327706690279263], [2091.75, 0.8078537975912973]]}
{"519.lbm_r": [[2111.875, 3.2554387250617336], [1821.875, 0.7070675959007634]], "baseline": [[3989.125, 3.5773872865083325], [2099.25, 0.9057732119621087]]}
{"519.lbm_r": [[2545.25, 3.530340538500086], [1664.625, 0.6152739068376518]], "baseline": [[4814.5, 3.635383924562433], [1640.5, 0.4438093249783468]]}
{"519.lbm_r": [[2405.0, 3.4766754397820727], [1698.25, 0.6671469226588541]], "baseline": [[3108.375, 3.1900755411516895], [1867.25, 0.2557022708998314]]}
{"519.lbm_r": [[3121.875, 3.7420137721580184], [1676.75, 0.0]], "baseline": [[1760.75, 3.0731195118106123], [1686.375, 0.49436908946519553]]}
{"519.lbm_r": [[2615.125, 3.555349792057437], [2225.875, 1.1548691338073664]], "baseline": [[1358.625, 3.447784606350172], [2332.75, 1.0869461603657624]]}
{"519.lbm_r": [[3263.0, 3.7354212997733227], [1867.625, 0.4885905716534761]], "baseline": [[2137.5, 3.4256811163921603], [2321.125, 1.4536703398300854]]}
{"519.lbm_r": [[1911.375, 3.0745867098912045], [1945.375, 0.6665167275205928]], "baseline": [[4969.75, 3.7237116325228463], [1923.0, 0.47108118672393245]]}
{"519.lbm_r": [[2355.25, 3.344353939927369], [2182.0, 0.8647076810420222]], "baseline": [[5795.5, 3.903834522441345], [1764.75, 0.595053737051457]]}
{"519.lbm_r": [[3238.0, 3.7847419884402753], [1689.125, 0.6007743317810088]], "baseline": [[1658.375, 3.1166896023448314], [1945.375, 0.7897084045282164]]}
{"519.lbm_r": [[2376.625, 3.4940969823384966], [1682.375, 0.47688361836505355]], "baseline": [[3972.125, 3.643447023623692], [1677.625, 0.6067449640044903]]}
{"519.lbm_r": [[2377.0, 3.5235516215180724], [1706.375, 0.4872979880256236]], "baseline": [[1736.5, 3.620183314427717], [2631.25, 1.690648169975187]]}
{"519.lbm_r": [[2830.5, 3.5562421103061572], [2139.0, 0.5020513920309893]], "baseline": [[2038.0, 3.1745500161278004], [2112.0, 0.5583017613157111]]}
{"519.lbm_r": [[1550.0, 3.4523501069253206], [1978.5, 1.1879643002322857]], "baseline": [[3439.625, 3.597082785712245], [1760.625, 0.4616511365020297]]}
{"519.lbm_r": [[2250.75, 3.3705041844990116], [1690.5, 0.6748221189583712]], "baseline": [[3904.625, 3.620922172242164], [1812.625, 0.5318033760278303]]}
{"519.lbm_r": [[2634.625, 3.6218430750202515], [1660.25, 0.5718419255033079]], "baseline": [[2926.625, 3.5636276504127196], [2457.75, 1.4638123556998555]]}
{"519.lbm_r": [[2685.75, 3.4518849493602635], [2016.5, 0.5769134420094088]], "baseline": [[2274.375, 3.607996613739993], [1732.75, 0.7453408019977639]]}
{"519.lbm_r": [[1282.75, 3.2665359447957596], [1795.125, 0.5494858531850795]], "baseline": [[2023.0, 3.5674151023317444], [1821.5, 0.7150104466395607]]}
{"519.lbm_r": [[4079.75, 3.515725556049132], [1660.125, 0.08783076923076923]], "baseline": [[6232.75, 3.9057339772811472], [2141.75, 0.7443958023208939]]}
{"519.lbm_r": [[1365.5, 3.462215210377058], [2315.625, 0.9015638142748033]], "baseline": [[6497.75, 3.8156024391796475], [1925.5, 0.6013907504129401]]}
{"519.lbm_r": [[4494.25, 3.80830056622644], [2235.625, 0.8162875706330462]], "baseline": [[3803.75, 3.4834522080062262], [1961.25, 0.45996586305253795]]}
{"519.lbm_r": [[1853.125, 3.5409338923197993], [2307.375, 2.0527550434708886]], "baseline": [[2510.25, 3.400086769670546], [1642.5, 0.56306226232488]]}
{"519.lbm_r": [[1440.5, 3.3231916998842506], [1783.25, 0.02648194444444465]], "baseline": [[2096.0, 3.3047204031256108], [1575.625, 0.42254467931089024]]}
{"519.lbm_r": [[2493.75, 3.570607761492943], [1861.125, 0.8340768822933542]], "baseline": [[1968.25, 3.454596960112905], [1773.5, 0.08287142857142779]]}
{"519.lbm_r": [[2097.375, 3.398887491915736], [1850.75, 0.11459128787878789]], "baseline": [[2273.5, 3.3806731755664874], [2028.5, 0.6936044737636762]]}
{"519.lbm_r": [[1249.375, 3.523588363961946], [1941.5, 0.5361212804761222]], "baseline": [[6752.875, 3.8921307196138955], [1596.375, 0.0]]}
{"519.lbm_r": [[3690.875, 3.6253234357867776], [1813.375, 0.12426874999999882]], "baseline": [[5231.5, 3.686464019678549], [2665.25, 2.9595838311106433]]}
{"519.lbm_r": [[3410.125, 3.667187651880968], [1935.625, 0.7004626644736842]], "baseline": [[3027.5, 3.9129660358903164], [2433.75, 1.0071730246280577]]}
{"519.lbm_r": [[2317.25, 3.164089300920013], [1889.875, 0.33785443588918623]], "baseline": [[2775.375, 3.5883258891235084], [2072.0, 0.6601707210543227]]}
{"519.lbm_r": [[2590.375, 3.4106436355637966], [1890.875, 0.5968831645544268]], "baseline": [[2399.75, 3.4147456533626404], [1819.375, 0.24544583333333256]]}
{"519.lbm_r": [[3239.375, 3.5133629825883865], [2165.25, 0.9616583333333328]], "baseline": [[5502.5, 3.8382936554072957], [1599.875, 0.5245287837807227]]}
{"519.lbm_r": [[3502.25, 3.506848960492547], [2350.375, 1.6781789417282071]], "baseline": [[5946.75, 4.046326184162501], [1964.5, 0.18454839572192316]]}
{"519.lbm_r": [[4689.625, 4.038881698035979], [2431.625, 2.4615411339214233]], "baseline": [[10019.375, 4.448534481437419], [1615.625, 0.5113301708958155]]}
{"519.lbm_r": [[3989.5, 3.7344860746010093], [2294.5, 1.0751281565656567]], "baseline": [[2494.375, 3.5384776586842204], [1995.875, 0.2880874999999996]]}
{"519.lbm_r": [[3643.375, 3.6803923808799524], [2262.875, 1.0567642312302505]], "baseline": [[4355.5, 3.493372493670234], [2644.375, 2.8017033618342446]]}
{"519.lbm_r": [[2436.25, 3.254774780002453], [1999.375, 0.3612272727272722]], "baseline": [[2974.0, 3.442101594862932], [1815.0, 0.1623641304347826]]}
{"519.lbm_r": [[2977.125, 3.545066826419163], [1824.875, 0.022462499999999608]], "baseline": [[3492.75, 3.5095543245359018], [1717.75, 0.44550364131482295]]}
{"519.lbm_r": [[2474.0, 3.3876006388029762], [1947.25, 0.5717947676662914]], "baseline": [[6106.75, 3.9212004202889927], [1623.625, 0.38671790391041516]]}
