{"519.lbm_r": [[1670.25, 3.2224415738097973], [1837.875, 0.6516509567785568]], "baseline": [[3023.875, 3.4321946328129775], [3379.0, 9.7129864475602]]}
{"519.lbm_r": [[5418.875, 3.6791303368215047], [2599.25, 1.307478155178154]], "baseline": [[5150.625, 3.8467634888397995], [2103.375, 0.2358470795892162]]}
{"519.lbm_r": [[4715.875, 3.584500708014793], [1996.0, 0.5296193803837322]], "baseline": [[4342.125, 3.7102722313846743], [2798.0, 3.732184021942112]]}
{"519.lbm_r": [[9343.25, 4.084542366084905], [2560.0, 0.9598549242424241]], "baseline": [[1575.5, 3.194225802934917], [2339.5, 0.6337843089993381]]}
{"519.lbm_r": [[2674.25, 3.3900668930050974], [2113.875, 0.5606619652180672]], "baseline": [[4224.375, 3.5423057361539008], [2627.0, 1.9093369047619047]]}
{"519.lbm_r": [[5636.375, 3.615501121354882], [2253.375, 0.9161989624505906]], "baseline": [[4217.625, 3.604440791963187], [2269.25, 0.7252759703446228]]}
{"519.lbm_r": [[6022.875, 3.631323572573575], [2146.875, 0.5261475491613632]], "baseline": [[1640.25, 3.2247439839703014], [2262.625, 0.4110477627257804]]}
{"519.lbm_r": [[4392.625, 3.905440337815593], [1863.0, 0.5000372361988231]], "baseline": [[3033.125, 3.430960576965403], [2205.875, 0.403292053600521]]}
{"519.lbm_r": [[3436.375, 3.3615388506392017], [2222.125, 0.9268374469844953]], "baseline": [[1138.875, 3.2110230794546935], [2490.75, 1.1352966748768483]]}
{"519.lbm_r": [[3067.75, 3.6528208422141857], [2297.75, 1.125891079587615]], "baseline": [[4169.875, 3.7165918489660212], [1966.0, 0.3687964285714288]]}
{"519.lbm_r": [[7113.0, 4.167654677130798], [2200.125, 0.5325799370220421]], "baseline": [[5667.625, 3.911741204030431], [2697.5, 2.411119814399963]]}
{"519.lbm_r": [[5461.25, 3.855562585621205], [1845.875, 0.5078197923030282]], "baseline": [[1460.5, 3.252723039494137], [2109.375, 0.4198915040132301]]}
{"519.lbm_r": [[6574.375, 3.9458718359403147], [1862.625, 0.37890605998900667]], "baseline": [[6938.625, 3.944476638186314], [2269.5, 0.32108818651565946]]}
{"519.lbm_r": [[6955.375, 4.182750778258564], [1983.75, 0.7106762501917215]], "baseline": [[4605.375, 3.472354523853951], [2956.25, 5.165522335096319]]}
{"519.lbm_r": [[6742.75, 3.9285149215202178], [2048.375, 0.42446249955174276]], "baseline": [[3106.0, 3.406436483864826], [2021.375, 0.8354807399357491]]}
{"519.lbm_r": [[1381.375, 3.1701282556681885], [2888.5, 4.358061946386945]], "baseline": [[744.25, 3.1270626528763303], [2372.5, 1.1406364859908185]]}
