{"519.lbm_r": [[4817.25, 3.594829700804112], [2437.75, 2.116618943903318]], "baseline": [[7714.125, 4.1315422470628675], [1849.75, 0.3845926748181179]]}
{"519.lbm_r": [[2218.0, 3.5493317795061463], [2140.5, 0.5233566919191911]], "baseline": [[4845.375, 3.7957615243098592], [2205.25, 0.7518337408753524]]}
{"519.lbm_r": [[3671.0, 3.713636896908343], [2031.0, 0.748924793771365]], "baseline": [[4277.5, 3.8473652632428856], [1785.0, 0.5842118458090427]]}
{"519.lbm_r": [[3600.875, 3.4990358256402745], [2236.875, 0.9735306509280195]], "baseline": [[2829.75, 3.294988379754295], [2414.0, 0.8982946805630986]]}
{"519.lbm_r": [[2569.25, 3.4085651242318895], [1872.625, 0.1069877136752123]], "baseline": [[2711.125, 3.364557922712809], [1966.5, 0.6964388559159159]]}
{"519.lbm_r": [[2298.625, 3.5697195892289555], [2021.0, 0.9947259082840706]], "baseline": [[6433.375, 4.058838352092913], [2308.25, 0.5733810688709277]]}
{"519.lbm_r": [[4174.25, 3.655100870960096], [2124.875, 0.8593953829563972]], "baseline": [[7573.0, 4.058694123167056], [1744.25, 0.7005343771077204]]}
{"519.lbm_r": [[4926.0, 3.870224987096887], [1831.25, 0.4259788138754356]], "baseline": [[5112.5, 3.7628418469859897], [2370.5, 2.266253196803197]]}
{"519.lbm_r": [[3422.375, 3.6815155243416324], [1805.5, 0.7637968990340436]], "baseline": [[3179.625, 3.5675432657696238], [1765.5, 0.44649167364976394]]}
{"519.lbm_r": [[3690.375, 3.316044080516282], [1992.625, 0.5876445746754427]], "baseline": [[1836.375, 3.407992027309782], [2220543.0, 97.50802068011166]]}
{"519.lbm_r": [[3085.375, 3.507422215200123], [2230.25, 0.5579070512820492]], "baseline": [[6129.125, 3.718164065887743], [2658.75, 2.583527496114999]]}
{"519.lbm_r": [[2669.5, 3.6427969947415706], [2595.75, 1.3304874722499722]], "baseline": [[5876.625, 3.900728081236786], [1698.375, 0.0]]}
{"519.lbm_r": [[6372.125, 3.708247242872606], [2132.625, 0.8390711996336965]], "baseline": [[7964.5, 4.188672877865827], [2178.0, 0.8697948987348094]]}
{"519.lbm_r": [[5364.875, 3.8642131300952065], [1717.0, 0.0]], "baseline": [[4971.5, 3.599260945983608], [2308.125, 1.0898074606078465]]}
{"519.lbm_r": [[4163.875, 3.573127602186038], [1714.5, 0.5901669652457938]], "baseline": [[1898.125, 3.3064058689512055], [1656.625, 0.5246506850550622]]}
{"519.lbm_r": [[2289.5, 3.374043614187468], [2363.75, 0.7045051837661392]], "baseline": [[2607.5, 3.3734371419160265], [1818.0, 0.41335164838064453]]}
{"519.lbm_r": [[1936.625, 3.2680216574912326], [1778.625, 0.591602547524514]], "baseline": [[1914.25, 3.2024549158122406], [1811.0, 0.6447468073381062]]}
{"519.lbm_r": [[750.125, 3.1978145529383433], [1847.625, 0.5318770592227829]], "baseline": [[4860.875, 3.4432368777499334], [2596.25, 2.0660304705710963]]}
{"519.lbm_r": [[3350.875, 3.30587815263562], [2409.75, 1.1244888989147062]], "baseline": [[7142.5, 3.7279444291259862], [1774.625, 0.6426575927008736]]}
{"519.lbm_r": [[3465.125, 3.668643110486055], [5559295.0, 100.0]], "baseline": [[5090.5, 3.6780806964935877], [1673.625, 0.49877480693503573]]}
{"519.lbm_r": [[4440.375, 3.8520308306190465], [1757.0, 0.6732318452380915]], "baseline": [[5949.625, 3.7340912278255702], [1821.25, 0.5051372472128581]]}
{"519.lbm_r": [[4510.875, 3.5322911079693364], [1883.125, 0.7501442314405061]], "baseline": [[2558.25, 3.4294647015729574], [2115.75, 0.9791711593650109]]}
{"519.lbm_r": [[2605.125, 3.3929253507273547], [2021.375, 0.4549849867535359]], "baseline": [[3540.25, 3.7015502628440475], [1948.25, 0.526709867216119]]}
{"519.lbm_r": [[1819.0, 3.511352366738596], [1870.375, 0.6256847013185344]], "baseline": [[3771.0, 3.598851654945347], [2100.125, 0.45418330064207924]]}
{"519.lbm_r": [[4080.125, 3.458329978447165], [2265.0, 0.5107385217512374]], "baseline": [[4327.375, 3.4547400918497657], [2034.875, 0.6147293766223831]]}
{"519.lbm_r": [[2697.875, 3.5600126689474463], [2644.25, 2.463496500721498]], "baseline": [[2288.375, 3.1902980151099363], [2203.375, 1.0120061649419074]]}
{"519.lbm_r": [[2358.375, 3.3323578926046857], [1995.75, 0.6632901417780906]], "baseline": [[3034.375, 3.1664004199334332], [1860.75, 0.6725317647112431]]}
{"519.lbm_r": [[2576.0, 3.850914323551196], [2191.25, 0.7519529239438739]], "baseline": [[2615.5, 3.467409608997408], [1967.25, 0.7216654855370626]]}
{"519.lbm_r": [[3359.0, 3.1992220571077365], [1889.625, 0.3086053278688523]], "baseline": [[2741.75, 3.437202872627563], [1883.75, 0.45370946253501526]]}
{"519.lbm_r": [[824.625, 3.2698861419461194], [2076.625, 0.6984859536388389]], "baseline": [[3855.75, 3.9143382082189095], [2180.375, 0.6693235095010526]]}
{"519.lbm_r": [[7059.25, 4.038072204083632], [2096.875, 0.6922408013838014]], "baseline": [[5203.75, 4.026776794411098], [1840.125, 0.5508330825829373]]}
{"519.lbm_r": [[2849.375, 3.7546537420405874], [1801.0, 0.5906243684919229]], "baseline": [[2397.125, 3.576660247276669], [1800.875, 0.450758712001598]]}
{"519.lbm_r": [[2944.25, 3.5985687708031144], [2284.875, 0.7508813397129203]], "baseline": [[5245.125, 3.877166731555999], [2368.0, 0.5364648809523795]]}
{"519.lbm_r": [[3776.25, 3.6360199838995326], [1904.5, 0.6261643102855141]], "baseline": [[3744.875, 3.4652419602381617], [2153.5, 0.49314510711646636]]}
{"519.lbm_r": [[3409.75, 3.698485997026719], [2314.0, 0.7566851559068954]], "baseline": [[3359.125, 3.4611955859163546], [1963.375, 0.0]]}
{"519.lbm_r": [[2900.625, 3.4997813000524745], [1979.75, 0.9915698299730238]], "baseline": [[5070.0, 3.9331753490816146], [2586.75, 2.2753276066586885]]}
{"519.lbm_r": [[4982.125, 3.803089658367428], [2558.0, 1.4458537861447611]], "baseline": [[4771.75, 3.733962449230231], [2025.5, 0.510230133755133]]}
{"519.lbm_r": [[3136.875, 3.453240656411189], [2194.25, 0.6111310522060487]], "baseline": [[2682.5, 3.524185093840677], [2296.0, 0.6665003798831495]]}
{"519.lbm_r": [[3042.5, 3.5344172106654215], [2184.75, 0.705667208485958]], "baseline": [[2947.5, 3.524582477575509], [2148.875, 0.38274424603174584]]}
