{"519.lbm_r": [[12501.125, 4.894907153831121], [1862.625, 0.5358396833494016]], "baseline": [[7903.25, 3.9537701372498617], [1733.25, 0.4948292105731198]]}
{"519.lbm_r": [[6232.875, 3.844747352042347], [4607487.0, 98.75042456383581]], "baseline": [[13733.125, 7.836573457685434], [1978.625, 0.8876582952830336]]}
{"519.lbm_r": [[4174.25, 3.580083816578991], [1917.625, 0.6414541085416596]], "baseline": [[12009.625, 4.914467411446992], [2061.25, 0.5661879633722122]]}
{"519.lbm_r": [[6729.0, 3.9871868469108374], [2282.0, 0.7933427447552447]], "baseline": [[9368.75, 4.2535578758614285], [2063.875, 0.9714204054852167]]}
{"519.lbm_r": [[11078.625, 4.831530894240412], [1753.625, 0.7223249240218494]], "baseline": [[6824.0, 4.021995177478238], [1634.375, 0.658086563616579]]}
{"519.lbm_r": [[8586.125, 4.093936913335081], [1891.0, 0.9018141092374137]], "baseline": [[4304.75, 3.5355558897407535], [1883.375, 0.3202409722222236]]}
{"519.lbm_r": [[6556.25, 4.005324168051866], [2116.625, 0.967718991938013]], "baseline": [[9629.25, 4.195146289850883], [1958.375, 0.8050548611111099]]}
{"519.lbm_r": [[6146.75, 3.8454859036913436], [1701.75, 0.5577537309142634]], "baseline": [[12621.875, 5.136900052341463], [1947.5, 0.6980133143690055]]}
{"519.lbm_r": [[3356.625, 3.6009607454479418], [1676.75, 0.4150694023569016]], "baseline": [[11325.375, 4.305986495525625], [1790.25, 0.4492792207792215]]}
{"519.lbm_r": [[9005.0, 4.537475823973879], [2068.625, 0.6221946759496471]], "baseline": [[5395.625, 3.8865314871558385], [2174.875, 0.46744430212815913]]}
{"519.lbm_r": [[7152.25, 3.772988030899688], [2115.125, 0.8102995320048292]], "baseline": [[6131.75, 3.87065158261986], [1730.875, 0.6073573125973302]]}
{"519.lbm_r": [[6082.625, 3.849270514201147], [1914.75, 0.564820019120499]], "baseline": [[5634.25, 3.649772063287893], [2160.25, 1.2789641228557709]]}
{"519.lbm_r": [[9205.75, 4.47536727308104], [1647.25, 0.36580548299082716]], "baseline": [[5082.125, 3.6717043162659486], [1602.5, 0.8504321840451134]]}
{"519.lbm_r": [[2992.0, 3.895608866946858], [1628.75, 0.48072117498865086]], "baseline": [[8856.25, 4.244979166344795], [1769.0, 0.7497905023439643]]}
{"519.lbm_r": [[2446.0, 3.4605671200624086], [1928.0, 0.6230543517885622]], "baseline": [[11201.75, 4.703032474651675], [1699.75, 0.5792967718176347]]}
{"519.lbm_r": [[5669.75, 4.067587537113649], [1650.375, 0.7067509154255215]], "baseline": [[6055.5, 4.0171236844147655], [1807.75, 0.5217743656423814]]}
{"519.lbm_r": [[4730.25, 3.7505652305893684], [2075.375, 0.5405873649703531]], "baseline": [[6425.25, 4.037229995362284], [2035.75, 0.6993152051718984]]}
{"519.lbm_r": [[4828.125, 3.9212797765372214], [1969.375, 0.49609354296066155]], "baseline": [[4773.25, 3.698836199409537], [1927.5, 0.6343667716542701]]}
{"519.lbm_r": [[6221.5, 4.237847505286863], [1650.625, 0.4203886372435155]], "baseline": [[6250.5, 3.8287438337230455], [1634.75, 0.4472715597450786]]}
{"519.lbm_r": [[5316.5, 3.9493388587436598], [2144.375, 0.3613665597536899]], "baseline": [[9652.125, 5.077025513089362], [2129.0, 0.961208486959583]]}
{"519.lbm_r": [[2252.25, 3.4905398337143883], [2176.375, 1.6781398660098774]], "baseline": [[13709.625, 5.032308299832518], [1814.0, 0.5148562760768653]]}
{"519.lbm_r": [[7635.25, 4.207846273608444], [2031.75, 0.2835846681096663]], "baseline": [[6098.375, 3.850810077834568], [1972.375, 0.5677058063313474]]}
{"519.lbm_r": [[7724.875, 4.290537209540934], [2419.75, 1.105606380167108]], "baseline": [[4934.5, 3.7254145953482984], [1720.0, 0.4286943809040241]]}
{"519.lbm_r": [[2956.875, 3.4617251205223667], [2477.75, 0.8136518308080818]], "baseline": [[7404.375, 3.9778382748520795], [1815.875, 0.23027857142857142]]}
{"519.lbm_r": [[7996.875, 4.135489501775475], [1889.25, 0.3786196257837461]], "baseline": [[6187.25, 3.9633651530792835], [1917.625, 0.5492332271303723]]}
{"519.lbm_r": [[7147.5, 3.947939473222193], [2066.375, 0.9057622441520464]], "baseline": [[11643.5, 4.484422171906844], [2016.875, 0.5625845693700388]]}
{"519.lbm_r": [[6672.75, 3.8131565779649637], [1914.0, 0.2897166666666676]], "baseline": [[14313.75, 4.73971109812892], [1787.25, 0.7074757052840457]]}
{"519.lbm_r": [[5729.0, 3.9146805692424516], [2022.875, 0.7609121852764056]], "baseline": [[4667.125, 3.756959386224819], [2308.125, 1.0263319778766178]]}
{"519.lbm_r": [[6890.25, 4.0187499749312785], [1929.625, 0.6030807459671165]], "baseline": [[6852.875, 4.026029300996525], [1848.5, 0.43302121954842443]]}
{"519.lbm_r": [[3962.375, 3.7899936581953817], [2163.0, 0.8539243914044699]], "baseline": [[5746.875, 3.9156398274986093], [1804.125, 0.1846458333333339]]}
{"519.lbm_r": [[5372.625, 3.9442188884506963], [1632.375, 0.2603981556624325]], "baseline": [[6986.625, 3.958290131069087], [1778.875, 0.5900408734524706]]}
{"519.lbm_r": [[8654.75, 4.260459497477091], [1617.625, 0.0]], "baseline": [[18839.375, 6.005537792874574], [1850.25, 0.4553707961972656]]}
{"519.lbm_r": [[5558.0, 4.0778365304800905], [1816.375, 0.6830449983908266]], "baseline": [[21020.875, 5.622133782898801], [1775.5, 0.5788032581927933]]}
{"519.lbm_r": [[11709.125, 4.667308860297819], [1812.75, 0.12339642857142838]], "baseline": [[9255.25, 4.4332121813174235], [1677.25, 0.2704142421926628]]}
{"519.lbm_r": [[9476.125, 4.023423381580432], [1732.875, 0.3169083333333334]], "baseline": [[10651.625, 4.181714835551424], [1992.625, 0.5421992481202986]]}
{"519.lbm_r": [[4054.375, 3.5436266207606235], [1778.5, 0.6416383186187193]], "baseline": [[4982.875, 3.950101942922873], [2592.5, 3.3642352851192916]]}
{"519.lbm_r": [[9749.5, 4.404793869544324], [2239.75, 0.8216468984962401]], "baseline": [[5102.25, 3.952771801805818], [1993.5, 0.7506667606428772]]}
{"519.lbm_r": [[6532.875, 3.979713398071181], [1777.0, 0.5039293948691599]], "baseline": [[9075.5, 4.504903903470186], [2129.125, 0.7361514548219229]]}
{"519.lbm_r": [[5658.125, 4.125891396048994], [1626.0, 0.4374073073226407]], "baseline": [[13153.875, 4.5558668488209335], [1903.5, 0.5398208564625029]]}
{"519.lbm_r": [[7845.5, 4.326767145433703], [1908.75, 0.7163468094101372]], "baseline": [[6836.375, 4.032126621399668], [1947.125, 0.6449360030016258]]}
