{"masstree": {"facesim": {"95th_latency": 5335.0, "99th_latency": 17209.0, "violate_rate": 19.43371320090284, "throughput": 4000}, "baseline": {"95th_latency": 4531.0, "99th_latency": 15405.0, "violate_rate": 15.195245392898354, "throughput": 4000}}}
{"masstree": {"facesim": {"95th_latency": 5464.0, "99th_latency": 16221.0, "violate_rate": 19.419814506624345, "throughput": 4000}, "baseline": {"95th_latency": 4652.0, "99th_latency": 15452.0, "violate_rate": 16.595815591777736, "throughput": 4000}}}
{"masstree": {"facesim": {"95th_latency": 5356.0, "99th_latency": 18423.0, "violate_rate": 19.551742625944133, "throughput": 4000}, "baseline": {"95th_latency": 4303.0, "99th_latency": 14401.0, "violate_rate": 15.242022582585903, "throughput": 4000}}}
{"masstree": {"facesim": {"95th_latency": 5138.0, "99th_latency": 16892.0, "violate_rate": 19.53134220002535, "throughput": 4000}, "baseline": {"95th_latency": 4642.0, "99th_latency": 15297.0, "violate_rate": 16.730703111138084, "throughput": 4000}}}
{"masstree": {"facesim": {"95th_latency": 5006.0, "99th_latency": 16347.999999999998, "violate_rate": 19.513710591506882, "throughput": 4000}, "baseline": {"95th_latency": 4182.0, "99th_latency": 14555.0, "violate_rate": 15.611429772894425, "throughput": 4000}}}
{"masstree": {"blackscholes": {"95th_latency": 4791.0, "99th_latency": 15398.0, "violate_rate": 16.325400106559073, "throughput": 4000}, "bodytrack": {"95th_latency": 4694.0, "99th_latency": 15873.0, "violate_rate": 17.695830399674147, "throughput": 4000}, "facesim": {"95th_latency": 5484.0, "99th_latency": 16813.0, "violate_rate": 20.1416884945687, "throughput": 4000}, "ferret": {"95th_latency": 6996.0, "99th_latency": 23158.0, "violate_rate": 27.320011824564947, "throughput": 4000}, "fluidanimate": {"95th_latency": 5148.0, "99th_latency": 16745.0, "violate_rate": 18.904453884196084, "throughput": 4000}, "freqmine": {"95th_latency": 5102.0, "99th_latency": 16383.0, "violate_rate": 18.44470108559324, "throughput": 4000}, "raytrace": {"95th_latency": 4738.0, "99th_latency": 15778.0, "violate_rate": 15.566661711297055, "throughput": 4000}, "swaptions": {"95th_latency": 4397.0, "99th_latency": 14194.0, "violate_rate": 15.147545424980994, "throughput": 4000}, "vips": {"95th_latency": 4652.0, "99th_latency": 15403.0, "violate_rate": 15.184878166831087, "throughput": 4000}, "x264": {"95th_latency": 4473.0, "99th_latency": 14712.0, "violate_rate": 15.04775268248251, "throughput": 4000}, "baseline": {"95th_latency": 4345.0, "99th_latency": 14940.0, "violate_rate": 15.714437215787202, "throughput": 4000}}}
{"masstree": {"blackscholes": {"95th_latency": 4468.0, "99th_latency": 14939.0, "violate_rate": 15.242541282713365, "throughput": 4000}, "bodytrack": {"95th_latency": 4679.0, "99th_latency": 15437.0, "violate_rate": 16.386917655724968, "throughput": 4000}, "facesim": {"95th_latency": 5145.0, "99th_latency": 17027.0, "violate_rate": 19.33385559360381, "throughput": 4000}, "ferret": {"95th_latency": 7501.0, "99th_latency": 25547.0, "violate_rate": 27.42055461848, "throughput": 4000}, "fluidanimate": {"95th_latency": 4936.0, "99th_latency": 16476.0, "violate_rate": 18.625607762749194, "throughput": 4000}, "freqmine": {"95th_latency": 4983.0, "99th_latency": 16716.0, "violate_rate": 18.92409472410156, "throughput": 4000}, "raytrace": {"95th_latency": 4435.0, "99th_latency": 14193.0, "violate_rate": 15.737877161376902, "throughput": 4000}, "swaptions": {"95th_latency": 4574.0, "99th_latency": 15241.0, "violate_rate": 15.444592124348844, "throughput": 4000}, "vips": {"95th_latency": 4476.0, "99th_latency": 15961.0, "violate_rate": 15.125813791912607, "throughput": 4000}, "x264": {"95th_latency": 4549.0, "99th_latency": 15025.0, "violate_rate": 16.698689826112386, "throughput": 4000}, "baseline": {"95th_latency": 4832.0, "99th_latency": 15713.0, "violate_rate": 16.918508506657755, "throughput": 4000}}}
