{"masstree": {"facesim": {"95th_latency": 5478.0, "99th_latency": 19140.0, "violate_rate": 21.770080271354804, "throughput": 4000}, "baseline": {"95th_latency": 4318.0, "99th_latency": 14759.0, "violate_rate": 15.589491165293051, "throughput": 4000}}}
{"masstree": {"facesim": {"95th_latency": 5403.0, "99th_latency": 17706.0, "violate_rate": 20.03085303486906, "throughput": 4000}, "baseline": {"95th_latency": 4276.0, "99th_latency": 14020.0, "violate_rate": 15.430180121498385, "throughput": 4000}}}
{"masstree": {"facesim": {"95th_latency": 5734.0, "99th_latency": 19434.0, "violate_rate": 21.939940679517004, "throughput": 4000}, "baseline": {"95th_latency": 4452.0, "99th_latency": 15294.0, "violate_rate": 15.476214908319381, "throughput": 4000}}}
{"masstree": {"facesim": {"95th_latency": 5568.0, "99th_latency": 18204.0, "violate_rate": 20.32646582994379, "throughput": 4000}, "baseline": {"95th_latency": 4250.0, "99th_latency": 15066.0, "violate_rate": 14.206667172713669, "throughput": 4000}}}
{"masstree": {"facesim": {"95th_latency": 5385.0, "99th_latency": 18627.0, "violate_rate": 20.328117586434235, "throughput": 4000}, "baseline": {"95th_latency": 4308.0, "99th_latency": 14179.0, "violate_rate": 15.841665001255475, "throughput": 4000}}}
{"masstree": {"blackscholes": {"95th_latency": 4654.0, "99th_latency": 15648.0, "violate_rate": 15.135514178069926, "throughput": 4000}, "bodytrack": {"95th_latency": 4627.0, "99th_latency": 15858.0, "violate_rate": 15.198649890045303, "throughput": 4000}, "facesim": {"95th_latency": 5472.0, "99th_latency": 17680.0, "violate_rate": 20.678039134186054, "throughput": 4000}, "ferret": {"95th_latency": 7714.0, "99th_latency": 25967.0, "violate_rate": 32.865710361371505, "throughput": 4000}, "fluidanimate": {"95th_latency": 5380.0, "99th_latency": 18332.0, "violate_rate": 21.659561258984997, "throughput": 4000}, "freqmine": {"95th_latency": 4552.0, "99th_latency": 15479.0, "violate_rate": 17.9929422760181, "throughput": 4000}, "raytrace": {"95th_latency": 4454.0, "99th_latency": 15866.0, "violate_rate": 16.923304855155603, "throughput": 4000}, "swaptions": {"95th_latency": 4516.0, "99th_latency": 15883.0, "violate_rate": 16.712575101748367, "throughput": 4000}, "vips": {"95th_latency": 4377.0, "99th_latency": 14852.0, "violate_rate": 15.754760144210437, "throughput": 4000}, "x264": {"95th_latency": 4666.0, "99th_latency": 15843.0, "violate_rate": 16.975436552509123, "throughput": 4000}, "baseline": {"95th_latency": 4555.0, "99th_latency": 15149.0, "violate_rate": 15.512115848433554, "throughput": 4000}}}
{"masstree": {"blackscholes": {"95th_latency": 4739.0, "99th_latency": 15236.0, "violate_rate": 16.70628438393335, "throughput": 4000}, "bodytrack": {"95th_latency": 4558.0, "99th_latency": 14315.0, "violate_rate": 16.979439314335412, "throughput": 4000}, "facesim": {"95th_latency": 5724.0, "99th_latency": 18658.0, "violate_rate": 21.967460863061536, "throughput": 4000}, "ferret": {"95th_latency": 8032.0, "99th_latency": 28503.0, "violate_rate": 32.380360712161036, "throughput": 4000}, "fluidanimate": {"95th_latency": 5654.0, "99th_latency": 17878.0, "violate_rate": 20.236797849958933, "throughput": 4000}, "freqmine": {"95th_latency": 5049.0, "99th_latency": 16879.0, "violate_rate": 18.936680130324945, "throughput": 4000}, "raytrace": {"95th_latency": 4588.0, "99th_latency": 14884.0, "violate_rate": 16.937612356913, "throughput": 4000}, "swaptions": {"95th_latency": 4366.0, "99th_latency": 14947.0, "violate_rate": 15.68082343698184, "throughput": 4000}, "vips": {"95th_latency": 4466.0, "99th_latency": 14925.0, "violate_rate": 15.36217797550513, "throughput": 4000}, "x264": {"95th_latency": 4146.0, "99th_latency": 14845.0, "violate_rate": 15.795442326613099, "throughput": 4000}, "baseline": {"95th_latency": 4364.0, "99th_latency": 14901.0, "violate_rate": 15.708861352834319, "throughput": 4000}}}
