{"xapian": {"519.lbm_r": {"95th_latency": 6920.0, "99th_latency": 11957.0, "violate_rate": 1.1961742980281984, "throughput": 600}, "507.cactuBSSN_r": {"95th_latency": 5862.0, "99th_latency": 9977.0, "violate_rate": 0.0006812950791671123, "throughput": 600}, "500.perlbench_r": {"95th_latency": 5844.0, "99th_latency": 9869.0, "violate_rate": 0.004022264765131498, "throughput": 600}, "502.gcc_r": {"95th_latency": 5782.0, "99th_latency": 9736.0, "violate_rate": 0.005150025387818143, "throughput": 600}, "503.bwaves_r": {"95th_latency": 5804.0, "99th_latency": 9776.0, "violate_rate": 0.005674797978613032, "throughput": 600}, "505.mcf_r": {"95th_latency": 5874.0, "99th_latency": 9804.0, "violate_rate": 0.0063288742525406125, "throughput": 600}, "508.namd_r": {"95th_latency": 5785.0, "99th_latency": 9801.0, "violate_rate": 0.008054343464773772, "throughput": 600}, "510.parest_r": {"95th_latency": 5863.0, "99th_latency": 9952.0, "violate_rate": 0.0014480440032285363, "throughput": 600}, "511.povray_r": {"95th_latency": 5765.0, "99th_latency": 9623.0, "violate_rate": 0.017813125699701667, "throughput": 600}, "520.omnetpp_r": {"95th_latency": 5851.0, "99th_latency": 9807.0, "violate_rate": 0.008319143625927982, "throughput": 600}, "521.wrf_r": {"95th_latency": 5761.0, "99th_latency": 9730.0, "violate_rate": 0.009738461974692738, "throughput": 600}, "523.xalancbmk_r": {"95th_latency": 5842.0, "99th_latency": 9791.0, "violate_rate": 0.005418523204164243, "throughput": 600}, "525.x264_r": {"95th_latency": 5794.0, "99th_latency": 9802.0, "violate_rate": 0.0082094629346493, "throughput": 600}, "526.blender_r": {"95th_latency": 5796.0, "99th_latency": 9799.0, "violate_rate": 0.006513147016378293, "throughput": 600}, "527.cam4_r": {"95th_latency": 5756.0, "99th_latency": 9652.0, "violate_rate": 0.014203848736886468, "throughput": 600}, "531.deepsjeng_r": {"95th_latency": 5812.0, "99th_latency": 9744.0, "violate_rate": 0.01101103181118335, "throughput": 600}, "538.imagick_r": {"95th_latency": 5756.0, "99th_latency": 9692.0, "violate_rate": 0.0077695462864742606, "throughput": 600}, "541.leela_r": {"95th_latency": 5743.0, "99th_latency": 9775.0, "violate_rate": 0.009348338081716054, "throughput": 600}, "544.nab_r": {"95th_latency": 5794.0, "99th_latency": 9852.0, "violate_rate": 0.005553854356782984, "throughput": 600}, "548.exchange2_r": {"95th_latency": 5790.0, "99th_latency": 9768.0, "violate_rate": 0.008780639120536596, "throughput": 600}, "549.fotonik3d_r": {"95th_latency": 5792.0, "99th_latency": 9678.0, "violate_rate": 0.01655859074571914, "throughput": 600}, "554.roms_r": {"95th_latency": 5767.0, "99th_latency": 9697.0, "violate_rate": 0.007394135333099616, "throughput": 600}, "557.xz_r": {"95th_latency": 5798.0, "99th_latency": 9689.0, "violate_rate": 0.009839349399231086, "throughput": 600}, "baseline": {"95th_latency": 5809.0, "99th_latency": 9844.0, "violate_rate": 0.005645982201328412, "throughput": 600}}}
