{"xapian": {"519.lbm_r": {"95th_latency": 7003.0, "99th_latency": 11975.0, "violate_rate": 1.149663132557252, "throughput": 600}, "507.cactuBSSN_r": {"95th_latency": 5874.0, "99th_latency": 9866.0, "violate_rate": 0.003856611676407924, "throughput": 600}, "500.perlbench_r": {"95th_latency": 5737.0, "99th_latency": 9663.0, "violate_rate": 0.016744535599784487, "throughput": 600}, "502.gcc_r": {"95th_latency": 5851.0, "99th_latency": 9751.0, "violate_rate": 0.011241085833676624, "throughput": 600}, "503.bwaves_r": {"95th_latency": 5801.0, "99th_latency": 9695.0, "violate_rate": 0.013606513353901936, "throughput": 600}, "505.mcf_r": {"95th_latency": 5834.0, "99th_latency": 9786.0, "violate_rate": 0.00974246418298223, "throughput": 600}, "508.namd_r": {"95th_latency": 5839.0, "99th_latency": 9860.0, "violate_rate": 0.005803219411327462, "throughput": 600}, "510.parest_r": {"95th_latency": 5799.0, "99th_latency": 9694.0, "violate_rate": 0.013459310247550309, "throughput": 600}, "511.povray_r": {"95th_latency": 5771.0, "99th_latency": 9747.0, "violate_rate": 0.009559515803645837, "throughput": 600}, "520.omnetpp_r": {"95th_latency": 5800.0, "99th_latency": 9764.0, "violate_rate": 0.00802341625970915, "throughput": 600}, "521.wrf_r": {"95th_latency": 5820.0, "99th_latency": 9769.0, "violate_rate": 0.0113653050274119, "throughput": 600}, "523.xalancbmk_r": {"95th_latency": 5899.0, "99th_latency": 9955.0, "violate_rate": 0.0011968395191354745, "throughput": 600}, "525.x264_r": {"95th_latency": 5769.0, "99th_latency": 9702.0, "violate_rate": 0.013759968854229058, "throughput": 600}, "526.blender_r": {"95th_latency": 5789.0, "99th_latency": 9883.0, "violate_rate": 0.0037051369573069784, "throughput": 600}, "527.cam4_r": {"95th_latency": 5739.0, "99th_latency": 9509.0, "violate_rate": 0.0214289274142559, "throughput": 600}, "531.deepsjeng_r": {"95th_latency": 5787.0, "99th_latency": 9741.0, "violate_rate": 0.010020042409294844, "throughput": 600}, "538.imagick_r": {"95th_latency": 5768.0, "99th_latency": 9681.0, "violate_rate": 0.00909444308924682, "throughput": 600}, "541.leela_r": {"95th_latency": 5805.0, "99th_latency": 9894.0, "violate_rate": 0.003346075065748854, "throughput": 600}, "544.nab_r": {"95th_latency": 5830.0, "99th_latency": 9874.0, "violate_rate": 0.004171773580339397, "throughput": 600}, "548.exchange2_r": {"95th_latency": 5769.0, "99th_latency": 9658.0, "violate_rate": 0.010142879942629046, "throughput": 600}, "549.fotonik3d_r": {"95th_latency": 5836.0, "99th_latency": 9873.0, "violate_rate": 0.003927984525986593, "throughput": 600}, "554.roms_r": {"95th_latency": 5802.0, "99th_latency": 9793.0, "violate_rate": 0.008584714472558336, "throughput": 600}, "557.xz_r": {"95th_latency": 5874.0, "99th_latency": 10100.0, "violate_rate": 1.9523700177103545, "throughput": 600}, "baseline": {"95th_latency": 5814.0, "99th_latency": 9749.0, "violate_rate": 0.012418904574976398, "throughput": 600}}}
{"xapian": {"519.lbm_r": {"95th_latency": 6787.0, "99th_latency": 11681.0, "violate_rate": 1.2655551098874005, "throughput": 600}, "507.cactuBSSN_r": {"95th_latency": 5849.0, "99th_latency": 9930.0, "violate_rate": 0.002266056806229624, "throughput": 600}, "500.perlbench_r": {"95th_latency": 5863.0, "99th_latency": 9991.0, "violate_rate": 0.0002503076894932347, "throughput": 600}, "502.gcc_r": {"95th_latency": 5772.0, "99th_latency": 9792.0, "violate_rate": 0.006447900993353885, "throughput": 600}, "503.bwaves_r": {"95th_latency": 5796.0, "99th_latency": 9720.0, "violate_rate": 0.013450011848291293, "throughput": 600}, "505.mcf_r": {"95th_latency": 5879.0, "99th_latency": 9929.0, "violate_rate": 0.002168820659527434, "throughput": 600}, "508.namd_r": {"95th_latency": 5762.0, "99th_latency": 9786.0, "violate_rate": 0.00759936801158569, "throughput": 600}, "510.parest_r": {"95th_latency": 5822.0, "99th_latency": 9733.0, "violate_rate": 0.004664997382740696, "throughput": 600}, "511.povray_r": {"95th_latency": 5744.0, "99th_latency": 9660.0, "violate_rate": 0.012276562664910258, "throughput": 600}, "520.omnetpp_r": {"95th_latency": 5858.0, "99th_latency": 9832.0, "violate_rate": 0.006509787055732449, "throughput": 600}, "521.wrf_r": {"95th_latency": 5828.0, "99th_latency": 9947.0, "violate_rate": 0.0013007309518938354, "throughput": 600}, "523.xalancbmk_r": {"95th_latency": 5794.0, "99th_latency": 9970.0, "violate_rate": 0.001275242294574149, "throughput": 600}, "525.x264_r": {"95th_latency": 5773.0, "99th_latency": 9668.0, "violate_rate": 0.014344988043162381, "throughput": 600}, "526.blender_r": {"95th_latency": 5845.0, "99th_latency": 9871.0, "violate_rate": 0.00354850443531789, "throughput": 600}, "527.cam4_r": {"95th_latency": 5822.0, "99th_latency": 9844.0, "violate_rate": 0.004898333512992712, "throughput": 600}, "531.deepsjeng_r": {"95th_latency": 5807.0, "99th_latency": 9779.0, "violate_rate": 0.008266815387801262, "throughput": 600}, "538.imagick_r": {"95th_latency": 5752.0, "99th_latency": 9708.0, "violate_rate": 0.013859190670066959, "throughput": 600}, "541.leela_r": {"95th_latency": 5784.0, "99th_latency": 9839.0, "violate_rate": 0.005871315510507787, "throughput": 600}, "544.nab_r": {"95th_latency": 5794.0, "99th_latency": 9819.0, "violate_rate": 0.005574088012170586, "throughput": 600}, "548.exchange2_r": {"95th_latency": 5813.0, "99th_latency": 9820.0, "violate_rate": 0.007117817885224555, "throughput": 600}, "549.fotonik3d_r": {"95th_latency": 5822.0, "99th_latency": 9660.0, "violate_rate": 0.014782604325331131, "throughput": 600}, "554.roms_r": {"95th_latency": 5766.0, "99th_latency": 9722.0, "violate_rate": 0.008060120699034376, "throughput": 600}, "557.xz_r": {"95th_latency": 5779.0, "99th_latency": 9762.0, "violate_rate": 0.010109808072724718, "throughput": 600}, "baseline": {"95th_latency": 5764.0, "99th_latency": 9758.0, "violate_rate": 0.007790082137915952, "throughput": 600}}}
