{"masstree": {"519.lbm_r": {"95th_latency": 5490.0, "99th_latency": 11117.0, "violate_rate": 20.386337801903302, "throughput": 1500}, "544.nab_r": {"95th_latency": 3973.0, "99th_latency": 6776.0, "violate_rate": 15.735163799254172, "throughput": 1500}, "baseline": {"95th_latency": 4062.9999999999995, "99th_latency": 6937.0, "violate_rate": 15.416202556027972, "throughput": 1500}}}
