{"masstree": {"519.lbm_r": {"95th_latency": 6968.0, "99th_latency": 15477.0, "violate_rate": 25.45044707553316, "throughput": 1500}, "544.nab_r": {"95th_latency": 4360.0, "99th_latency": 7979.0, "violate_rate": 16.184822348901598, "throughput": 1500}, "baseline": {"95th_latency": 4425.0, "99th_latency": 8289.0, "violate_rate": 16.084999516395772, "throughput": 1500}}}
{"masstree": {"519.lbm_r": {"95th_latency": 7258.0, "99th_latency": 15865.0, "violate_rate": 25.15886551769642, "throughput": 1500}, "544.nab_r": {"95th_latency": 4741.0, "99th_latency": 9411.0, "violate_rate": 17.05641743473613, "throughput": 1500}, "baseline": {"95th_latency": 4385.0, "99th_latency": 7534.0, "violate_rate": 16.084140516494088, "throughput": 1500}}}
