{"masstree": {"519.lbm_r": {"95th_latency": 5387.0, "99th_latency": 11264.0, "violate_rate": 20.937107167284612, "throughput": 1500}, "544.nab_r": {"95th_latency": 4202.0, "99th_latency": 7278.0, "violate_rate": 16.81559127446301, "throughput": 1500}, "baseline": {"95th_latency": 4140.0, "99th_latency": 7093.0, "violate_rate": 15.42454100062225, "throughput": 1500}}}
