{"masstree": {"519.lbm_r": {"95th_latency": 7256.0, "99th_latency": 15848.0, "violate_rate": 25.142139427947168, "throughput": 1500}, "544.nab_r": {"95th_latency": 4505.0, "99th_latency": 8372.0, "violate_rate": 17.81090277414837, "throughput": 1500}, "baseline": {"95th_latency": 4407.0, "99th_latency": 8069.000000000001, "violate_rate": 16.1145149624147, "throughput": 1500}}}
{"masstree": {"519.lbm_r": {"95th_latency": 7200.0, "99th_latency": 16143.0, "violate_rate": 26.984119278714136, "throughput": 1500}, "544.nab_r": {"95th_latency": 4720.0, "99th_latency": 9377.0, "violate_rate": 17.28035446794809, "throughput": 1500}, "baseline": {"95th_latency": 4472.0, "99th_latency": 8428.0, "violate_rate": 16.22195875637786, "throughput": 1500}}}
