{"masstree": {"519.lbm_r": {"95th_latency": 5365.0, "99th_latency": 11227.0, "violate_rate": 20.53176457293215, "throughput": 1500}, "544.nab_r": {"95th_latency": 4070.9999999999995, "99th_latency": 6965.0, "violate_rate": 15.323574918679071, "throughput": 1500}, "baseline": {"95th_latency": 4094.0000000000005, "99th_latency": 7062.0, "violate_rate": 15.541621062632235, "throughput": 1500}}}
