{"masstree": {"519.lbm_r": {"95th_latency": 6841.0, "99th_latency": 15308.0, "violate_rate": 24.04945427603012, "throughput": 1500}, "544.nab_r": {"95th_latency": 4458.0, "99th_latency": 8034.000000000001, "violate_rate": 17.731440204063542, "throughput": 1500}, "baseline": {"95th_latency": 4406.0, "99th_latency": 7938.0, "violate_rate": 16.136436439829428, "throughput": 1500}}}
