{"masstree": {"519.lbm_r": {"95th_latency": 5305.0, "99th_latency": 11423.0, "violate_rate": 20.79151299104151, "throughput": 1500}, "544.nab_r": {"95th_latency": 4235.0, "99th_latency": 6998.0, "violate_rate": 16.864586947463646, "throughput": 1500}, "baseline": {"95th_latency": 4140.0, "99th_latency": 6873.0, "violate_rate": 15.000008353532229, "throughput": 1500}}}
