{"masstree": {"519.lbm_r": {"95th_latency": 107526157.0, "99th_latency": 117407617.0, "violate_rate": 90.03999095868124, "throughput": 2500}, "544.nab_r": {"95th_latency": 95502299.0, "99th_latency": 105568673.0, "violate_rate": 88.84665252669393, "throughput": 2500}, "baseline": {"95th_latency": 94070168.0, "99th_latency": 104085861.0, "violate_rate": 88.73459393872685, "throughput": 2500}}}
