{"masstree": {"519.lbm_r": {"95th_latency": 5384.0, "99th_latency": 11535.0, "violate_rate": 20.570436832627674, "throughput": 1500}, "544.nab_r": {"95th_latency": 4106.0, "99th_latency": 6712.0, "violate_rate": 15.209708720148504, "throughput": 1500}, "baseline": {"95th_latency": 4116.0, "99th_latency": 6858.0, "violate_rate": 15.240982720428038, "throughput": 1500}}}
