{"507.cactuBSSN_r": [[8135.0, 24856.0, 30.28528247460644]], "baseline": [[1558.0, 2506.0, 2.6758004586706052]]}
