{"519.lbm_r": [[6171.0, 22075.0, 31.015492393900722]], "505.mcf_r": [[1420.0, 2327.0, 1.1981429160044734]], "baseline": [[1545.0, 2459.0, 2.7940971828224708]]}
{"519.lbm_r": [[4196.0, 14711.0, 22.23005642568506]], "505.mcf_r": [[1470.0, 2386.0, 1.0565419995921397]], "baseline": [[1531.0, 2453.0, 2.8327709499056857]]}
{"519.lbm_r": [[3905.0, 11738.0, 19.02895450550771]], "505.mcf_r": [[1449.0, 2344.0, 1.1353318623399233]], "baseline": [[1557.0, 2461.0, 2.736755051737932]]}
{"519.lbm_r": [[5888.0, 21081.0, 34.54572785819656]], "505.mcf_r": [[1392.0, 2279.0, 1.2998471976997301]], "baseline": [[1519.0, 2434.0, 2.904222504250607]]}
{"519.lbm_r": [[4998.0, 15232.0, 27.509112638821847]], "505.mcf_r": [[1463.0, 2360.0, 1.0945378245788528]], "baseline": [[1518.0, 2439.0, 2.8946875806982066]]}
{"519.lbm_r": [[4109.0, 11427.0, 21.76044751222356]], "505.mcf_r": [[1465.0, 2404.0, 1.0509862756678117]], "507.cactuBSSN_r": [[3784.0, 7339.0, 18.07121321406552]], "baseline": [[1538.0, 2464.0, 2.8095543977246495]]}
