{"519.lbm_r": [[3223.0, 6549.0, 15.611218564020927]], "505.mcf_r": [[1443.0, 2364.0, 1.1214306410175796]], "baseline": [[1634.0, 2627.0, 2.278671903181596]]}
{"519.lbm_r": [[4388.0, 12248.0, 21.833239726683335]], "505.mcf_r": [[1462.0, 2357.0, 1.0989922312574674]], "baseline": [[1504.0, 2411.0, 2.979909637678923]]}
{"519.lbm_r": [[3638.0, 10048.0, 19.590428938362056]], "505.mcf_r": [[1523.0, 2459.0, 2.7973109791673822]], "baseline": [[1477.0, 2360.0, 1.0872396669432978]]}
{"519.lbm_r": [[3562.0, 9039.0, 17.66161732017029]], "505.mcf_r": [[1499.0, 2441.0, 2.9177184594442487]], "baseline": [[1627.0, 2597.0, 2.3346145506379017]]}
{"519.lbm_r": [[3725.0, 11183.0, 18.559416918663253]], "505.mcf_r": [[1505.0, 2456.0, 2.8615452835605657]], "baseline": [[1540.0, 2486.0, 2.7307359752078146]]}
{"519.lbm_r": [[4149.0, 13424.0, 21.935793883199043]], "505.mcf_r": [[1412.0, 2284.0, 1.263590310764173]], "507.cactuBSSN_r": [[3738.0, 6771.0, 19.177697671364793]], "baseline": [[1617.0, 2561.0, 2.396694887571049]]}
