{"519.lbm_r": [[1932.0, 3099.0, 4.459900572166372]], "505.mcf_r": [[1394.0, 2276.0, 1.2966624039606156]], "baseline": [[1544.0, 2467.0, 2.7776215918491447]]}
{"519.lbm_r": [[1974.0, 3197.0, 4.175489477758094]], "505.mcf_r": [[1396.0, 2301.0, 1.25854503111269]], "baseline": [[1590.0, 2518.0, 2.533484339791864]]}
{"519.lbm_r": [[1950.0, 3249.0, 4.3228794560370565]], "505.mcf_r": [[1485.0, 2402.0, 1.019304316215868]], "baseline": [[1486.0, 2382.0, 1.0531767253292348]]}
{"519.lbm_r": [[2017.0, 3303.0, 5.8661106616304295]], "505.mcf_r": [[1378.0, 2258.0, 1.3473937874001036]], "baseline": [[1583.0, 2514.0, 2.581181842995724]]}
{"519.lbm_r": [[1938.0, 3169.0, 4.402800955423542]], "505.mcf_r": [[1399.0, 2318.0, 1.2364487013917922]], "baseline": [[1480.0, 2371.0, 1.0686118231852388]]}
{"519.lbm_r": [[1874.0, 3040.0, 4.866145320865485]], "505.mcf_r": [[1431.0, 2346.0, 1.1608735923466007]], "507.cactuBSSN_r": [[2875.0, 5170.0, 11.43059850869987]], "baseline": [[1571.0, 2518.0, 2.6314022132049573]]}
{"519.lbm_r": [[1862.0, 3064.0, 4.920663324085142]], "505.mcf_r": [[1395.0, 2302.0, 1.2666772206027739]], "507.cactuBSSN_r": [[3823.0, 7237.0, 20.459178319385046]], "baseline": [[1520.0, 2428.0, 2.908587306959263]]}
