{"507.cactuBSSN_r": [[3657.0, 8902.0, 14.130764320120713]], "baseline": [[1676.0, 2689.0, 2.111012579085719]]}
