{"505.mcf_r": [[2302.0, 134707.0, 5.1760309803803555]]}
{"505.mcf_r": [[1527.0, 2480.0, 2.80149894887246]]}
{"505.mcf_r": [[1526.0, 2509.0, 2.7650165717991797]]}
{"503.bwaves_r": [[1451.0, 2462.0, 1.0050757621310105]], "505.mcf_r": [[1725.0, 17833.0, 3.3061210256432036]]}
{"503.bwaves_r": [[1417.0, 2357.0, 1.1622534290242608]], "505.mcf_r": [[1698.0, 24314.0, 3.303603010352675]]}
{"503.bwaves_r": [[1479.0, 2463.0, 2.9239524759658986]], "505.mcf_r": [[1691.0, 18499.0, 3.456693812758995]]}
{"503.bwaves_r": [[1452.0, 2400.0, 1.0612637118242805]], "505.mcf_r": [[1624.0, 3617.0, 2.0078862100712653]]}
{"503.bwaves_r": [[1454.0, 2407.0, 1.0498089639112533]], "505.mcf_r": [[1648.0, 7867.0, 3.7794208125526048]]}
{"505.mcf_r": [[1514.0, 2484.0, 2.8187075927612844]]}
{"505.mcf_r": [[1473.0, 2392.0, 1.0562978927445321]]}
{"505.mcf_r": [[1436.0, 2357.0, 1.1444500264362902]]}
{"505.mcf_r": [[1484.0, 2388.0, 1.0392871680955957]]}
{"505.mcf_r": [[1481.0, 2410.0, 1.0268976697925207]]}
{"503.bwaves_r": [[1531.0, 2530.0, 2.696498812174433]], "505.mcf_r": [[1844.0, 59267.0, 4.6653870270131925]]}
{"baseline": [[2847.0, 99421.0, 7.230733023772873]], "505.mcf_r": [[1999.0, 86231.0, 4.001485547942017]]}
{"baseline": [[1556.0, 2493.0, 2.6958161590076877]], "505.mcf_r": [[1392.0, 2249.0, 1.3387734829392839]]}
{"505.mcf_r": [[1370.0, 2229.0, 1.4046971856819437]], "baseline": [[1544.0, 2445.0, 2.7970104986928193]]}
{"505.mcf_r": [[1642.0, 2540.0, 2.353638376520995]], "baseline": [[1609.0, 2496.0, 2.4884581332820583]]}
{"519.lbm_r": [[1370.0, 2234.0, 1.3903688798087126]], "505.mcf_r": [[1446.0, 2363.0, 1.1190102149584673]], "baseline": [[1514.0, 2417.0, 2.9246659816465015]]}
{"519.lbm_r": [[1439.0, 2324.0, 1.167666483637726]], "505.mcf_r": [[1405.0, 2261.0, 1.3148971286092104]], "baseline": [[1615.0, 2568.0, 2.402429087440192]]}
{"519.lbm_r": [[1479.0, 2409.0, 1.010331319972706]], "505.mcf_r": [[1515.0, 2454.0, 2.858586734504705]], "baseline": [[1570.0, 2508.0, 2.618632149182206]]}
{"519.lbm_r": [[1445.0, 2355.0, 1.124814187435214]], "505.mcf_r": [[1397.0, 2261.0, 1.31830625674622]], "baseline": [[1525.0, 2461.0, 2.8319934808449716]]}
{"519.lbm_r": [[1389.0, 2249.0, 1.3480558820223558]], "505.mcf_r": [[1410.0, 2278.0, 1.273754876675316]], "baseline": [[1527.0, 2437.0, 2.874659378496714]]}
{"519.lbm_r": [[1472.0, 2388.0, 1.0453536804326462]], "505.mcf_r": [[1402.0, 2279.0, 1.287868935369909]], "baseline": [[1546.0, 2454.0, 2.785795119794875]]}
{"519.lbm_r": [[1426.0, 2315.0, 1.2062489896422472]], "505.mcf_r": [[1439.0, 2334.0, 1.1611144916328766]], "507.cactuBSSN_r": [[2379.0, 4683.0, 7.582780613260505]], "baseline": [[1551.0, 2475.0, 2.7343300879029364]]}
{"519.lbm_r": [[1397.0, 2264.0, 1.314886816533464]], "505.mcf_r": [[1439.0, 2338.0, 1.1616724419719704]], "507.cactuBSSN_r": [[2639.0, 4479.0, 9.50826679997843]], "baseline": [[1605.0, 2588.0, 2.411994039116461]]}
