{"519.lbm_r": [[1546.0, 2491.0, 2.7060029052136]], "505.mcf_r": [[1422.0, 2305.0, 1.2324449338232124]], "baseline": [[1625.0, 2579.0, 2.3521462436487846]]}
{"519.lbm_r": [[1529.0, 2471.0, 2.8001161240126544]], "505.mcf_r": [[1367.0, 2242.0, 1.3863130938169372]], "baseline": [[1479.0, 2386.0, 1.0529192937810454]]}
{"519.lbm_r": [[1574.0, 2522.0, 2.5936708103244324]], "505.mcf_r": [[1408.0, 2295.0, 1.251650727587492]], "baseline": [[1489.0, 2390.0, 1.0430312401383175]]}
{"519.lbm_r": [[1643.0, 2677.0, 2.1834005551563362]], "505.mcf_r": [[1378.0, 2266.0, 1.3305729929394954]], "baseline": [[1521.0, 2428.0, 2.8993359638838987]]}
{"519.lbm_r": [[1480.0, 2395.0, 1.0252385212789819]], "505.mcf_r": [[1411.0, 2288.0, 1.2653058429863475]], "baseline": [[1513.0, 2413.0, 2.94832751370136]]}
{"519.lbm_r": [[1489.0, 2427.0, 2.9769221098293137]], "505.mcf_r": [[1386.0, 2262.0, 1.3285034186259352]], "507.cactuBSSN_r": [[3710.0, 6480.0, 17.366983438924088]], "baseline": [[1557.0, 2482.0, 2.70765888059089]]}
{"519.lbm_r": [[1486.0, 2397.0, 1.0173204445597275]], "505.mcf_r": [[1418.0, 2335.0, 1.1893530032049109]], "507.cactuBSSN_r": [[4296.0, 12369.0, 19.238954880152964]], "baseline": [[1584.0, 2541.0, 2.558793038528896]]}
