{"507.cactuBSSN_r": [[3422.0, 6949.0, 12.998911630107362]], "baseline": [[1583.0, 2549.0, 2.5360308397874913]]}
