{"507.cactuBSSN_r": [[7252.0, 16771.0, 32.57751942263418]], "baseline": [[1607.0, 2609.0, 2.3862408875091665]]}
