{"507.cactuBSSN_r": [[2884.0, 5149.0, 11.514250540197468]], "baseline": [[1673.0, 2720.0, 2.086833287190299]]}
