{"xapian": {"519.lbm_r": {"95th_latency": 11877.0, "99th_latency": 24583.0, "violate_rate": 6.087360714025825, "throughput": 600}, "baseline": {"95th_latency": 8702.0, "99th_latency": 17000.0, "violate_rate": 3.2613909362670133, "throughput": 600}}}
{"xapian": {"519.lbm_r": {"95th_latency": 11852.0, "99th_latency": 24546.0, "violate_rate": 6.1241228315163125, "throughput": 600}, "baseline": {"95th_latency": 8767.0, "99th_latency": 17190.0, "violate_rate": 3.241238400696808, "throughput": 600}}}
{"xapian": {"519.lbm_r": {"95th_latency": 11927.0, "99th_latency": 24171.0, "violate_rate": 6.021348761198408, "throughput": 600}, "baseline": {"95th_latency": 8750.0, "99th_latency": 17043.0, "violate_rate": 3.2693002132154936, "throughput": 600}}}
{"xapian": {"519.lbm_r": {"95th_latency": 11682.0, "99th_latency": 23859.0, "violate_rate": 6.3294438289935036, "throughput": 600}, "baseline": {"95th_latency": 8716.0, "99th_latency": 17252.0, "violate_rate": 3.2826022090724103, "throughput": 600}}}
{"xapian": {"519.lbm_r": {"95th_latency": 11716.0, "99th_latency": 24156.0, "violate_rate": 6.189454639840843, "throughput": 600}, "baseline": {"95th_latency": 8531.0, "99th_latency": 16576.0, "violate_rate": 3.4557690818593723, "throughput": 600}}}
