{"xapian": {"519.lbm_r": {"95th_latency": 9374.0, "99th_latency": 18098.0, "violate_rate": 4.731900309105757, "throughput": 600}, "baseline": {"95th_latency": 6369.0, "99th_latency": 11121.0, "violate_rate": 1.5148406963274388, "throughput": 600}}}
{"xapian": {"519.lbm_r": {"95th_latency": 8641.0, "99th_latency": 15495.0, "violate_rate": 3.509930665749168, "throughput": 600}, "baseline": {"95th_latency": 5982.0, "99th_latency": 10290.0, "violate_rate": 1.8647133736750603, "throughput": 600}}}
{"xapian": {"519.lbm_r": {"95th_latency": 14793.0, "99th_latency": 33088.0, "violate_rate": 9.095385539574096, "throughput": 600}, "baseline": {"95th_latency": 11320.0, "99th_latency": 24420.0, "violate_rate": 6.634347766874641, "throughput": 600}}}
{"xapian": {"519.lbm_r": {"95th_latency": 14695.0, "99th_latency": 33571.0, "violate_rate": 9.026522632294771, "throughput": 600}, "baseline": {"95th_latency": 11282.0, "99th_latency": 22980.0, "violate_rate": 6.680085205484575, "throughput": 600}}}
{"xapian": {"519.lbm_r": {"95th_latency": 14870.0, "99th_latency": 32409.999999999996, "violate_rate": 9.15764844880328, "throughput": 600}, "baseline": {"95th_latency": 11500.0, "99th_latency": 24403.0, "violate_rate": 6.477280658757976, "throughput": 600}}}
