{"xapian": {"519.lbm_r": {"95th_latency": 9465.0, "99th_latency": 20235.0, "violate_rate": 4.54283432024899, "throughput": 600}, "baseline": {"95th_latency": 6529.0, "99th_latency": 11331.0, "violate_rate": 1.3934765362958361, "throughput": 600}}}
{"xapian": {"519.lbm_r": {"95th_latency": 8682.0, "99th_latency": 16099.0, "violate_rate": 3.4609134986196586, "throughput": 600}, "baseline": {"95th_latency": 6101.0, "99th_latency": 10456.0, "violate_rate": 1.7832249710314818, "throughput": 600}}}
{"xapian": {"519.lbm_r": {"95th_latency": 8860.0, "99th_latency": 16660.0, "violate_rate": 3.238621635217399, "throughput": 600}, "baseline": {"95th_latency": 6087.0, "99th_latency": 10389.0, "violate_rate": 1.8080459478337674, "throughput": 600}}}
{"xapian": {"519.lbm_r": {"95th_latency": 8757.0, "99th_latency": 16460.0, "violate_rate": 3.3671235487716107, "throughput": 600}, "baseline": {"95th_latency": 6091.0, "99th_latency": 10567.0, "violate_rate": 1.7356148851666544, "throughput": 600}}}
{"xapian": {"519.lbm_r": {"95th_latency": 8757.0, "99th_latency": 16574.0, "violate_rate": 3.343500475067099, "throughput": 600}, "baseline": {"95th_latency": 6098.0, "99th_latency": 10382.0, "violate_rate": 1.8160096829749075, "throughput": 600}}}
{"xapian": {"519.lbm_r": {"95th_latency": 8699.0, "99th_latency": 15992.0, "violate_rate": 3.417844800812846, "throughput": 600}, "baseline": {"95th_latency": 6177.0, "99th_latency": 10745.0, "violate_rate": 1.6667644637314738, "throughput": 600}}}
{"xapian": {"519.lbm_r": {"95th_latency": 11895.0, "99th_latency": 26962.0, "violate_rate": 6.085208453449429, "throughput": 600}, "baseline": {"95th_latency": 8775.0, "99th_latency": 17517.0, "violate_rate": 3.2330610265327566, "throughput": 600}}}
{"xapian": {"519.lbm_r": {"95th_latency": 11965.0, "99th_latency": 25307.0, "violate_rate": 7.9447913424602215, "throughput": 600}, "baseline": {"95th_latency": 8730.0, "99th_latency": 17310.0, "violate_rate": 3.247982771296042, "throughput": 600}}}
{"xapian": {"519.lbm_r": {"95th_latency": 11805.0, "99th_latency": 26352.0, "violate_rate": 6.1031878893369935, "throughput": 600}, "baseline": {"95th_latency": 8676.0, "99th_latency": 16806.0, "violate_rate": 3.2894269574332418, "throughput": 600}}}
{"xapian": {"519.lbm_r": {"95th_latency": 11682.0, "99th_latency": 24087.0, "violate_rate": 6.265112153154758, "throughput": 600}, "baseline": {"95th_latency": 8883.0, "99th_latency": 17906.0, "violate_rate": 3.1017254414301805, "throughput": 600}}}
{"xapian": {"519.lbm_r": {"95th_latency": 11733.0, "99th_latency": 24664.0, "violate_rate": 6.1688574114615955, "throughput": 600}, "baseline": {"95th_latency": 8822.0, "99th_latency": 17554.0, "violate_rate": 3.186130640274503, "throughput": 600}}}
