{"xapian": {"519.lbm_r": {"95th_latency": 14217.0, "99th_latency": 31367.0, "violate_rate": 9.11168157165359, "throughput": 700}, "baseline": {"95th_latency": 8794.0, "99th_latency": 17307.0, "violate_rate": 3.2281183631850014, "throughput": 700}}}
