{"xapian": {"519.lbm_r": {"95th_latency": 9479.0, "99th_latency": 17565.0, "violate_rate": 4.534200371930318, "throughput": 600}, "baseline": {"95th_latency": 6365.0, "99th_latency": 10835.0, "violate_rate": 1.6030955126263557, "throughput": 600}}}
{"xapian": {"519.lbm_r": {"95th_latency": 8611.0, "99th_latency": 15550.0, "violate_rate": 3.5428558297083232, "throughput": 600}, "baseline": {"95th_latency": 8233.0, "99th_latency": 16689.0, "violate_rate": 3.5853439867321333, "throughput": 600}}}
{"xapian": {"519.lbm_r": {"95th_latency": 14853.0, "99th_latency": 33168.0, "violate_rate": 9.076822130119773, "throughput": 600}, "baseline": {"95th_latency": 11232.0, "99th_latency": 22313.0, "violate_rate": 6.703577058548095, "throughput": 600}}}
{"xapian": {"519.lbm_r": {"95th_latency": 15423.0, "99th_latency": 32936.0, "violate_rate": 10.753529279240277, "throughput": 600}, "baseline": {"95th_latency": 11276.0, "99th_latency": 24066.0, "violate_rate": 6.665293527587962, "throughput": 600}}}
{"xapian": {"519.lbm_r": {"95th_latency": 15089.0, "99th_latency": 32889.0, "violate_rate": 9.006185110461645, "throughput": 600}, "baseline": {"95th_latency": 11354.0, "99th_latency": 23658.0, "violate_rate": 6.603787468497039, "throughput": 600}}}
