{"xapian": {"519.lbm_r": {"95th_latency": 11979.0, "99th_latency": 24386.0, "violate_rate": 7.998016963742345, "throughput": 600}, "baseline": {"95th_latency": 8781.0, "99th_latency": 16579.0, "violate_rate": 3.229555865783032, "throughput": 600}}}
{"xapian": {"519.lbm_r": {"95th_latency": 11661.0, "99th_latency": 25395.0, "violate_rate": 6.266454686374422, "throughput": 600}, "baseline": {"95th_latency": 8713.0, "99th_latency": 16857.0, "violate_rate": 3.2927464156647877, "throughput": 600}}}
{"xapian": {"519.lbm_r": {"95th_latency": 11647.0, "99th_latency": 25162.0, "violate_rate": 6.232457547984052, "throughput": 600}, "baseline": {"95th_latency": 8660.0, "99th_latency": 17525.0, "violate_rate": 3.3329228318223363, "throughput": 600}}}
{"xapian": {"519.lbm_r": {"95th_latency": 11644.0, "99th_latency": 25514.0, "violate_rate": 6.2511706248779815, "throughput": 600}, "baseline": {"95th_latency": 8676.0, "99th_latency": 16759.0, "violate_rate": 3.275668706385478, "throughput": 600}}}
{"xapian": {"519.lbm_r": {"95th_latency": 11812.0, "99th_latency": 25115.0, "violate_rate": 6.073766389841565, "throughput": 600}, "baseline": {"95th_latency": 8676.0, "99th_latency": 16789.0, "violate_rate": 3.321620071600817, "throughput": 600}}}
