{"xapian": {"519.lbm_r": {"95th_latency": 9578.0, "99th_latency": 19165.0, "violate_rate": 4.4330380238708855, "throughput": 600}, "baseline": {"95th_latency": 6311.0, "99th_latency": 10878.0, "violate_rate": 1.6030372481633448, "throughput": 600}}}
{"xapian": {"519.lbm_r": {"95th_latency": 15080.0, "99th_latency": 32974.0, "violate_rate": 10.873603676642537, "throughput": 600}, "baseline": {"95th_latency": 11289.0, "99th_latency": 23392.0, "violate_rate": 6.59097580160664, "throughput": 600}}}
{"xapian": {"519.lbm_r": {"95th_latency": 14964.0, "99th_latency": 33638.0, "violate_rate": 10.9613338463022, "throughput": 600}, "baseline": {"95th_latency": 11507.0, "99th_latency": 23988.0, "violate_rate": 6.455819548693576, "throughput": 600}}}
{"xapian": {"519.lbm_r": {"95th_latency": 14773.0, "99th_latency": 33505.0, "violate_rate": 9.068184132956702, "throughput": 600}, "baseline": {"95th_latency": 11194.0, "99th_latency": 23334.0, "violate_rate": 6.7221861370372125, "throughput": 600}}}
{"xapian": {"519.lbm_r": {"95th_latency": 14582.0, "99th_latency": 32195.999999999996, "violate_rate": 9.231526957175113, "throughput": 600}, "baseline": {"95th_latency": 11253.0, "99th_latency": 23253.0, "violate_rate": 6.686236622714443, "throughput": 600}}}
