{"xapian": {"519.lbm_r": {"95th_latency": 12038.0, "99th_latency": 25453.0, "violate_rate": 7.873194012344028, "throughput": 600}, "baseline": {"95th_latency": 8753.0, "99th_latency": 16881.0, "violate_rate": 3.2536971680684768, "throughput": 600}}}
{"xapian": {"519.lbm_r": {"95th_latency": 11668.0, "99th_latency": 24183.0, "violate_rate": 6.219642598441595, "throughput": 600}, "baseline": {"95th_latency": 8635.0, "99th_latency": 17124.0, "violate_rate": 3.344841761015734, "throughput": 600}}}
{"xapian": {"519.lbm_r": {"95th_latency": 11838.0, "99th_latency": 25867.0, "violate_rate": 6.005827633907807, "throughput": 600}, "baseline": {"95th_latency": 8826.0, "99th_latency": 17251.0, "violate_rate": 3.135494916115165, "throughput": 600}}}
{"xapian": {"519.lbm_r": {"95th_latency": 11522.0, "99th_latency": 24121.0, "violate_rate": 6.367226260120626, "throughput": 600}, "baseline": {"95th_latency": 8751.0, "99th_latency": 17062.0, "violate_rate": 3.283381775153683, "throughput": 600}}}
{"xapian": {"519.lbm_r": {"95th_latency": 11995.0, "99th_latency": 25078.0, "violate_rate": 7.904125949881333, "throughput": 600}, "baseline": {"95th_latency": 8764.0, "99th_latency": 17187.0, "violate_rate": 3.2131045342914146, "throughput": 600}}}
