{"xapian": {"519.lbm_r": {"95th_latency": 12092.0, "99th_latency": 24555.0, "violate_rate": 6.023269441500271, "throughput": 600}, "baseline": {"95th_latency": 8717.0, "99th_latency": 17294.0, "violate_rate": 3.266380915160032, "throughput": 600}}}
{"xapian": {"519.lbm_r": {"95th_latency": 11851.0, "99th_latency": 25800.0, "violate_rate": 6.096178515065276, "throughput": 600}, "baseline": {"95th_latency": 8785.0, "99th_latency": 17132.0, "violate_rate": 3.202594040388492, "throughput": 600}}}
{"xapian": {"519.lbm_r": {"95th_latency": 11864.0, "99th_latency": 24758.0, "violate_rate": 6.150401598540766, "throughput": 600}, "baseline": {"95th_latency": 8906.0, "99th_latency": 16991.0, "violate_rate": 3.133211601562647, "throughput": 600}}}
{"xapian": {"519.lbm_r": {"95th_latency": 11622.0, "99th_latency": 24468.0, "violate_rate": 6.287219725004692, "throughput": 600}, "baseline": {"95th_latency": 8916.0, "99th_latency": 17307.0, "violate_rate": 3.0899032332607215, "throughput": 600}}}
{"xapian": {"519.lbm_r": {"95th_latency": 11870.0, "99th_latency": 24035.0, "violate_rate": 6.082268015769436, "throughput": 600}, "baseline": {"95th_latency": 8761.0, "99th_latency": 17418.0, "violate_rate": 3.2148667036316754, "throughput": 600}}}
