{"xapian": {"519.lbm_r": {"95th_latency": 9318.0, "99th_latency": 17186.0, "violate_rate": 4.733596409834401, "throughput": 600}, "baseline": {"95th_latency": 6432.0, "99th_latency": 11121.0, "violate_rate": 1.5006623224971856, "throughput": 600}}}
{"xapian": {"519.lbm_r": {"95th_latency": 8900.0, "99th_latency": 16536.0, "violate_rate": 3.190442236256013, "throughput": 600}, "baseline": {"95th_latency": 6023.0, "99th_latency": 10421.0, "violate_rate": 1.8082036268533668, "throughput": 600}}}
{"xapian": {"519.lbm_r": {"95th_latency": 15012.0, "99th_latency": 32167.0, "violate_rate": 9.175014610886477, "throughput": 600}, "baseline": {"95th_latency": 11338.0, "99th_latency": 23542.0, "violate_rate": 6.583787570341325, "throughput": 600}}}
{"xapian": {"519.lbm_r": {"95th_latency": 14798.0, "99th_latency": 32362.000000000004, "violate_rate": 10.992504959848773, "throughput": 600}, "baseline": {"95th_latency": 11325.0, "99th_latency": 23351.0, "violate_rate": 6.5826123814130195, "throughput": 600}}}
{"xapian": {"519.lbm_r": {"95th_latency": 15015.0, "99th_latency": 34359.0, "violate_rate": 9.004358720565882, "throughput": 600}, "baseline": {"95th_latency": 11456.0, "99th_latency": 24678.0, "violate_rate": 6.520603897865947, "throughput": 600}}}
